id_condicao,id_pessoa,id_conceito_condicao,data_inicio,data_hora_inicio,data_fim,data_hora_fim,id_conceito_tipo_condicao,motivo_interrupcao,id_profissional,id_atendimento,id_detalhe_atendimento,codigo_origem_condicao,id_conceito_origem_condicao,situacao_condicao,id_conceito_situacao,nome_condicao
1,1,28060,2013-07-05,2013-07-05,2013-07-17,2013-07-17,32020,,,2,0,43878008,28060,,0,Faringite estreptocócica
2,2,381316,2013-10-02,2013-10-02,,,32020,,,20,0,230690007,381316,,0,Acidente vascular cerebral
3,2,260139,2013-09-05,2013-09-05,2013-09-12,2013-09-12,32020,,,20,0,10509002,260139,,0,Bronquite aguda
4,2,40481087,2011-08-15,2011-08-15,2011-08-29,2011-08-29,32020,,,21,0,444814009,40481087,,0,Infecção viral das vias aéreas superiores
5,2,0,1987-09-16,1987-09-16,,,32020,,,8,0,162864005,4060985,,0,IMC 30+ - obesidade
6,2,4078393,1987-06-10,1987-06-10,,,32020,,,15,0,19169002,4078393,,0,Aborto espontâneo na gravidez
7,2,0,1986-12-23,1986-12-23,,,32020,,,16,0,429007001,4324181,,0,Histórico de infarto
8,2,321042,1986-12-23,1986-12-23,,,32020,,,16,0,410429000,321042,,0,Parada cardíaca
9,3,40481087,2014-08-06,2014-08-06,2014-08-27,2014-08-27,32020,,,55,0,444814009,40481087,,0,Infecção viral das vias aéreas superiores
10,3,381316,2014-05-30,2014-05-30,,,32020,,,50,0,230690007,381316,,0,Acidente vascular cerebral
11,3,4059173,2009-11-28,2009-11-28,2010-01-27,2010-01-27,32020,,,26,0,16114001,4059173,,0,Fratura de tornozelo
12,3,4112343,2009-07-24,2009-07-24,2009-08-01,2009-08-01,32020,,,64,0,195662009,4112343,,0,Faringite viral aguda
13,3,432867,1989-06-09,1989-06-09,,,32020,,,53,0,55822004,432867,,0,Hiperlipidemia
14,3,200970,1979-04-13,1979-04-13,,,32020,,,72,0,92691004,200970,,0,Carcinoma in situ de próstata
15,3,4129902,1979-04-13,1979-04-13,,,32020,,,72,0,126906006,4129902,,0,Neoplasia de bexiga
16,3,313217,1971-02-26,1971-02-26,,,32020,,,65,0,49436004,313217,,0,Fibrilação atrial
17,3,4311629,1953-01-09,1953-01-09,,,32020,,,39,0,15777000,40316773,,0,Pré-diabetes
18,3,0,1948-09-10,1948-09-10,,,32020,,,31,0,162864005,4060985,,0,IMC 30+ - obesidade
19,4,4112343,2017-02-22,2017-02-22,2017-03-02,2017-03-02,32020,,,85,0,195662009,4112343,,0,Faringite viral aguda
20,4,4278672,2013-03-29,2013-03-29,2013-05-28,2013-05-28,32020,,,98,0,65966004,4278672,,0,Fratura do fêmur
21,4,40481087,2011-01-11,2011-01-11,2011-01-18,2011-01-18,32020,,,89,0,444814009,40481087,,0,Infecção viral das vias aéreas superiores
22,4,436940,2001-06-02,2001-06-02,,,32020,,,90,0,237602007,436940,,0,Síndrome metabólica
23,4,4120314,2001-06-02,2001-06-02,,,32020,,,90,0,302870006,4120314,,0,Hipertrigliceridemia
24,4,4214376,2001-06-02,2001-06-02,,,32020,,,90,0,80394007,4214376,,0,Hiperglicemia
25,4,37016354,1999-05-29,1999-05-29,,,32020,,,83,0,368581000119106,37016354,,0,Neuropatia por diabetes tipo 2
26,4,201826,1999-05-29,1999-05-29,,,32020,,,83,0,44054006,201826,,0,Diabetes mellitus tipo 2
27,4,4078393,1988-01-09,1988-01-09,,,32020,,,82,0,19169002,4078393,,0,Aborto espontâneo na gravidez
28,5,4112343,2017-08-11,2017-08-11,2017-08-18,2017-08-18,32020,,,116,0,195662009,4112343,,0,Faringite viral aguda
29,5,40481087,2016-05-21,2016-05-21,2016-06-04,2016-06-04,32020,,,112,0,444814009,40481087,,0,Infecção viral das vias aéreas superiores
30,5,4112343,2016-04-07,2016-04-07,2016-04-16,2016-04-16,32020,,,117,0,195662009,4112343,,0,Faringite viral aguda
31,5,4142905,2015-04-06,2015-04-06,2015-06-05,2015-06-05,32020,,,113,0,33737001,4142905,,0,Fratura de rádio
32,5,40481087,2013-01-16,2013-01-16,2013-01-30,2013-01-30,32020,,,101,0,444814009,40481087,,0,Infecção viral das vias aéreas superiores
33,5,4311629,2011-07-23,2011-07-23,,,32020,,,108,0,15777000,40316773,,0,Pré-diabetes
34,5,260139,2011-07-11,2011-07-11,2011-07-18,2011-07-18,32020,,,114,0,10509002,260139,,0,Bronquite aguda
35,5,4112343,2010-10-24,2010-10-24,2010-11-03,2010-11-03,32020,,,111,0,195662009,4112343,,0,Faringite viral aguda
36,5,4112343,2010-03-14,2010-03-14,2010-03-25,2010-03-25,32020,,,109,0,195662009,4112343,,0,Faringite viral aguda
37,5,4142905,2009-07-06,2009-07-06,2009-09-04,2009-09-04,32020,,,110,0,33737001,4142905,,0,Fratura de rádio
38,5,0,1997-12-20,1997-12-20,,,32020,,,107,0,162864005,4060985,,0,IMC 30+ - obesidade
39,6,40481087,2016-02-27,2016-02-27,2016-03-12,2016-03-12,32020,,,146,0,444814009,40481087,,0,Infecção viral das vias aéreas superiores
40,6,0,2015-12-20,2015-12-20,,,32020,,,132,0,162864005,4060985,,0,IMC 30+ - obesidade
41,6,4217975,2015-06-14,2015-06-14,2016-01-17,2016-01-17,32020,,,162,0,72892002,4217975,,0,Otite média não supurativa
42,6,375671,2015-06-09,2015-06-09,2015-08-08,2015-08-08,32020,,,128,0,62564004,375671,,0,Concussão sem perda de consciência
43,6,4283893,2014-05-24,2014-05-24,2014-06-28,2014-06-28,32020,,,152,0,36971009,4283893,,0,Sinusite
44,6,4217975,2013-09-08,2013-09-08,2014-04-06,2014-04-06,32020,,,164,0,72892002,4217975,,0,Otite média não supurativa
45,6,260139,2012-11-30,2012-11-30,2012-12-14,2012-12-14,32020,,,144,0,10509002,260139,,0,Bronquite aguda
46,6,4217975,2009-07-05,2009-07-05,2010-02-07,2010-02-07,32020,,,151,0,72892002,4217975,,0,Otite média não supurativa
47,6,4217975,2009-02-22,2009-02-22,2009-03-15,2009-03-15,32020,,,142,0,72892002,4217975,,0,Otite média não supurativa
48,6,316866,1998-05-17,1998-05-17,,,32020,,,124,0,38341003,316866,,0,Hipertensão arterial
49,7,81151,2019-01-04,2019-01-04,,,32020,,,175,0,44465007,81151,,0,Entorse de tornozelo
50,7,40481087,2017-11-15,2017-11-15,2017-11-29,2017-11-29,32020,,,170,0,444814009,40481087,,0,Infecção viral das vias aéreas superiores
51,7,4134304,2017-11-10,2017-11-10,2018-01-09,2018-01-09,32020,,,173,0,263102004,4134304,,0,Ruptura de menisco
52,7,28060,2015-11-23,2015-11-23,2015-12-01,2015-12-01,32020,,,192,0,43878008,28060,,0,Faringite estreptocócica
53,7,372328,2015-08-23,2015-08-23,2015-12-12,2015-12-12,32020,,,172,0,65363002,372328,,0,Otite média
54,7,4084167,2013-09-02,2013-09-02,2013-09-02,2013-09-02,32020,,,190,0,241929008,4084167,,0,Reação alérgica a alimento
55,8,4152936,2017-05-16,2017-05-16,2017-06-06,2017-06-06,32020,,,199,0,283385000,4152936,,0,Laceração de ombro
56,8,4112343,2015-10-12,2015-10-12,2015-10-25,2015-10-25,32020,,,195,0,195662009,4112343,,0,Faringite viral aguda
57,9,372328,2018-02-28,2018-02-28,2018-08-22,2018-08-22,32020,,,213,0,65363002,372328,,0,Otite média
58,9,40481087,2016-06-01,2016-06-01,2016-06-08,2016-06-08,32020,,,211,0,444814009,40481087,,0,Infecção viral das vias aéreas superiores
59,9,40481087,2015-11-20,2015-11-20,2015-11-27,2015-11-27,32020,,,217,0,444814009,40481087,,0,Infecção viral das vias aéreas superiores
60,9,4134304,2015-08-13,2015-08-13,2015-11-11,2015-11-11,32020,,,210,0,263102004,4134304,,0,Ruptura de menisco
61,10,4112343,2017-11-15,2017-11-15,2017-11-22,2017-11-22,32020,,,235,0,195662009,4112343,,0,Faringite viral aguda
62,10,260139,2013-12-05,2013-12-05,2013-12-19,2013-12-19,32020,,,236,0,10509002,260139,,0,Bronquite aguda
63,10,4218389,2013-02-01,2013-02-01,2013-03-08,2013-03-08,32020,,,227,0,39848009,4218389,,0,Lesão em chicote do pescoço
64,10,381316,2009-05-23,2009-05-23,,,32020,,,225,0,230690007,381316,,0,Acidente vascular cerebral
65,10,0,1987-08-22,1987-08-22,,,32020,,,223,0,162864005,4060985,,0,IMC 30+ - obesidade
66,10,316866,1967-06-10,1967-06-10,,,32020,,,229,0,38341003,316866,,0,Hipertensão arterial
67,11,4112343,2016-08-20,2016-08-20,2016-08-27,2016-08-27,32020,,,255,0,195662009,4112343,,0,Faringite viral aguda
68,11,75036,2012-12-31,2012-12-31,,,32020,,,243,0,201834006,75036,,0,Dermatite perioral
69,11,40481087,2011-03-26,2011-03-26,2011-04-16,2011-04-16,32020,,,247,0,444814009,40481087,,0,Infecção viral das vias aéreas superiores
70,11,4311629,2000-01-05,2000-01-05,,,32020,,,245,0,15777000,40316773,,0,Pré-diabetes
71,11,0,1983-11-30,1983-11-30,,,32020,,,240,0,408512008,4256640,,0,Alcoolismo relatado pelo paciente
72,11,0,1969-01-22,1969-01-22,,,32020,,,246,0,162864005,4060985,,0,IMC 30+ - obesidade
73,12,255848,1998-03-24,1998-03-24,,,32020,,,263,0,233604007,255848,,0,Pneumonia
74,12,378419,1992-02-24,1992-02-24,,,32020,,,270,0,26929004,378419,,0,Doença de Alzheimer
75,12,40481087,1990-02-04,1990-02-04,1990-02-11,1990-02-11,32020,,,257,0,444814009,40481087,,0,Infecção viral das vias aéreas superiores
76,12,257012,1967-07-08,1967-07-08,,,32020,,,275,0,40055000,257012,,0,Sinusite crônica
77,12,4079750,1966-08-03,1966-08-03,,,32020,,,278,0,239873007,4079750,,0,Osteoartrite do joelho
78,12,4311629,1930-10-27,1930-10-27,,,32020,,,265,0,15777000,40316773,,0,Pré-diabetes
79,12,4078393,1930-01-27,1930-01-27,,,32020,,,262,0,19169002,4078393,,0,Aborto espontâneo na gravidez
80,12,316866,1926-10-18,1926-10-18,,,32020,,,259,0,38341003,316866,,0,Hipertensão arterial
81,13,4217975,2019-01-06,2019-01-06,,,32020,,,283,0,72892002,4217975,,0,Otite média não supurativa
82,13,4217975,2017-12-17,2017-12-17,2018-07-29,2018-07-29,32020,,,298,0,72892002,4217975,,0,Otite média não supurativa
83,13,4217975,2013-06-16,2013-06-16,2013-06-30,2013-06-30,32020,,,292,0,72892002,4217975,,0,Otite média não supurativa
84,13,4217975,2013-01-20,2013-01-20,2013-02-17,2013-02-17,32020,,,285,0,72892002,4217975,,0,Otite média não supurativa
85,13,4262136,2011-12-04,2011-12-04,2011-12-11,2011-12-11,32020,,,282,0,35999006,4262136,,0,Cegueira
86,13,4078393,2011-12-04,2011-12-04,,,32020,,,282,0,19169002,4078393,,0,Aborto espontâneo na gravidez
87,13,4217975,2011-12-04,2011-12-04,2011-12-11,2011-12-11,32020,,,282,0,72892002,4217975,,0,Otite média não supurativa
88,13,40481087,2011-11-05,2011-11-05,2011-11-19,2011-11-19,32020,,,303,0,444814009,40481087,,0,Infecção viral das vias aéreas superiores
89,13,40481087,2009-04-23,2009-04-23,2009-05-14,2009-05-14,32020,,,290,0,444814009,40481087,,0,Infecção viral das vias aéreas superiores
90,13,0,2007-02-11,2007-02-11,,,32020,,,297,0,162864005,4060985,,0,IMC 30+ - obesidade
91,14,4294548,2013-05-12,2013-05-12,2013-06-16,2013-06-16,32020,,,329,0,75498004,4294548,,0,Infecção bacteriana aguda
92,14,4283893,2011-08-25,2011-08-25,2011-09-15,2011-09-15,32020,,,326,0,36971009,4283893,,0,Sinusite
93,14,4112343,2008-09-28,2008-09-28,2008-10-09,2008-10-09,32020,,,352,0,195662009,4112343,,0,Faringite viral aguda
94,14,40481087,2007-06-02,2007-06-02,2007-06-09,2007-06-09,32020,,,344,0,444814009,40481087,,0,Infecção viral das vias aéreas superiores
95,14,260139,2006-07-07,2006-07-07,2006-07-14,2006-07-14,32020,,,322,0,10509002,260139,,0,Bronquite aguda
96,14,4079750,2005-11-13,2005-11-13,,,32020,,,313,0,239873007,4079750,,0,Osteoartrite do joelho
97,14,40481087,2005-11-12,2005-11-12,2005-12-03,2005-12-03,32020,,,342,0,444814009,40481087,,0,Infecção viral das vias aéreas superiores
98,14,0,1999-10-05,1999-10-05,,,32020,,,316,0,429007001,4324181,,0,Histórico de infarto
99,14,321042,1999-10-05,1999-10-05,,,32020,,,316,0,410429000,321042,,0,Parada cardíaca
100,14,4311629,1998-04-21,1998-04-21,,,32020,,,358,0,15777000,40316773,,0,Pré-diabetes
101,14,4208104,1994-06-23,1994-06-23,,,32020,,,348,0,55680006,4208104,,0,Overdose de droga
102,14,0,1994-05-31,1994-05-31,,,32020,,,332,0,162864005,4060985,,0,IMC 30+ - obesidade
103,14,257012,1974-07-09,1974-07-09,2013-06-16,2013-06-16,32020,,,333,0,40055000,257012,,0,Sinusite crônica
104,15,4278672,2017-12-29,2017-12-29,2018-01-28,2018-01-28,32020,,,361,0,65966004,4278672,,0,Fratura do fêmur
105,15,372328,2016-12-20,2016-12-20,2017-05-20,2017-05-20,32020,,,382,0,65363002,372328,,0,Otite média
106,15,40481087,2016-05-22,2016-05-22,2016-05-29,2016-05-29,32020,,,369,0,444814009,40481087,,0,Infecção viral das vias aéreas superiores
107,15,260139,2015-05-02,2015-05-02,2015-05-16,2015-05-16,32020,,,366,0,10509002,260139,,0,Bronquite aguda
108,15,4109685,2013-03-11,2013-03-11,2013-03-25,2013-03-25,32020,,,380,0,284551006,4109685,,0,Laceração de pé
109,15,257012,2012-02-04,2012-02-04,,,32020,,,362,0,40055000,257012,,0,Sinusite crônica
110,15,4283893,2011-12-24,2011-12-24,2012-04-07,2012-04-07,32020,,,376,0,36971009,4283893,,0,Sinusite
111,16,40481087,2018-10-30,2018-10-30,2018-11-06,2018-11-06,32020,,,396,0,444814009,40481087,,0,Infecção viral das vias aéreas superiores
112,16,4217975,2018-08-05,2018-08-05,,,32020,,,433,0,72892002,4217975,,0,Otite média não supurativa
113,16,4217975,2016-11-13,2016-11-13,2017-06-18,2017-06-18,32020,,,425,0,72892002,4217975,,0,Otite média não supurativa
114,16,40481087,2014-06-26,2014-06-26,2014-07-17,2014-07-17,32020,,,388,0,444814009,40481087,,0,Infecção viral das vias aéreas superiores
115,16,0,2014-01-26,2014-01-26,,,32020,,,435,0,162864005,4060985,,0,IMC 30+ - obesidade
116,16,260139,2014-01-16,2014-01-16,2014-01-30,2014-01-30,32020,,,393,0,10509002,260139,,0,Bronquite aguda
117,16,4217975,2013-09-01,2013-09-01,2014-03-30,2014-03-30,32020,,,437,0,72892002,4217975,,0,Otite média não supurativa
118,16,40481087,2011-03-29,2011-03-29,2011-04-05,2011-04-05,32020,,,402,0,444814009,40481087,,0,Infecção viral das vias aéreas superiores
119,16,4217975,2010-05-16,2010-05-16,2010-12-12,2010-12-12,32020,,,414,0,72892002,4217975,,0,Otite média não supurativa
120,16,40481087,2010-05-03,2010-05-03,2010-05-24,2010-05-24,32020,,,405,0,444814009,40481087,,0,Infecção viral das vias aéreas superiores
121,16,4217975,2009-09-13,2009-09-13,2009-10-11,2009-10-11,32020,,,444,0,72892002,4217975,,0,Otite média não supurativa
122,16,195588,2009-07-12,2009-07-12,2009-09-03,2009-09-03,32020,,,452,0,38822007,195588,,0,Cistite
123,16,4217975,2008-02-24,2008-02-24,2008-03-16,2008-03-16,32020,,,397,0,72892002,4217975,,0,Otite média não supurativa
124,16,4217975,2007-08-26,2007-08-26,2007-09-16,2007-09-16,32020,,,428,0,72892002,4217975,,0,Otite média não supurativa
125,16,4217975,2004-05-09,2004-05-09,2004-05-30,2004-05-30,32020,,,439,0,72892002,4217975,,0,Otite média não supurativa
126,16,4078393,2003-06-29,2003-06-29,,,32020,,,410,0,19169002,4078393,,0,Aborto espontâneo na gravidez
127,16,4217975,2003-06-29,2003-06-29,2003-07-06,2003-07-06,32020,,,410,0,72892002,4217975,,0,Otite média não supurativa
128,16,4217975,2001-11-04,2001-11-04,2001-11-18,2001-11-18,32020,,,426,0,72892002,4217975,,0,Otite média não supurativa
129,16,257012,2000-09-28,2000-09-28,,,32020,,,390,0,40055000,257012,,0,Sinusite crônica
130,16,4217975,1999-08-08,1999-08-08,2000-03-12,2000-03-12,32020,,,394,0,72892002,4217975,,0,Otite média não supurativa
131,16,316866,1999-08-01,1999-08-01,,,32020,,,440,0,38341003,316866,,0,Hipertensão arterial
132,17,40481087,2017-12-26,2017-12-26,2018-01-09,2018-01-09,32020,,,454,0,444814009,40481087,,0,Infecção viral das vias aéreas superiores
133,17,40481087,2015-12-10,2015-12-10,2015-12-31,2015-12-31,32020,,,493,0,444814009,40481087,,0,Infecção viral das vias aéreas superiores
134,17,40481087,2015-08-26,2015-08-26,2015-09-02,2015-09-02,32020,,,494,0,444814009,40481087,,0,Infecção viral das vias aéreas superiores
135,17,81151,2014-07-15,2014-07-15,2014-07-29,2014-07-29,32020,,,484,0,44465007,81151,,0,Entorse de tornozelo
136,17,432867,2014-04-05,2014-04-05,,,32020,,,500,0,55822004,432867,,0,Hiperlipidemia
137,17,4112343,2014-03-12,2014-03-12,2014-03-25,2014-03-25,32020,,,472,0,195662009,4112343,,0,Faringite viral aguda
138,17,40481087,2011-10-04,2011-10-04,2011-10-11,2011-10-11,32020,,,482,0,444814009,40481087,,0,Infecção viral das vias aéreas superiores
139,17,4296204,2009-11-24,2009-11-24,2009-12-08,2009-12-08,32020,,,492,0,403190006,4296204,,0,Queimadura solar de primeiro grau
140,17,4208104,2007-09-29,2007-09-29,,,32020,,,502,0,55680006,4208104,,0,Overdose de droga
141,17,4311629,2002-04-13,2002-04-13,,,32020,,,512,0,15777000,40316773,,0,Pré-diabetes
142,17,4055754,1991-02-15,1991-02-15,,,32020,,,480,0,196416002,4055754,,0,Esofagite por refluxo
143,17,436096,1990-04-20,1990-04-20,,,32020,,,491,0,82423001,436096,,0,Dor crônica
144,17,43530652,1990-03-07,1990-03-07,,,32020,,,485,0,124171000119105,43530652,,0,Nefropatia diabética crônica
145,17,0,1990-02-17,1990-02-17,,,32020,,,469,0,162864005,4060985,,0,IMC 30+ - obesidade
146,17,4078393,1985-04-20,1985-04-20,,,32020,,,457,0,19169002,4078393,,0,Aborto espontâneo na gravidez
147,18,40481087,2016-04-24,2016-04-24,2016-05-01,2016-05-01,32020,,,517,0,444814009,40481087,,0,Infecção viral das vias aéreas superiores
148,18,4112343,2014-07-18,2014-07-18,2014-07-29,2014-07-29,32020,,,531,0,195662009,4112343,,0,Faringite viral aguda
149,18,260139,2012-09-12,2012-09-12,2012-09-26,2012-09-26,32020,,,533,0,10509002,260139,,0,Bronquite aguda
150,18,0,2006-11-20,2006-11-20,,,32020,,,526,0,162864005,4060985,,0,IMC 30+ - obesidade
151,18,316866,1977-06-13,1977-06-13,,,32020,,,523,0,38341003,316866,,0,Hipertensão arterial
152,19,40481087,2016-02-15,2016-02-15,2016-03-07,2016-03-07,32020,,,544,0,444814009,40481087,,0,Infecção viral das vias aéreas superiores
153,19,40481087,2015-08-19,2015-08-19,2015-09-09,2015-09-09,32020,,,555,0,444814009,40481087,,0,Infecção viral das vias aéreas superiores
154,19,40480160,2015-01-02,2015-01-02,2015-02-01,2015-02-01,32020,,,624,0,443165006,40480160,,0,Faringite aguda
155,19,4059173,2015-01-02,2015-01-02,2015-02-01,2015-02-01,32020,,,624,0,16114001,4059173,,0,Fratura de tornozelo
156,19,28060,2014-01-26,2014-01-26,2014-02-02,2014-02-02,32020,,,570,0,43878008,28060,,0,Faringite estreptocócica
157,19,80502,2010-08-13,2010-08-13,,,32020,,,538,0,64859006,80502,,0,Osteoporose
158,19,432867,1996-01-19,1996-01-19,,,32020,,,607,0,55822004,432867,,0,Hiperlipidemia
159,19,4208104,1992-06-05,1992-06-05,,,32020,,,623,0,55680006,4208104,,0,Overdose de droga
160,19,4055754,1990-07-14,1990-07-14,,,32020,,,593,0,196416002,4055754,,0,Esofagite por refluxo
161,19,43530652,1990-05-17,1990-05-17,,,32020,,,571,0,124171000119105,43530652,,0,Nefropatia diabética crônica
162,19,257012,1990-04-11,1990-04-11,,,32020,,,609,0,40055000,257012,,0,Sinusite crônica
163,19,436096,1990-03-06,1990-03-06,,,32020,,,622,0,82423001,436096,,0,Dor crônica
164,19,4078393,1984-06-22,1984-06-22,,,32020,,,549,0,19169002,4078393,,0,Aborto espontâneo na gravidez
165,19,0,1982-01-29,1982-01-29,,,32020,,,565,0,162864005,4060985,,0,IMC 30+ - obesidade
166,20,78272,2018-12-30,2018-12-30,,,32020,,,637,0,70704007,78272,,0,Entorse de punho
167,20,4112343,2018-12-21,2018-12-21,2019-01-03,2019-01-03,32020,,,627,0,195662009,4112343,,0,Faringite viral aguda
168,20,260139,2018-01-02,2018-01-02,2018-01-09,2018-01-09,32020,,,635,0,10509002,260139,,0,Bronquite aguda
169,20,4156265,2014-03-12,2014-03-12,2014-03-26,2014-03-26,32020,,,633,0,370247008,4156265,,0,Lesão facial
170,20,0,2010-06-11,2010-06-11,,,32020,,,630,0,162864005,4060985,,0,IMC 30+ - obesidade
171,20,78272,1978-09-21,1978-09-21,1978-10-26,1978-10-26,32020,,,628,0,70704007,78272,,0,Entorse de punho
172,21,4109685,2017-02-20,2017-02-20,2017-03-13,2017-03-13,32020,,,644,0,284551006,4109685,,0,Laceração de pé
173,21,260139,2013-01-12,2013-01-12,2013-01-19,2013-01-19,32020,,,655,0,10509002,260139,,0,Bronquite aguda
174,21,40480160,2012-02-17,2012-02-17,2012-03-18,2012-03-18,32020,,,641,0,443165006,40480160,,0,Faringite aguda
175,21,4278672,2012-02-17,2012-02-17,2012-03-18,2012-03-18,32020,,,641,0,65966004,4278672,,0,Fratura do fêmur
176,21,4113008,2011-02-08,2011-02-08,2011-02-22,2011-02-22,32020,,,647,0,284549007,4113008,,0,Laceração de mão
177,21,4218389,2010-01-09,2010-01-09,2010-02-13,2010-02-13,32020,,,660,0,39848009,4218389,,0,Lesão em chicote do pescoço
178,21,80502,2002-01-31,2002-01-31,,,32020,,,649,0,64859006,80502,,0,Osteoporose
179,21,4311629,1985-03-14,1985-03-14,,,32020,,,663,0,15777000,40316773,,0,Pré-diabetes
180,21,0,1978-11-30,1978-11-30,,,32020,,,662,0,162864005,4060985,,0,IMC 30+ - obesidade
181,21,4078393,1974-05-02,1974-05-02,,,32020,,,650,0,19169002,4078393,,0,Aborto espontâneo na gravidez
182,21,0,1969-02-22,1969-02-22,,,32020,,,643,0,428251008,4323208,,0,Histórico de apendicectomia
183,21,440448,1969-02-22,1969-02-22,,,32020,,,659,0,74400008,440448,,0,Apendicite
184,22,260139,2018-06-11,2018-06-11,2018-06-25,2018-06-25,32020,,,666,0,10509002,260139,,0,Bronquite aguda
185,22,0,2013-05-22,2013-05-22,,,32020,,,670,0,162864005,4060985,,0,IMC 30+ - obesidade
186,23,40481087,2018-10-29,2018-10-29,2018-11-19,2018-11-19,32020,,,673,0,444814009,40481087,,0,Infecção viral das vias aéreas superiores
187,23,40481087,2017-11-13,2017-11-13,2017-11-27,2017-11-27,32020,,,684,0,444814009,40481087,,0,Infecção viral das vias aéreas superiores
188,23,40481087,2017-09-14,2017-09-14,2017-10-05,2017-10-05,32020,,,683,0,444814009,40481087,,0,Infecção viral das vias aéreas superiores
189,23,28060,2017-02-08,2017-02-08,2017-02-16,2017-02-16,32020,,,675,0,43878008,28060,,0,Faringite estreptocócica
190,23,40481087,2012-07-23,2012-07-23,2012-08-06,2012-08-06,32020,,,685,0,444814009,40481087,,0,Infecção viral das vias aéreas superiores
191,23,81151,2011-08-26,2011-08-26,2011-09-30,2011-09-30,32020,,,679,0,44465007,81151,,0,Entorse de tornozelo
192,23,40481087,2009-12-08,2009-12-08,2009-12-29,2009-12-29,32020,,,680,0,444814009,40481087,,0,Infecção viral das vias aéreas superiores
193,23,4155034,2009-01-17,2009-01-17,2009-02-07,2009-02-07,32020,,,676,0,283371005,4155034,,0,Laceração de antebraço
194,23,4152280,2004-07-26,2004-07-26,,,32020,,,672,0,370143000,4152280,,0,Transtorno depressivo maior
195,23,316866,2003-06-30,2003-06-30,,,32020,,,678,0,38341003,316866,,0,Hipertensão arterial
196,24,4283893,2018-12-04,2018-12-04,,,32020,,,707,0,36971009,4283893,,0,Sinusite
197,24,40318618,2017-04-27,2017-04-27,2017-05-11,2017-05-11,32020,,,733,0,156073000,40318618,,0,Obesidade
198,24,4078393,2017-04-27,2017-04-27,,,32020,,,733,0,19169002,4078393,,0,Aborto espontâneo na gravidez
199,24,4217975,2017-04-27,2017-04-27,2017-05-11,2017-05-11,32020,,,733,0,72892002,4217975,,0,Otite média não supurativa
200,24,436096,2016-12-07,2016-12-07,,,32020,,,711,0,82423001,436096,,0,Dor crônica
201,24,4217975,2016-05-05,2016-05-05,2016-12-08,2016-12-08,32020,,,704,0,72892002,4217975,,0,Otite média não supurativa
202,24,4116491,2013-07-27,2013-07-27,2013-08-31,2013-08-31,32020,,,697,0,301011002,4116491,,0,Infecção do trato urinário por E. coli
203,24,40481087,2011-08-13,2011-08-13,2011-09-03,2011-09-03,32020,,,709,0,444814009,40481087,,0,Infecção viral das vias aéreas superiores
204,24,260139,2011-01-11,2011-01-11,2011-01-18,2011-01-18,32020,,,734,0,10509002,260139,,0,Bronquite aguda
205,24,0,2009-05-28,2009-05-28,,,32020,,,725,0,162864005,4060985,,0,IMC 30+ - obesidade
206,25,378001,2016-12-05,2016-12-05,2017-02-03,2017-02-03,32020,,,751,0,62106007,378001,,0,Concussão com perda de consciência
207,25,40481087,2016-05-21,2016-05-21,2016-06-11,2016-06-11,32020,,,747,0,444814009,40481087,,0,Infecção viral das vias aéreas superiores
208,25,4285898,2009-11-30,2009-11-30,2011-01-24,2011-01-24,32020,,,752,0,68496003,4285898,,0,Pólipo do cólon
209,25,0,2006-11-19,2006-11-19,,,32020,,,754,0,428251008,4323208,,0,Histórico de apendicectomia
210,25,440448,2006-11-19,2006-11-19,,,32020,,,758,0,74400008,440448,,0,Apendicite
211,25,80502,1995-02-02,1995-02-02,,,32020,,,742,0,64859006,80502,,0,Osteoporose
212,25,4311629,1981-09-03,1981-09-03,,,32020,,,756,0,15777000,40316773,,0,Pré-diabetes
213,25,0,1979-08-30,1979-08-30,,,32020,,,753,0,408512008,4256640,,0,Alcoolismo relatado pelo paciente
214,25,0,1964-08-06,1964-08-06,,,32020,,,762,0,162864005,4060985,,0,IMC 30+ - obesidade
215,25,257012,1958-07-24,1958-07-24,,,32020,,,748,0,40055000,257012,,0,Sinusite crônica
216,26,40481087,2018-07-17,2018-07-17,2018-07-24,2018-07-24,32020,,,772,0,444814009,40481087,,0,Infecção viral das vias aéreas superiores
217,26,28060,2014-05-06,2014-05-06,2014-05-17,2014-05-17,32020,,,770,0,43878008,28060,,0,Faringite estreptocócica
218,26,40481087,2012-08-20,2012-08-20,2012-09-10,2012-09-10,32020,,,780,0,444814009,40481087,,0,Infecção viral das vias aéreas superiores
219,26,381316,2001-11-25,2001-11-25,,,32020,,,765,0,230690007,381316,,0,Acidente vascular cerebral
220,26,4079749,1972-04-24,1972-04-24,,,32020,,,767,0,239872002,4079749,,0,Osteoartrite do quadril
221,26,0,1965-04-04,1965-04-04,,,32020,,,774,0,162864005,4060985,,0,IMC 30+ - obesidade
222,27,0,1989-08-27,1989-08-27,,,32020,,,784,0,399211009,4163874,,0,Histórico de infarto do miocárdio
223,27,4329847,1989-08-27,1989-08-27,,,32020,,,784,0,22298006,4329847,,0,Infarto do miocárdio
224,27,0,1982-01-03,1982-01-03,,,32020,,,782,0,162864005,4060985,,0,IMC 30+ - obesidade
225,27,40479422,1981-09-06,1981-09-06,1981-11-12,1981-11-12,32020,,,787,0,444448004,40479422,,0,Neuropatia diabética
226,27,4112343,1980-05-29,1980-05-29,1980-06-09,1980-06-09,32020,,,786,0,195662009,4112343,,0,Faringite viral aguda
227,27,317576,1971-07-18,1971-07-18,,,32020,,,785,0,53741008,317576,,0,Doença arterial coronariana
228,28,40481087,2011-07-28,2011-07-28,2011-08-11,2011-08-11,32020,,,792,0,444814009,40481087,,0,Infecção viral das vias aéreas superiores
229,28,4048171,1984-03-27,1984-03-27,,,32020,,,798,0,232353008,4048171,,0,Perfuração do tímpano
230,29,372328,2018-07-12,2018-07-12,2018-08-22,2018-08-22,32020,,,804,0,65363002,372328,,0,Otite média
231,30,37017023,2018-08-10,2018-08-10,,,32020,,,808,0,713197008,37017023,,0,Fibrose cística recorrente
232,30,40481087,2018-04-24,2018-04-24,2018-05-08,2018-05-08,32020,,,820,0,444814009,40481087,,0,Infecção viral das vias aéreas superiores
233,30,4285898,2017-08-15,2017-08-15,,,32020,,,822,0,68496003,4285898,,0,Pólipo do cólon
234,30,4112343,2017-07-28,2017-07-28,2017-08-08,2017-08-08,32020,,,830,0,195662009,4112343,,0,Faringite viral aguda
235,30,260139,2016-08-01,2016-08-01,2016-08-15,2016-08-15,32020,,,806,0,10509002,260139,,0,Bronquite aguda
236,30,40481087,2015-11-15,2015-11-15,2015-11-29,2015-11-29,32020,,,811,0,444814009,40481087,,0,Infecção viral das vias aéreas superiores
237,30,40481087,2012-12-18,2012-12-18,2012-12-25,2012-12-25,32020,,,816,0,444814009,40481087,,0,Infecção viral das vias aéreas superiores
238,30,439777,2009-08-04,2009-08-04,,,32020,,,827,0,271737000,439777,,0,Anemia
239,30,260139,2009-04-17,2009-04-17,2009-05-01,2009-05-01,32020,,,813,0,10509002,260139,,0,Bronquite aguda
240,30,0,1994-03-07,1994-03-07,,,32020,,,828,0,408512008,4256640,,0,Alcoolismo relatado pelo paciente
241,30,199076,1990-11-26,1990-11-26,,,32020,,,807,0,79586000,199076,,0,Gravidez tubária
242,30,4078393,1987-06-29,1987-06-29,,,32020,,,812,0,19169002,4078393,,0,Aborto espontâneo na gravidez
243,30,0,1974-11-04,1974-11-04,,,32020,,,829,0,162864005,4060985,,0,IMC 30+ - obesidade
244,31,43530652,2018-03-09,2018-03-09,,,32020,,,846,0,124171000119105,43530652,,0,Nefropatia diabética crônica
245,31,28060,2010-02-16,2010-02-16,2010-02-26,2010-02-26,32020,,,834,0,43878008,28060,,0,Faringite estreptocócica
246,32,260139,2017-01-20,2017-01-20,2017-02-03,2017-02-03,32020,,,847,0,10509002,260139,,0,Bronquite aguda
247,32,4311629,2016-09-07,2016-09-07,,,32020,,,859,0,15777000,40316773,,0,Pré-diabetes
248,32,4134304,2016-03-14,2016-03-14,2016-06-12,2016-06-12,32020,,,857,0,263102004,4134304,,0,Ruptura de menisco
249,32,4112343,2014-11-13,2014-11-13,2014-11-25,2014-11-25,32020,,,854,0,195662009,4112343,,0,Faringite viral aguda
250,32,40481087,2011-07-20,2011-07-20,2011-08-03,2011-08-03,32020,,,848,0,444814009,40481087,,0,Infecção viral das vias aéreas superiores
251,32,4299128,2009-05-06,2009-05-06,2009-05-20,2009-05-20,32020,,,858,0,403192003,4299128,,0,Queimadura solar de terceiro grau
252,32,0,2002-03-06,2002-03-06,,,32020,,,855,0,162864005,4060985,,0,IMC 30+ - obesidade
253,32,316866,1989-02-15,1989-02-15,,,32020,,,861,0,38341003,316866,,0,Hipertensão arterial
254,33,40481087,2018-05-19,2018-05-19,2018-06-02,2018-06-02,32020,,,866,0,444814009,40481087,,0,Infecção viral das vias aéreas superiores
255,33,81151,2018-05-04,2018-05-04,2018-06-08,2018-06-08,32020,,,863,0,44465007,81151,,0,Entorse de tornozelo
256,33,0,2016-12-31,2016-12-31,,,32020,,,871,0,408512008,4256640,,0,Alcoolismo relatado pelo paciente
257,33,313217,2016-12-31,2016-12-31,,,32020,,,871,0,49436004,313217,,0,Fibrilação atrial
258,33,4218389,2014-07-26,2014-07-26,2014-08-23,2014-08-23,32020,,,873,0,39848009,4218389,,0,Lesão em chicote do pescoço
259,33,40481087,2011-07-12,2011-07-12,2011-07-19,2011-07-19,32020,,,867,0,444814009,40481087,,0,Infecção viral das vias aéreas superiores
260,33,0,2000-12-02,2000-12-02,,,32020,,,865,0,162864005,4060985,,0,IMC 30+ - obesidade
261,34,40481087,2018-10-28,2018-10-28,2018-11-18,2018-11-18,32020,,,875,0,444814009,40481087,,0,Infecção viral das vias aéreas superiores
262,34,257012,2014-01-13,2014-01-13,,,32020,,,885,0,40055000,257012,,0,Sinusite crônica
263,34,4283893,2013-12-23,2013-12-23,2014-03-17,2014-03-17,32020,,,888,0,36971009,4283893,,0,Sinusite
264,34,260139,2011-04-03,2011-04-03,2011-04-10,2011-04-10,32020,,,884,0,10509002,260139,,0,Bronquite aguda
265,34,4112343,2009-05-08,2009-05-08,2009-05-15,2009-05-15,32020,,,879,0,195662009,4112343,,0,Faringite viral aguda
266,35,4283893,2018-04-01,2018-04-01,2018-05-06,2018-05-06,32020,,,907,0,36971009,4283893,,0,Sinusite
267,35,4084167,2017-05-01,2017-05-01,2017-05-01,2017-05-01,32020,,,904,0,241929008,4084167,,0,Reação alérgica a alimento
268,35,78272,2016-03-07,2016-03-07,2016-03-28,2016-03-28,32020,,,894,0,70704007,78272,,0,Entorse de punho
269,35,260139,2010-07-14,2010-07-14,2010-07-28,2010-07-28,32020,,,902,0,10509002,260139,,0,Bronquite aguda
270,36,0,2014-01-30,2014-01-30,,,32020,,,919,0,399211009,4163874,,0,Histórico de infarto do miocárdio
271,36,4329847,2014-01-30,2014-01-30,,,32020,,,919,0,22298006,4329847,,0,Infarto do miocárdio
272,36,4112343,2004-10-19,2004-10-19,2004-11-01,2004-11-01,32020,,,912,0,195662009,4112343,,0,Faringite viral aguda
273,36,317576,1982-06-24,1982-06-24,,,32020,,,918,0,53741008,317576,,0,Doença arterial coronariana
274,37,4112343,2013-10-18,2013-10-18,2013-10-31,2013-10-31,32020,,,929,0,195662009,4112343,,0,Faringite viral aguda
275,37,260139,2011-08-18,2011-08-18,2011-09-01,2011-09-01,32020,,,928,0,10509002,260139,,0,Bronquite aguda
276,37,4311629,2011-06-11,2011-06-11,,,32020,,,930,0,15777000,40316773,,0,Pré-diabetes
277,37,257012,1989-01-14,1989-01-14,,,32020,,,932,0,40055000,257012,,0,Sinusite crônica
278,38,4237458,2018-03-28,2018-03-28,2018-04-27,2018-04-27,32020,,,947,0,58150001,4237458,,0,Fratura de clavícula
279,38,260139,2015-10-17,2015-10-17,2015-10-31,2015-10-31,32020,,,960,0,10509002,260139,,0,Bronquite aguda
280,38,4155034,2014-08-25,2014-08-25,2014-09-15,2014-09-15,32020,,,946,0,283371005,4155034,,0,Laceração de antebraço
281,38,4112343,2014-07-06,2014-07-06,2014-07-19,2014-07-19,32020,,,940,0,195662009,4112343,,0,Faringite viral aguda
282,38,40481087,2013-03-14,2013-03-14,2013-04-04,2013-04-04,32020,,,935,0,444814009,40481087,,0,Infecção viral das vias aéreas superiores
283,38,40481087,2012-10-19,2012-10-19,2012-11-09,2012-11-09,32020,,,953,0,444814009,40481087,,0,Infecção viral das vias aéreas superiores
284,38,40481087,2009-11-11,2009-11-11,2009-11-25,2009-11-25,32020,,,942,0,444814009,40481087,,0,Infecção viral das vias aéreas superiores
285,38,4078393,2004-12-21,2004-12-21,,,32020,,,939,0,19169002,4078393,,0,Aborto espontâneo na gravidez
286,38,4311629,1990-01-02,1990-01-02,,,32020,,,949,0,15777000,40316773,,0,Pré-diabetes
287,38,316866,1977-10-11,1977-10-11,,,32020,,,959,0,38341003,316866,,0,Hipertensão arterial
288,39,4283893,2016-08-02,2016-08-02,2016-12-20,2016-12-20,32020,,,974,0,36971009,4283893,,0,Sinusite
289,39,378001,2014-11-30,2014-11-30,2015-01-29,2015-01-29,32020,,,967,0,62106007,378001,,0,Concussão com perda de consciência
290,39,260139,2014-06-23,2014-06-23,2014-07-07,2014-07-07,32020,,,961,0,10509002,260139,,0,Bronquite aguda
291,39,40481087,2011-02-11,2011-02-11,2011-02-25,2011-02-25,32020,,,968,0,444814009,40481087,,0,Infecção viral das vias aéreas superiores
292,39,0,2010-10-15,2010-10-15,,,32020,,,962,0,162864005,4060985,,0,IMC 30+ - obesidade
293,39,257012,1995-05-02,1995-05-02,,,32020,,,966,0,40055000,257012,,0,Sinusite crônica
294,40,4296205,2018-12-14,2018-12-14,2018-12-28,2018-12-28,32020,,,979,0,403191005,4296205,,0,Queimadura solar de segundo grau
295,40,0,2018-11-11,2018-11-11,,,32020,,,983,0,162864005,4060985,,0,IMC 30+ - obesidade
296,40,4109685,2014-11-14,2014-11-14,2014-12-05,2014-12-05,32020,,,978,0,284551006,4109685,,0,Laceração de pé
297,40,4113008,2010-02-24,2010-02-24,2010-03-10,2010-03-10,32020,,,982,0,284549007,4113008,,0,Laceração de mão
298,41,4285898,2016-04-29,2016-04-29,2017-09-21,2017-09-21,32020,,,987,0,68496003,4285898,,0,Pólipo do cólon
299,41,4112343,2014-12-26,2014-12-26,2015-01-06,2015-01-06,32020,,,993,0,195662009,4112343,,0,Faringite viral aguda
300,41,40481087,2013-07-24,2013-07-24,2013-07-31,2013-07-31,32020,,,999,0,444814009,40481087,,0,Infecção viral das vias aéreas superiores
301,41,439777,2011-04-18,2011-04-18,,,32020,,,988,0,271737000,439777,,0,Anemia
302,41,40481087,2009-09-20,2009-09-20,2009-10-04,2009-10-04,32020,,,997,0,444814009,40481087,,0,Infecção viral das vias aéreas superiores
303,41,4311629,1998-03-20,1998-03-20,,,32020,,,984,0,15777000,40316773,,0,Pré-diabetes
304,41,0,1992-04-03,1992-04-03,,,32020,,,995,0,162864005,4060985,,0,IMC 30+ - obesidade
305,41,4048171,1969-05-05,1969-05-05,,,32020,,,992,0,232353008,4048171,,0,Perfuração do tímpano
306,42,75036,2018-03-12,2018-03-12,,,32020,,,1013,0,201834006,75036,,0,Dermatite perioral
307,42,4311629,2016-03-10,2016-03-10,,,32020,,,1018,0,15777000,40316773,,0,Pré-diabetes
308,42,40318618,2014-04-10,2014-04-10,2014-04-17,2014-04-17,32020,,,1016,0,156073000,40318618,,0,Obesidade
309,42,4078393,2014-04-10,2014-04-10,,,32020,,,1016,0,19169002,4078393,,0,Aborto espontâneo na gravidez
310,42,4217975,2014-04-10,2014-04-10,2014-04-17,2014-04-17,32020,,,1016,0,72892002,4217975,,0,Otite média não supurativa
311,42,40481087,2013-04-07,2013-04-07,2013-04-14,2013-04-14,32020,,,1007,0,444814009,40481087,,0,Infecção viral das vias aéreas superiores
312,42,40481087,2010-02-25,2010-02-25,2010-03-18,2010-03-18,32020,,,1019,0,444814009,40481087,,0,Infecção viral das vias aéreas superiores
313,43,40481087,2017-06-07,2017-06-07,2017-06-21,2017-06-21,32020,,,1026,0,444814009,40481087,,0,Infecção viral das vias aéreas superiores
314,43,0,2015-01-03,2015-01-03,,,32020,,,1028,0,408512008,4256640,,0,Alcoolismo relatado pelo paciente
315,43,4152936,2013-08-27,2013-08-27,2013-09-17,2013-09-17,32020,,,1023,0,283385000,4152936,,0,Laceração de ombro
316,43,0,1998-02-21,1998-02-21,,,32020,,,1022,0,162864005,4060985,,0,IMC 30+ - obesidade
317,44,28060,2017-07-01,2017-07-01,2017-07-13,2017-07-13,32020,,,1038,0,43878008,28060,,0,Faringite estreptocócica
318,44,372328,2012-08-24,2012-08-24,2012-12-05,2012-12-05,32020,,,1036,0,65363002,372328,,0,Otite média
319,45,81151,2017-07-25,2017-07-25,2017-08-15,2017-08-15,32020,,,1056,0,44465007,81151,,0,Entorse de tornozelo
320,45,4112343,2015-09-24,2015-09-24,2015-10-02,2015-10-02,32020,,,1061,0,195662009,4112343,,0,Faringite viral aguda
321,45,4296204,2014-10-18,2014-10-18,2014-11-08,2014-11-08,32020,,,1054,0,403190006,4296204,,0,Queimadura solar de primeiro grau
322,45,257012,2012-01-05,2012-01-05,,,32020,,,1049,0,40055000,257012,,0,Sinusite crônica
323,45,4283893,2011-11-10,2011-11-10,2012-01-19,2012-01-19,32020,,,1062,0,36971009,4283893,,0,Sinusite
324,45,0,2001-11-18,2001-11-18,,,32020,,,1057,0,162864005,4060985,,0,IMC 30+ - obesidade
325,45,261325,1991-12-08,1991-12-08,,,32020,,,1055,0,87433001,261325,,0,Enfisema pulmonar
326,46,375671,1995-02-07,1995-02-07,1995-03-09,1995-03-09,32020,,,1086,0,62564004,375671,,0,Concussão sem perda de consciência
327,46,37395648,1993-04-04,1993-04-04,,,32020,,,1089,0,67811000119102,37395648,,0,Câncer de pulmão de pequenas células primário
328,46,4110591,1993-04-03,1993-04-03,,,32020,,,1079,0,254632001,4110591,,0,Câncer de pulmão de pequenas células
329,46,0,1993-03-22,1993-03-22,,,32020,,,1085,0,162573006,4038238,,0,Suspeita de abuso de álcool
330,46,200970,1990-08-28,1990-08-28,,,32020,,,1099,0,92691004,200970,,0,Carcinoma in situ de próstata
331,46,4129902,1990-08-28,1990-08-28,,,32020,,,1099,0,126906006,4129902,,0,Neoplasia de bexiga
332,46,439777,1990-06-16,1990-06-16,,,32020,,,1075,0,271737000,439777,,0,Anemia
333,46,81151,1988-07-08,1988-07-08,1988-08-12,1988-08-12,32020,,,1084,0,44465007,81151,,0,Entorse de tornozelo
334,46,0,1977-07-25,1977-07-25,,,32020,,,1117,0,162864005,4060985,,0,IMC 30+ - obesidade
335,46,0,1954-09-13,1954-09-13,,,32020,,,1073,0,449868002,42709996,,0,Fumante atual de cigarro
336,47,4112343,2018-07-11,2018-07-11,2018-07-19,2018-07-19,32020,,,1134,0,195662009,4112343,,0,Faringite viral aguda
337,47,37017023,2016-10-24,2016-10-24,2018-02-16,2018-02-16,32020,,,1140,0,713197008,37017023,,0,Fibrose cística recorrente
338,47,432867,2015-07-02,2015-07-02,,,32020,,,1137,0,55822004,432867,,0,Hiperlipidemia
339,47,4112343,2015-06-14,2015-06-14,2015-06-23,2015-06-23,32020,,,1131,0,195662009,4112343,,0,Faringite viral aguda
340,47,4285898,2015-06-02,2015-06-02,2018-02-16,2018-02-16,32020,,,1121,0,68496003,4285898,,0,Pólipo do cólon
341,47,0,2001-02-01,2001-02-01,,,32020,,,1126,0,162864005,4060985,,0,IMC 30+ - obesidade
342,47,316866,1978-07-27,1978-07-27,,,32020,,,1138,0,38341003,316866,,0,Hipertensão arterial
343,48,260139,2017-05-19,2017-05-19,2017-06-02,2017-06-02,32020,,,1147,0,10509002,260139,,0,Bronquite aguda
344,48,4208104,2016-09-14,2016-09-14,,,32020,,,1150,0,55680006,4208104,,0,Overdose de droga
345,48,40481087,2015-10-21,2015-10-21,2015-11-04,2015-11-04,32020,,,1151,0,444814009,40481087,,0,Infecção viral das vias aéreas superiores
346,48,436096,2015-10-11,2015-10-11,,,32020,,,1158,0,82423001,436096,,0,Dor crônica
347,48,43530652,2015-07-03,2015-07-03,,,32020,,,1143,0,124171000119105,43530652,,0,Nefropatia diabética crônica
348,48,4055754,2015-04-27,2015-04-27,,,32020,,,1161,0,196416002,4055754,,0,Esofagite por refluxo
349,48,4112343,2013-02-17,2013-02-17,2013-02-24,2013-02-24,32020,,,1168,0,195662009,4112343,,0,Faringite viral aguda
350,48,4112343,2011-03-19,2011-03-19,2011-03-26,2011-03-26,32020,,,1164,0,195662009,4112343,,0,Faringite viral aguda
351,48,260139,2011-01-02,2011-01-02,2011-01-16,2011-01-16,32020,,,1148,0,10509002,260139,,0,Bronquite aguda
352,49,40481087,2002-02-10,2002-02-10,2002-02-24,2002-02-24,32020,,,1208,0,444814009,40481087,,0,Infecção viral das vias aéreas superiores
353,49,4208104,1998-12-06,1998-12-06,,,32020,,,1211,0,55680006,4208104,,0,Overdose de droga
354,49,0,1998-11-15,1998-11-15,,,32020,,,1193,0,162864005,4060985,,0,IMC 30+ - obesidade
355,49,372328,1996-12-12,1996-12-12,1998-11-15,1998-11-15,32020,,,1187,0,65363002,372328,,0,Otite média
356,49,134438,1996-02-27,1996-02-27,1996-11-23,1996-11-23,32020,,,1194,0,40275004,134438,,0,Dermatite de contato
357,49,28060,1995-07-21,1995-07-21,1995-08-02,1995-08-02,32020,,,1176,0,43878008,28060,,0,Faringite estreptocócica
358,49,43530652,1991-01-19,1991-01-19,,,32020,,,1205,0,124171000119105,43530652,,0,Nefropatia diabética crônica
359,49,4055754,1990-10-07,1990-10-07,,,32020,,,1191,0,196416002,4055754,,0,Esofagite por refluxo
360,49,436096,1990-04-07,1990-04-07,,,32020,,,1186,0,82423001,436096,,0,Dor crônica
361,50,260139,2017-08-25,2017-08-25,2017-09-08,2017-09-08,32020,,,1223,0,10509002,260139,,0,Bronquite aguda
362,50,4113008,2014-01-11,2014-01-11,2014-02-01,2014-02-01,32020,,,1217,0,284549007,4113008,,0,Laceração de mão
363,50,316866,2011-10-25,2011-10-25,,,32020,,,1220,0,38341003,316866,,0,Hipertensão arterial
364,50,260139,2011-05-31,2011-05-31,2011-06-07,2011-06-07,32020,,,1216,0,10509002,260139,,0,Bronquite aguda
365,50,4294548,2010-10-12,2010-10-12,2010-11-09,2010-11-09,32020,,,1224,0,75498004,4294548,,0,Infecção bacteriana aguda
366,50,4112343,2010-09-30,2010-09-30,2010-10-08,2010-10-08,32020,,,1222,0,195662009,4112343,,0,Faringite viral aguda
367,50,40481087,2010-07-01,2010-07-01,2010-07-08,2010-07-08,32020,,,1214,0,444814009,40481087,,0,Infecção viral das vias aéreas superiores
368,51,4311629,2014-12-30,2014-12-30,,,32020,,,1234,0,15777000,40316773,,0,Pré-diabetes
369,51,4217975,2013-01-01,2013-01-01,2013-08-06,2013-08-06,32020,,,1241,0,72892002,4217975,,0,Otite média não supurativa
370,51,40481087,2010-12-15,2010-12-15,2011-01-05,2011-01-05,32020,,,1245,0,444814009,40481087,,0,Infecção viral das vias aéreas superiores
371,51,4112343,2009-05-01,2009-05-01,2009-05-11,2009-05-11,32020,,,1226,0,195662009,4112343,,0,Faringite viral aguda
372,51,4048171,1995-02-17,1995-02-17,,,32020,,,1235,0,232353008,4048171,,0,Perfuração do tímpano
373,52,4217975,2016-09-07,2016-09-07,2017-04-12,2017-04-12,32020,,,1261,0,72892002,4217975,,0,Otite média não supurativa
374,52,4217975,2015-09-30,2015-09-30,2016-05-04,2016-05-04,32020,,,1263,0,72892002,4217975,,0,Otite média não supurativa
375,52,40481087,2015-03-21,2015-03-21,2015-03-28,2015-03-28,32020,,,1267,0,444814009,40481087,,0,Infecção viral das vias aéreas superiores
376,52,4217975,2013-10-02,2013-10-02,2014-05-21,2014-05-21,32020,,,1298,0,72892002,4217975,,0,Otite média não supurativa
377,52,316866,2004-12-15,2004-12-15,,,32020,,,1287,0,38341003,316866,,0,Hipertensão arterial
378,52,0,2000-11-22,2000-11-22,,,32020,,,1286,0,408512008,4256640,,0,Alcoolismo relatado pelo paciente
379,52,0,1994-08-03,1994-08-03,,,32020,,,1304,0,162864005,4060985,,0,IMC 30+ - obesidade
380,53,4156265,2017-05-03,2017-05-03,2017-05-17,2017-05-17,32020,,,1314,0,370247008,4156265,,0,Lesão facial
381,53,40481087,2011-01-10,2011-01-10,2011-01-17,2011-01-17,32020,,,1307,0,444814009,40481087,,0,Infecção viral das vias aéreas superiores
382,53,4283893,2010-03-11,2010-03-11,2010-05-06,2010-05-06,32020,,,1325,0,36971009,4283893,,0,Sinusite
383,53,439777,1984-02-12,1984-02-12,,,32020,,,1321,0,271737000,439777,,0,Anemia
384,53,4078393,1979-01-02,1979-01-02,,,32020,,,1316,0,19169002,4078393,,0,Aborto espontâneo na gravidez
385,53,4311629,1972-11-28,1972-11-28,,,32020,,,1315,0,15777000,40316773,,0,Pré-diabetes
386,53,316866,1962-05-29,1962-05-29,,,32020,,,1318,0,38341003,316866,,0,Hipertensão arterial
387,54,4278672,2018-10-04,2018-10-04,2018-11-03,2018-11-03,32020,,,1338,0,65966004,4278672,,0,Fratura do fêmur
388,54,78272,2016-09-09,2016-09-09,2016-10-14,2016-10-14,32020,,,1337,0,70704007,78272,,0,Entorse de punho
389,54,40481087,2015-08-10,2015-08-10,2015-08-24,2015-08-24,32020,,,1326,0,444814009,40481087,,0,Infecção viral das vias aéreas superiores
390,54,4278672,2015-06-17,2015-06-17,2015-09-15,2015-09-15,32020,,,1336,0,65966004,4278672,,0,Fratura do fêmur
391,54,4294548,2012-09-06,2012-09-06,2012-10-18,2012-10-18,32020,,,1334,0,75498004,4294548,,0,Infecção bacteriana aguda
392,55,372328,2018-08-22,2018-08-22,,,32020,,,1358,0,65363002,372328,,0,Otite média
393,55,260139,2018-06-06,2018-06-06,2018-06-20,2018-06-20,32020,,,1361,0,10509002,260139,,0,Bronquite aguda
394,55,4112343,2018-04-22,2018-04-22,2018-04-30,2018-04-30,32020,,,1368,0,195662009,4112343,,0,Faringite viral aguda
395,55,4112343,2018-02-07,2018-02-07,2018-02-17,2018-02-17,32020,,,1371,0,195662009,4112343,,0,Faringite viral aguda
396,55,40481087,2017-03-20,2017-03-20,2017-04-03,2017-04-03,32020,,,1370,0,444814009,40481087,,0,Infecção viral das vias aéreas superiores
397,55,372328,2015-08-30,2015-08-30,2016-03-05,2016-03-05,32020,,,1369,0,65363002,372328,,0,Otite média
398,55,40481087,2014-09-02,2014-09-02,2014-09-23,2014-09-23,32020,,,1363,0,444814009,40481087,,0,Infecção viral das vias aéreas superiores
399,55,372328,2013-12-27,2013-12-27,2014-03-08,2014-03-08,32020,,,1359,0,65363002,372328,,0,Otite média
400,56,40481087,2017-08-18,2017-08-18,2017-09-08,2017-09-08,32020,,,1382,0,444814009,40481087,,0,Infecção viral das vias aéreas superiores
401,56,40481087,2013-10-23,2013-10-23,2013-10-30,2013-10-30,32020,,,1385,0,444814009,40481087,,0,Infecção viral das vias aéreas superiores
402,56,4156265,2012-11-18,2012-11-18,2012-12-02,2012-12-02,32020,,,1381,0,370247008,4156265,,0,Lesão facial
403,57,4217975,2018-08-11,2018-08-11,2018-09-01,2018-09-01,32020,,,1408,0,72892002,4217975,,0,Otite média não supurativa
404,57,4116491,2018-07-02,2018-07-02,2018-08-04,2018-08-04,32020,,,1396,0,301011002,4116491,,0,Infecção do trato urinário por E. coli
405,57,40481087,2014-07-15,2014-07-15,2014-07-29,2014-07-29,32020,,,1417,0,444814009,40481087,,0,Infecção viral das vias aéreas superiores
406,57,4112343,2013-12-28,2013-12-28,2014-01-05,2014-01-05,32020,,,1436,0,195662009,4112343,,0,Faringite viral aguda
407,57,40481087,2009-08-28,2009-08-28,2009-09-04,2009-09-04,32020,,,1434,0,444814009,40481087,,0,Infecção viral das vias aéreas superiores
408,57,4218389,2009-07-24,2009-07-24,2009-08-28,2009-08-28,32020,,,1419,0,39848009,4218389,,0,Lesão em chicote do pescoço
409,58,4109685,2010-11-17,2010-11-17,2010-12-08,2010-12-08,32020,,,1475,0,284551006,4109685,,0,Laceração de pé
410,58,257012,2009-02-07,2009-02-07,,,32020,,,1444,0,40055000,257012,,0,Sinusite crônica
411,58,4283893,2008-11-29,2008-11-29,2009-06-13,2009-06-13,32020,,,1481,0,36971009,4283893,,0,Sinusite
412,58,43530652,2007-11-19,2007-11-19,,,32020,,,1479,0,124171000119105,43530652,,0,Nefropatia diabética crônica
413,58,4055754,2007-01-10,2007-01-10,,,32020,,,1456,0,196416002,4055754,,0,Esofagite por refluxo
414,58,436096,2006-08-06,2006-08-06,,,32020,,,1454,0,82423001,436096,,0,Dor crônica
415,59,260139,2017-11-19,2017-11-19,2017-11-26,2017-11-26,32020,,,1494,0,10509002,260139,,0,Bronquite aguda
416,60,40481087,2013-06-12,2013-06-12,2013-07-03,2013-07-03,32020,,,1495,0,444814009,40481087,,0,Infecção viral das vias aéreas superiores
417,60,4112343,2013-04-21,2013-04-21,2013-05-02,2013-05-02,32020,,,1509,0,195662009,4112343,,0,Faringite viral aguda
418,60,40481087,2013-03-30,2013-03-30,2013-04-06,2013-04-06,32020,,,1507,0,444814009,40481087,,0,Infecção viral das vias aéreas superiores
419,60,260139,2012-09-19,2012-09-19,2012-09-26,2012-09-26,32020,,,1499,0,10509002,260139,,0,Bronquite aguda
420,60,260139,2010-02-14,2010-02-14,2010-02-28,2010-02-28,32020,,,1503,0,10509002,260139,,0,Bronquite aguda
421,60,80502,2010-02-20,2010-02-20,,,32020,,,1513,0,64859006,80502,,0,Osteoporose
422,60,4078393,1981-08-22,1981-08-22,,,32020,,,1510,0,19169002,4078393,,0,Aborto espontâneo na gravidez
423,60,0,1981-08-08,1981-08-08,,,32020,,,1496,0,162864005,4060985,,0,IMC 30+ - obesidade
424,61,28060,2018-02-02,2018-02-02,2018-02-12,2018-02-12,32020,,,1531,0,43878008,28060,,0,Faringite estreptocócica
425,61,4217975,2016-10-12,2016-10-12,2017-05-17,2017-05-17,32020,,,1550,0,72892002,4217975,,0,Otite média não supurativa
426,61,0,2012-05-23,2012-05-23,,,32020,,,1555,0,408512008,4256640,,0,Alcoolismo relatado pelo paciente
427,61,4217975,2010-02-17,2010-02-17,2010-09-22,2010-09-22,32020,,,1566,0,72892002,4217975,,0,Otite média não supurativa
428,61,436096,2000-08-08,2000-08-08,,,32020,,,1573,0,82423001,436096,,0,Dor crônica
429,61,4078393,2000-02-16,2000-02-16,,,32020,,,1565,0,19169002,4078393,,0,Aborto espontâneo na gravidez
430,61,0,1998-02-11,1998-02-11,,,32020,,,1523,0,162864005,4060985,,0,IMC 30+ - obesidade
431,61,316866,1994-02-02,1994-02-02,,,32020,,,1556,0,38341003,316866,,0,Hipertensão arterial
432,62,28060,2014-07-11,2014-07-11,2014-07-21,2014-07-21,32020,,,1596,0,43878008,28060,,0,Faringite estreptocócica
433,62,4084167,2010-04-03,2010-04-03,2010-04-03,2010-04-03,32020,,,1597,0,241929008,4084167,,0,Reação alérgica a alimento
434,62,372328,2009-10-29,2009-10-29,2010-09-05,2010-09-05,32020,,,1576,0,65363002,372328,,0,Otite média
435,62,372328,2009-06-06,2009-06-06,2009-08-30,2009-08-30,32020,,,1591,0,65363002,372328,,0,Otite média
436,62,4048171,2007-10-02,2007-10-02,,,32020,,,1589,0,232353008,4048171,,0,Perfuração do tímpano
437,62,133834,2006-05-30,2006-05-30,,,32020,,,1585,0,24079001,133834,,0,Dermatite atópica
438,63,255848,1988-05-17,1988-05-17,,,32020,,,1604,0,233604007,255848,,0,Pneumonia
439,63,4155034,1984-03-15,1984-03-15,1984-04-05,1984-04-05,32020,,,1605,0,283371005,4155034,,0,Laceração de antebraço
440,63,378419,1982-11-15,1982-11-15,,,32020,,,1619,0,26929004,378419,,0,Doença de Alzheimer
441,63,4285898,1980-01-05,1980-01-05,1981-05-31,1981-05-31,32020,,,1621,0,68496003,4285898,,0,Pólipo do cólon
442,63,0,1942-05-18,1942-05-18,,,32020,,,1607,0,162864005,4060985,,0,IMC 30+ - obesidade
443,64,40481087,2018-08-02,2018-08-02,2018-08-23,2018-08-23,32020,,,1626,0,444814009,40481087,,0,Infecção viral das vias aéreas superiores
444,64,0,2018-03-18,2018-03-18,,,32020,,,1622,0,162864005,4060985,,0,IMC 30+ - obesidade
445,65,4218389,2010-12-09,2010-12-09,2011-01-13,2011-01-13,32020,,,1636,0,39848009,4218389,,0,Lesão em chicote do pescoço
446,65,4116491,2009-09-30,2009-09-30,2009-11-09,2009-11-09,32020,,,1641,0,301011002,4116491,,0,Infecção do trato urinário por E. coli
447,65,79740,2009-09-19,2009-09-19,,,32020,,,1637,0,109838007,79740,,0,Carcinoma de cólon
448,65,37017023,2009-09-14,2009-09-14,,,32020,,,1644,0,713197008,37017023,,0,Fibrose cística recorrente
449,65,378001,2009-01-18,2009-01-18,2009-03-19,2009-03-19,32020,,,1635,0,62106007,378001,,0,Concussão com perda de consciência
450,65,4285898,2008-08-20,2008-08-20,,,32020,,,1651,0,68496003,4285898,,0,Pólipo do cólon
451,65,40481087,2007-07-22,2007-07-22,2007-07-29,2007-07-29,32020,,,1654,0,444814009,40481087,,0,Infecção viral das vias aéreas superiores
452,65,260139,2006-06-24,2006-06-24,2006-07-08,2006-07-08,32020,,,1653,0,10509002,260139,,0,Bronquite aguda
453,65,195588,2005-08-08,2005-08-08,2005-10-01,2005-10-01,32020,,,1634,0,38822007,195588,,0,Cistite
454,65,4078393,2002-08-09,2002-08-09,,,32020,,,1638,0,19169002,4078393,,0,Aborto espontâneo na gravidez
455,65,439777,1992-08-11,1992-08-11,,,32020,,,1642,0,271737000,439777,,0,Anemia
456,65,0,1990-11-09,1990-11-09,,,32020,,,1639,0,408512008,4256640,,0,Alcoolismo relatado pelo paciente
457,65,0,1975-10-24,1975-10-24,,,32020,,,1645,0,162864005,4060985,,0,IMC 30+ - obesidade
458,66,40481087,2016-07-17,2016-07-17,2016-08-07,2016-08-07,32020,,,1661,0,444814009,40481087,,0,Infecção viral das vias aéreas superiores
459,66,4237458,2016-05-13,2016-05-13,2016-06-12,2016-06-12,32020,,,1665,0,58150001,4237458,,0,Fratura de clavícula
460,66,40481087,2010-12-02,2010-12-02,2010-12-09,2010-12-09,32020,,,1669,0,444814009,40481087,,0,Infecção viral das vias aéreas superiores
461,66,40481087,2009-12-21,2009-12-21,2009-12-28,2009-12-28,32020,,,1658,0,444814009,40481087,,0,Infecção viral das vias aéreas superiores
462,66,4237458,2009-09-17,2009-09-17,2009-12-16,2009-12-16,32020,,,1657,0,58150001,4237458,,0,Fratura de clavícula
463,66,4311629,1998-02-21,1998-02-21,,,32020,,,1663,0,15777000,40316773,,0,Pré-diabetes
464,66,0,1995-02-18,1995-02-18,,,32020,,,1655,0,162864005,4060985,,0,IMC 30+ - obesidade
465,67,4217975,2017-12-20,2017-12-20,2018-07-25,2018-07-25,32020,,,1675,0,72892002,4217975,,0,Otite média não supurativa
466,67,81151,2017-02-26,2017-02-26,2017-04-02,2017-04-02,32020,,,1687,0,44465007,81151,,0,Entorse de tornozelo
467,67,40481087,2016-09-03,2016-09-03,2016-09-24,2016-09-24,32020,,,1756,0,444814009,40481087,,0,Infecção viral das vias aéreas superiores
468,67,40318618,2016-01-27,2016-01-27,2016-02-03,2016-02-03,32020,,,1735,0,156073000,40318618,,0,Obesidade
469,67,4217975,2016-01-27,2016-01-27,2016-02-03,2016-02-03,32020,,,1735,0,72892002,4217975,,0,Otite média não supurativa
470,67,4208104,2013-10-11,2013-10-11,,,32020,,,1685,0,55680006,4208104,,0,Overdose de droga
471,67,4217975,2012-09-05,2012-09-05,2013-04-10,2013-04-10,32020,,,1766,0,72892002,4217975,,0,Otite média não supurativa
472,67,40318618,2012-01-04,2012-01-04,2012-01-18,2012-01-18,32020,,,1693,0,156073000,40318618,,0,Obesidade
473,67,4217975,2012-01-04,2012-01-04,2012-01-18,2012-01-18,32020,,,1693,0,72892002,4217975,,0,Otite média não supurativa
474,67,4217975,2011-09-07,2011-09-07,2011-10-05,2011-10-05,32020,,,1709,0,72892002,4217975,,0,Otite média não supurativa
475,67,40318618,2011-03-30,2011-03-30,2011-04-06,2011-04-06,32020,,,1717,0,156073000,40318618,,0,Obesidade
476,67,4078393,2011-03-30,2011-03-30,,,32020,,,1717,0,19169002,4078393,,0,Aborto espontâneo na gravidez
477,67,4217975,2011-03-30,2011-03-30,2011-04-06,2011-04-06,32020,,,1717,0,72892002,4217975,,0,Otite média não supurativa
478,67,4217975,2010-04-14,2010-04-14,2010-11-10,2010-11-10,32020,,,1695,0,72892002,4217975,,0,Otite média não supurativa
479,67,4217975,2009-04-08,2009-04-08,2009-11-25,2009-11-25,32020,,,1779,0,72892002,4217975,,0,Otite média não supurativa
480,67,0,2006-05-17,2006-05-17,,,32020,,,1781,0,162864005,4060985,,0,IMC 30+ - obesidade
481,67,0,1983-11-29,1983-11-29,,,32020,,,1681,0,703151001,45766064,,0,Histórico de artroplastia de joelho
482,67,4029498,1983-11-29,1983-11-29,,,32020,,,1681,0,128613002,4029498,,0,Transtorno convulsivo
483,69,4285898,2018-05-04,2018-05-04,,,32020,,,1795,0,68496003,4285898,,0,Pólipo do cólon
484,69,4112343,2014-12-14,2014-12-14,2014-12-26,2014-12-26,32020,,,1804,0,195662009,4112343,,0,Faringite viral aguda
485,69,260139,2014-08-25,2014-08-25,2014-09-08,2014-09-08,32020,,,1805,0,10509002,260139,,0,Bronquite aguda
486,69,4112343,2011-02-18,2011-02-18,2011-03-02,2011-03-02,32020,,,1790,0,195662009,4112343,,0,Faringite viral aguda
487,69,4311629,1998-05-31,1998-05-31,,,32020,,,1792,0,15777000,40316773,,0,Pré-diabetes
488,69,316866,1981-06-28,1981-06-28,,,32020,,,1794,0,38341003,316866,,0,Hipertensão arterial
489,70,4048695,2017-05-18,2017-05-18,2017-06-19,2017-06-19,32020,,,1815,0,15724005,4048695,,0,Fratura de vértebra
490,70,40481087,2014-07-13,2014-07-13,2014-08-03,2014-08-03,32020,,,1807,0,444814009,40481087,,0,Infecção viral das vias aéreas superiores
491,70,40481087,2012-09-23,2012-09-23,2012-10-14,2012-10-14,32020,,,1806,0,444814009,40481087,,0,Infecção viral das vias aéreas superiores
492,70,40479422,2012-07-06,2012-07-06,2012-08-12,2012-08-12,32020,,,1814,0,444448004,40479422,,0,Neuropatia diabética
493,70,0,2011-11-21,2011-11-21,,,32020,,,1812,0,162864005,4060985,,0,IMC 30+ - obesidade
494,71,372328,2018-09-11,2018-09-11,,,32020,,,1823,0,65363002,372328,,0,Otite média
495,71,372328,2017-12-30,2017-12-30,2018-02-13,2018-02-13,32020,,,1817,0,65363002,372328,,0,Otite média
496,71,40481087,2017-02-12,2017-02-12,2017-02-19,2017-02-19,32020,,,1826,0,444814009,40481087,,0,Infecção viral das vias aéreas superiores
497,72,40481087,2016-03-24,2016-03-24,2016-03-31,2016-03-31,32020,,,1832,0,444814009,40481087,,0,Infecção viral das vias aéreas superiores
498,73,0,2018-02-11,2018-02-11,,,32020,,,1854,0,428251008,4323208,,0,Histórico de apendicectomia
499,73,440448,2018-02-11,2018-02-11,,,32020,,,1849,0,74400008,440448,,0,Apendicite
500,73,4283893,2013-05-28,2013-05-28,2013-07-09,2013-07-09,32020,,,1844,0,36971009,4283893,,0,Sinusite
501,73,40481087,2012-12-31,2012-12-31,2013-01-21,2013-01-21,32020,,,1840,0,444814009,40481087,,0,Infecção viral das vias aéreas superiores
502,73,4112343,2010-03-14,2010-03-14,2010-03-22,2010-03-22,32020,,,1852,0,195662009,4112343,,0,Faringite viral aguda
503,73,372328,2010-02-11,2010-02-11,2010-12-24,2010-12-24,32020,,,1846,0,65363002,372328,,0,Otite média
504,74,4112343,2018-11-12,2018-11-12,2018-11-24,2018-11-24,32020,,,1871,0,195662009,4112343,,0,Faringite viral aguda
505,74,317576,2017-12-19,2017-12-19,,,32020,,,1877,0,53741008,317576,,0,Doença arterial coronariana
506,74,40481087,2015-12-08,2015-12-08,2015-12-29,2015-12-29,32020,,,1866,0,444814009,40481087,,0,Infecção viral das vias aéreas superiores
507,74,257012,2015-07-28,2015-07-28,,,32020,,,1874,0,40055000,257012,,0,Sinusite crônica
508,74,4283893,2015-07-07,2015-07-07,2015-09-01,2015-09-01,32020,,,1861,0,36971009,4283893,,0,Sinusite
509,74,378419,2014-01-07,2014-01-07,,,32020,,,1869,0,26929004,378419,,0,Doença de Alzheimer
510,74,260139,2013-08-23,2013-08-23,2013-09-06,2013-09-06,32020,,,1864,0,10509002,260139,,0,Bronquite aguda
511,74,4112343,2012-02-01,2012-02-01,2012-02-13,2012-02-13,32020,,,1862,0,195662009,4112343,,0,Faringite viral aguda
512,74,40481087,2010-12-02,2010-12-02,2010-12-23,2010-12-23,32020,,,1878,0,444814009,40481087,,0,Infecção viral das vias aéreas superiores
513,74,4237458,2009-02-28,2009-02-28,2009-04-29,2009-04-29,32020,,,1860,0,58150001,4237458,,0,Fratura de clavícula
514,74,4078393,1968-04-16,1968-04-16,,,32020,,,1875,0,19169002,4078393,,0,Aborto espontâneo na gravidez
515,74,4311629,1957-07-02,1957-07-02,,,32020,,,1857,0,15777000,40316773,,0,Pré-diabetes
516,75,28060,2015-03-25,2015-03-25,2015-04-06,2015-04-06,32020,,,1882,0,43878008,28060,,0,Faringite estreptocócica
517,75,372328,2014-01-05,2014-01-05,2014-05-31,2014-05-31,32020,,,1888,0,65363002,372328,,0,Otite média
518,75,40486433,2013-06-20,2013-06-20,,,32020,,,1900,0,446096008,40486433,,0,Esteatose hepática perivenular
519,75,372328,2011-04-30,2011-04-30,2011-05-21,2011-05-21,32020,,,1896,0,65363002,372328,,0,Otite média
520,75,4084167,2011-04-01,2011-04-01,2011-04-01,2011-04-01,32020,,,1902,0,241929008,4084167,,0,Reação alérgica a alimento
521,75,28060,2010-04-08,2010-04-08,2010-04-17,2010-04-17,32020,,,1895,0,43878008,28060,,0,Faringite estreptocócica
522,75,4084167,2009-11-06,2009-11-06,2009-11-06,2009-11-06,32020,,,1904,0,241929008,4084167,,0,Reação alérgica a alimento
523,76,43530656,2018-01-17,2018-01-17,,,32020,,,1917,0,1551000119108,43530656,,0,Retinopatia diabética não proliferativa
524,76,4311629,2018-01-17,2018-01-17,,,32020,,,1917,0,15777000,40316773,,0,Pré-diabetes
525,76,4218389,2015-08-26,2015-08-26,2015-09-16,2015-09-16,32020,,,1927,0,39848009,4218389,,0,Lesão em chicote do pescoço
526,76,4285898,2013-04-17,2013-04-17,2014-08-10,2014-08-10,32020,,,1928,0,68496003,4285898,,0,Pólipo do cólon
527,76,40481087,2011-08-28,2011-08-28,2011-09-11,2011-09-11,32020,,,1946,0,444814009,40481087,,0,Infecção viral das vias aéreas superiores
528,76,378001,2010-04-24,2010-04-24,2010-06-23,2010-06-23,32020,,,1925,0,62106007,378001,,0,Concussão com perda de consciência
529,76,260139,2009-11-25,2009-11-25,2009-12-02,2009-12-02,32020,,,1932,0,10509002,260139,,0,Bronquite aguda
530,76,432867,2002-11-13,2002-11-13,,,32020,,,1936,0,55822004,432867,,0,Hiperlipidemia
531,76,4226121,2001-11-07,2001-11-07,,,32020,,,1907,0,422034002,4226121,,0,Retinopatia diabética proliferativa
532,76,75036,1997-08-21,1997-08-21,,,32020,,,1910,0,201834006,75036,,0,Dermatite perioral
533,76,4229440,1994-08-22,1994-08-22,,,32020,,,1945,0,88805009,4229440,,0,Cardiomiopatia isquêmica crônica
534,76,0,1989-08-25,1989-08-25,,,32020,,,1912,0,428251008,4323208,,0,Histórico de apendicectomia
535,76,440448,1989-08-25,1989-08-25,,,32020,,,1922,0,74400008,440448,,0,Apendicite
536,76,4166224,1989-08-25,1989-08-25,,,32020,,,1922,0,47693006,4166224,,0,Ruptura de apêndice
537,76,436940,1988-09-14,1988-09-14,,,32020,,,1929,0,237602007,436940,,0,Síndrome metabólica
538,76,4120314,1988-09-14,1988-09-14,,,32020,,,1929,0,302870006,4120314,,0,Hipertrigliceridemia
539,76,4214376,1988-09-14,1988-09-14,,,32020,,,1929,0,80394007,4214376,,0,Hiperglicemia
540,76,201826,1986-09-10,1986-09-10,,,32020,,,1914,0,44054006,201826,,0,Diabetes mellitus tipo 2
541,76,0,1969-02-19,1969-02-19,,,32020,,,1938,0,162864005,4060985,,0,IMC 30+ - obesidade
542,76,0,1952-03-12,1952-03-12,,,32020,,,1921,0,429007001,4324181,,0,Histórico de infarto
543,76,321042,1952-03-12,1952-03-12,,,32020,,,1921,0,410429000,321042,,0,Parada cardíaca
544,78,40481087,2017-11-16,2017-11-16,2017-11-23,2017-11-23,32020,,,1965,0,444814009,40481087,,0,Infecção viral das vias aéreas superiores
545,78,40481087,2016-12-08,2016-12-08,2016-12-15,2016-12-15,32020,,,1962,0,444814009,40481087,,0,Infecção viral das vias aéreas superiores
546,78,40481087,2016-05-28,2016-05-28,2016-06-04,2016-06-04,32020,,,1966,0,444814009,40481087,,0,Infecção viral das vias aéreas superiores
547,78,140673,2016-05-05,2016-05-05,,,32020,,,1969,0,40930008,140673,,0,Hipotireoidismo
548,78,4112343,2016-03-03,2016-03-03,2016-03-12,2016-03-12,32020,,,1971,0,195662009,4112343,,0,Faringite viral aguda
549,78,4112343,2009-01-26,2009-01-26,2009-02-06,2009-02-06,32020,,,1973,0,195662009,4112343,,0,Faringite viral aguda
550,78,0,1990-12-19,1990-12-19,,,32020,,,1974,0,162864005,4060985,,0,IMC 30+ - obesidade
551,79,137613,2017-09-08,2017-09-08,2017-09-22,2017-09-22,32020,,,1993,0,198992004,137613,,0,Pré-eclâmpsia leve
552,79,4217975,2017-02-24,2017-02-24,2017-09-22,2017-09-22,32020,,,2003,0,72892002,4217975,,0,Otite média não supurativa
553,79,260139,2015-03-09,2015-03-09,2015-03-16,2015-03-16,32020,,,1999,0,10509002,260139,,0,Bronquite aguda
554,79,4217975,2012-07-27,2012-07-27,2012-08-24,2012-08-24,32020,,,1996,0,72892002,4217975,,0,Otite média não supurativa
555,79,40479422,2010-05-09,2010-05-09,2010-07-15,2010-07-15,32020,,,1995,0,444448004,40479422,,0,Neuropatia diabética
556,79,4311629,2008-01-18,2008-01-18,,,32020,,,1997,0,15777000,40316773,,0,Pré-diabetes
557,80,4283893,2014-08-22,2014-08-22,2014-09-26,2014-09-26,32020,,,2049,0,36971009,4283893,,0,Sinusite
558,80,4155034,2013-06-26,2013-06-26,2013-07-10,2013-07-10,32020,,,2020,0,283371005,4155034,,0,Laceração de antebraço
559,80,4116491,2013-05-19,2013-05-19,2013-07-12,2013-07-12,32020,,,2048,0,301011002,4116491,,0,Infecção do trato urinário por E. coli
560,80,40481087,2009-10-02,2009-10-02,2009-10-09,2009-10-09,32020,,,2031,0,444814009,40481087,,0,Infecção viral das vias aéreas superiores
561,80,0,2009-06-10,2009-06-10,,,32020,,,2028,0,162864005,4060985,,0,IMC 30+ - obesidade
562,80,4078393,1996-10-23,1996-10-23,,,32020,,,2033,0,19169002,4078393,,0,Aborto espontâneo na gravidez
563,80,257012,1972-09-06,1972-09-06,,,32020,,,2034,0,40055000,257012,,0,Sinusite crônica
564,81,40481087,2007-01-13,2007-01-13,2007-01-20,2007-01-20,32020,,,2075,0,444814009,40481087,,0,Infecção viral das vias aéreas superiores
565,81,81151,2002-12-03,2002-12-03,2003-01-07,2003-01-07,32020,,,2073,0,44465007,81151,,0,Entorse de tornozelo
566,81,432867,1994-03-31,1994-03-31,,,32020,,,2091,0,55822004,432867,,0,Hiperlipidemia
567,81,258780,1984-04-05,1984-04-05,,,32020,,,2084,0,185086009,258780,,0,DPOC exacerbada
568,81,4311629,1969-06-05,1969-06-05,,,32020,,,2086,0,15777000,40316773,,0,Pré-diabetes
569,81,0,1963-05-30,1963-05-30,,,32020,,,2064,0,162864005,4060985,,0,IMC 30+ - obesidade
570,82,260139,2015-06-13,2015-06-13,2015-06-20,2015-06-20,32020,,,2132,0,10509002,260139,,0,Bronquite aguda
571,82,37016354,2006-07-18,2006-07-18,,,32020,,,2136,0,368581000119106,37016354,,0,Neuropatia por diabetes tipo 2
572,82,80502,2002-06-25,2002-06-25,,,32020,,,2123,0,64859006,80502,,0,Osteoporose
573,82,432867,1999-06-08,1999-06-08,,,32020,,,2109,0,55822004,432867,,0,Hiperlipidemia
574,82,37017023,1993-01-08,1993-01-08,,,32020,,,2117,0,713197008,37017023,,0,Fibrose cística recorrente
575,82,4285898,1992-01-14,1992-01-14,,,32020,,,2106,0,68496003,4285898,,0,Pólipo do cólon
576,82,257012,1991-01-16,1991-01-16,,,32020,,,2137,0,40055000,257012,,0,Sinusite crônica
577,82,436940,1981-03-31,1981-03-31,,,32020,,,2140,0,237602007,436940,,0,Síndrome metabólica
578,82,4120314,1981-03-31,1981-03-31,,,32020,,,2140,0,302870006,4120314,,0,Hipertrigliceridemia
579,82,4214376,1981-03-31,1981-03-31,,,32020,,,2140,0,80394007,4214376,,0,Hiperglicemia
580,82,201826,1978-03-28,1978-03-28,,,32020,,,2103,0,44054006,201826,,0,Diabetes mellitus tipo 2
581,82,316866,1978-03-28,1978-03-28,,,32020,,,2103,0,38341003,316866,,0,Hipertensão arterial
582,82,0,1975-03-25,1975-03-25,,,32020,,,2124,0,408512008,4256640,,0,Alcoolismo relatado pelo paciente
583,82,4078393,1974-06-25,1974-06-25,,,32020,,,2110,0,19169002,4078393,,0,Aborto espontâneo na gravidez
584,82,0,1972-01-08,1972-01-08,,,32020,,,2118,0,428251008,4323208,,0,Histórico de apendicectomia
585,82,440448,1972-01-08,1972-01-08,,,32020,,,2114,0,74400008,440448,,0,Apendicite
586,82,0,1956-02-14,1956-02-14,,,32020,,,2119,0,162864005,4060985,,0,IMC 30+ - obesidade
587,83,40481087,2018-11-18,2018-11-18,2018-12-09,2018-12-09,32020,,,2146,0,444814009,40481087,,0,Infecção viral das vias aéreas superiores
588,83,4218389,2017-12-31,2017-12-31,2018-01-21,2018-01-21,32020,,,2154,0,39848009,4218389,,0,Lesão em chicote do pescoço
589,83,40481087,2011-01-30,2011-01-30,2011-02-20,2011-02-20,32020,,,2145,0,444814009,40481087,,0,Infecção viral das vias aéreas superiores
590,83,260139,2010-06-27,2010-06-27,2010-07-04,2010-07-04,32020,,,2149,0,10509002,260139,,0,Bronquite aguda
591,83,0,2000-10-05,2000-10-05,,,32020,,,2144,0,162864005,4060985,,0,IMC 30+ - obesidade
592,83,0,1979-07-31,1979-07-31,,,32020,,,2151,0,428251008,4323208,,0,Histórico de apendicectomia
593,83,440448,1979-07-31,1979-07-31,,,32020,,,2153,0,74400008,440448,,0,Apendicite
594,83,4166224,1979-07-31,1979-07-31,,,32020,,,2153,0,47693006,4166224,,0,Ruptura de apêndice
595,84,432867,2018-10-08,2018-10-08,,,32020,,,2165,0,55822004,432867,,0,Hiperlipidemia
596,84,4116491,2017-09-12,2017-09-12,2017-10-26,2017-10-26,32020,,,2169,0,301011002,4116491,,0,Infecção do trato urinário por E. coli
597,84,260139,2014-11-23,2014-11-23,2014-11-30,2014-11-30,32020,,,2175,0,10509002,260139,,0,Bronquite aguda
598,84,4311629,2012-07-30,2012-07-30,,,32020,,,2172,0,15777000,40316773,,0,Pré-diabetes
599,84,4112343,2010-12-29,2010-12-29,2011-01-07,2011-01-07,32020,,,2156,0,195662009,4112343,,0,Faringite viral aguda
600,84,0,2007-09-17,2007-09-17,,,32020,,,2157,0,428251008,4323208,,0,Histórico de apendicectomia
601,84,440448,2007-09-17,2007-09-17,,,32020,,,2159,0,74400008,440448,,0,Apendicite
602,84,4166224,2007-09-17,2007-09-17,,,32020,,,2159,0,47693006,4166224,,0,Ruptura de apêndice
603,84,0,2000-07-17,2000-07-17,,,32020,,,2166,0,162864005,4060985,,0,IMC 30+ - obesidade
604,84,316866,1993-07-05,1993-07-05,,,32020,,,2163,0,38341003,316866,,0,Hipertensão arterial
605,84,4048171,1979-09-29,1979-09-29,,,32020,,,2171,0,232353008,4048171,,0,Perfuração do tímpano
606,85,260139,2018-03-25,2018-03-25,2018-04-01,2018-04-01,32020,,,2188,0,10509002,260139,,0,Bronquite aguda
607,85,40481087,2015-10-23,2015-10-23,2015-11-06,2015-11-06,32020,,,2197,0,444814009,40481087,,0,Infecção viral das vias aéreas superiores
608,85,4112343,2015-01-14,2015-01-14,2015-01-23,2015-01-23,32020,,,2196,0,195662009,4112343,,0,Faringite viral aguda
609,85,28060,2013-11-12,2013-11-12,2013-11-19,2013-11-19,32020,,,2185,0,43878008,28060,,0,Faringite estreptocócica
610,85,28060,2013-09-01,2013-09-01,2013-09-09,2013-09-09,32020,,,2178,0,43878008,28060,,0,Faringite estreptocócica
611,85,4112343,2009-07-08,2009-07-08,2009-07-20,2009-07-20,32020,,,2198,0,195662009,4112343,,0,Faringite viral aguda
612,85,0,1986-11-25,1986-11-25,,,32020,,,2190,0,162864005,4060985,,0,IMC 30+ - obesidade
613,86,4001336,1971-03-15,1971-03-15,,,32020,,,2207,0,110030002,4001336,,0,Transtorno por concussão
614,86,372328,1971-02-26,1971-02-26,,,32020,,,2212,0,65363002,372328,,0,Otite média
615,86,4112343,1969-12-21,1969-12-21,1969-12-29,1969-12-29,32020,,,2208,0,195662009,4112343,,0,Faringite viral aguda
616,86,372328,1969-11-20,1969-11-20,1970-03-03,1970-03-03,32020,,,2211,0,65363002,372328,,0,Otite média
617,87,4155034,2018-03-30,2018-03-30,2018-04-20,2018-04-20,32020,,,2214,0,283371005,4155034,,0,Laceração de antebraço
618,87,0,2017-09-18,2017-09-18,,,32020,,,2237,0,162864005,4060985,,0,IMC 30+ - obesidade
619,87,439777,2016-09-20,2016-09-20,,,32020,,,2238,0,271737000,439777,,0,Anemia
620,87,28060,2013-09-02,2013-09-02,2013-09-09,2013-09-09,32020,,,2223,0,43878008,28060,,0,Faringite estreptocócica
621,87,40481087,2012-01-13,2012-01-13,2012-01-27,2012-01-27,32020,,,2235,0,444814009,40481087,,0,Infecção viral das vias aéreas superiores
622,87,4217975,2010-10-04,2010-10-04,2011-05-09,2011-05-09,32020,,,2259,0,72892002,4217975,,0,Otite média não supurativa
623,87,4208104,1994-10-17,1994-10-17,,,32020,,,2216,0,55680006,4208104,,0,Overdose de droga
624,87,43530652,1992-02-16,1992-02-16,,,32020,,,2250,0,124171000119105,43530652,,0,Nefropatia diabética crônica
625,87,4055754,1990-08-09,1990-08-09,,,32020,,,2277,0,196416002,4055754,,0,Esofagite por refluxo
626,87,436096,1990-03-02,1990-03-02,,,32020,,,2219,0,82423001,436096,,0,Dor crônica
627,88,260139,2017-01-05,2017-01-05,2017-01-12,2017-01-12,32020,,,2295,0,10509002,260139,,0,Bronquite aguda
628,88,4217975,2015-09-01,2015-09-01,2016-04-19,2016-04-19,32020,,,2290,0,72892002,4217975,,0,Otite média não supurativa
629,88,137613,2014-11-11,2014-11-11,2014-12-02,2014-12-02,32020,,,2323,0,198992004,137613,,0,Pré-eclâmpsia leve
630,88,4217975,2014-04-29,2014-04-29,2014-12-02,2014-12-02,32020,,,2328,0,72892002,4217975,,0,Otite média não supurativa
631,88,4112343,2014-01-04,2014-01-04,2014-01-15,2014-01-15,32020,,,2313,0,195662009,4112343,,0,Faringite viral aguda
632,88,4217975,2013-05-28,2013-05-28,2013-06-18,2013-06-18,32020,,,2287,0,72892002,4217975,,0,Otite média não supurativa
633,88,40479422,2013-03-17,2013-03-17,2013-05-23,2013-05-23,32020,,,2312,0,444448004,40479422,,0,Neuropatia diabética
634,88,4262136,2012-10-23,2012-10-23,2012-11-06,2012-11-06,32020,,,2304,0,35999006,4262136,,0,Cegueira
635,88,4217975,2012-10-23,2012-10-23,2012-11-06,2012-11-06,32020,,,2304,0,72892002,4217975,,0,Otite média não supurativa
636,88,261325,2012-07-17,2012-07-17,,,32020,,,2332,0,87433001,261325,,0,Enfisema pulmonar
637,88,40481087,2009-11-20,2009-11-20,2009-12-11,2009-12-11,32020,,,2314,0,444814009,40481087,,0,Infecção viral das vias aéreas superiores
638,88,4262136,2009-03-10,2009-03-10,2009-03-17,2009-03-17,32020,,,2329,0,35999006,4262136,,0,Cegueira
639,88,4078393,2009-03-10,2009-03-10,,,32020,,,2329,0,19169002,4078393,,0,Aborto espontâneo na gravidez
640,88,4217975,2009-03-10,2009-03-10,2009-03-17,2009-03-17,32020,,,2329,0,72892002,4217975,,0,Otite média não supurativa
641,88,257012,2007-09-10,2007-09-10,,,32020,,,2303,0,40055000,257012,,0,Sinusite crônica
642,88,316866,2005-07-05,2005-07-05,,,32020,,,2322,0,38341003,316866,,0,Hipertensão arterial
643,89,4116491,2018-09-10,2018-09-10,2018-11-07,2018-11-07,32020,,,2366,0,301011002,4116491,,0,Infecção do trato urinário por E. coli
644,89,4180790,2016-09-19,2016-09-19,,,32020,,,2340,0,363406005,4180790,,0,Neoplasia maligna do cólon
645,89,4341247,2016-09-10,2016-09-10,,,32020,,,2342,0,236077008,4341247,,0,Prostatite crônica
646,89,4245614,2016-09-10,2016-09-10,,,32020,,,2342,0,6072007,4245614,,0,Prolapso de válvula mitral
647,89,4112343,2013-11-05,2013-11-05,2013-11-12,2013-11-12,32020,,,2357,0,195662009,4112343,,0,Faringite viral aguda
648,89,4217975,2012-12-10,2012-12-10,2013-07-29,2013-07-29,32020,,,2369,0,72892002,4217975,,0,Otite média não supurativa
649,89,81151,2009-11-12,2009-11-12,2009-12-17,2009-12-17,32020,,,2359,0,44465007,81151,,0,Entorse de tornozelo
650,89,4079749,2009-09-12,2009-09-12,,,32020,,,2370,0,239872002,4079749,,0,Osteoartrite do quadril
651,89,0,2004-11-08,2004-11-08,,,32020,,,2379,0,162864005,4060985,,0,IMC 30+ - obesidade
652,89,4078393,1996-12-09,1996-12-09,,,32020,,,2362,0,19169002,4078393,,0,Aborto espontâneo na gravidez
653,90,4226121,2017-11-25,2017-11-25,,,32020,,,2418,0,422034002,4226121,,0,Retinopatia diabética proliferativa
654,90,436940,2017-11-25,2017-11-25,,,32020,,,2418,0,237602007,436940,,0,Síndrome metabólica
655,90,4120314,2017-11-25,2017-11-25,,,32020,,,2418,0,302870006,4120314,,0,Hipertrigliceridemia
656,90,4214376,2017-11-25,2017-11-25,,,32020,,,2418,0,80394007,4214376,,0,Hiperglicemia
657,90,317576,2017-11-25,2017-11-25,,,32020,,,2418,0,53741008,317576,,0,Doença arterial coronariana
658,90,37016354,2015-11-21,2015-11-21,,,32020,,,2405,0,368581000119106,37016354,,0,Neuropatia por diabetes tipo 2
659,90,201826,2015-11-21,2015-11-21,,,32020,,,2405,0,44054006,201826,,0,Diabetes mellitus tipo 2
660,90,260139,2013-11-08,2013-11-08,2013-11-15,2013-11-15,32020,,,2391,0,10509002,260139,,0,Bronquite aguda
661,90,4116491,2012-03-26,2012-03-26,2012-05-12,2012-05-12,32020,,,2401,0,301011002,4116491,,0,Infecção do trato urinário por E. coli
662,90,0,2007-11-17,2007-11-17,,,32020,,,2384,0,408512008,4256640,,0,Alcoolismo relatado pelo paciente
663,90,0,1990-04-07,1990-04-07,,,32020,,,2446,0,162864005,4060985,,0,IMC 30+ - obesidade
664,90,316866,1987-04-04,1987-04-04,,,32020,,,2441,0,38341003,316866,,0,Hipertensão arterial
665,91,4112343,2015-10-21,2015-10-21,2015-10-31,2015-10-31,32020,,,2452,0,195662009,4112343,,0,Faringite viral aguda
666,91,4296204,2013-04-20,2013-04-20,2013-05-04,2013-05-04,32020,,,2457,0,403190006,4296204,,0,Queimadura solar de primeiro grau
667,91,378001,2011-04-01,2011-04-01,2011-05-31,2011-05-31,32020,,,2458,0,62106007,378001,,0,Concussão com perda de consciência
668,91,0,2003-12-17,2003-12-17,,,32020,,,2459,0,162864005,4060985,,0,IMC 30+ - obesidade
669,91,257012,1966-01-12,1966-01-12,,,32020,,,2449,0,40055000,257012,,0,Sinusite crônica
670,93,40481087,2013-04-14,2013-04-14,2013-04-21,2013-04-21,32020,,,2469,0,444814009,40481087,,0,Infecção viral das vias aéreas superiores
671,93,4311629,2004-12-11,2004-12-11,,,32020,,,2466,0,15777000,40316773,,0,Pré-diabetes
672,94,0,2003-05-23,2003-05-23,,,32020,,,2496,0,399211009,4163874,,0,Histórico de infarto do miocárdio
673,94,4329847,2003-05-23,2003-05-23,,,32020,,,2496,0,22298006,4329847,,0,Infarto do miocárdio
674,94,4229440,2003-02-06,2003-02-06,,,32020,,,2489,0,88805009,4229440,,0,Cardiomiopatia isquêmica crônica
675,94,317576,2002-09-20,2002-09-20,,,32020,,,2493,0,53741008,317576,,0,Doença arterial coronariana
676,94,260139,2002-09-12,2002-09-12,2002-09-26,2002-09-26,32020,,,2491,0,10509002,260139,,0,Bronquite aguda
677,94,192279,2000-07-14,2000-07-14,,,32020,,,2506,0,127013003,192279,,0,Nefropatia diabética
678,94,443614,2000-07-14,2000-07-14,,,32020,,,2506,0,431855005,443614,,0,Doença renal crônica estágio 1
679,94,4311629,1998-01-23,1998-01-23,,,32020,,,2498,0,15777000,40316773,,0,Pré-diabetes
680,94,43530685,1978-03-10,1978-03-10,,,32020,,,2503,0,1501000119109,43530685,,0,Polineuropatia por diabetes tipo 2
681,94,4214376,1978-03-10,1978-03-10,,,32020,,,2503,0,80394007,4214376,,0,Hiperglicemia
682,94,43530656,1969-01-03,1969-01-03,,,32020,,,2486,0,1551000119108,43530656,,0,Retinopatia diabética não proliferativa
683,94,4226121,1965-12-31,1965-12-31,,,32020,,,2492,0,422034002,4226121,,0,Retinopatia diabética proliferativa
684,94,436940,1965-12-31,1965-12-31,,,32020,,,2492,0,237602007,436940,,0,Síndrome metabólica
685,94,4120314,1965-12-31,1965-12-31,,,32020,,,2492,0,302870006,4120314,,0,Hipertrigliceridemia
686,94,37016354,1962-12-28,1962-12-28,,,32020,,,2471,0,368581000119106,37016354,,0,Neuropatia por diabetes tipo 2
687,94,201826,1962-12-28,1962-12-28,,,32020,,,2471,0,44054006,201826,,0,Diabetes mellitus tipo 2
688,94,316866,1952-12-12,1952-12-12,,,32020,,,2504,0,38341003,316866,,0,Hipertensão arterial
689,95,28060,2018-04-02,2018-04-02,2018-04-11,2018-04-11,32020,,,2523,0,43878008,28060,,0,Faringite estreptocócica
690,95,4112343,2016-04-02,2016-04-02,2016-04-11,2016-04-11,32020,,,2516,0,195662009,4112343,,0,Faringite viral aguda
691,95,381316,2016-03-02,2016-03-02,,,32020,,,2533,0,230690007,381316,,0,Acidente vascular cerebral
692,95,28060,2014-02-02,2014-02-02,2014-02-11,2014-02-11,32020,,,2520,0,43878008,28060,,0,Faringite estreptocócica
693,95,40481087,2012-05-13,2012-05-13,2012-06-03,2012-06-03,32020,,,2529,0,444814009,40481087,,0,Infecção viral das vias aéreas superiores
694,95,40481087,2011-04-30,2011-04-30,2011-05-14,2011-05-14,32020,,,2522,0,444814009,40481087,,0,Infecção viral das vias aéreas superiores
695,95,40481087,2009-04-14,2009-04-14,2009-05-05,2009-05-05,32020,,,2519,0,444814009,40481087,,0,Infecção viral das vias aéreas superiores
696,95,4311629,2006-07-26,2006-07-26,,,32020,,,2530,0,15777000,40316773,,0,Pré-diabetes
697,95,4214376,2006-07-26,2006-07-26,,,32020,,,2530,0,80394007,4214376,,0,Hiperglicemia
698,95,37016354,2002-07-17,2002-07-17,,,32020,,,2511,0,368581000119106,37016354,,0,Neuropatia por diabetes tipo 2
699,95,436940,2002-07-17,2002-07-17,,,32020,,,2511,0,237602007,436940,,0,Síndrome metabólica
700,95,4120314,2002-07-17,2002-07-17,,,32020,,,2511,0,302870006,4120314,,0,Hipertrigliceridemia
701,95,201826,2000-07-12,2000-07-12,,,32020,,,2526,0,44054006,201826,,0,Diabetes mellitus tipo 2
702,95,75036,1994-12-30,1994-12-30,,,32020,,,2513,0,201834006,75036,,0,Dermatite perioral
703,95,4078393,1977-06-08,1977-06-08,,,32020,,,2512,0,19169002,4078393,,0,Aborto espontâneo na gravidez
704,95,316866,1976-09-15,1976-09-15,,,32020,,,2532,0,38341003,316866,,0,Hipertensão arterial
705,96,4208104,2016-12-29,2016-12-29,,,32020,,,2564,0,55680006,4208104,,0,Overdose de droga
706,96,0,2011-08-01,2011-08-01,,,32020,,,2584,0,162864005,4060985,,0,IMC 30+ - obesidade
707,96,260139,2011-07-22,2011-07-22,2011-08-05,2011-08-05,32020,,,2548,0,10509002,260139,,0,Bronquite aguda
708,96,40481087,2011-07-06,2011-07-06,2011-07-13,2011-07-13,32020,,,2538,0,444814009,40481087,,0,Infecção viral das vias aéreas superiores
709,96,4055754,2011-03-09,2011-03-09,,,32020,,,2560,0,196416002,4055754,,0,Esofagite por refluxo
710,96,4112343,2010-04-24,2010-04-24,2010-05-07,2010-05-07,32020,,,2549,0,195662009,4112343,,0,Faringite viral aguda
711,96,436096,2009-12-20,2009-12-20,,,32020,,,2570,0,82423001,436096,,0,Dor crônica
712,96,43530652,2009-09-16,2009-09-16,,,32020,,,2557,0,124171000119105,43530652,,0,Nefropatia diabética crônica
713,96,40481087,2009-02-23,2009-02-23,2009-03-09,2009-03-09,32020,,,2534,0,444814009,40481087,,0,Infecção viral das vias aéreas superiores
714,97,4152936,2013-07-08,2013-07-08,2013-07-29,2013-07-29,32020,,,2729,0,283385000,4152936,,0,Laceração de ombro
715,97,381316,2009-10-09,2009-10-09,,,32020,,,,0,230690007,381316,,0,Acidente vascular cerebral
716,97,317576,2002-02-01,2002-02-01,,,32020,,,2630,0,53741008,317576,,0,Doença arterial coronariana
717,97,313217,1995-03-17,1995-03-17,,,32020,,,,0,49436004,313217,,0,Fibrilação atrial
718,97,378419,1990-01-26,1990-01-26,,,32020,,,2609,0,26929004,378419,,0,Doença de Alzheimer
719,97,45770830,1953-05-22,1953-05-22,,,32020,,,2646,0,97331000119101,45770830,,0,Obesidade mórbida
720,97,43530656,1953-05-22,1953-05-22,,,32020,,,2646,0,1551000119108,43530656,,0,Retinopatia diabética não proliferativa
721,97,45769905,1953-05-22,1953-05-22,,,32020,,,2646,0,90781000119102,45769905,,0,Doença renal crônica por diabetes
722,97,443601,1953-05-22,1953-05-22,,,32020,,,2646,0,431856006,443601,,0,Doença renal crônica estágio 4
723,97,4311629,1953-05-22,1953-05-22,,,32020,,,2646,0,15777000,40316773,,0,Pré-diabetes
724,97,4226121,1941-12-19,1941-12-19,,,32020,,,2621,0,422034002,4226121,,0,Retinopatia diabética proliferativa
725,97,192279,1941-12-19,1941-12-19,,,32020,,,2621,0,127013003,192279,,0,Nefropatia diabética
726,97,443614,1941-12-19,1941-12-19,,,32020,,,2621,0,431855005,443614,,0,Doença renal crônica estágio 1
727,97,436940,1941-12-19,1941-12-19,,,32020,,,2621,0,237602007,436940,,0,Síndrome metabólica
728,97,4120314,1941-12-19,1941-12-19,,,32020,,,2621,0,302870006,4120314,,0,Hipertrigliceridemia
729,97,4214376,1941-12-19,1941-12-19,,,32020,,,2621,0,80394007,4214376,,0,Hiperglicemia
730,97,201826,1939-05-05,1939-05-05,,,32020,,,2682,0,44054006,201826,,0,Diabetes mellitus tipo 2
731,97,0,1933-04-28,1933-04-28,,,32020,,,2625,0,162864005,4060985,,0,IMC 30+ - obesidade
732,97,316866,1929-04-19,1929-04-19,,,32020,,,2687,0,38341003,316866,,0,Hipertensão arterial
733,97,0,1923-02-23,1923-02-23,,,32020,,,2734,0,428251008,4323208,,0,Histórico de apendicectomia
734,97,440448,1923-02-23,1923-02-23,,,32020,,,2629,0,74400008,440448,,0,Apendicite
735,98,4112343,2017-05-20,2017-05-20,2017-06-02,2017-06-02,32020,,,2836,0,195662009,4112343,,0,Faringite viral aguda
736,98,4113008,2015-12-29,2015-12-29,2016-01-19,2016-01-19,32020,,,2846,0,284549007,4113008,,0,Laceração de mão
737,98,40481087,2009-02-12,2009-02-12,2009-02-26,2009-02-26,32020,,,2845,0,444814009,40481087,,0,Infecção viral das vias aéreas superiores
738,98,4311629,2007-09-27,2007-09-27,,,32020,,,2841,0,15777000,40316773,,0,Pré-diabetes
739,98,0,2005-04-21,2005-04-21,,,32020,,,2837,0,162864005,4060985,,0,IMC 30+ - obesidade
740,98,316866,1986-03-27,1986-03-27,,,32020,,,2847,0,38341003,316866,,0,Hipertensão arterial
741,98,439777,1978-09-18,1978-09-18,,,32020,,,2838,0,271737000,439777,,0,Anemia
742,99,4084167,2016-09-26,2016-09-26,2016-09-26,2016-09-26,32020,,,2927,0,241929008,4084167,,0,Reação alérgica a alimento
743,99,137613,2016-09-12,2016-09-12,2016-10-03,2016-10-03,32020,,,2898,0,198992004,137613,,0,Pré-eclâmpsia leve
744,99,4217975,2016-02-29,2016-02-29,2016-10-03,2016-10-03,32020,,,2902,0,72892002,4217975,,0,Otite média não supurativa
745,99,0,2014-08-10,2014-08-10,,,32020,,,2870,0,428251008,4323208,,0,Histórico de apendicectomia
746,99,440448,2014-08-10,2014-08-10,,,32020,,,2947,0,74400008,440448,,0,Apendicite
747,99,4134304,2012-09-17,2012-09-17,2012-10-17,2012-10-17,32020,,,2891,0,263102004,4134304,,0,Ruptura de menisco
748,99,40481087,2011-01-20,2011-01-20,2011-02-03,2011-02-03,32020,,,2920,0,444814009,40481087,,0,Infecção viral das vias aéreas superiores
749,99,0,2010-08-30,2010-08-30,,,32020,,,2911,0,162864005,4060985,,0,IMC 30+ - obesidade
750,99,4280726,1999-08-19,1999-08-19,,,32020,,,2905,0,367498001,4280726,,0,Gripe sazonal
751,99,133834,1997-04-16,1997-04-16,2013-10-10,2013-10-10,32020,,,2939,0,24079001,133834,,0,Dermatite atópica
752,100,4112343,1971-03-06,1971-03-06,1971-03-13,1971-03-13,32020,,,2964,0,195662009,4112343,,0,Faringite viral aguda
753,100,0,1970-08-02,1970-08-02,,,32020,,,2961,0,703151001,45766064,,0,Histórico de artroplastia de joelho
754,100,4029498,1970-08-02,1970-08-02,,,32020,,,2961,0,128613002,4029498,,0,Transtorno convulsivo
755,100,4109685,1965-07-04,1965-07-04,1965-07-18,1965-07-18,32020,,,2965,0,284551006,4109685,,0,Laceração de pé
756,100,40481087,1964-01-17,1964-01-17,1964-01-24,1964-01-24,32020,,,2951,0,444814009,40481087,,0,Infecção viral das vias aéreas superiores
757,100,372328,1961-06-25,1961-06-25,1961-07-09,1961-07-09,32020,,,2950,0,65363002,372328,,0,Otite média
758,101,40481087,2018-08-18,2018-08-18,2018-09-01,2018-09-01,32020,,,2999,0,444814009,40481087,,0,Infecção viral das vias aéreas superiores
759,101,4217975,2012-07-15,2012-07-15,2013-02-17,2013-02-17,32020,,,2971,0,72892002,4217975,,0,Otite média não supurativa
760,101,0,2011-08-07,2011-08-07,,,32020,,,2969,0,162864005,4060985,,0,IMC 30+ - obesidade
761,101,4217975,2010-08-15,2010-08-15,2011-03-27,2011-03-27,32020,,,2982,0,72892002,4217975,,0,Otite média não supurativa
762,102,79740,2006-03-28,2006-03-28,,,32020,,,3031,0,109838007,79740,,0,Carcinoma de cólon
763,102,37017023,2006-03-22,2006-03-22,,,32020,,,3043,0,713197008,37017023,,0,Fibrose cística recorrente
764,102,4285898,2004-11-27,2004-11-27,,,32020,,,3021,0,68496003,4285898,,0,Pólipo do cólon
765,102,40481087,2003-12-25,2003-12-25,2004-01-08,2004-01-08,32020,,,3022,0,444814009,40481087,,0,Infecção viral das vias aéreas superiores
766,102,432867,2003-01-15,2003-01-15,,,32020,,,3016,0,55822004,432867,,0,Hiperlipidemia
767,102,4311629,1998-12-23,1998-12-23,,,32020,,,3046,0,15777000,40316773,,0,Pré-diabetes
768,102,4229440,1995-11-17,1995-11-17,,,32020,,,3036,0,88805009,4229440,,0,Cardiomiopatia isquêmica crônica
769,102,4079750,1994-11-17,1994-11-17,,,32020,,,3035,0,239873007,4079750,,0,Osteoartrite do joelho
770,102,0,1984-12-05,1984-12-05,,,32020,,,3028,0,408512008,4256640,,0,Alcoolismo relatado pelo paciente
771,102,0,1973-02-07,1973-02-07,,,32020,,,3027,0,162864005,4060985,,0,IMC 30+ - obesidade
772,103,260139,2016-02-17,2016-02-17,2016-03-02,2016-03-02,32020,,,3056,0,10509002,260139,,0,Bronquite aguda
773,103,4113008,2013-07-18,2013-07-18,2013-08-08,2013-08-08,32020,,,3065,0,284549007,4113008,,0,Laceração de mão
774,103,4116491,2011-05-13,2011-05-13,2011-06-21,2011-06-21,32020,,,3060,0,301011002,4116491,,0,Infecção do trato urinário por E. coli
775,103,257012,2010-01-01,2010-01-01,,,32020,,,3058,0,40055000,257012,,0,Sinusite crônica
776,103,4283893,2009-11-13,2009-11-13,2010-03-12,2010-03-12,32020,,,3052,0,36971009,4283893,,0,Sinusite
777,103,4132546,2002-07-16,2002-07-16,,,32020,,,3068,0,275272006,4166590,,0,Projeção de hemorragia
778,103,0,1997-02-23,1997-02-23,,,32020,,,3059,0,162864005,4060985,,0,IMC 30+ - obesidade
779,103,316866,1976-01-25,1976-01-25,,,32020,,,3069,0,38341003,316866,,0,Hipertensão arterial
780,104,4217975,2018-10-17,2018-10-17,,,32020,,,3113,0,72892002,4217975,,0,Otite média não supurativa
781,104,316866,2010-09-01,2010-09-01,,,32020,,,3083,0,38341003,316866,,0,Hipertensão arterial
782,104,4112343,2010-06-11,2010-06-11,2010-06-23,2010-06-23,32020,,,3076,0,195662009,4112343,,0,Faringite viral aguda
783,104,4280726,1995-09-03,1995-09-03,,,32020,,,3087,0,367498001,4280726,,0,Gripe sazonal
784,105,260139,2018-03-14,2018-03-14,2018-03-28,2018-03-28,32020,,,3126,0,10509002,260139,,0,Bronquite aguda
785,105,78272,2016-11-16,2016-11-16,2016-12-07,2016-12-07,32020,,,3133,0,70704007,78272,,0,Entorse de punho
786,105,40481087,2016-03-29,2016-03-29,2016-04-19,2016-04-19,32020,,,3136,0,444814009,40481087,,0,Infecção viral das vias aéreas superiores
787,105,372328,2016-03-22,2016-03-22,2017-03-15,2017-03-15,32020,,,3134,0,65363002,372328,,0,Otite média
788,106,4112343,2013-06-22,2013-06-22,2013-06-29,2013-06-29,32020,,,3141,0,195662009,4112343,,0,Faringite viral aguda
789,106,4112343,2013-05-07,2013-05-07,2013-05-20,2013-05-20,32020,,,3140,0,195662009,4112343,,0,Faringite viral aguda
790,106,257012,2011-04-03,2011-04-03,,,32020,,,3147,0,40055000,257012,,0,Sinusite crônica
791,106,4294548,2010-12-19,2010-12-19,2011-04-10,2011-04-10,32020,,,3148,0,75498004,4294548,,0,Infecção bacteriana aguda
792,106,316866,2008-03-24,2008-03-24,,,32020,,,3155,0,38341003,316866,,0,Hipertensão arterial
793,107,4294548,2018-06-07,2018-06-07,2018-06-28,2018-06-28,32020,,,3160,0,75498004,4294548,,0,Infecção bacteriana aguda
794,107,28060,2016-06-11,2016-06-11,2016-06-18,2016-06-18,32020,,,3158,0,43878008,28060,,0,Faringite estreptocócica
795,107,436096,2013-01-06,2013-01-06,,,32020,,,3166,0,82423001,436096,,0,Dor crônica
796,107,260139,2010-09-03,2010-09-03,2010-09-17,2010-09-17,32020,,,3159,0,10509002,260139,,0,Bronquite aguda
797,107,4112343,2009-10-03,2009-10-03,2009-10-13,2009-10-13,32020,,,3164,0,195662009,4112343,,0,Faringite viral aguda
798,107,0,1998-08-16,1998-08-16,,,32020,,,3161,0,162864005,4060985,,0,IMC 30+ - obesidade
799,108,260139,2017-11-27,2017-11-27,2017-12-04,2017-12-04,32020,,,3182,0,10509002,260139,,0,Bronquite aguda
800,108,40481087,2014-06-14,2014-06-14,2014-07-05,2014-07-05,32020,,,3172,0,444814009,40481087,,0,Infecção viral das vias aéreas superiores
801,108,257012,2009-11-10,2009-11-10,,,32020,,,3177,0,40055000,257012,,0,Sinusite crônica
802,108,4283893,2009-10-27,2009-10-27,2010-03-02,2010-03-02,32020,,,3173,0,36971009,4283893,,0,Sinusite
803,108,261325,2002-05-16,2002-05-16,,,32020,,,3178,0,87433001,261325,,0,Enfisema pulmonar
804,108,0,2002-05-16,2002-05-16,,,32020,,,3178,0,408512008,4256640,,0,Alcoolismo relatado pelo paciente
805,108,0,1985-03-21,1985-03-21,,,32020,,,3180,0,162864005,4060985,,0,IMC 30+ - obesidade
806,109,0,2013-11-24,2013-11-24,,,32020,,,3196,0,399211009,4163874,,0,Histórico de infarto do miocárdio
807,109,4329847,2013-11-24,2013-11-24,,,32020,,,3196,0,22298006,4329847,,0,Infarto do miocárdio
808,109,43530656,2012-01-22,2012-01-22,,,32020,,,3188,0,1551000119108,43530656,,0,Retinopatia diabética não proliferativa
809,109,4226121,2009-01-04,2009-01-04,,,32020,,,3189,0,422034002,4226121,,0,Retinopatia diabética proliferativa
810,109,317576,2009-01-04,2009-01-04,,,32020,,,3189,0,53741008,317576,,0,Doença arterial coronariana
811,109,4059173,2007-06-28,2007-06-28,2007-07-28,2007-07-28,32020,,,3200,0,16114001,4059173,,0,Fratura de tornozelo
812,109,4112343,2006-01-18,2006-01-18,2006-01-30,2006-01-30,32020,,,3202,0,195662009,4112343,,0,Faringite viral aguda
813,109,260139,2004-12-08,2004-12-08,2004-12-22,2004-12-22,32020,,,3187,0,10509002,260139,,0,Bronquite aguda
814,109,436940,2003-02-02,2003-02-02,,,32020,,,3194,0,237602007,436940,,0,Síndrome metabólica
815,109,4120314,2003-02-02,2003-02-02,,,32020,,,3194,0,302870006,4120314,,0,Hipertrigliceridemia
816,109,4214376,2003-02-02,2003-02-02,,,32020,,,3194,0,80394007,4214376,,0,Hiperglicemia
817,109,201826,2001-01-28,2001-01-28,,,32020,,,3192,0,44054006,201826,,0,Diabetes mellitus tipo 2
818,109,316866,2001-01-28,2001-01-28,,,32020,,,3192,0,38341003,316866,,0,Hipertensão arterial
819,109,4311629,1994-01-16,1994-01-16,,,32020,,,3190,0,15777000,40316773,,0,Pré-diabetes
820,109,0,1986-08-03,1986-08-03,,,32020,,,3198,0,162864005,4060985,,0,IMC 30+ - obesidade
821,110,40481087,2003-09-26,2003-09-26,2003-10-17,2003-10-17,32020,,,3221,0,444814009,40481087,,0,Infecção viral das vias aéreas superiores
822,110,4109685,1999-11-12,1999-11-12,1999-12-03,1999-12-03,32020,,,3230,0,284551006,4109685,,0,Laceração de pé
823,110,378419,1997-03-01,1997-03-01,,,32020,,,3244,0,26929004,378419,,0,Doença de Alzheimer
824,110,432867,1977-11-12,1977-11-12,,,32020,,,3240,0,55822004,432867,,0,Hiperlipidemia
825,110,0,1958-12-06,1958-12-06,,,32020,,,3206,0,162864005,4060985,,0,IMC 30+ - obesidade
826,110,0,1933-09-30,1933-09-30,,,32020,,,3227,0,428251008,4323208,,0,Histórico de apendicectomia
827,110,440448,1933-09-30,1933-09-30,,,32020,,,3229,0,74400008,440448,,0,Apendicite
828,111,313217,2017-07-09,2017-07-09,,,32020,,,3269,0,49436004,313217,,0,Fibrilação atrial
829,111,260139,2016-06-23,2016-06-23,2016-06-30,2016-06-30,32020,,,3272,0,10509002,260139,,0,Bronquite aguda
830,111,4112343,2013-03-15,2013-03-15,2013-03-23,2013-03-23,32020,,,3254,0,195662009,4112343,,0,Faringite viral aguda
831,111,80502,2008-02-24,2008-02-24,,,32020,,,3270,0,64859006,80502,,0,Osteoporose
832,111,4078393,1993-06-06,1993-06-06,,,32020,,,3262,0,19169002,4078393,,0,Aborto espontâneo na gravidez
833,111,0,1991-01-13,1991-01-13,,,32020,,,3255,0,408512008,4256640,,0,Alcoolismo relatado pelo paciente
834,111,0,1975-10-19,1975-10-19,,,32020,,,3263,0,162864005,4060985,,0,IMC 30+ - obesidade
835,112,4311629,2011-08-29,2011-08-29,,,32020,,,3276,0,15777000,40316773,,0,Pré-diabetes
836,112,0,2005-08-22,2005-08-22,,,32020,,,3275,0,162864005,4060985,,0,IMC 30+ - obesidade
837,113,28060,2006-05-02,2006-05-02,2006-05-14,2006-05-14,32020,,,3295,0,43878008,28060,,0,Faringite estreptocócica
838,113,260139,2005-09-17,2005-09-17,2005-10-01,2005-10-01,32020,,,3299,0,10509002,260139,,0,Bronquite aguda
839,113,381316,2005-04-21,2005-04-21,,,32020,,,3302,0,230690007,381316,,0,Acidente vascular cerebral
840,113,40481087,1998-05-06,1998-05-06,1998-05-13,1998-05-13,32020,,,3301,0,444814009,40481087,,0,Infecção viral das vias aéreas superiores
841,113,75036,1997-03-17,1997-03-17,,,32020,,,3289,0,201834006,75036,,0,Dermatite perioral
842,113,0,1986-04-10,1986-04-10,,,32020,,,3298,0,162864005,4060985,,0,IMC 30+ - obesidade
843,113,257012,1978-04-18,1978-04-18,,,32020,,,3281,0,40055000,257012,,0,Sinusite crônica
844,113,4078393,1963-02-07,1963-02-07,,,32020,,,3304,0,19169002,4078393,,0,Aborto espontâneo na gravidez
845,113,316866,1962-11-29,1962-11-29,,,32020,,,3294,0,38341003,316866,,0,Hipertensão arterial
846,113,4048171,1948-04-05,1948-04-05,,,32020,,,3284,0,232353008,4048171,,0,Perfuração do tímpano
847,114,4217975,2018-04-18,2018-04-18,2018-11-21,2018-11-21,32020,,,3310,0,72892002,4217975,,0,Otite média não supurativa
848,114,260139,2017-08-20,2017-08-20,2017-09-03,2017-09-03,32020,,,3322,0,10509002,260139,,0,Bronquite aguda
849,114,260139,2014-08-27,2014-08-27,2014-09-03,2014-09-03,32020,,,3325,0,10509002,260139,,0,Bronquite aguda
850,114,4296205,2013-01-02,2013-01-02,2013-02-06,2013-02-06,32020,,,3317,0,403191005,4296205,,0,Queimadura solar de segundo grau
851,115,40481087,2016-05-11,2016-05-11,2016-05-25,2016-05-25,32020,,,3341,0,444814009,40481087,,0,Infecção viral das vias aéreas superiores
852,115,257012,2015-06-16,2015-06-16,,,32020,,,3334,0,40055000,257012,,0,Sinusite crônica
853,115,4283893,2015-04-14,2015-04-14,2015-07-07,2015-07-07,32020,,,3344,0,36971009,4283893,,0,Sinusite
854,115,4112343,2010-12-25,2010-12-25,2011-01-03,2011-01-03,32020,,,3340,0,195662009,4112343,,0,Faringite viral aguda
855,115,4311629,2002-08-22,2002-08-22,,,32020,,,3332,0,15777000,40316773,,0,Pré-diabetes
856,115,0,1993-08-12,1993-08-12,,,32020,,,3345,0,162864005,4060985,,0,IMC 30+ - obesidade
857,115,316866,1983-07-28,1983-07-28,,,32020,,,3337,0,38341003,316866,,0,Hipertensão arterial
858,116,40481087,2015-11-25,2015-11-25,2015-12-09,2015-12-09,32020,,,3349,0,444814009,40481087,,0,Infecção viral das vias aéreas superiores
859,116,4112343,2015-09-17,2015-09-17,2015-09-26,2015-09-26,32020,,,3355,0,195662009,4112343,,0,Faringite viral aguda
860,116,4155034,2011-05-25,2011-05-25,2011-06-08,2011-06-08,32020,,,3353,0,283371005,4155034,,0,Laceração de antebraço
861,116,40481087,2011-05-04,2011-05-04,2011-05-11,2011-05-11,32020,,,3348,0,444814009,40481087,,0,Infecção viral das vias aéreas superiores
862,117,372328,2013-05-15,2013-05-15,2016-01-31,2016-01-31,32020,,,3362,0,65363002,372328,,0,Otite média
863,117,40481087,2012-07-08,2012-07-08,2012-07-22,2012-07-22,32020,,,3364,0,444814009,40481087,,0,Infecção viral das vias aéreas superiores
864,117,378001,2010-04-28,2010-04-28,2010-06-27,2010-06-27,32020,,,3361,0,62106007,378001,,0,Concussão com perda de consciência
865,117,4311629,2009-01-18,2009-01-18,,,32020,,,3365,0,15777000,40316773,,0,Pré-diabetes
866,117,316866,2009-01-18,2009-01-18,,,32020,,,3365,0,38341003,316866,,0,Hipertensão arterial
867,117,260139,2009-01-11,2009-01-11,2009-01-18,2009-01-18,32020,,,3368,0,10509002,260139,,0,Bronquite aguda
868,118,4109685,2016-02-04,2016-02-04,2016-02-25,2016-02-25,32020,,,3369,0,284551006,4109685,,0,Laceração de pé
869,118,378001,2013-02-19,2013-02-19,2013-03-21,2013-03-21,32020,,,3371,0,62106007,378001,,0,Concussão com perda de consciência
870,118,40481087,2010-05-15,2010-05-15,2010-05-29,2010-05-29,32020,,,3370,0,444814009,40481087,,0,Infecção viral das vias aéreas superiores
871,118,4311629,1989-10-30,1989-10-30,,,32020,,,3373,0,15777000,40316773,,0,Pré-diabetes
872,118,0,1969-10-20,1969-10-20,,,32020,,,3379,0,429007001,4324181,,0,Histórico de infarto
873,118,321042,1969-10-20,1969-10-20,,,32020,,,3379,0,410429000,321042,,0,Parada cardíaca
874,119,4112343,2013-10-28,2013-10-28,2013-11-06,2013-11-06,32020,,,3396,0,195662009,4112343,,0,Faringite viral aguda
875,119,40481087,2011-09-10,2011-09-10,2011-09-17,2011-09-17,32020,,,3393,0,444814009,40481087,,0,Infecção viral das vias aéreas superiores
876,119,4079750,1996-07-15,1996-07-15,,,32020,,,3383,0,239873007,4079750,,0,Osteoartrite do joelho
877,119,4078393,1992-06-20,1992-06-20,,,32020,,,3386,0,19169002,4078393,,0,Aborto espontâneo na gravidez
878,119,4311629,1984-03-24,1984-03-24,,,32020,,,3392,0,15777000,40316773,,0,Pré-diabetes
879,120,40481087,2012-07-28,2012-07-28,2012-08-18,2012-08-18,32020,,,3405,0,444814009,40481087,,0,Infecção viral das vias aéreas superiores
880,120,316866,2011-11-25,2011-11-25,,,32020,,,3400,0,38341003,316866,,0,Hipertensão arterial
881,120,40481087,2009-12-20,2009-12-20,2010-01-03,2010-01-03,32020,,,3407,0,444814009,40481087,,0,Infecção viral das vias aéreas superiores
882,120,40481087,2009-04-08,2009-04-08,2009-04-15,2009-04-15,32020,,,3404,0,444814009,40481087,,0,Infecção viral das vias aéreas superiores
883,121,40481087,2016-05-25,2016-05-25,2016-06-01,2016-06-01,32020,,,3426,0,444814009,40481087,,0,Infecção viral das vias aéreas superiores
884,121,40481087,2011-12-05,2011-12-05,2011-12-12,2011-12-12,32020,,,3466,0,444814009,40481087,,0,Infecção viral das vias aéreas superiores
885,121,40480160,2010-03-17,2010-03-17,2010-04-16,2010-04-16,32020,,,3411,0,443165006,40480160,,0,Faringite aguda
886,121,4278672,2010-03-17,2010-03-17,2010-04-16,2010-04-16,32020,,,3411,0,65966004,4278672,,0,Fratura do fêmur
887,121,439777,2004-09-11,2004-09-11,,,32020,,,3450,0,271737000,439777,,0,Anemia
888,121,80502,2000-11-04,2000-11-04,,,32020,,,3463,0,64859006,80502,,0,Osteoporose
889,121,432867,1985-05-25,1985-05-25,,,32020,,,3435,0,55822004,432867,,0,Hiperlipidemia
890,121,381316,1979-07-07,1979-07-07,,,32020,,,3455,0,230690007,381316,,0,Acidente vascular cerebral
891,121,4311629,1948-08-21,1948-08-21,,,32020,,,3454,0,15777000,40316773,,0,Pré-diabetes
892,121,316866,1939-05-06,1939-05-06,,,32020,,,3458,0,38341003,316866,,0,Hipertensão arterial
893,122,40481087,2016-06-08,2016-06-08,2016-06-29,2016-06-29,32020,,,3487,0,444814009,40481087,,0,Infecção viral das vias aéreas superiores
894,122,40481087,2014-12-01,2014-12-01,2014-12-08,2014-12-08,32020,,,3491,0,444814009,40481087,,0,Infecção viral das vias aéreas superiores
895,122,4217975,2014-06-13,2014-06-13,2014-06-27,2014-06-27,32020,,,3489,0,72892002,4217975,,0,Otite média não supurativa
896,122,260139,2014-02-16,2014-02-16,2014-03-02,2014-03-02,32020,,,3484,0,10509002,260139,,0,Bronquite aguda
897,122,40481087,2013-01-28,2013-01-28,2013-02-04,2013-02-04,32020,,,3482,0,444814009,40481087,,0,Infecção viral das vias aéreas superiores
898,122,137613,2013-01-10,2013-01-10,2013-02-07,2013-02-07,32020,,,3508,0,198992004,137613,,0,Pré-eclâmpsia leve
899,122,199076,2012-06-29,2012-06-29,,,32020,,,3509,0,79586000,199076,,0,Gravidez tubária
900,122,4217975,2012-06-29,2012-06-29,2013-02-07,2013-02-07,32020,,,3509,0,72892002,4217975,,0,Otite média não supurativa
901,122,4112343,2011-11-28,2011-11-28,2011-12-08,2011-12-08,32020,,,3501,0,195662009,4112343,,0,Faringite viral aguda
902,122,4078393,2010-05-07,2010-05-07,,,32020,,,3494,0,19169002,4078393,,0,Aborto espontâneo na gravidez
903,122,4217975,2010-05-07,2010-05-07,2010-06-04,2010-06-04,32020,,,3494,0,72892002,4217975,,0,Otite média não supurativa
904,122,4112343,2009-05-31,2009-05-31,2009-06-08,2009-06-08,32020,,,3499,0,195662009,4112343,,0,Faringite viral aguda
905,122,0,2009-06-05,2009-06-05,,,32020,,,3504,0,162864005,4060985,,0,IMC 30+ - obesidade
906,125,260139,2018-07-19,2018-07-19,2018-07-26,2018-07-26,32020,,,3542,0,10509002,260139,,0,Bronquite aguda
907,125,4155034,2017-01-25,2017-01-25,2017-02-08,2017-02-08,32020,,,3544,0,283371005,4155034,,0,Laceração de antebraço
908,125,81151,2015-02-21,2015-02-21,2015-03-07,2015-03-07,32020,,,3539,0,44465007,81151,,0,Entorse de tornozelo
909,125,4278672,2013-12-28,2013-12-28,2014-02-26,2014-02-26,32020,,,3520,0,65966004,4278672,,0,Fratura do fêmur
910,125,260139,2013-12-01,2013-12-01,2013-12-08,2013-12-08,32020,,,3518,0,10509002,260139,,0,Bronquite aguda
911,125,257012,2013-05-29,2013-05-29,,,32020,,,3546,0,40055000,257012,,0,Sinusite crônica
912,125,4283893,2013-05-15,2013-05-15,2013-10-02,2013-10-02,32020,,,3533,0,36971009,4283893,,0,Sinusite
913,125,261325,1990-09-24,1990-09-24,,,32020,,,3524,0,87433001,261325,,0,Enfisema pulmonar
914,125,4078393,1988-10-03,1988-10-03,,,32020,,,3522,0,19169002,4078393,,0,Aborto espontâneo na gravidez
915,125,4311629,1984-09-17,1984-09-17,,,32020,,,3538,0,15777000,40316773,,0,Pré-diabetes
916,125,316866,1977-09-05,1977-09-05,,,32020,,,3547,0,38341003,316866,,0,Hipertensão arterial
917,126,260139,2015-01-20,2015-01-20,2015-02-03,2015-02-03,32020,,,3548,0,10509002,260139,,0,Bronquite aguda
918,126,4051466,2012-10-28,2012-10-28,,,32020,,,3551,0,233678006,4051466,,0,Asma na infância
919,126,4059173,2011-09-12,2011-09-12,2011-11-11,2011-11-11,32020,,,3561,0,16114001,4059173,,0,Fratura de tornozelo
920,126,4280726,2010-10-29,2010-10-29,,,32020,,,3574,0,367498001,4280726,,0,Gripe sazonal
921,126,4218389,2010-10-12,2010-10-12,2010-11-16,2010-11-16,32020,,,3556,0,39848009,4218389,,0,Lesão em chicote do pescoço
922,126,40481087,2010-03-21,2010-03-21,2010-04-11,2010-04-11,32020,,,3571,0,444814009,40481087,,0,Infecção viral das vias aéreas superiores
923,126,40481087,2009-12-24,2009-12-24,2010-01-14,2010-01-14,32020,,,3559,0,444814009,40481087,,0,Infecção viral das vias aéreas superiores
924,128,4217975,2015-09-21,2015-09-21,2016-04-25,2016-04-25,32020,,,3608,0,72892002,4217975,,0,Otite média não supurativa
925,128,137613,2014-12-01,2014-12-01,2014-12-22,2014-12-22,32020,,,3590,0,198992004,137613,,0,Pré-eclâmpsia leve
926,128,4217975,2014-05-19,2014-05-19,2014-12-22,2014-12-22,32020,,,3594,0,72892002,4217975,,0,Otite média não supurativa
927,128,4311629,2010-09-20,2010-09-20,,,32020,,,3583,0,15777000,40316773,,0,Pré-diabetes
928,128,4217975,2009-08-31,2009-08-31,2009-09-14,2009-09-14,32020,,,3612,0,72892002,4217975,,0,Otite média não supurativa
929,128,316866,2006-09-11,2006-09-11,,,32020,,,3606,0,38341003,316866,,0,Hipertensão arterial
930,129,4217975,2017-12-29,2017-12-29,2018-08-03,2018-08-03,32020,,,3629,0,72892002,4217975,,0,Otite média não supurativa
931,129,4217975,2017-01-13,2017-01-13,2017-08-18,2017-08-18,32020,,,3666,0,72892002,4217975,,0,Otite média não supurativa
932,129,4113008,2016-07-15,2016-07-15,2016-07-29,2016-07-29,32020,,,3645,0,284549007,4113008,,0,Laceração de mão
933,129,0,2014-08-15,2014-08-15,,,32020,,,3630,0,162864005,4060985,,0,IMC 30+ - obesidade
934,129,137613,2014-07-18,2014-07-18,2014-08-01,2014-08-01,32020,,,3624,0,198992004,137613,,0,Pré-eclâmpsia leve
935,129,4217975,2014-01-03,2014-01-03,2014-08-01,2014-08-01,32020,,,3635,0,72892002,4217975,,0,Otite média não supurativa
936,129,4217975,2012-12-28,2012-12-28,2013-07-26,2013-07-26,32020,,,3616,0,72892002,4217975,,0,Otite média não supurativa
937,129,40481087,2011-12-31,2011-12-31,2012-01-14,2012-01-14,32020,,,3664,0,444814009,40481087,,0,Infecção viral das vias aéreas superiores
938,129,439777,2005-06-05,2005-06-05,,,32020,,,3632,0,271737000,439777,,0,Anemia
939,130,0,1998-12-01,1998-12-01,,,32020,,,3678,0,408512008,4256640,,0,Alcoolismo relatado pelo paciente
940,130,0,1983-03-08,1983-03-08,,,32020,,,3670,0,162864005,4060985,,0,IMC 30+ - obesidade
941,130,4078393,1973-03-06,1973-03-06,,,32020,,,3677,0,19169002,4078393,,0,Aborto espontâneo na gravidez
942,130,316866,1969-07-08,1969-07-08,,,32020,,,3676,0,38341003,316866,,0,Hipertensão arterial
943,132,4208104,2014-06-12,2014-06-12,,,32020,,,3703,0,55680006,4208104,,0,Overdose de droga
944,132,40481087,2014-04-27,2014-04-27,2014-05-11,2014-05-11,32020,,,3773,0,444814009,40481087,,0,Infecção viral das vias aéreas superiores
945,132,4217975,2014-01-25,2014-01-25,2014-08-30,2014-08-30,32020,,,3734,0,72892002,4217975,,0,Otite média não supurativa
946,132,40481087,2010-12-22,2010-12-22,2011-01-05,2011-01-05,32020,,,3770,0,444814009,40481087,,0,Infecção viral das vias aéreas superiores
947,132,4055754,1995-06-25,1995-06-25,,,32020,,,3766,0,196416002,4055754,,0,Esofagite por refluxo
948,132,436096,1995-04-05,1995-04-05,,,32020,,,3728,0,82423001,436096,,0,Dor crônica
949,132,43530652,1995-02-06,1995-02-06,,,32020,,,3772,0,124171000119105,43530652,,0,Nefropatia diabética crônica
950,132,257012,1988-06-05,1988-06-05,,,32020,,,3699,0,40055000,257012,,0,Sinusite crônica
951,133,40481087,2017-08-25,2017-08-25,2017-09-08,2017-09-08,32020,,,3778,0,444814009,40481087,,0,Infecção viral das vias aéreas superiores
952,133,40481087,2014-10-14,2014-10-14,2014-11-04,2014-11-04,32020,,,3780,0,444814009,40481087,,0,Infecção viral das vias aéreas superiores
953,133,4283893,2012-03-14,2012-03-14,2012-04-18,2012-04-18,32020,,,3784,0,36971009,4283893,,0,Sinusite
954,133,40481087,2010-08-07,2010-08-07,2010-08-14,2010-08-14,32020,,,3777,0,444814009,40481087,,0,Infecção viral das vias aéreas superiores
955,133,4112343,2009-01-20,2009-01-20,2009-02-02,2009-02-02,32020,,,3779,0,195662009,4112343,,0,Faringite viral aguda
956,133,40486433,1979-04-22,1979-04-22,,,32020,,,3776,0,446096008,40486433,,0,Esteatose hepática perivenular
957,134,40481087,2018-04-19,2018-04-19,2018-05-03,2018-05-03,32020,,,3818,0,444814009,40481087,,0,Infecção viral das vias aéreas superiores
958,134,372328,2017-12-14,2017-12-14,2018-10-27,2018-10-27,32020,,,3816,0,65363002,372328,,0,Otite média
959,134,4112343,2017-10-03,2017-10-03,2017-10-10,2017-10-10,32020,,,3803,0,195662009,4112343,,0,Faringite viral aguda
960,134,28060,2015-09-27,2015-09-27,2015-10-10,2015-10-10,32020,,,3813,0,43878008,28060,,0,Faringite estreptocócica
961,135,40481087,2017-01-04,2017-01-04,2017-01-25,2017-01-25,32020,,,3820,0,444814009,40481087,,0,Infecção viral das vias aéreas superiores
962,136,4112343,2018-07-19,2018-07-19,2018-07-29,2018-07-29,32020,,,3842,0,195662009,4112343,,0,Faringite viral aguda
963,136,40481087,2014-10-10,2014-10-10,2014-10-31,2014-10-31,32020,,,3843,0,444814009,40481087,,0,Infecção viral das vias aéreas superiores
964,136,260139,2014-07-31,2014-07-31,2014-08-14,2014-08-14,32020,,,3841,0,10509002,260139,,0,Bronquite aguda
965,136,4109685,2014-06-29,2014-06-29,2014-07-13,2014-07-13,32020,,,3851,0,284551006,4109685,,0,Laceração de pé
966,136,4112343,2013-03-01,2013-03-01,2013-03-14,2013-03-14,32020,,,3824,0,195662009,4112343,,0,Faringite viral aguda
967,136,199076,2011-08-16,2011-08-16,,,32020,,,3828,0,79586000,199076,,0,Gravidez tubária
968,136,4217975,2011-08-16,2011-08-16,2012-03-13,2012-03-13,32020,,,3828,0,72892002,4217975,,0,Otite média não supurativa
969,136,4078393,2007-12-25,2007-12-25,,,32020,,,3855,0,19169002,4078393,,0,Aborto espontâneo na gravidez
970,136,4311629,1996-10-01,1996-10-01,,,32020,,,3834,0,15777000,40316773,,0,Pré-diabetes
971,136,0,1987-09-22,1987-09-22,,,32020,,,3845,0,162864005,4060985,,0,IMC 30+ - obesidade
972,136,316866,1980-09-09,1980-09-09,,,32020,,,3832,0,38341003,316866,,0,Hipertensão arterial
973,136,257012,1978-01-27,1978-01-27,,,32020,,,3826,0,40055000,257012,,0,Sinusite crônica
974,138,40481087,2016-10-28,2016-10-28,2016-11-18,2016-11-18,32020,,,3859,0,444814009,40481087,,0,Infecção viral das vias aéreas superiores
975,138,37016354,2013-08-08,2013-08-08,,,32020,,,3869,0,368581000119106,37016354,,0,Neuropatia por diabetes tipo 2
976,138,4112343,2010-07-26,2010-07-26,2010-08-06,2010-08-06,32020,,,3871,0,195662009,4112343,,0,Faringite viral aguda
977,138,4217975,2009-11-19,2009-11-19,2010-06-24,2010-06-24,32020,,,3872,0,72892002,4217975,,0,Otite média não supurativa
978,138,436940,2009-10-15,2009-10-15,,,32020,,,3886,0,237602007,436940,,0,Síndrome metabólica
979,138,4214376,2009-10-15,2009-10-15,,,32020,,,3886,0,80394007,4214376,,0,Hiperglicemia
980,138,40481087,2009-10-14,2009-10-14,2009-10-28,2009-10-28,32020,,,3886,0,444814009,40481087,,0,Infecção viral das vias aéreas superiores
981,138,4120314,2008-08-14,2008-08-14,,,32020,,,3870,0,302870006,4120314,,0,Hipertrigliceridemia
982,138,201826,2005-08-11,2005-08-11,,,32020,,,3888,0,44054006,201826,,0,Diabetes mellitus tipo 2
983,138,316866,1992-07-23,1992-07-23,,,32020,,,3865,0,38341003,316866,,0,Hipertensão arterial
984,140,81151,2012-03-29,2012-03-29,2012-05-03,2012-05-03,32020,,,3911,0,44465007,81151,,0,Entorse de tornozelo
985,141,4113008,2018-01-08,2018-01-08,2018-01-22,2018-01-22,32020,,,3931,0,284549007,4113008,,0,Laceração de mão
986,141,40479422,2016-02-11,2016-02-11,2016-04-18,2016-04-18,32020,,,3920,0,444448004,40479422,,0,Neuropatia diabética
987,141,40481087,2015-04-30,2015-04-30,2015-05-14,2015-05-14,32020,,,3925,0,444814009,40481087,,0,Infecção viral das vias aéreas superiores
988,141,4056621,2003-08-14,2003-08-14,,,32020,,,3921,0,197927001,4056621,,0,Uretrite recorrente
989,141,0,2001-07-28,2001-07-28,,,32020,,,3916,0,162864005,4060985,,0,IMC 30+ - obesidade
990,141,4078393,1988-01-02,1988-01-02,,,32020,,,3919,0,19169002,4078393,,0,Aborto espontâneo na gravidez
991,142,4180790,2011-08-02,2011-08-02,,,32020,,,3961,0,363406005,4180790,,0,Neoplasia maligna do cólon
992,142,37017023,2011-07-28,2011-07-28,,,32020,,,3959,0,713197008,37017023,,0,Fibrose cística recorrente
993,142,4285898,2010-06-03,2010-06-03,,,32020,,,3939,0,68496003,4285898,,0,Pólipo do cólon
994,142,40481087,2008-10-17,2008-10-17,2008-10-31,2008-10-31,32020,,,3950,0,444814009,40481087,,0,Infecção viral das vias aéreas superiores
995,142,260139,2007-03-14,2007-03-14,2007-03-28,2007-03-28,32020,,,3948,0,10509002,260139,,0,Bronquite aguda
996,142,260139,2006-07-08,2006-07-08,2006-07-15,2006-07-15,32020,,,3943,0,10509002,260139,,0,Bronquite aguda
997,142,4079749,1998-05-24,1998-05-24,,,32020,,,3946,0,239872002,4079749,,0,Osteoartrite do quadril
998,142,261325,1990-08-30,1990-08-30,,,32020,,,3945,0,87433001,261325,,0,Enfisema pulmonar
999,142,436940,1990-08-30,1990-08-30,,,32020,,,3945,0,237602007,436940,,0,Síndrome metabólica
1000,142,4120314,1990-08-30,1990-08-30,,,32020,,,3945,0,302870006,4120314,,0,Hipertrigliceridemia
1001,142,4214376,1990-08-30,1990-08-30,,,32020,,,3945,0,80394007,4214376,,0,Hiperglicemia
1002,142,201826,1987-08-27,1987-08-27,,,32020,,,3954,0,44054006,201826,,0,Diabetes mellitus tipo 2
1003,142,4311629,1982-12-02,1982-12-02,,,32020,,,3944,0,15777000,40316773,,0,Pré-diabetes
1004,143,372328,2018-12-18,2018-12-18,,,32020,,,4008,0,65363002,372328,,0,Otite média
1005,143,4217975,2015-03-16,2015-03-16,2015-04-06,2015-04-06,32020,,,3986,0,72892002,4217975,,0,Otite média não supurativa
1006,143,4217975,2014-11-24,2014-11-24,2014-12-15,2014-12-15,32020,,,4006,0,72892002,4217975,,0,Otite média não supurativa
1007,143,4217975,2013-12-09,2013-12-09,2014-07-14,2014-07-14,32020,,,3996,0,72892002,4217975,,0,Otite média não supurativa
1008,143,199076,2012-12-24,2012-12-24,,,32020,,,3977,0,79586000,199076,,0,Gravidez tubária
1009,143,4217975,2012-12-24,2012-12-24,2013-07-29,2013-07-29,32020,,,3977,0,72892002,4217975,,0,Otite média não supurativa
1010,143,4217975,2012-02-27,2012-02-27,2012-03-12,2012-03-12,32020,,,3992,0,72892002,4217975,,0,Otite média não supurativa
1011,143,40318618,2010-03-22,2010-03-22,2010-03-29,2010-03-29,32020,,,4011,0,156073000,40318618,,0,Obesidade
1012,143,4078393,2010-03-22,2010-03-22,,,32020,,,4011,0,19169002,4078393,,0,Aborto espontâneo na gravidez
1013,143,4217975,2010-03-22,2010-03-22,2010-03-29,2010-03-29,32020,,,4011,0,72892002,4217975,,0,Otite média não supurativa
1014,143,4217975,2009-06-22,2009-06-22,2009-07-06,2009-07-06,32020,,,4009,0,72892002,4217975,,0,Otite média não supurativa
1015,143,316866,2007-01-15,2007-01-15,,,32020,,,4005,0,38341003,316866,,0,Hipertensão arterial
1016,143,372328,1992-10-29,1992-10-29,1993-05-03,1993-05-03,32020,,,3995,0,65363002,372328,,0,Otite média
1017,144,201826,2008-06-09,2008-06-09,,,32020,,,4021,0,44054006,201826,,0,Diabetes mellitus tipo 2
1018,144,380378,2006-05-10,2006-05-10,,,32020,,,4018,0,84757009,380378,,0,Epilepsia
1019,144,0,2006-05-10,2006-05-10,,,32020,,,4018,0,703151001,45766064,,0,Histórico de artroplastia de joelho
1020,144,4029498,2006-05-10,2006-05-10,,,32020,,,4018,0,128613002,4029498,,0,Transtorno convulsivo
1021,144,260139,2005-10-22,2005-10-22,2005-11-05,2005-11-05,32020,,,4013,0,10509002,260139,,0,Bronquite aguda
1022,144,40481087,2002-11-23,2002-11-23,2002-11-30,2002-11-30,32020,,,4024,0,444814009,40481087,,0,Infecção viral das vias aéreas superiores
1023,144,0,2002-05-27,2002-05-27,,,32020,,,4022,0,408512008,4256640,,0,Alcoolismo relatado pelo paciente
1024,144,28060,2000-08-22,2000-08-22,2000-08-30,2000-08-30,32020,,,4015,0,43878008,28060,,0,Faringite estreptocócica
1025,144,0,1984-07-23,1984-07-23,,,32020,,,4016,0,162864005,4060985,,0,IMC 30+ - obesidade
1026,144,316866,1980-07-14,1980-07-14,,,32020,,,4014,0,38341003,316866,,0,Hipertensão arterial
1027,145,4112343,2017-07-08,2017-07-08,2017-07-19,2017-07-19,32020,,,4043,0,195662009,4112343,,0,Faringite viral aguda
1028,145,4112343,2017-04-25,2017-04-25,2017-05-06,2017-05-06,32020,,,4035,0,195662009,4112343,,0,Faringite viral aguda
1029,145,40481087,2016-11-16,2016-11-16,2016-11-23,2016-11-23,32020,,,4029,0,444814009,40481087,,0,Infecção viral das vias aéreas superiores
1030,145,260139,2016-02-15,2016-02-15,2016-02-29,2016-02-29,32020,,,4033,0,10509002,260139,,0,Bronquite aguda
1031,145,28060,2015-08-20,2015-08-20,2015-08-30,2015-08-30,32020,,,4032,0,43878008,28060,,0,Faringite estreptocócica
1032,145,372328,2013-12-25,2013-12-25,2014-05-15,2014-05-15,32020,,,4045,0,65363002,372328,,0,Otite média
1033,146,4112343,2018-08-25,2018-08-25,2018-09-06,2018-09-06,32020,,,4060,0,195662009,4112343,,0,Faringite viral aguda
1034,146,4217975,2018-05-13,2018-05-13,2018-12-16,2018-12-16,32020,,,4086,0,72892002,4217975,,0,Otite média não supurativa
1035,146,4217975,2017-12-24,2017-12-24,2018-01-14,2018-01-14,32020,,,4078,0,72892002,4217975,,0,Otite média não supurativa
1036,146,4217975,2017-02-19,2017-02-19,2017-03-19,2017-03-19,32020,,,4066,0,72892002,4217975,,0,Otite média não supurativa
1037,146,4217975,2013-05-12,2013-05-12,2013-11-24,2013-11-24,32020,,,4068,0,72892002,4217975,,0,Otite média não supurativa
1038,146,260139,2011-02-26,2011-02-26,2011-03-05,2011-03-05,32020,,,4073,0,10509002,260139,,0,Bronquite aguda
1039,146,4217975,2009-08-30,2009-08-30,2010-04-04,2010-04-04,32020,,,4091,0,72892002,4217975,,0,Otite média não supurativa
1040,146,81151,2009-07-15,2009-07-15,2009-08-05,2009-08-05,32020,,,4090,0,44465007,81151,,0,Entorse de tornozelo
1041,146,0,1990-07-01,1990-07-01,,,32020,,,4089,0,429007001,4324181,,0,Histórico de infarto
1042,146,321042,1990-07-01,1990-07-01,,,32020,,,4089,0,410429000,321042,,0,Parada cardíaca
1043,147,40481087,2013-07-31,2013-07-31,2013-08-21,2013-08-21,32020,,,4103,0,444814009,40481087,,0,Infecção viral das vias aéreas superiores
1044,147,258780,1993-11-01,1993-11-01,,,32020,,,4105,0,185086009,258780,,0,DPOC exacerbada
1045,147,4311629,1991-01-14,1991-01-14,,,32020,,,4101,0,15777000,40316773,,0,Pré-diabetes
1046,147,0,1982-01-04,1982-01-04,,,32020,,,4109,0,408512008,4256640,,0,Alcoolismo relatado pelo paciente
1047,147,0,1963-11-04,1963-11-04,,,32020,,,4111,0,162864005,4060985,,0,IMC 30+ - obesidade
1048,148,4311629,2018-04-30,2018-04-30,,,32020,,,4115,0,15777000,40316773,,0,Pré-diabetes
1049,148,4149245,2016-06-07,2016-06-07,2016-08-13,2016-08-13,32020,,,4120,0,30832001,4149245,,0,Ruptura de bainha tendínea
1050,148,4294548,2015-05-12,2015-05-12,2015-06-02,2015-06-02,32020,,,4117,0,75498004,4294548,,0,Infecção bacteriana aguda
1051,148,28060,2011-01-11,2011-01-11,2011-01-22,2011-01-22,32020,,,4116,0,43878008,28060,,0,Faringite estreptocócica
1052,148,28060,2010-10-04,2010-10-04,2010-10-12,2010-10-12,32020,,,4121,0,43878008,28060,,0,Faringite estreptocócica
1053,148,40481087,2010-04-18,2010-04-18,2010-05-02,2010-05-02,32020,,,4123,0,444814009,40481087,,0,Infecção viral das vias aéreas superiores
1054,149,4112343,2015-10-14,2015-10-14,2015-10-24,2015-10-24,32020,,,4128,0,195662009,4112343,,0,Faringite viral aguda
1055,149,432867,2015-02-07,2015-02-07,,,32020,,,4139,0,55822004,432867,,0,Hiperlipidemia
1056,149,40481087,2014-06-12,2014-06-12,2014-06-19,2014-06-19,32020,,,4144,0,444814009,40481087,,0,Infecção viral das vias aéreas superiores
1057,149,260139,2014-01-22,2014-01-22,2014-02-05,2014-02-05,32020,,,4141,0,10509002,260139,,0,Bronquite aguda
1058,149,37017023,2013-02-22,2013-02-22,2014-06-17,2014-06-17,32020,,,4148,0,713197008,37017023,,0,Fibrose cística recorrente
1059,149,40481087,2012-04-27,2012-04-27,2012-05-18,2012-05-18,32020,,,4135,0,444814009,40481087,,0,Infecção viral das vias aéreas superiores
1060,149,4285898,2011-12-30,2011-12-30,2014-06-17,2014-06-17,32020,,,4134,0,68496003,4285898,,0,Pólipo do cólon
1061,149,4112343,2011-08-20,2011-08-20,2011-09-01,2011-09-01,32020,,,4147,0,195662009,4112343,,0,Faringite viral aguda
1062,149,0,1971-02-13,1971-02-13,,,32020,,,4140,0,162864005,4060985,,0,IMC 30+ - obesidade
1063,150,260139,2018-03-19,2018-03-19,2018-03-26,2018-03-26,32020,,,4184,0,10509002,260139,,0,Bronquite aguda
1064,150,260139,2018-02-01,2018-02-01,2018-02-15,2018-02-15,32020,,,4169,0,10509002,260139,,0,Bronquite aguda
1065,150,28060,2016-09-23,2016-09-23,2016-10-03,2016-10-03,32020,,,4157,0,43878008,28060,,0,Faringite estreptocócica
1066,150,40481087,2013-06-13,2013-06-13,2013-06-20,2013-06-20,32020,,,4177,0,444814009,40481087,,0,Infecção viral das vias aéreas superiores
1067,150,432867,2012-01-07,2012-01-07,,,32020,,,4171,0,55822004,432867,,0,Hiperlipidemia
1068,150,0,2006-09-23,2006-09-23,,,32020,,,4161,0,408512008,4256640,,0,Alcoolismo relatado pelo paciente
1069,150,4078393,2003-05-17,2003-05-17,,,32020,,,4165,0,19169002,4078393,,0,Aborto espontâneo na gravidez
1070,150,0,1992-01-11,1992-01-11,,,32020,,,4170,0,162864005,4060985,,0,IMC 30+ - obesidade
1071,150,380378,1967-08-07,1967-08-07,,,32020,,,4160,0,84757009,380378,,0,Epilepsia
1072,150,0,1967-08-07,1967-08-07,,,32020,,,4160,0,703151001,45766064,,0,Histórico de artroplastia de joelho
1073,150,4029498,1967-08-07,1967-08-07,,,32020,,,4160,0,128613002,4029498,,0,Transtorno convulsivo
1074,150,4048171,1963-08-15,1963-08-15,,,32020,,,4181,0,232353008,4048171,,0,Perfuração do tímpano
1075,150,133834,1961-05-02,1961-05-02,,,32020,,,4173,0,24079001,133834,,0,Dermatite atópica
1076,151,4112343,2017-11-11,2017-11-11,2017-11-18,2017-11-18,32020,,,4194,0,195662009,4112343,,0,Faringite viral aguda
1077,151,316866,2015-06-12,2015-06-12,,,32020,,,4186,0,38341003,316866,,0,Hipertensão arterial
1078,151,4112343,2013-04-21,2013-04-21,2013-05-02,2013-05-02,32020,,,4190,0,195662009,4112343,,0,Faringite viral aguda
1079,151,260139,2012-03-06,2012-03-06,2012-03-13,2012-03-13,32020,,,4193,0,10509002,260139,,0,Bronquite aguda
1080,151,4112343,2011-07-21,2011-07-21,2011-07-28,2011-07-28,32020,,,4195,0,195662009,4112343,,0,Faringite viral aguda
1081,152,40481087,2018-11-09,2018-11-09,2018-11-16,2018-11-16,32020,,,4239,0,444814009,40481087,,0,Infecção viral das vias aéreas superiores
1082,152,4217975,2018-01-31,2018-01-31,2018-08-15,2018-08-15,32020,,,4234,0,72892002,4217975,,0,Otite média não supurativa
1083,152,4296204,2016-05-28,2016-05-28,2016-07-02,2016-07-02,32020,,,4224,0,403190006,4296204,,0,Queimadura solar de primeiro grau
1084,152,260139,2015-08-09,2015-08-09,2015-08-23,2015-08-23,32020,,,4252,0,10509002,260139,,0,Bronquite aguda
1085,152,4112343,2015-07-05,2015-07-05,2015-07-18,2015-07-18,32020,,,4233,0,195662009,4112343,,0,Faringite viral aguda
1086,152,40481087,2014-12-15,2014-12-15,2014-12-22,2014-12-22,32020,,,4251,0,444814009,40481087,,0,Infecção viral das vias aéreas superiores
1087,152,4079750,2013-07-28,2013-07-28,,,32020,,,4199,0,239873007,4079750,,0,Osteoartrite do joelho
1088,152,260139,2012-10-07,2012-10-07,2012-10-14,2012-10-14,32020,,,4203,0,10509002,260139,,0,Bronquite aguda
1089,152,439393,2010-12-15,2010-12-15,2011-02-02,2011-02-02,32020,,,4240,0,398254007,439393,,0,Pré-eclâmpsia
1090,152,4217975,2010-06-30,2010-06-30,2011-02-02,2011-02-02,32020,,,4214,0,72892002,4217975,,0,Otite média não supurativa
1091,152,4217975,2009-07-15,2009-07-15,2010-02-17,2010-02-17,32020,,,4204,0,72892002,4217975,,0,Otite média não supurativa
1092,152,0,2009-03-04,2009-03-04,,,32020,,,4254,0,162864005,4060985,,0,IMC 30+ - obesidade
1093,153,4294548,2015-03-06,2015-03-06,2015-03-20,2015-03-20,32020,,,4266,0,75498004,4294548,,0,Infecção bacteriana aguda
1094,153,260139,2010-02-10,2010-02-10,2010-02-24,2010-02-24,32020,,,4268,0,10509002,260139,,0,Bronquite aguda
1095,153,40481087,2009-03-07,2009-03-07,2009-03-28,2009-03-28,32020,,,4265,0,444814009,40481087,,0,Infecção viral das vias aéreas superiores
1096,154,4278672,2018-06-09,2018-06-09,2018-08-08,2018-08-08,32020,,,4290,0,65966004,4278672,,0,Fratura do fêmur
1097,154,0,2013-03-03,2013-03-03,,,32020,,,4286,0,429007001,4324181,,0,Histórico de infarto
1098,154,321042,2013-03-03,2013-03-03,,,32020,,,4286,0,410429000,321042,,0,Parada cardíaca
1099,154,0,1989-12-10,1989-12-10,,,32020,,,4276,0,162864005,4060985,,0,IMC 30+ - obesidade
1100,155,4112343,2015-12-09,2015-12-09,2015-12-22,2015-12-22,32020,,,4302,0,195662009,4112343,,0,Faringite viral aguda
1101,155,4112343,2011-01-19,2011-01-19,2011-01-31,2011-01-31,32020,,,4295,0,195662009,4112343,,0,Faringite viral aguda
1102,156,40481087,2017-11-15,2017-11-15,2017-11-29,2017-11-29,32020,,,4313,0,444814009,40481087,,0,Infecção viral das vias aéreas superiores
1103,156,40481087,2014-10-04,2014-10-04,2014-10-25,2014-10-25,32020,,,4308,0,444814009,40481087,,0,Infecção viral das vias aéreas superiores
1104,156,4278672,2013-09-21,2013-09-21,2013-10-21,2013-10-21,32020,,,4314,0,65966004,4278672,,0,Fratura do fêmur
1105,156,40481087,2011-07-02,2011-07-02,2011-07-16,2011-07-16,32020,,,4312,0,444814009,40481087,,0,Infecção viral das vias aéreas superiores
1106,156,257012,2000-11-03,2000-11-03,,,32020,,,4310,0,40055000,257012,,0,Sinusite crônica
1107,157,4112343,2018-08-31,2018-08-31,2018-09-12,2018-09-12,32020,,,4333,0,195662009,4112343,,0,Faringite viral aguda
1108,157,260139,2017-08-06,2017-08-06,2017-08-20,2017-08-20,32020,,,4321,0,10509002,260139,,0,Bronquite aguda
1109,157,4112343,2010-06-03,2010-06-03,2010-06-12,2010-06-12,32020,,,4329,0,195662009,4112343,,0,Faringite viral aguda
1110,157,4218389,2009-09-17,2009-09-17,2009-10-08,2009-10-08,32020,,,4336,0,39848009,4218389,,0,Lesão em chicote do pescoço
1111,157,381316,1994-08-11,1994-08-11,,,32020,,,4323,0,230690007,381316,,0,Acidente vascular cerebral
1112,157,0,1982-11-25,1982-11-25,,,32020,,,4340,0,162864005,4060985,,0,IMC 30+ - obesidade
1113,157,4048171,1942-09-19,1942-09-19,,,32020,,,4325,0,232353008,4048171,,0,Perfuração do tímpano
1114,158,4142905,2016-03-19,2016-03-19,2016-06-17,2016-06-17,32020,,,4354,0,33737001,4142905,,0,Fratura de rádio
1115,158,4237458,2015-01-24,2015-01-24,2015-04-24,2015-04-24,32020,,,4355,0,58150001,4237458,,0,Fratura de clavícula
1116,158,40481087,2013-08-05,2013-08-05,2013-08-12,2013-08-12,32020,,,4358,0,444814009,40481087,,0,Infecção viral das vias aéreas superiores
1117,158,260139,2012-12-27,2012-12-27,2013-01-10,2013-01-10,32020,,,4357,0,10509002,260139,,0,Bronquite aguda
1118,158,439777,1990-07-10,1990-07-10,,,32020,,,4356,0,271737000,439777,,0,Anemia
1119,158,0,1985-05-10,1985-05-10,,,32020,,,4353,0,408512008,4256640,,0,Alcoolismo relatado pelo paciente
1120,158,0,1968-03-22,1968-03-22,,,32020,,,4348,0,162864005,4060985,,0,IMC 30+ - obesidade
1121,159,4294548,2018-01-10,2018-01-10,2018-02-21,2018-02-21,32020,,,4367,0,75498004,4294548,,0,Infecção bacteriana aguda
1122,159,4278672,2013-12-11,2013-12-11,2014-01-10,2014-01-10,32020,,,4369,0,65966004,4278672,,0,Fratura do fêmur
1123,159,4112343,2012-06-17,2012-06-17,2012-06-28,2012-06-28,32020,,,4373,0,195662009,4112343,,0,Faringite viral aguda
1124,160,4217975,2016-07-04,2016-07-04,2017-02-06,2017-02-06,32020,,,4393,0,72892002,4217975,,0,Otite média não supurativa
1125,160,40481087,2015-05-29,2015-05-29,2015-06-12,2015-06-12,32020,,,4403,0,444814009,40481087,,0,Infecção viral das vias aéreas superiores
1126,160,4217975,2013-06-24,2013-06-24,2014-02-10,2014-02-10,32020,,,4420,0,72892002,4217975,,0,Otite média não supurativa
1127,160,0,2013-05-06,2013-05-06,,,32020,,,4377,0,162864005,4060985,,0,IMC 30+ - obesidade
1128,160,40481087,2013-03-21,2013-03-21,2013-04-04,2013-04-04,32020,,,4406,0,444814009,40481087,,0,Infecção viral das vias aéreas superiores
1129,160,4217975,2012-04-09,2012-04-09,2012-10-22,2012-10-22,32020,,,4407,0,72892002,4217975,,0,Otite média não supurativa
1130,160,4217975,2011-01-03,2011-01-03,2011-08-08,2011-08-08,32020,,,4415,0,72892002,4217975,,0,Otite média não supurativa
1131,160,28060,2009-10-27,2009-10-27,2009-11-06,2009-11-06,32020,,,4383,0,43878008,28060,,0,Faringite estreptocócica
1132,160,316866,2002-11-04,2002-11-04,,,32020,,,4374,0,38341003,316866,,0,Hipertensão arterial
1133,161,0,1978-05-01,1978-05-01,,,32020,,,4442,0,399211009,4163874,,0,Histórico de infarto do miocárdio
1134,161,4329847,1978-05-01,1978-05-01,,,32020,,,4442,0,22298006,4329847,,0,Infarto do miocárdio
1135,161,260139,1978-03-16,1978-03-16,1978-03-30,1978-03-30,32020,,,4457,0,10509002,260139,,0,Bronquite aguda
1136,161,40479422,1977-02-25,1977-02-25,1977-04-03,1977-04-03,32020,,,4443,0,444448004,40479422,,0,Neuropatia diabética
1137,161,260139,1976-11-12,1976-11-12,1976-11-19,1976-11-19,32020,,,4431,0,10509002,260139,,0,Bronquite aguda
1138,161,4285898,1975-09-23,1975-09-23,1977-02-14,1977-02-14,32020,,,4464,0,68496003,4285898,,0,Pólipo do cólon
1139,161,260139,1975-03-14,1975-03-14,1975-03-21,1975-03-21,32020,,,4432,0,10509002,260139,,0,Bronquite aguda
1140,161,40481087,1974-05-10,1974-05-10,1974-05-24,1974-05-24,32020,,,4456,0,444814009,40481087,,0,Infecção viral das vias aéreas superiores
1141,161,260139,1971-03-14,1971-03-14,1971-03-23,1971-03-23,32020,,,4482,0,10509002,260139,,0,Bronquite aguda
1142,161,313217,1968-11-11,1968-11-11,,,32020,,,4466,0,49436004,313217,,0,Fibrilação atrial
1143,161,4079750,1968-09-11,1968-09-11,,,32020,,,4445,0,239873007,4079750,,0,Osteoartrite do joelho
1144,161,317576,1966-10-31,1966-10-31,,,32020,,,4441,0,53741008,317576,,0,Doença arterial coronariana
1145,161,432867,1961-10-02,1961-10-02,,,32020,,,4475,0,55822004,432867,,0,Hiperlipidemia
1146,161,0,1958-10-20,1958-10-20,,,32020,,,4476,0,408512008,4256640,,0,Alcoolismo relatado pelo paciente
1147,161,0,1938-11-21,1938-11-21,,,32020,,,4471,0,162864005,4060985,,0,IMC 30+ - obesidade
1148,161,316866,1928-11-05,1928-11-05,,,32020,,,4472,0,38341003,316866,,0,Hipertensão arterial
1149,162,4112343,2017-02-27,2017-02-27,2017-03-11,2017-03-11,32020,,,4504,0,195662009,4112343,,0,Faringite viral aguda
1150,162,4112343,2014-08-04,2014-08-04,2014-08-11,2014-08-11,32020,,,4491,0,195662009,4112343,,0,Faringite viral aguda
1151,162,260139,2012-07-12,2012-07-12,2012-07-19,2012-07-19,32020,,,4484,0,10509002,260139,,0,Bronquite aguda
1152,162,4078393,2001-01-05,2001-01-05,,,32020,,,4495,0,19169002,4078393,,0,Aborto espontâneo na gravidez
1153,162,0,2000-07-21,2000-07-21,,,32020,,,4489,0,429007001,4324181,,0,Histórico de infarto
1154,162,321042,2000-07-21,2000-07-21,,,32020,,,4489,0,410429000,321042,,0,Parada cardíaca
1155,162,0,1997-06-13,1997-06-13,,,32020,,,4492,0,408512008,4256640,,0,Alcoolismo relatado pelo paciente
1156,162,0,1981-04-03,1981-04-03,,,32020,,,4487,0,162864005,4060985,,0,IMC 30+ - obesidade
1157,162,316866,1971-09-24,1971-09-24,,,32020,,,4503,0,38341003,316866,,0,Hipertensão arterial
1158,162,257012,1967-07-20,1967-07-20,,,32020,,,4486,0,40055000,257012,,0,Sinusite crônica
1159,163,4112343,2015-07-31,2015-07-31,2015-08-08,2015-08-08,32020,,,4549,0,195662009,4112343,,0,Faringite viral aguda
1160,163,375671,2015-05-31,2015-05-31,2015-06-30,2015-06-30,32020,,,4522,0,62564004,375671,,0,Concussão sem perda de consciência
1161,163,40481087,2015-05-10,2015-05-10,2015-05-17,2015-05-17,32020,,,4544,0,444814009,40481087,,0,Infecção viral das vias aéreas superiores
1162,163,4112343,2015-04-17,2015-04-17,2015-04-30,2015-04-30,32020,,,4527,0,195662009,4112343,,0,Faringite viral aguda
1163,163,4134304,2013-02-10,2013-02-10,2013-05-11,2013-05-11,32020,,,4516,0,263102004,4134304,,0,Ruptura de menisco
1164,163,4112343,2011-12-20,2011-12-20,2012-01-01,2012-01-01,32020,,,4530,0,195662009,4112343,,0,Faringite viral aguda
1165,163,260139,2010-07-28,2010-07-28,2010-08-04,2010-08-04,32020,,,4538,0,10509002,260139,,0,Bronquite aguda
1166,163,4084167,2009-07-31,2009-07-31,2009-07-31,2009-07-31,32020,,,4511,0,241929008,4084167,,0,Reação alérgica a alimento
1167,164,0,1999-01-25,1999-01-25,,,32020,,,4570,0,399211009,4163874,,0,Histórico de infarto do miocárdio
1168,164,4329847,1999-01-25,1999-01-25,,,32020,,,4570,0,22298006,4329847,,0,Infarto do miocárdio
1169,164,4155034,1998-09-30,1998-09-30,1998-10-21,1998-10-21,32020,,,4567,0,283371005,4155034,,0,Laceração de antebraço
1170,164,4113008,1996-11-18,1996-11-18,1996-12-09,1996-12-09,32020,,,4565,0,284549007,4113008,,0,Laceração de mão
1171,164,4283893,1993-02-20,1993-02-20,1993-03-20,1993-03-20,32020,,,4622,0,36971009,4283893,,0,Sinusite
1172,164,317576,1993-02-01,1993-02-01,,,32020,,,4643,0,53741008,317576,,0,Doença arterial coronariana
1173,164,40481087,1990-02-09,1990-02-09,1990-03-02,1990-03-02,32020,,,4609,0,444814009,40481087,,0,Infecção viral das vias aéreas superiores
1174,164,260139,1990-01-08,1990-01-08,1990-01-22,1990-01-22,32020,,,4587,0,10509002,260139,,0,Bronquite aguda
1175,164,432867,1959-02-16,1959-02-16,,,32020,,,4579,0,55822004,432867,,0,Hiperlipidemia
1176,164,0,1955-08-01,1955-08-01,,,32020,,,4560,0,408512008,4256640,,0,Alcoolismo relatado pelo paciente
1177,164,0,1936-10-26,1936-10-26,,,32020,,,4672,0,162864005,4060985,,0,IMC 30+ - obesidade
1178,164,316866,1926-10-11,1926-10-11,,,32020,,,4636,0,38341003,316866,,0,Hipertensão arterial
1179,165,4229440,2018-10-06,2018-10-06,,,32020,,,4697,0,88805009,4229440,,0,Cardiomiopatia isquêmica crônica
1180,165,260139,2015-10-14,2015-10-14,2015-10-21,2015-10-21,32020,,,4689,0,10509002,260139,,0,Bronquite aguda
1181,165,4112343,2013-01-10,2013-01-10,2013-01-22,2013-01-22,32020,,,4713,0,195662009,4112343,,0,Faringite viral aguda
1182,165,439777,2010-10-08,2010-10-08,,,32020,,,4715,0,271737000,439777,,0,Anemia
1183,165,432867,2002-09-12,2002-09-12,,,32020,,,4711,0,55822004,432867,,0,Hiperlipidemia
1184,165,438130,1989-08-17,1989-08-17,,,32020,,,4710,0,5602001,438130,,0,Dor por opioides
1185,165,0,1986-08-14,1986-08-14,,,32020,,,4709,0,162864005,4060985,,0,IMC 30+ - obesidade
1186,166,317576,2018-11-05,2018-11-05,,,32020,,,4733,0,53741008,317576,,0,Doença arterial coronariana
1187,166,80502,2015-10-19,2015-10-19,,,32020,,,4742,0,64859006,80502,,0,Osteoporose
1188,166,4285898,2011-08-16,2011-08-16,2013-01-07,2013-01-07,32020,,,4731,0,68496003,4285898,,0,Pólipo do cólon
1189,166,4311629,1996-07-01,1996-07-01,,,32020,,,4730,0,15777000,40316773,,0,Pré-diabetes
1190,166,199076,1979-04-02,1979-04-02,,,32020,,,4728,0,79586000,199076,,0,Gravidez tubária
1191,166,4078393,1978-11-27,1978-11-27,,,32020,,,4739,0,19169002,4078393,,0,Aborto espontâneo na gravidez
1192,166,0,1978-11-06,1978-11-06,,,32020,,,4741,0,408512008,4256640,,0,Alcoolismo relatado pelo paciente
1193,166,0,1963-09-16,1963-09-16,,,32020,,,4727,0,162864005,4060985,,0,IMC 30+ - obesidade
1194,166,0,1946-06-27,1946-06-27,,,32020,,,4724,0,428251008,4323208,,0,Histórico de apendicectomia
1195,166,440448,1946-06-27,1946-06-27,,,32020,,,4729,0,74400008,440448,,0,Apendicite
1196,166,4166224,1946-06-27,1946-06-27,,,32020,,,4729,0,47693006,4166224,,0,Ruptura de apêndice
1197,167,4217975,2018-07-20,2018-07-20,,,32020,,,4781,0,72892002,4217975,,0,Otite média não supurativa
1198,167,4112343,2017-01-23,2017-01-23,2017-02-04,2017-02-04,32020,,,4772,0,195662009,4112343,,0,Faringite viral aguda
1199,167,4217975,2016-06-24,2016-06-24,2016-07-15,2016-07-15,32020,,,4747,0,72892002,4217975,,0,Otite média não supurativa
1200,167,0,2015-11-13,2015-11-13,,,32020,,,4767,0,408512008,4256640,,0,Alcoolismo relatado pelo paciente
1201,167,260139,2015-10-30,2015-10-30,2015-11-13,2015-11-13,32020,,,4765,0,10509002,260139,,0,Bronquite aguda
1202,167,40481087,2010-05-19,2010-05-19,2010-06-09,2010-06-09,32020,,,4780,0,444814009,40481087,,0,Infecção viral das vias aéreas superiores
1203,167,40481087,2009-08-26,2009-08-26,2009-09-16,2009-09-16,32020,,,4779,0,444814009,40481087,,0,Infecção viral das vias aéreas superiores
1204,167,0,1999-01-15,1999-01-15,,,32020,,,4764,0,162864005,4060985,,0,IMC 30+ - obesidade
1205,167,40486433,1991-02-06,1991-02-06,,,32020,,,4774,0,446096008,40486433,,0,Esteatose hepática perivenular
1206,168,0,1993-11-10,1993-11-10,,,32020,,,4788,0,399211009,4163874,,0,Histórico de infarto do miocárdio
1207,168,4329847,1993-11-10,1993-11-10,,,32020,,,4788,0,22298006,4329847,,0,Infarto do miocárdio
1208,168,81151,1993-05-05,1993-05-05,1993-05-26,1993-05-26,32020,,,4787,0,44465007,81151,,0,Entorse de tornozelo
1209,168,0,1991-08-14,1991-08-14,,,32020,,,4790,0,162864005,4060985,,0,IMC 30+ - obesidade
1210,168,317576,1991-08-14,1991-08-14,,,32020,,,4790,0,53741008,317576,,0,Doença arterial coronariana
1211,168,40481087,1989-12-02,1989-12-02,1989-12-23,1989-12-23,32020,,,4784,0,444814009,40481087,,0,Infecção viral das vias aéreas superiores
1212,168,260139,1985-07-29,1985-07-29,1985-08-12,1985-08-12,32020,,,4792,0,10509002,260139,,0,Bronquite aguda
1213,168,134438,1985-05-20,1985-05-20,1989-10-26,1989-10-26,32020,,,4783,0,40275004,134438,,0,Dermatite de contato
1214,169,40481087,2016-05-24,2016-05-24,2016-06-07,2016-06-07,32020,,,4802,0,444814009,40481087,,0,Infecção viral das vias aéreas superiores
1215,169,260139,2014-01-07,2014-01-07,2014-01-14,2014-01-14,32020,,,4796,0,10509002,260139,,0,Bronquite aguda
1216,169,4112343,2012-08-15,2012-08-15,2012-08-26,2012-08-26,32020,,,4809,0,195662009,4112343,,0,Faringite viral aguda
1217,169,40481087,2011-12-25,2011-12-25,2012-01-08,2012-01-08,32020,,,4799,0,444814009,40481087,,0,Infecção viral das vias aéreas superiores
1218,170,40481087,2015-05-22,2015-05-22,2015-05-29,2015-05-29,32020,,,4819,0,444814009,40481087,,0,Infecção viral das vias aéreas superiores
1219,170,40481087,2015-03-09,2015-03-09,2015-03-16,2015-03-16,32020,,,4823,0,444814009,40481087,,0,Infecção viral das vias aéreas superiores
1220,170,260139,2014-06-04,2014-06-04,2014-06-18,2014-06-18,32020,,,4822,0,10509002,260139,,0,Bronquite aguda
1221,170,257012,2010-10-20,2010-10-20,,,32020,,,4817,0,40055000,257012,,0,Sinusite crônica
1222,170,4283893,2010-09-29,2010-09-29,2010-12-22,2010-12-22,32020,,,4814,0,36971009,4283893,,0,Sinusite
1223,170,4112343,2010-06-09,2010-06-09,2010-06-20,2010-06-20,32020,,,4820,0,195662009,4112343,,0,Faringite viral aguda
1224,170,4311629,2004-08-04,2004-08-04,,,32020,,,4824,0,15777000,40316773,,0,Pré-diabetes
1225,170,316866,1991-07-17,1991-07-17,,,32020,,,4818,0,38341003,316866,,0,Hipertensão arterial
1226,171,40481087,2017-05-07,2017-05-07,2017-05-14,2017-05-14,32020,,,4831,0,444814009,40481087,,0,Infecção viral das vias aéreas superiores
1227,171,40481087,2015-07-04,2015-07-04,2015-07-11,2015-07-11,32020,,,4836,0,444814009,40481087,,0,Infecção viral das vias aéreas superiores
1228,171,40481087,2010-12-15,2010-12-15,2010-12-22,2010-12-22,32020,,,4835,0,444814009,40481087,,0,Infecção viral das vias aéreas superiores
1229,171,4311629,2005-10-24,2005-10-24,,,32020,,,4834,0,15777000,40316773,,0,Pré-diabetes
1230,172,40481087,2011-06-22,2011-06-22,2011-07-13,2011-07-13,32020,,,4872,0,444814009,40481087,,0,Infecção viral das vias aéreas superiores
1231,172,40481087,2010-03-29,2010-03-29,2010-04-19,2010-04-19,32020,,,4863,0,444814009,40481087,,0,Infecção viral das vias aéreas superiores
1232,173,0,1999-06-18,1999-06-18,,,32020,,,4927,0,399211009,4163874,,0,Histórico de infarto do miocárdio
1233,173,4329847,1999-06-18,1999-06-18,,,32020,,,4927,0,22298006,4329847,,0,Infarto do miocárdio
1234,173,40481087,1999-04-24,1999-04-24,1999-05-15,1999-05-15,32020,,,4929,0,444814009,40481087,,0,Infecção viral das vias aéreas superiores
1235,173,40481087,1997-03-07,1997-03-07,1997-03-28,1997-03-28,32020,,,4935,0,444814009,40481087,,0,Infecção viral das vias aéreas superiores
1236,173,40480160,1994-04-03,1994-04-03,1994-07-02,1994-07-02,32020,,,4928,0,443165006,40480160,,0,Faringite aguda
1237,173,4278672,1994-04-03,1994-04-03,1994-07-02,1994-07-02,32020,,,4928,0,65966004,4278672,,0,Fratura do fêmur
1238,173,4283893,1994-01-03,1994-01-03,1994-01-17,1994-01-17,32020,,,4921,0,36971009,4283893,,0,Sinusite
1239,173,40481087,1993-08-23,1993-08-23,1993-08-30,1993-08-30,32020,,,4910,0,444814009,40481087,,0,Infecção viral das vias aéreas superiores
1240,173,4285898,1993-04-25,1993-04-25,1994-05-20,1994-05-20,32020,,,4909,0,68496003,4285898,,0,Pólipo do cólon
1241,173,378419,1993-02-19,1993-02-19,,,32020,,,4936,0,26929004,378419,,0,Doença de Alzheimer
1242,173,381316,1992-09-11,1992-09-11,,,32020,,,4896,0,230690007,381316,,0,Acidente vascular cerebral
1243,173,317576,1984-09-28,1984-09-28,,,32020,,,4922,0,53741008,317576,,0,Doença arterial coronariana
1244,173,80502,1983-09-23,1983-09-23,,,32020,,,4886,0,64859006,80502,,0,Osteoporose
1245,173,432867,1976-08-13,1976-08-13,,,32020,,,4894,0,55822004,432867,,0,Hiperlipidemia
1246,173,257012,1966-02-12,1966-02-12,,,32020,,,4898,0,40055000,257012,,0,Sinusite crônica
1247,173,0,1955-08-26,1955-08-26,,,32020,,,4907,0,162864005,4060985,,0,IMC 30+ - obesidade
1248,173,316866,1931-05-15,1931-05-15,,,32020,,,4884,0,38341003,316866,,0,Hipertensão arterial
1249,174,4217975,2017-04-08,2017-04-08,2017-11-11,2017-11-11,32020,,,4938,0,72892002,4217975,,0,Otite média não supurativa
1250,174,257012,2016-01-24,2016-01-24,,,32020,,,4967,0,40055000,257012,,0,Sinusite crônica
1251,174,4294548,2015-12-27,2015-12-27,2016-03-20,2016-03-20,32020,,,4951,0,75498004,4294548,,0,Infecção bacteriana aguda
1252,174,40318618,2015-04-11,2015-04-11,2015-04-18,2015-04-18,32020,,,4980,0,156073000,40318618,,0,Obesidade
1253,174,4078393,2015-04-11,2015-04-11,,,32020,,,4980,0,19169002,4078393,,0,Aborto espontâneo na gravidez
1254,174,4217975,2015-04-11,2015-04-11,2015-04-18,2015-04-18,32020,,,4980,0,72892002,4217975,,0,Otite média não supurativa
1255,174,4217975,2013-03-30,2013-03-30,2013-11-02,2013-11-02,32020,,,4982,0,72892002,4217975,,0,Otite média não supurativa
1256,174,0,2012-02-18,2012-02-18,,,32020,,,4989,0,162864005,4060985,,0,IMC 30+ - obesidade
1257,174,4217975,2011-09-17,2011-09-17,2012-04-21,2012-04-21,32020,,,4942,0,72892002,4217975,,0,Otite média não supurativa
1258,174,40481087,2010-02-04,2010-02-04,2010-02-18,2010-02-18,32020,,,4973,0,444814009,40481087,,0,Infecção viral das vias aéreas superiores
1259,174,4217975,2009-03-21,2009-03-21,2009-10-24,2009-10-24,32020,,,4962,0,72892002,4217975,,0,Otite média não supurativa
1260,175,40481087,1998-10-30,1998-10-30,1998-11-20,1998-11-20,32020,,,5023,0,444814009,40481087,,0,Infecção viral das vias aéreas superiores
1261,175,80502,1988-09-05,1988-09-05,,,32020,,,5020,0,64859006,80502,,0,Osteoporose
1262,175,378419,1987-02-02,1987-02-02,,,32020,,,5006,0,26929004,378419,,0,Doença de Alzheimer
1263,175,4311629,1958-07-14,1958-07-14,,,32020,,,5011,0,15777000,40316773,,0,Pré-diabetes
1264,175,0,1944-04-17,1944-04-17,,,32020,,,5016,0,408512008,4256640,,0,Alcoolismo relatado pelo paciente
1265,175,4078393,1941-07-07,1941-07-07,,,32020,,,5008,0,19169002,4078393,,0,Aborto espontâneo na gravidez
1266,175,0,1927-07-18,1927-07-18,,,32020,,,5018,0,162864005,4060985,,0,IMC 30+ - obesidade
1267,176,40481087,2018-12-13,2018-12-13,2019-01-03,2019-01-03,32020,,,5028,0,444814009,40481087,,0,Infecção viral das vias aéreas superiores
1268,176,28060,2014-08-25,2014-08-25,2014-09-03,2014-09-03,32020,,,5032,0,43878008,28060,,0,Faringite estreptocócica
1269,176,0,2013-09-03,2013-09-03,,,32020,,,5034,0,162864005,4060985,,0,IMC 30+ - obesidade
1270,176,4112343,2012-12-19,2012-12-19,2012-12-31,2012-12-31,32020,,,5030,0,195662009,4112343,,0,Faringite viral aguda
1271,176,28060,2011-08-17,2011-08-17,2011-08-25,2011-08-25,32020,,,5029,0,43878008,28060,,0,Faringite estreptocócica
1272,176,4294548,2011-03-06,2011-03-06,2011-03-20,2011-03-20,32020,,,5036,0,75498004,4294548,,0,Infecção bacteriana aguda
1273,176,316866,1989-11-28,1989-11-28,,,32020,,,5025,0,38341003,316866,,0,Hipertensão arterial
1274,177,81151,2011-03-13,2011-03-13,2011-04-03,2011-04-03,32020,,,5038,0,44465007,81151,,0,Entorse de tornozelo
1275,179,0,2018-03-20,2018-03-20,,,32020,,,5050,0,162864005,4060985,,0,IMC 30+ - obesidade
1276,179,4112343,2018-02-04,2018-02-04,2018-02-11,2018-02-11,32020,,,5051,0,195662009,4112343,,0,Faringite viral aguda
1277,179,4156265,2017-01-24,2017-01-24,2017-02-07,2017-02-07,32020,,,5056,0,370247008,4156265,,0,Lesão facial
1278,179,134438,2015-09-29,2015-09-29,2016-06-25,2016-06-25,32020,,,5058,0,40275004,134438,,0,Dermatite de contato
1279,179,40481087,2015-03-16,2015-03-16,2015-03-23,2015-03-23,32020,,,5052,0,444814009,40481087,,0,Infecção viral das vias aéreas superiores
1280,179,40481087,2014-05-28,2014-05-28,2014-06-11,2014-06-11,32020,,,5057,0,444814009,40481087,,0,Infecção viral das vias aéreas superiores
1281,179,260139,2013-08-05,2013-08-05,2013-08-19,2013-08-19,32020,,,5053,0,10509002,260139,,0,Bronquite aguda
1282,179,260139,2010-05-10,2010-05-10,2010-05-17,2010-05-17,32020,,,5055,0,10509002,260139,,0,Bronquite aguda
1283,180,255848,1990-06-27,1990-06-27,,,32020,,,5074,0,233604007,255848,,0,Pneumonia
1284,180,4112343,1990-06-03,1990-06-03,1990-06-14,1990-06-14,32020,,,5082,0,195662009,4112343,,0,Faringite viral aguda
1285,180,260139,1989-08-22,1989-08-22,1989-08-29,1989-08-29,32020,,,5088,0,10509002,260139,,0,Bronquite aguda
1286,180,378419,1984-01-30,1984-01-30,,,32020,,,5071,0,26929004,378419,,0,Doença de Alzheimer
1287,180,196456,1982-07-31,1982-07-31,1982-07-31,1982-07-31,32020,,,5097,0,235919008,196456,,0,Doença hepática alcoólica
1288,180,198809,1982-07-31,1982-07-31,1982-07-31,1982-07-31,32020,,,5097,0,65275009,198809,,0,Colecistite aguda
1289,180,0,1956-09-10,1956-09-10,,,32020,,,5076,0,408512008,4256640,,0,Alcoolismo relatado pelo paciente
1290,180,432867,1954-09-06,1954-09-06,,,32020,,,5063,0,55822004,432867,,0,Hiperlipidemia
1291,180,0,1939-10-30,1939-10-30,,,32020,,,5087,0,162864005,4060985,,0,IMC 30+ - obesidade
1292,180,257012,1911-01-30,1911-01-30,,,32020,,,5064,0,40055000,257012,,0,Sinusite crônica
1293,181,40481087,2018-10-16,2018-10-16,2018-11-06,2018-11-06,32020,,,5124,0,444814009,40481087,,0,Infecção viral das vias aéreas superiores
1294,181,4311629,2018-02-28,2018-02-28,,,32020,,,5129,0,15777000,40316773,,0,Pré-diabetes
1295,181,260139,2015-02-06,2015-02-06,2015-02-21,2015-02-21,32020,,,5130,0,10509002,260139,,0,Bronquite aguda
1296,181,4112343,2013-04-11,2013-04-11,2013-04-24,2013-04-24,32020,,,5130,0,195662009,4112343,,0,Faringite viral aguda
1297,181,260139,2012-07-02,2012-07-02,2012-07-09,2012-07-09,32020,,,5123,0,10509002,260139,,0,Bronquite aguda
1298,182,378001,2016-12-08,2016-12-08,2017-02-06,2017-02-06,32020,,,5134,0,62106007,378001,,0,Concussão com perda de consciência
1299,182,4294548,2016-11-21,2016-11-21,2016-12-12,2016-12-12,32020,,,5135,0,75498004,4294548,,0,Infecção bacteriana aguda
1300,182,40481087,2009-06-16,2009-06-16,2009-06-23,2009-06-23,32020,,,5136,0,444814009,40481087,,0,Infecção viral das vias aéreas superiores
1301,182,372328,2008-07-14,2008-07-14,2009-06-12,2009-06-12,32020,,,5140,0,65363002,372328,,0,Otite média
1302,183,260139,2017-10-16,2017-10-16,2017-10-30,2017-10-30,32020,,,5155,0,10509002,260139,,0,Bronquite aguda
1303,183,316866,2013-01-05,2013-01-05,,,32020,,,5149,0,38341003,316866,,0,Hipertensão arterial
1304,183,4112343,2010-03-04,2010-03-04,2010-03-14,2010-03-14,32020,,,5147,0,195662009,4112343,,0,Faringite viral aguda
1305,183,4112343,2009-05-30,2009-05-30,2009-06-06,2009-06-06,32020,,,5156,0,195662009,4112343,,0,Faringite viral aguda
1306,183,4152936,2009-03-21,2009-03-21,2009-04-11,2009-04-11,32020,,,5153,0,283385000,4152936,,0,Laceração de ombro
1307,184,372328,2018-08-30,2018-08-30,2018-11-09,2018-11-09,32020,,,5164,0,65363002,372328,,0,Otite média
1308,184,372328,2016-10-25,2016-10-25,2016-11-08,2016-11-08,32020,,,5170,0,65363002,372328,,0,Otite média
1309,185,316866,2017-01-29,2017-01-29,,,32020,,,5268,0,38341003,316866,,0,Hipertensão arterial
1310,185,4217975,2016-06-12,2016-06-12,2017-01-08,2017-01-08,32020,,,5250,0,72892002,4217975,,0,Otite média não supurativa
1311,185,4084167,2014-02-19,2014-02-19,2014-02-19,2014-02-19,32020,,,5223,0,241929008,4084167,,0,Reação alérgica a alimento
1312,185,4109685,2013-03-13,2013-03-13,2013-04-03,2013-04-03,32020,,,5222,0,284551006,4109685,,0,Laceração de pé
1313,185,378001,2012-03-18,2012-03-18,2012-04-17,2012-04-17,32020,,,5221,0,62106007,378001,,0,Concussão com perda de consciência
1314,185,4112343,2010-09-30,2010-09-30,2010-10-09,2010-10-09,32020,,,5265,0,195662009,4112343,,0,Faringite viral aguda
1315,185,440086,2007-12-04,2007-12-04,2016-12-11,2016-12-11,32020,,,5244,0,192127007,440086,,0,Transtorno do espectro autista infantil
1316,185,4051466,2002-12-12,2002-12-12,2018-03-25,2018-03-25,32020,,,5180,0,233678006,4051466,,0,Asma na infância
1317,185,133834,2001-08-29,2001-08-29,,,32020,,,5227,0,24079001,133834,,0,Dermatite atópica
1318,185,4048171,2000-12-12,2000-12-12,2017-12-10,2017-12-10,32020,,,5176,0,232353008,4048171,,0,Perfuração do tímpano
1319,186,4112343,2017-08-26,2017-08-26,2017-09-08,2017-09-08,32020,,,5287,0,195662009,4112343,,0,Faringite viral aguda
1320,186,378001,2017-05-27,2017-05-27,2017-06-26,2017-06-26,32020,,,5280,0,62106007,378001,,0,Concussão com perda de consciência
1321,186,40481087,2015-07-21,2015-07-21,2015-07-28,2015-07-28,32020,,,5286,0,444814009,40481087,,0,Infecção viral das vias aéreas superiores
1322,186,4285898,2011-06-23,2011-06-23,2012-06-17,2012-06-17,32020,,,5279,0,68496003,4285898,,0,Pólipo do cólon
1323,186,0,2006-06-13,2006-06-13,,,32020,,,5292,0,428251008,4323208,,0,Histórico de apendicectomia
1324,186,440448,2006-06-13,2006-06-13,,,32020,,,5282,0,74400008,440448,,0,Apendicite
1325,186,4166224,2006-06-13,2006-06-13,,,32020,,,5282,0,47693006,4166224,,0,Ruptura de apêndice
1326,186,4311629,1988-01-14,1988-01-14,,,32020,,,5273,0,15777000,40316773,,0,Pré-diabetes
1327,186,257012,1981-12-23,1981-12-23,,,32020,,,5277,0,40055000,257012,,0,Sinusite crônica
1328,187,201826,2017-10-08,2017-10-08,,,32020,,,5299,0,44054006,201826,,0,Diabetes mellitus tipo 2
1329,187,316866,2017-10-08,2017-10-08,,,32020,,,5299,0,38341003,316866,,0,Hipertensão arterial
1330,187,40481087,2014-04-05,2014-04-05,2014-04-12,2014-04-12,32020,,,5295,0,444814009,40481087,,0,Infecção viral das vias aéreas superiores
1331,187,4112343,2009-08-19,2009-08-19,2009-08-27,2009-08-27,32020,,,5301,0,195662009,4112343,,0,Faringite viral aguda
1332,188,0,1993-09-20,1993-09-20,,,32020,,,5309,0,399211009,4163874,,0,Histórico de infarto do miocárdio
1333,188,4329847,1993-09-20,1993-09-20,,,32020,,,5309,0,22298006,4329847,,0,Infarto do miocárdio
1334,188,4112343,1992-06-11,1992-06-11,1992-06-19,1992-06-19,32020,,,5307,0,195662009,4112343,,0,Faringite viral aguda
1335,188,260139,1991-11-10,1991-11-10,1991-11-24,1991-11-24,32020,,,5318,0,10509002,260139,,0,Bronquite aguda
1336,188,4112343,1991-05-05,1991-05-05,1991-05-14,1991-05-14,32020,,,5320,0,195662009,4112343,,0,Faringite viral aguda
1337,188,40481087,1991-03-17,1991-03-17,1991-03-24,1991-03-24,32020,,,5304,0,444814009,40481087,,0,Infecção viral das vias aéreas superiores
1338,188,40481087,1991-01-25,1991-01-25,1991-02-08,1991-02-08,32020,,,5312,0,444814009,40481087,,0,Infecção viral das vias aéreas superiores
1339,188,4112343,1989-06-27,1989-06-27,1989-07-10,1989-07-10,32020,,,5323,0,195662009,4112343,,0,Faringite viral aguda
1340,188,40481087,1987-02-03,1987-02-03,1987-02-10,1987-02-10,32020,,,5317,0,444814009,40481087,,0,Infecção viral das vias aéreas superiores
1341,188,317576,1986-08-11,1986-08-11,,,32020,,,5315,0,53741008,317576,,0,Doença arterial coronariana
1342,188,4079750,1985-06-17,1985-06-17,,,32020,,,5322,0,239873007,4079750,,0,Osteoartrite do joelho
1343,188,4311629,1947-12-29,1947-12-29,,,32020,,,5311,0,15777000,40316773,,0,Pré-diabetes
1344,189,381316,2017-08-13,2017-08-13,,,32020,,,5346,0,230690007,381316,,0,Acidente vascular cerebral
1345,189,40481087,2017-04-05,2017-04-05,2017-04-12,2017-04-12,32020,,,5372,0,444814009,40481087,,0,Infecção viral das vias aéreas superiores
1346,189,4112343,2016-11-27,2016-11-27,2016-12-09,2016-12-09,32020,,,5371,0,195662009,4112343,,0,Faringite viral aguda
1347,189,40481087,2013-11-25,2013-11-25,2013-12-16,2013-12-16,32020,,,5350,0,444814009,40481087,,0,Infecção viral das vias aéreas superiores
1348,189,4134304,2013-02-17,2013-02-17,2013-04-18,2013-04-18,32020,,,5337,0,263102004,4134304,,0,Ruptura de menisco
1349,189,40481087,2009-11-19,2009-11-19,2009-12-10,2009-12-10,32020,,,5368,0,444814009,40481087,,0,Infecção viral das vias aéreas superiores
1350,189,4112343,2009-05-26,2009-05-26,2009-06-06,2009-06-06,32020,,,5367,0,195662009,4112343,,0,Faringite viral aguda
1351,189,432867,1992-03-29,1992-03-29,,,32020,,,5325,0,55822004,432867,,0,Hiperlipidemia
1352,189,4311629,1975-08-17,1975-08-17,,,32020,,,5352,0,15777000,40316773,,0,Pré-diabetes
1353,189,0,1963-02-12,1963-02-12,,,32020,,,5354,0,428251008,4323208,,0,Histórico de apendicectomia
1354,189,440448,1963-02-12,1963-02-12,,,32020,,,5338,0,74400008,440448,,0,Apendicite
1355,189,4166224,1963-02-12,1963-02-12,,,32020,,,5338,0,47693006,4166224,,0,Ruptura de apêndice
1356,190,195588,2014-11-26,2014-11-26,2014-12-27,2014-12-27,32020,,,5379,0,38822007,195588,,0,Cistite
1357,190,4283893,2012-11-24,2012-11-24,2012-12-22,2012-12-22,32020,,,5384,0,36971009,4283893,,0,Sinusite
1358,190,40481087,2010-10-10,2010-10-10,2010-10-31,2010-10-31,32020,,,5375,0,444814009,40481087,,0,Infecção viral das vias aéreas superiores
1359,190,40481087,2009-10-23,2009-10-23,2009-11-06,2009-11-06,32020,,,5380,0,444814009,40481087,,0,Infecção viral das vias aéreas superiores
1360,190,4078393,2006-07-26,2006-07-26,,,32020,,,5382,0,19169002,4078393,,0,Aborto espontâneo na gravidez
1361,190,0,2005-11-16,2005-11-16,,,32020,,,5381,0,162864005,4060985,,0,IMC 30+ - obesidade
1362,191,28060,2016-01-09,2016-01-09,2016-01-22,2016-01-22,32020,,,5397,0,43878008,28060,,0,Faringite estreptocócica
1363,191,40481087,2015-07-10,2015-07-10,2015-07-17,2015-07-17,32020,,,5385,0,444814009,40481087,,0,Infecção viral das vias aéreas superiores
1364,191,78272,2012-07-24,2012-07-24,2012-08-07,2012-08-07,32020,,,5394,0,70704007,78272,,0,Entorse de punho
1365,191,40481087,2012-01-05,2012-01-05,2012-01-19,2012-01-19,32020,,,5400,0,444814009,40481087,,0,Infecção viral das vias aéreas superiores
1366,191,40481087,2010-12-11,2010-12-11,2011-01-01,2011-01-01,32020,,,5387,0,444814009,40481087,,0,Infecção viral das vias aéreas superiores
1367,192,4156265,2018-08-22,2018-08-22,2018-09-05,2018-09-05,32020,,,5406,0,370247008,4156265,,0,Lesão facial
1368,192,28060,2018-06-17,2018-06-17,2018-06-26,2018-06-26,32020,,,5409,0,43878008,28060,,0,Faringite estreptocócica
1369,192,4079749,2005-01-29,2005-01-29,,,32020,,,5410,0,239872002,4079749,,0,Osteoartrite do quadril
1370,192,4311629,1989-03-20,1989-03-20,,,32020,,,5415,0,15777000,40316773,,0,Pré-diabetes
1371,192,0,1986-03-17,1986-03-17,,,32020,,,5413,0,162864005,4060985,,0,IMC 30+ - obesidade
1372,192,380378,1968-02-08,1968-02-08,,,32020,,,5403,0,84757009,380378,,0,Epilepsia
1373,192,0,1968-02-08,1968-02-08,,,32020,,,5403,0,703151001,45766064,,0,Histórico de artroplastia de joelho
1374,192,4029498,1968-02-08,1968-02-08,,,32020,,,5403,0,128613002,4029498,,0,Transtorno convulsivo
1375,192,257012,1958-12-06,1958-12-06,,,32020,,,5419,0,40055000,257012,,0,Sinusite crônica
1376,193,4112343,2012-07-12,2012-07-12,2012-07-23,2012-07-23,32020,,,5495,0,195662009,4112343,,0,Faringite viral aguda
1377,193,40481087,2010-10-12,2010-10-12,2010-11-02,2010-11-02,32020,,,5430,0,444814009,40481087,,0,Infecção viral das vias aéreas superiores
1378,193,257012,2010-07-10,2010-07-10,2010-08-07,2010-08-07,32020,,,5450,0,40055000,257012,,0,Sinusite crônica
1379,193,4294548,2010-05-22,2010-05-22,2010-08-07,2010-08-07,32020,,,5481,0,75498004,4294548,,0,Infecção bacteriana aguda
1380,193,4084167,2009-08-26,2009-08-26,2009-08-26,2009-08-26,32020,,,5451,0,241929008,4084167,,0,Reação alérgica a alimento
1381,193,133834,2003-12-03,2003-12-03,2015-06-10,2015-06-10,32020,,,5464,0,24079001,133834,,0,Dermatite atópica
1382,194,0,2014-04-06,2014-04-06,,,32020,,,5542,0,399211009,4163874,,0,Histórico de infarto do miocárdio
1383,194,4329847,2014-04-06,2014-04-06,,,32020,,,5542,0,22298006,4329847,,0,Infarto do miocárdio
1384,194,260139,2011-11-22,2011-11-22,2011-12-06,2011-12-06,32020,,,5557,0,10509002,260139,,0,Bronquite aguda
1385,194,260139,2010-04-30,2010-04-30,2010-05-14,2010-05-14,32020,,,5642,0,10509002,260139,,0,Bronquite aguda
1386,194,317576,2007-09-09,2007-09-09,,,32020,,,,0,53741008,317576,,0,Doença arterial coronariana
1387,194,40481087,2005-11-28,2005-11-28,2005-12-12,2005-12-12,32020,,,5661,0,444814009,40481087,,0,Infecção viral das vias aéreas superiores
1388,194,28060,2004-06-11,2004-06-11,2004-06-23,2004-06-23,32020,,,5578,0,43878008,28060,,0,Faringite estreptocócica
1389,194,4208104,2000-11-29,2000-11-29,,,32020,,,5552,0,55680006,4208104,,0,Overdose de droga
1390,194,4079749,1998-02-28,1998-02-28,,,32020,,,5525,0,239872002,4079749,,0,Osteoartrite do quadril
1391,194,432867,1991-05-05,1991-05-05,,,32020,,,5603,0,55822004,432867,,0,Hiperlipidemia
1392,194,43530652,1990-11-20,1990-11-20,,,32020,,,5584,0,124171000119105,43530652,,0,Nefropatia diabética crônica
1393,194,436096,1990-10-14,1990-10-14,,,32020,,,5629,0,82423001,436096,,0,Dor crônica
1394,194,4055754,1990-02-06,1990-02-06,,,32020,,,5587,0,196416002,4055754,,0,Esofagite por refluxo
1395,194,436940,1986-11-16,1986-11-16,,,32020,,,5596,0,237602007,436940,,0,Síndrome metabólica
1396,194,192279,1983-11-13,1983-11-13,,,32020,,,5560,0,127013003,192279,,0,Nefropatia diabética
1397,194,443614,1983-11-13,1983-11-13,,,32020,,,5560,0,431855005,443614,,0,Doença renal crônica estágio 1
1398,194,4120314,1983-11-13,1983-11-13,,,32020,,,5560,0,302870006,4120314,,0,Hipertrigliceridemia
1399,194,201826,1982-03-21,1982-03-21,,,32020,,,5623,0,44054006,201826,,0,Diabetes mellitus tipo 2
1400,195,40481087,2018-12-05,2018-12-05,2018-12-12,2018-12-12,32020,,,5709,0,444814009,40481087,,0,Infecção viral das vias aéreas superiores
1401,195,4278672,2018-03-15,2018-03-15,2018-06-13,2018-06-13,32020,,,5713,0,65966004,4278672,,0,Fratura do fêmur
1402,195,40481087,2016-08-28,2016-08-28,2016-09-11,2016-09-11,32020,,,5715,0,444814009,40481087,,0,Infecção viral das vias aéreas superiores
1403,195,4208104,2015-04-28,2015-04-28,,,32020,,,5668,0,55680006,4208104,,0,Overdose de droga
1404,195,4311629,2005-07-05,2005-07-05,,,32020,,,5670,0,15777000,40316773,,0,Pré-diabetes
1405,195,439777,2001-06-02,2001-06-02,,,32020,,,5667,0,271737000,439777,,0,Anemia
1406,195,43530652,1998-02-08,1998-02-08,,,32020,,,5706,0,124171000119105,43530652,,0,Nefropatia diabética crônica
1407,195,4055754,1997-08-16,1997-08-16,,,32020,,,5684,0,196416002,4055754,,0,Esofagite por refluxo
1408,195,436096,1997-07-10,1997-07-10,,,32020,,,5687,0,82423001,436096,,0,Dor crônica
1409,197,4217975,2017-11-06,2017-11-06,2018-06-04,2018-06-04,32020,,,5739,0,72892002,4217975,,0,Otite média não supurativa
1410,197,260139,2016-09-07,2016-09-07,2016-09-14,2016-09-14,32020,,,5752,0,10509002,260139,,0,Bronquite aguda
1411,197,40318618,2015-06-22,2015-06-22,2015-07-06,2015-07-06,32020,,,5760,0,156073000,40318618,,0,Obesidade
1412,197,4078393,2015-06-22,2015-06-22,,,32020,,,5760,0,19169002,4078393,,0,Aborto espontâneo na gravidez
1413,197,4217975,2015-06-22,2015-06-22,2015-07-06,2015-07-06,32020,,,5760,0,72892002,4217975,,0,Otite média não supurativa
1414,197,4217975,2014-12-15,2014-12-15,2015-02-23,2015-02-23,32020,,,5753,0,72892002,4217975,,0,Otite média não supurativa
1415,197,257012,2014-01-12,2014-01-12,,,32020,,,5749,0,40055000,257012,,0,Sinusite crônica
1416,197,4294548,2013-10-27,2013-10-27,2014-01-19,2014-01-19,32020,,,5778,0,75498004,4294548,,0,Infecção bacteriana aguda
1417,197,137613,2013-07-22,2013-07-22,2013-08-12,2013-08-12,32020,,,5747,0,198992004,137613,,0,Pré-eclâmpsia leve
1418,197,4217975,2013-01-07,2013-01-07,2013-08-12,2013-08-12,32020,,,5751,0,72892002,4217975,,0,Otite média não supurativa
1419,198,4043241,2015-04-20,2015-04-20,,,32020,,,5793,0,230265002,4043241,,0,Enxaqueca sem aura
1420,198,4112343,2013-06-27,2013-06-27,2013-07-10,2013-07-10,32020,,,5795,0,195662009,4112343,,0,Faringite viral aguda
1421,198,192279,2011-11-28,2011-11-28,,,32020,,,5836,0,127013003,192279,,0,Nefropatia diabética
1422,198,443614,2011-11-28,2011-11-28,,,32020,,,5836,0,431855005,443614,,0,Doença renal crônica estágio 1
1423,198,4226121,2010-08-23,2010-08-23,,,32020,,,5823,0,422034002,4226121,,0,Retinopatia diabética proliferativa
1424,198,436940,2008-08-11,2008-08-11,,,32020,,,5800,0,237602007,436940,,0,Síndrome metabólica
1425,198,4120314,2008-08-11,2008-08-11,,,32020,,,5800,0,302870006,4120314,,0,Hipertrigliceridemia
1426,198,4214376,2008-08-11,2008-08-11,,,32020,,,5800,0,80394007,4214376,,0,Hiperglicemia
1427,198,201826,2007-08-06,2007-08-06,,,32020,,,5816,0,44054006,201826,,0,Diabetes mellitus tipo 2
1428,198,0,2005-07-25,2005-07-25,,,32020,,,5788,0,408512008,4256640,,0,Alcoolismo relatado pelo paciente
1429,198,0,1987-06-22,1987-06-22,,,32020,,,5852,0,162864005,4060985,,0,IMC 30+ - obesidade
1430,198,316866,1974-06-03,1974-06-03,,,32020,,,5850,0,38341003,316866,,0,Hipertensão arterial
1431,199,4152936,2018-02-20,2018-02-20,2018-03-14,2018-03-14,32020,,,5861,0,283385000,4152936,,0,Laceração de ombro
1432,199,40481087,2014-03-02,2014-03-02,2014-03-17,2014-03-17,32020,,,5880,0,444814009,40481087,,0,Infecção viral das vias aéreas superiores
1433,199,40481087,2013-07-14,2013-07-14,2013-07-28,2013-07-28,32020,,,5876,0,444814009,40481087,,0,Infecção viral das vias aéreas superiores
1434,199,4112343,2012-01-07,2012-01-07,2012-01-15,2012-01-15,32020,,,5877,0,195662009,4112343,,0,Faringite viral aguda
1435,199,4285898,2011-03-09,2011-03-09,2012-07-02,2012-07-02,32020,,,5868,0,68496003,4285898,,0,Pólipo do cólon
1436,199,4218389,2009-07-03,2009-07-03,2009-08-07,2009-08-07,32020,,,5864,0,39848009,4218389,,0,Lesão em chicote do pescoço
1437,199,0,1998-03-20,1998-03-20,,,32020,,,5858,0,162864005,4060985,,0,IMC 30+ - obesidade
1438,200,28060,2017-07-14,2017-07-14,2017-07-22,2017-07-22,32020,,,5899,0,43878008,28060,,0,Faringite estreptocócica
1439,200,40481087,2014-06-04,2014-06-04,2014-06-25,2014-06-25,32020,,,5901,0,444814009,40481087,,0,Infecção viral das vias aéreas superiores
1440,200,0,2012-02-27,2012-02-27,,,32020,,,5890,0,408512008,4256640,,0,Alcoolismo relatado pelo paciente
1441,200,4283893,2011-06-28,2011-06-28,2011-07-12,2011-07-12,32020,,,5893,0,36971009,4283893,,0,Sinusite
1442,200,4218389,2011-01-02,2011-01-02,2011-01-23,2011-01-23,32020,,,5894,0,39848009,4218389,,0,Lesão em chicote do pescoço
1443,200,4079749,2002-02-06,2002-02-06,,,32020,,,5886,0,239872002,4079749,,0,Osteoartrite do quadril
1444,200,0,1999-08-23,1999-08-23,,,32020,,,5883,0,162864005,4060985,,0,IMC 30+ - obesidade
1445,201,40481087,2017-01-16,2017-01-16,2017-02-06,2017-02-06,32020,,,5905,0,444814009,40481087,,0,Infecção viral das vias aéreas superiores
1446,201,4311629,2011-12-12,2011-12-12,,,32020,,,5910,0,15777000,40316773,,0,Pré-diabetes
1447,201,4296204,2011-04-03,2011-04-03,2011-04-17,2011-04-17,32020,,,5909,0,403190006,4296204,,0,Queimadura solar de primeiro grau
1448,201,0,2003-12-22,2003-12-22,,,32020,,,5903,0,162864005,4060985,,0,IMC 30+ - obesidade
1449,202,4112343,2016-06-17,2016-06-17,2016-06-27,2016-06-27,32020,,,5918,0,195662009,4112343,,0,Faringite viral aguda
1450,202,260139,2011-10-08,2011-10-08,2011-10-22,2011-10-22,32020,,,5921,0,10509002,260139,,0,Bronquite aguda
1451,202,0,2011-04-29,2011-04-29,,,32020,,,5917,0,162864005,4060985,,0,IMC 30+ - obesidade
1452,203,4134304,2018-07-01,2018-07-01,2018-09-29,2018-09-29,32020,,,5931,0,263102004,4134304,,0,Ruptura de menisco
1453,203,4311629,1995-12-01,1995-12-01,,,32020,,,5932,0,15777000,40316773,,0,Pré-diabetes
1454,203,0,1992-11-27,1992-11-27,,,32020,,,5929,0,408512008,4256640,,0,Alcoolismo relatado pelo paciente
1455,203,257012,1979-09-29,1979-09-29,,,32020,,,5937,0,40055000,257012,,0,Sinusite crônica
1456,203,0,1972-09-29,1972-09-29,,,32020,,,5927,0,162864005,4060985,,0,IMC 30+ - obesidade
1457,204,78272,2017-09-08,2017-09-08,2017-10-13,2017-10-13,32020,,,5954,0,70704007,78272,,0,Entorse de punho
1458,204,4112343,2017-07-31,2017-07-31,2017-08-10,2017-08-10,32020,,,5941,0,195662009,4112343,,0,Faringite viral aguda
1459,204,28060,2017-04-20,2017-04-20,2017-04-29,2017-04-29,32020,,,5946,0,43878008,28060,,0,Faringite estreptocócica
1460,204,4112343,2013-01-26,2013-01-26,2013-02-07,2013-02-07,32020,,,5948,0,195662009,4112343,,0,Faringite viral aguda
1461,204,40481087,2011-09-05,2011-09-05,2011-09-26,2011-09-26,32020,,,5943,0,444814009,40481087,,0,Infecção viral das vias aéreas superiores
1462,204,40481087,2010-07-20,2010-07-20,2010-08-03,2010-08-03,32020,,,5945,0,444814009,40481087,,0,Infecção viral das vias aéreas superiores
1463,204,4218389,2010-02-12,2010-02-12,2010-03-19,2010-03-19,32020,,,5952,0,39848009,4218389,,0,Lesão em chicote do pescoço
1464,205,4112343,2016-07-28,2016-07-28,2016-08-04,2016-08-04,32020,,,5989,0,195662009,4112343,,0,Faringite viral aguda
1465,205,4146173,2016-05-04,2016-05-04,2016-06-03,2016-06-03,32020,,,5978,0,307731004,4146173,,0,Fibrilação atrial de início recente
1466,205,436940,2014-12-20,2014-12-20,,,32020,,,6008,0,237602007,436940,,0,Síndrome metabólica
1467,205,4120314,2014-12-20,2014-12-20,,,32020,,,6008,0,302870006,4120314,,0,Hipertrigliceridemia
1468,205,4214376,2014-12-20,2014-12-20,,,32020,,,6008,0,80394007,4214376,,0,Hiperglicemia
1469,205,201826,2012-12-15,2012-12-15,,,32020,,,5993,0,44054006,201826,,0,Diabetes mellitus tipo 2
1470,205,316866,2012-12-15,2012-12-15,,,32020,,,5993,0,38341003,316866,,0,Hipertensão arterial
1471,205,0,2009-12-12,2009-12-12,,,32020,,,5988,0,162864005,4060985,,0,IMC 30+ - obesidade
1472,205,40481087,2009-12-06,2009-12-06,2009-12-13,2009-12-13,32020,,,5988,0,444814009,40481087,,0,Infecção viral das vias aéreas superiores
1473,205,4208104,1995-06-27,1995-06-27,,,32020,,,6004,0,55680006,4208104,,0,Overdose de droga
1474,205,43530652,1990-07-29,1990-07-29,,,32020,,,6011,0,124171000119105,43530652,,0,Nefropatia diabética crônica
1475,205,436096,1990-05-25,1990-05-25,,,32020,,,6010,0,82423001,436096,,0,Dor crônica
1476,205,4055754,1990-02-05,1990-02-05,,,32020,,,6009,0,196416002,4055754,,0,Esofagite por refluxo
1477,206,260139,2017-09-05,2017-09-05,2017-09-12,2017-09-12,32020,,,6027,0,10509002,260139,,0,Bronquite aguda
1478,206,80502,2015-11-15,2015-11-15,,,32020,,,6021,0,64859006,80502,,0,Osteoporose
1479,206,40481087,2015-10-04,2015-10-04,2015-10-25,2015-10-25,32020,,,6023,0,444814009,40481087,,0,Infecção viral das vias aéreas superiores
1480,206,195588,2011-05-19,2011-05-19,2011-06-29,2011-06-29,32020,,,6030,0,38822007,195588,,0,Cistite
1481,206,4283893,2011-01-02,2011-01-02,2011-01-23,2011-01-23,32020,,,6022,0,36971009,4283893,,0,Sinusite
1482,206,4311629,1975-07-13,1975-07-13,,,32020,,,6029,0,15777000,40316773,,0,Pré-diabetes
1483,206,316866,1973-05-27,1973-05-27,,,32020,,,6026,0,38341003,316866,,0,Hipertensão arterial
1484,207,4112343,2012-04-01,2012-04-01,2012-04-13,2012-04-13,32020,,,6078,0,195662009,4112343,,0,Faringite viral aguda
1485,207,40481087,2009-07-08,2009-07-08,2009-07-29,2009-07-29,32020,,,6037,0,444814009,40481087,,0,Infecção viral das vias aéreas superiores
1486,208,4112343,2015-10-25,2015-10-25,2015-11-07,2015-11-07,32020,,,6091,0,195662009,4112343,,0,Faringite viral aguda
1487,208,378001,2010-08-30,2010-08-30,2010-09-29,2010-09-29,32020,,,6093,0,62106007,378001,,0,Concussão com perda de consciência
1488,208,0,2001-06-22,2001-06-22,,,32020,,,6089,0,162864005,4060985,,0,IMC 30+ - obesidade
1489,208,4078393,1987-12-04,1987-12-04,,,32020,,,6092,0,19169002,4078393,,0,Aborto espontâneo na gravidez
1490,209,4296204,2018-08-11,2018-08-11,2018-09-01,2018-09-01,32020,,,6101,0,403190006,4296204,,0,Queimadura solar de primeiro grau
1491,209,40481087,2015-07-31,2015-07-31,2015-08-07,2015-08-07,32020,,,6115,0,444814009,40481087,,0,Infecção viral das vias aéreas superiores
1492,209,81151,2015-02-07,2015-02-07,2015-02-28,2015-02-28,32020,,,6100,0,44465007,81151,,0,Entorse de tornozelo
1493,209,4116491,2011-04-06,2011-04-06,2011-05-27,2011-05-27,32020,,,6109,0,301011002,4116491,,0,Infecção do trato urinário por E. coli
1494,209,4116491,2009-02-20,2009-02-20,2009-04-06,2009-04-06,32020,,,6103,0,301011002,4116491,,0,Infecção do trato urinário por E. coli
1495,209,4112343,2009-01-15,2009-01-15,2009-01-28,2009-01-28,32020,,,6107,0,195662009,4112343,,0,Faringite viral aguda
1496,209,37016354,2005-05-31,2005-05-31,,,32020,,,6112,0,368581000119106,37016354,,0,Neuropatia por diabetes tipo 2
1497,209,436940,1999-05-25,1999-05-25,,,32020,,,6104,0,237602007,436940,,0,Síndrome metabólica
1498,209,4120314,1999-05-25,1999-05-25,,,32020,,,6104,0,302870006,4120314,,0,Hipertrigliceridemia
1499,209,4214376,1999-05-25,1999-05-25,,,32020,,,6104,0,80394007,4214376,,0,Hiperglicemia
1500,209,201826,1996-05-21,1996-05-21,,,32020,,,6110,0,44054006,201826,,0,Diabetes mellitus tipo 2
1501,209,316866,1989-05-09,1989-05-09,,,32020,,,6116,0,38341003,316866,,0,Hipertensão arterial
1502,209,0,1981-11-03,1981-11-03,,,32020,,,6102,0,162864005,4060985,,0,IMC 30+ - obesidade
1503,210,80502,2014-11-18,2014-11-18,,,32020,,,6131,0,64859006,80502,,0,Osteoporose
1504,210,4112343,2010-10-21,2010-10-21,2010-10-29,2010-10-29,32020,,,6133,0,195662009,4112343,,0,Faringite viral aguda
1505,210,313217,1997-12-16,1997-12-16,,,32020,,,6137,0,49436004,313217,,0,Fibrilação atrial
1506,210,75036,1997-11-15,1997-11-15,,,32020,,,6125,0,201834006,75036,,0,Dermatite perioral
1507,210,261325,1984-11-28,1984-11-28,,,32020,,,6127,0,87433001,261325,,0,Enfisema pulmonar
1508,210,0,1984-12-04,1984-12-04,,,32020,,,6127,0,162864005,4060985,,0,IMC 30+ - obesidade
1509,210,257012,1970-12-10,1970-12-10,,,32020,,,6121,0,40055000,257012,,0,Sinusite crônica
1510,211,4311629,2017-05-30,2017-05-30,,,32020,,,6145,0,15777000,40316773,,0,Pré-diabetes
1511,211,4112343,2012-06-20,2012-06-20,2012-06-27,2012-06-27,32020,,,6144,0,195662009,4112343,,0,Faringite viral aguda
1512,211,0,2012-06-12,2012-06-12,,,32020,,,6139,0,162864005,4060985,,0,IMC 30+ - obesidade
1513,212,4112343,2018-10-27,2018-10-27,2018-11-09,2018-11-09,32020,,,6166,0,195662009,4112343,,0,Faringite viral aguda
1514,212,4217975,2017-04-06,2017-04-06,2017-11-23,2017-11-23,32020,,,6200,0,72892002,4217975,,0,Otite média não supurativa
1515,212,0,2013-05-23,2013-05-23,,,32020,,,6152,0,162864005,4060985,,0,IMC 30+ - obesidade
1516,212,260139,2013-05-11,2013-05-11,2013-05-25,2013-05-25,32020,,,6155,0,10509002,260139,,0,Bronquite aguda
1517,212,4217975,2012-11-08,2012-11-08,2013-06-20,2013-06-20,32020,,,6156,0,72892002,4217975,,0,Otite média não supurativa
1518,212,4217975,2011-10-20,2011-10-20,2012-05-03,2012-05-03,32020,,,6165,0,72892002,4217975,,0,Otite média não supurativa
1519,212,4217975,2010-02-04,2010-02-04,2010-09-09,2010-09-09,32020,,,6170,0,72892002,4217975,,0,Otite média não supurativa
1520,212,4217975,2009-10-15,2009-10-15,2009-11-05,2009-11-05,32020,,,6193,0,72892002,4217975,,0,Otite média não supurativa
1521,213,40481087,2014-07-20,2014-07-20,2014-08-03,2014-08-03,32020,,,6246,0,444814009,40481087,,0,Infecção viral das vias aéreas superiores
1522,213,4311629,2012-05-27,2012-05-27,,,32020,,,6224,0,15777000,40316773,,0,Pré-diabetes
1523,213,4112343,2011-09-26,2011-09-26,2011-10-08,2011-10-08,32020,,,6251,0,195662009,4112343,,0,Faringite viral aguda
1524,213,4283893,2009-02-10,2009-02-10,2009-03-10,2009-03-10,32020,,,6231,0,36971009,4283893,,0,Sinusite
1525,213,75036,2007-04-28,2007-04-28,,,32020,,,6214,0,201834006,75036,,0,Dermatite perioral
1526,213,0,2001-05-20,2001-05-20,,,32020,,,6237,0,162864005,4060985,,0,IMC 30+ - obesidade
1527,213,4078393,1987-07-19,1987-07-19,,,32020,,,6243,0,19169002,4078393,,0,Aborto espontâneo na gravidez
1528,214,260139,2014-08-19,2014-08-19,2014-08-26,2014-08-26,32020,,,6267,0,10509002,260139,,0,Bronquite aguda
1529,214,78272,2011-06-09,2011-06-09,2011-06-23,2011-06-23,32020,,,6275,0,70704007,78272,,0,Entorse de punho
1530,214,4079750,1999-12-04,1999-12-04,,,32020,,,6263,0,239873007,4079750,,0,Osteoartrite do joelho
1531,214,199076,1973-07-23,1973-07-23,,,32020,,,6268,0,79586000,199076,,0,Gravidez tubária
1532,214,4311629,1971-02-22,1971-02-22,,,32020,,,6264,0,15777000,40316773,,0,Pré-diabetes
1533,214,4078393,1969-02-17,1969-02-17,,,32020,,,6274,0,19169002,4078393,,0,Aborto espontâneo na gravidez
1534,214,257012,1951-10-28,1951-10-28,,,32020,,,6265,0,40055000,257012,,0,Sinusite crônica
1535,215,40481087,2002-10-04,2002-10-04,2002-10-25,2002-10-25,32020,,,6288,0,444814009,40481087,,0,Infecção viral das vias aéreas superiores
1536,215,261325,2000-12-01,2000-12-01,,,32020,,,6301,0,87433001,261325,,0,Enfisema pulmonar
1537,215,0,1992-08-14,1992-08-14,,,32020,,,6289,0,162864005,4060985,,0,IMC 30+ - obesidade
1538,215,4280726,1956-07-15,1956-07-15,,,32020,,,6285,0,367498001,4280726,,0,Gripe sazonal
1539,216,4112343,2016-09-29,2016-09-29,2016-10-10,2016-10-10,32020,,,6303,0,195662009,4112343,,0,Faringite viral aguda
1540,216,257012,2013-10-21,2013-10-21,,,32020,,,6308,0,40055000,257012,,0,Sinusite crônica
1541,216,4283893,2013-09-30,2013-09-30,2013-11-04,2013-11-04,32020,,,6309,0,36971009,4283893,,0,Sinusite
1542,216,0,2004-06-27,2004-06-27,,,32020,,,6305,0,162864005,4060985,,0,IMC 30+ - obesidade
1543,216,0,1973-02-23,1973-02-23,,,32020,,,6311,0,428251008,4323208,,0,Histórico de apendicectomia
1544,216,440448,1973-02-23,1973-02-23,,,32020,,,6313,0,74400008,440448,,0,Apendicite
1545,216,4166224,1973-02-23,1973-02-23,,,32020,,,6313,0,47693006,4166224,,0,Ruptura de apêndice
1546,217,4217975,2019-01-03,2019-01-03,,,32020,,,6330,0,72892002,4217975,,0,Otite média não supurativa
1547,217,40481087,2018-10-19,2018-10-19,2018-11-02,2018-11-02,32020,,,6328,0,444814009,40481087,,0,Infecção viral das vias aéreas superiores
1548,217,4112343,2017-11-22,2017-11-22,2017-11-29,2017-11-29,32020,,,6317,0,195662009,4112343,,0,Faringite viral aguda
1549,217,439777,2017-08-11,2017-08-11,,,32020,,,6316,0,271737000,439777,,0,Anemia
1550,217,316866,2014-06-26,2014-06-26,,,32020,,,6322,0,38341003,316866,,0,Hipertensão arterial
1551,217,260139,2013-06-15,2013-06-15,2013-06-22,2013-06-22,32020,,,6324,0,10509002,260139,,0,Bronquite aguda
1552,217,4156265,2011-01-07,2011-01-07,2011-01-28,2011-01-28,32020,,,6329,0,370247008,4156265,,0,Lesão facial
1553,218,4217975,2018-10-20,2018-10-20,,,32020,,,6337,0,72892002,4217975,,0,Otite média não supurativa
1554,218,439393,2018-02-24,2018-02-24,2018-04-14,2018-04-14,32020,,,6365,0,398254007,439393,,0,Pré-eclâmpsia
1555,218,4217975,2017-09-09,2017-09-09,2018-04-14,2018-04-14,32020,,,6368,0,72892002,4217975,,0,Otite média não supurativa
1556,218,4217975,2013-10-19,2013-10-19,2013-11-16,2013-11-16,32020,,,6350,0,72892002,4217975,,0,Otite média não supurativa
1557,218,439393,2013-04-27,2013-04-27,2013-06-08,2013-06-08,32020,,,6340,0,398254007,439393,,0,Pré-eclâmpsia
1558,218,4217975,2012-11-10,2012-11-10,2013-06-08,2013-06-08,32020,,,6339,0,72892002,4217975,,0,Otite média não supurativa
1559,218,28060,2012-09-11,2012-09-11,2012-09-19,2012-09-19,32020,,,6353,0,43878008,28060,,0,Faringite estreptocócica
1560,218,40318618,2012-06-23,2012-06-23,2012-06-30,2012-06-30,32020,,,6359,0,156073000,40318618,,0,Obesidade
1561,218,4078393,2012-06-23,2012-06-23,,,32020,,,6359,0,19169002,4078393,,0,Aborto espontâneo na gravidez
1562,218,4217975,2012-06-23,2012-06-23,2012-06-30,2012-06-30,32020,,,6359,0,72892002,4217975,,0,Otite média não supurativa
1563,218,0,2011-04-09,2011-04-09,,,32020,,,6355,0,162864005,4060985,,0,IMC 30+ - obesidade
1564,218,4217975,2007-02-24,2007-02-24,2007-09-29,2007-09-29,32020,,,6347,0,72892002,4217975,,0,Otite média não supurativa
1565,219,4217975,2017-06-19,2017-06-19,2018-01-29,2018-01-29,32020,,,6401,0,72892002,4217975,,0,Otite média não supurativa
1566,219,0,2015-05-18,2015-05-18,,,32020,,,6431,0,408512008,4256640,,0,Alcoolismo relatado pelo paciente
1567,219,4217975,2015-03-30,2015-03-30,2015-11-02,2015-11-02,32020,,,6424,0,72892002,4217975,,0,Otite média não supurativa
1568,219,439393,2013-10-21,2013-10-21,2013-12-09,2013-12-09,32020,,,6377,0,398254007,439393,,0,Pré-eclâmpsia
1569,219,4217975,2013-05-06,2013-05-06,2013-12-09,2013-12-09,32020,,,6382,0,72892002,4217975,,0,Otite média não supurativa
1570,219,4112343,2012-06-15,2012-06-15,2012-06-26,2012-06-26,32020,,,6403,0,195662009,4112343,,0,Faringite viral aguda
1571,219,4262136,2012-06-04,2012-06-04,2012-06-11,2012-06-11,32020,,,6430,0,35999006,4262136,,0,Cegueira
1572,219,4078393,2012-06-04,2012-06-04,,,32020,,,6430,0,19169002,4078393,,0,Aborto espontâneo na gravidez
1573,219,4217975,2012-06-04,2012-06-04,2012-06-11,2012-06-11,32020,,,6430,0,72892002,4217975,,0,Otite média não supurativa
1574,219,4217975,2010-11-01,2010-11-01,2011-06-20,2011-06-20,32020,,,6390,0,72892002,4217975,,0,Otite média não supurativa
1575,219,0,1997-07-28,1997-07-28,,,32020,,,6376,0,162864005,4060985,,0,IMC 30+ - obesidade
1576,219,439777,1989-07-13,1989-07-13,,,32020,,,6396,0,271737000,439777,,0,Anemia
1577,220,260139,2015-05-21,2015-05-21,2015-05-28,2015-05-28,32020,,,6448,0,10509002,260139,,0,Bronquite aguda
1578,220,260139,2015-03-11,2015-03-11,2015-03-18,2015-03-18,32020,,,6452,0,10509002,260139,,0,Bronquite aguda
1579,220,4112343,2013-07-24,2013-07-24,2013-08-04,2013-08-04,32020,,,6434,0,195662009,4112343,,0,Faringite viral aguda
1580,220,4112343,2011-12-21,2011-12-21,2011-12-29,2011-12-29,32020,,,6433,0,195662009,4112343,,0,Faringite viral aguda
1581,220,4285898,2008-08-08,2008-08-08,2009-08-03,2009-08-03,32020,,,6440,0,68496003,4285898,,0,Pólipo do cólon
1582,220,4055754,2005-02-09,2005-02-09,,,32020,,,6438,0,196416002,4055754,,0,Esofagite por refluxo
1583,220,4311629,1986-09-01,1986-09-01,,,32020,,,6436,0,15777000,40316773,,0,Pré-diabetes
1584,220,4078393,1980-08-25,1980-08-25,,,32020,,,6439,0,19169002,4078393,,0,Aborto espontâneo na gravidez
1585,220,0,1973-05-28,1973-05-28,,,32020,,,6447,0,162864005,4060985,,0,IMC 30+ - obesidade
1586,221,316866,2016-01-16,2016-01-16,,,32020,,,6453,0,38341003,316866,,0,Hipertensão arterial
1587,221,40481087,2015-01-07,2015-01-07,2015-01-21,2015-01-21,32020,,,6531,0,444814009,40481087,,0,Infecção viral das vias aéreas superiores
1588,221,81151,2014-10-11,2014-10-11,2014-11-15,2014-11-15,32020,,,6489,0,44465007,81151,,0,Entorse de tornozelo
1589,221,40486433,2002-07-18,2002-07-18,,,32020,,,6468,0,446096008,40486433,,0,Esteatose hepática perivenular
1590,221,133834,2000-06-03,2000-06-03,,,32020,,,6469,0,24079001,133834,,0,Dermatite atópica
1591,222,40481087,2016-11-26,2016-11-26,2016-12-17,2016-12-17,32020,,,6556,0,444814009,40481087,,0,Infecção viral das vias aéreas superiores
1592,222,313217,2014-06-17,2014-06-17,,,32020,,,6554,0,49436004,313217,,0,Fibrilação atrial
1593,222,432867,2001-06-05,2001-06-05,,,32020,,,6544,0,55822004,432867,,0,Hiperlipidemia
1594,222,0,1996-01-23,1996-01-23,,,32020,,,6560,0,162864005,4060985,,0,IMC 30+ - obesidade
1595,222,257012,1967-05-03,1967-05-03,,,32020,,,6553,0,40055000,257012,,0,Sinusite crônica
1596,223,40481087,2015-01-27,2015-01-27,2015-02-17,2015-02-17,32020,,,6568,0,444814009,40481087,,0,Infecção viral das vias aéreas superiores
1597,223,40481087,2013-04-09,2013-04-09,2013-04-30,2013-04-30,32020,,,6589,0,444814009,40481087,,0,Infecção viral das vias aéreas superiores
1598,223,40481087,2009-11-28,2009-11-28,2009-12-19,2009-12-19,32020,,,6585,0,444814009,40481087,,0,Infecção viral das vias aéreas superiores
1599,223,432867,2009-11-08,2009-11-08,,,32020,,,6576,0,55822004,432867,,0,Hiperlipidemia
1600,223,4311629,1999-09-19,1999-09-19,,,32020,,,6581,0,15777000,40316773,,0,Pré-diabetes
1601,223,0,1982-05-02,1982-05-02,,,32020,,,6584,0,162864005,4060985,,0,IMC 30+ - obesidade
1602,223,257012,1950-08-19,1950-08-19,,,32020,,,6591,0,40055000,257012,,0,Sinusite crônica
1603,224,40479768,2018-08-04,2018-08-04,2018-10-10,2018-10-10,32020,,,6594,0,444470001,40479768,,0,Lesão do nervo ulnar
1604,224,40481087,2015-02-02,2015-02-02,2015-02-23,2015-02-23,32020,,,6602,0,444814009,40481087,,0,Infecção viral das vias aéreas superiores
1605,224,4112343,2012-05-29,2012-05-29,2012-06-05,2012-06-05,32020,,,6595,0,195662009,4112343,,0,Faringite viral aguda
1606,225,40481087,2017-10-24,2017-10-24,2017-11-14,2017-11-14,32020,,,6609,0,444814009,40481087,,0,Infecção viral das vias aéreas superiores
1607,225,40481087,2017-09-10,2017-09-10,2017-09-17,2017-09-17,32020,,,6611,0,444814009,40481087,,0,Infecção viral das vias aéreas superiores
1608,225,40481087,2016-10-16,2016-10-16,2016-11-06,2016-11-06,32020,,,6615,0,444814009,40481087,,0,Infecção viral das vias aéreas superiores
1609,225,40481087,2012-10-15,2012-10-15,2012-10-29,2012-10-29,32020,,,6618,0,444814009,40481087,,0,Infecção viral das vias aéreas superiores
1610,225,0,2009-01-23,2009-01-23,,,32020,,,6610,0,162864005,4060985,,0,IMC 30+ - obesidade
1611,225,316866,1987-08-07,1987-08-07,,,32020,,,6614,0,38341003,316866,,0,Hipertensão arterial
1612,226,40481087,2014-01-27,2014-01-27,2014-02-17,2014-02-17,32020,,,6621,0,444814009,40481087,,0,Infecção viral das vias aéreas superiores
1613,226,40481087,2011-07-21,2011-07-21,2011-08-04,2011-08-04,32020,,,6630,0,444814009,40481087,,0,Infecção viral das vias aéreas superiores
1614,226,40481087,2011-02-05,2011-02-05,2011-02-12,2011-02-12,32020,,,6628,0,444814009,40481087,,0,Infecção viral das vias aéreas superiores
1615,226,4112343,2011-01-14,2011-01-14,2011-01-25,2011-01-25,32020,,,6632,0,195662009,4112343,,0,Faringite viral aguda
1616,226,0,2000-12-14,2000-12-14,,,32020,,,6622,0,408512008,4256640,,0,Alcoolismo relatado pelo paciente
1617,226,316866,1993-03-11,1993-03-11,,,32020,,,6633,0,38341003,316866,,0,Hipertensão arterial
1618,226,0,1982-12-23,1982-12-23,,,32020,,,6626,0,162864005,4060985,,0,IMC 30+ - obesidade
1619,227,40481087,2018-01-06,2018-01-06,2018-01-20,2018-01-20,32020,,,6638,0,444814009,40481087,,0,Infecção viral das vias aéreas superiores
1620,227,4094814,2017-07-24,2017-07-24,2017-10-22,2017-10-22,32020,,,6637,0,262574004,4094814,,0,Ferimento por arma branca
1621,227,40481087,2015-04-25,2015-04-25,2015-05-16,2015-05-16,32020,,,6639,0,444814009,40481087,,0,Infecção viral das vias aéreas superiores
1622,227,4311629,2015-01-23,2015-01-23,,,32020,,,6644,0,15777000,40316773,,0,Pré-diabetes
1623,228,40481087,2016-05-26,2016-05-26,2016-06-09,2016-06-09,32020,,,6680,0,444814009,40481087,,0,Infecção viral das vias aéreas superiores
1624,228,37017023,2013-05-05,2013-05-05,2014-04-30,2014-04-30,32020,,,6661,0,713197008,37017023,,0,Fibrose cística recorrente
1625,228,4285898,2012-04-10,2012-04-10,2014-04-30,2014-04-30,32020,,,6689,0,68496003,4285898,,0,Pólipo do cólon
1626,228,4230399,2011-12-26,2011-12-26,2012-02-24,2012-02-24,32020,,,6648,0,359817006,4230399,,0,Doença renal crônica estágio 2
1627,228,4112343,2010-01-28,2010-01-28,2010-02-07,2010-02-07,32020,,,6700,0,195662009,4112343,,0,Faringite viral aguda
1628,228,200970,2003-05-08,2003-05-08,,,32020,,,6654,0,92691004,200970,,0,Carcinoma in situ de próstata
1629,228,4129902,2003-05-08,2003-05-08,,,32020,,,6654,0,126906006,4129902,,0,Neoplasia de bexiga
1630,228,4079749,1992-04-02,1992-04-02,,,32020,,,6672,0,239872002,4079749,,0,Osteoartrite do quadril
1631,228,257012,1986-07-11,1986-07-11,,,32020,,,6668,0,40055000,257012,,0,Sinusite crônica
1632,228,432867,1986-04-30,1986-04-30,,,32020,,,6674,0,55822004,432867,,0,Hiperlipidemia
1633,228,0,1984-04-25,1984-04-25,,,32020,,,6664,0,162864005,4060985,,0,IMC 30+ - obesidade
1634,229,260139,2009-11-12,2009-11-12,2009-11-26,2009-11-26,32020,,,6703,0,10509002,260139,,0,Bronquite aguda
1635,230,4112343,2018-07-04,2018-07-04,2018-07-11,2018-07-11,32020,,,6727,0,195662009,4112343,,0,Faringite viral aguda
1636,230,257012,2015-02-24,2015-02-24,,,32020,,,6725,0,40055000,257012,,0,Sinusite crônica
1637,230,4283893,2015-02-03,2015-02-03,2015-03-10,2015-03-10,32020,,,6724,0,36971009,4283893,,0,Sinusite
1638,230,260139,2014-07-07,2014-07-07,2014-07-14,2014-07-14,32020,,,6721,0,10509002,260139,,0,Bronquite aguda
1639,230,28060,2014-01-10,2014-01-10,2014-01-23,2014-01-23,32020,,,6723,0,43878008,28060,,0,Faringite estreptocócica
1640,230,0,2013-10-23,2013-10-23,,,32020,,,6722,0,162864005,4060985,,0,IMC 30+ - obesidade
1641,231,4116491,2015-12-07,2015-12-07,2016-01-17,2016-01-17,32020,,,6739,0,301011002,4116491,,0,Infecção do trato urinário por E. coli
1642,231,260139,2014-12-24,2014-12-24,2014-12-31,2014-12-31,32020,,,6769,0,10509002,260139,,0,Bronquite aguda
1643,231,4116491,2014-10-24,2014-10-24,2014-12-07,2014-12-07,32020,,,6741,0,301011002,4116491,,0,Infecção do trato urinário por E. coli
1644,231,4112343,2014-07-25,2014-07-25,2014-08-04,2014-08-04,32020,,,6762,0,195662009,4112343,,0,Faringite viral aguda
1645,231,4262136,2012-10-25,2012-10-25,2012-11-01,2012-11-01,32020,,,6744,0,35999006,4262136,,0,Cegueira
1646,231,4078393,2012-10-25,2012-10-25,,,32020,,,6744,0,19169002,4078393,,0,Aborto espontâneo na gravidez
1647,231,4217975,2012-10-25,2012-10-25,2012-11-01,2012-11-01,32020,,,6744,0,72892002,4217975,,0,Otite média não supurativa
1648,231,0,2010-08-19,2010-08-19,,,32020,,,6730,0,408512008,4256640,,0,Alcoolismo relatado pelo paciente
1649,231,0,1994-02-10,1994-02-10,,,32020,,,6757,0,162864005,4060985,,0,IMC 30+ - obesidade
1650,231,40486433,1969-11-11,1969-11-11,,,32020,,,6749,0,446096008,40486433,,0,Esteatose hepática perivenular
1651,231,133834,1964-12-12,1964-12-12,,,32020,,,6740,0,24079001,133834,,0,Dermatite atópica
1652,232,40481087,2017-12-10,2017-12-10,2017-12-17,2017-12-17,32020,,,6790,0,444814009,40481087,,0,Infecção viral das vias aéreas superiores
1653,232,257012,2016-09-07,2016-09-07,,,32020,,,6787,0,40055000,257012,,0,Sinusite crônica
1654,232,4283893,2016-07-27,2016-07-27,2016-10-12,2016-10-12,32020,,,6779,0,36971009,4283893,,0,Sinusite
1655,232,4079749,2009-09-26,2009-09-26,,,32020,,,6783,0,239872002,4079749,,0,Osteoartrite do quadril
1656,232,0,1999-07-14,1999-07-14,,,32020,,,6788,0,162864005,4060985,,0,IMC 30+ - obesidade
1657,233,40481087,2013-09-10,2013-09-10,2013-09-17,2013-09-17,32020,,,6794,0,444814009,40481087,,0,Infecção viral das vias aéreas superiores
1658,233,40481087,2011-05-08,2011-05-08,2011-05-15,2011-05-15,32020,,,6791,0,444814009,40481087,,0,Infecção viral das vias aéreas superiores
1659,233,4285898,2011-05-06,2011-05-06,2012-05-30,2012-05-30,32020,,,6801,0,68496003,4285898,,0,Pólipo do cólon
1660,233,0,2011-04-24,2011-04-24,,,32020,,,6809,0,428251008,4323208,,0,Histórico de apendicectomia
1661,233,440448,2011-04-24,2011-04-24,,,32020,,,6815,0,74400008,440448,,0,Apendicite
1662,233,4311629,2009-05-15,2009-05-15,,,32020,,,6803,0,15777000,40316773,,0,Pré-diabetes
1663,233,432867,2003-05-02,2003-05-02,,,32020,,,6807,0,55822004,432867,,0,Hiperlipidemia
1664,233,0,1998-04-24,1998-04-24,,,32020,,,6804,0,162864005,4060985,,0,IMC 30+ - obesidade
1665,233,316866,1980-05-09,1980-05-09,,,32020,,,6811,0,38341003,316866,,0,Hipertensão arterial
1666,234,260139,2012-01-20,2012-01-20,2012-02-03,2012-02-03,32020,,,6838,0,10509002,260139,,0,Bronquite aguda
1667,234,0,1996-02-11,1996-02-11,,,32020,,,6833,0,162864005,4060985,,0,IMC 30+ - obesidade
1668,234,316866,1975-05-18,1975-05-18,,,32020,,,6828,0,38341003,316866,,0,Hipertensão arterial
1669,235,81151,2018-11-07,2018-11-07,2018-12-12,2018-12-12,32020,,,6853,0,44465007,81151,,0,Entorse de tornozelo
1670,235,4283893,2014-01-27,2014-01-27,2014-04-21,2014-04-21,32020,,,6850,0,36971009,4283893,,0,Sinusite
1671,235,260139,2013-04-29,2013-04-29,2013-05-06,2013-05-06,32020,,,6842,0,10509002,260139,,0,Bronquite aguda
1672,235,257012,2011-11-28,2011-11-28,,,32020,,,6863,0,40055000,257012,,0,Sinusite crônica
1673,235,4294548,2011-10-03,2011-10-03,2012-01-30,2012-01-30,32020,,,6849,0,75498004,4294548,,0,Infecção bacteriana aguda
1674,235,4311629,2001-03-26,2001-03-26,,,32020,,,6841,0,15777000,40316773,,0,Pré-diabetes
1675,235,4056621,1986-05-02,1986-05-02,,,32020,,,6861,0,197927001,4056621,,0,Uretrite recorrente
1676,235,0,1985-12-16,1985-12-16,,,32020,,,6862,0,162864005,4060985,,0,IMC 30+ - obesidade
1677,236,4217975,2016-05-16,2016-05-16,2016-12-25,2016-12-25,32020,,,6873,0,72892002,4217975,,0,Otite média não supurativa
1678,236,4217975,2015-12-20,2015-12-20,2016-01-10,2016-01-10,32020,,,6919,0,72892002,4217975,,0,Otite média não supurativa
1679,236,40318618,2015-09-07,2015-09-07,2015-09-21,2015-09-21,32020,,,6920,0,156073000,40318618,,0,Obesidade
1680,236,4217975,2015-09-07,2015-09-07,2015-09-21,2015-09-21,32020,,,6920,0,72892002,4217975,,0,Otite média não supurativa
1681,236,4112343,2014-11-05,2014-11-05,2014-11-15,2014-11-15,32020,,,6901,0,195662009,4112343,,0,Faringite viral aguda
1682,236,4208104,2013-04-12,2013-04-12,,,32020,,,6940,0,55680006,4208104,,0,Overdose de droga
1683,236,0,2012-12-02,2012-12-02,,,32020,,,6869,0,162864005,4060985,,0,IMC 30+ - obesidade
1684,236,4217975,2012-08-20,2012-08-20,2013-04-01,2013-04-01,32020,,,6909,0,72892002,4217975,,0,Otite média não supurativa
1685,236,4217975,2012-03-04,2012-03-04,2012-05-14,2012-05-14,32020,,,6876,0,72892002,4217975,,0,Otite média não supurativa
1686,236,4217975,2011-01-02,2011-01-02,2011-08-01,2011-08-01,32020,,,6877,0,72892002,4217975,,0,Otite média não supurativa
1687,236,4078393,2006-11-05,2006-11-05,,,32020,,,6939,0,19169002,4078393,,0,Aborto espontâneo na gravidez
1688,236,436096,2002-12-23,2002-12-23,,,32020,,,6925,0,82423001,436096,,0,Dor crônica
1689,236,4055754,2002-05-25,2002-05-25,,,32020,,,6879,0,196416002,4055754,,0,Esofagite por refluxo
1690,236,43530652,2001-12-29,2001-12-29,,,32020,,,6921,0,124171000119105,43530652,,0,Nefropatia diabética crônica
1691,237,40481087,2018-01-31,2018-01-31,2018-02-21,2018-02-21,32020,,,6959,0,444814009,40481087,,0,Infecção viral das vias aéreas superiores
1692,237,40481087,2013-02-04,2013-02-04,2013-02-18,2013-02-18,32020,,,6961,0,444814009,40481087,,0,Infecção viral das vias aéreas superiores
1693,237,81151,2009-12-07,2009-12-07,2009-12-28,2009-12-28,32020,,,6962,0,44465007,81151,,0,Entorse de tornozelo
1694,237,4112343,2009-02-20,2009-02-20,2009-02-28,2009-02-28,32020,,,6960,0,195662009,4112343,,0,Faringite viral aguda
1695,237,4311629,2000-01-11,2000-01-11,,,32020,,,6964,0,15777000,40316773,,0,Pré-diabetes
1696,238,4217975,2017-10-26,2017-10-26,2018-05-31,2018-05-31,32020,,,6972,0,72892002,4217975,,0,Otite média não supurativa
1697,238,4217975,2012-07-05,2012-07-05,2012-08-02,2012-08-02,32020,,,6997,0,72892002,4217975,,0,Otite média não supurativa
1698,238,0,2005-05-12,2005-05-12,,,32020,,,6994,0,162864005,4060985,,0,IMC 30+ - obesidade
1699,239,4112343,2017-07-02,2017-07-02,2017-07-09,2017-07-09,32020,,,7015,0,195662009,4112343,,0,Faringite viral aguda
1700,239,316866,2015-09-13,2015-09-13,,,32020,,,7013,0,38341003,316866,,0,Hipertensão arterial
1701,239,4113008,2013-11-20,2013-11-20,2013-12-11,2013-12-11,32020,,,7008,0,284549007,4113008,,0,Laceração de mão
1702,239,78272,2013-01-10,2013-01-10,2013-01-24,2013-01-24,32020,,,7005,0,70704007,78272,,0,Entorse de punho
1703,239,257012,2000-08-07,2000-08-07,,,32020,,,7006,0,40055000,257012,,0,Sinusite crônica
1704,240,4112343,2005-12-07,2005-12-07,2005-12-20,2005-12-20,32020,,,7029,0,195662009,4112343,,0,Faringite viral aguda
1705,240,81151,2005-01-01,2005-01-01,2005-02-05,2005-02-05,32020,,,7024,0,44465007,81151,,0,Entorse de tornozelo
1706,240,4134304,2002-11-13,2002-11-13,2003-01-12,2003-01-12,32020,,,7020,0,263102004,4134304,,0,Ruptura de menisco
1707,240,0,1995-08-20,1995-08-20,,,32020,,,7033,0,399211009,4163874,,0,Histórico de infarto do miocárdio
1708,240,4329847,1995-08-20,1995-08-20,,,32020,,,7033,0,22298006,4329847,,0,Infarto do miocárdio
1709,240,317576,1994-04-03,1994-04-03,,,32020,,,7035,0,53741008,317576,,0,Doença arterial coronariana
1710,240,4311629,1975-03-09,1975-03-09,,,32020,,,7019,0,15777000,40316773,,0,Pré-diabetes
1711,240,316866,1975-03-09,1975-03-09,,,32020,,,7019,0,38341003,316866,,0,Hipertensão arterial
1712,241,40481087,2013-08-01,2013-08-01,2013-08-15,2013-08-15,32020,,,7064,0,444814009,40481087,,0,Infecção viral das vias aéreas superiores
1713,241,4262136,2013-02-24,2013-02-24,2013-03-10,2013-03-10,32020,,,7048,0,35999006,4262136,,0,Cegueira
1714,241,4217975,2013-02-24,2013-02-24,2013-03-10,2013-03-10,32020,,,7048,0,72892002,4217975,,0,Otite média não supurativa
1715,241,4217975,2008-09-14,2008-09-14,2009-04-26,2009-04-26,32020,,,7044,0,72892002,4217975,,0,Otite média não supurativa
1716,241,4311629,2003-05-25,2003-05-25,,,32020,,,7052,0,15777000,40316773,,0,Pré-diabetes
1717,241,199076,2001-02-18,2001-02-18,,,32020,,,7053,0,79586000,199076,,0,Gravidez tubária
1718,241,4078393,2000-10-22,2000-10-22,,,32020,,,7040,0,19169002,4078393,,0,Aborto espontâneo na gravidez
1719,241,0,1989-03-12,1989-03-12,,,32020,,,7042,0,162864005,4060985,,0,IMC 30+ - obesidade
1720,241,316866,1982-02-28,1982-02-28,,,32020,,,7049,0,38341003,316866,,0,Hipertensão arterial
1721,242,4112343,2014-08-15,2014-08-15,2014-08-28,2014-08-28,32020,,,7080,0,195662009,4112343,,0,Faringite viral aguda
1722,242,4112343,2014-01-01,2014-01-01,2014-01-14,2014-01-14,32020,,,7069,0,195662009,4112343,,0,Faringite viral aguda
1723,242,4285898,2012-10-06,2012-10-06,2013-10-01,2013-10-01,32020,,,7082,0,68496003,4285898,,0,Pólipo do cólon
1724,242,260139,2009-11-03,2009-11-03,2009-11-10,2009-11-10,32020,,,7079,0,10509002,260139,,0,Bronquite aguda
1725,242,432867,2008-12-12,2008-12-12,,,32020,,,7078,0,55822004,432867,,0,Hiperlipidemia
1726,242,4311629,1981-12-25,1981-12-25,,,32020,,,7071,0,15777000,40316773,,0,Pré-diabetes
1727,243,40481087,2017-07-06,2017-07-06,2017-07-20,2017-07-20,32020,,,7094,0,444814009,40481087,,0,Infecção viral das vias aéreas superiores
1728,243,78272,2011-08-22,2011-08-22,2011-09-05,2011-09-05,32020,,,7099,0,70704007,78272,,0,Entorse de punho
1729,243,4112343,2011-06-17,2011-06-17,2011-06-28,2011-06-28,32020,,,7101,0,195662009,4112343,,0,Faringite viral aguda
1730,243,40486433,1994-06-28,1994-06-28,,,32020,,,7098,0,446096008,40486433,,0,Esteatose hepática perivenular
1731,244,260139,2018-06-25,2018-06-25,2018-07-09,2018-07-09,32020,,,7121,0,10509002,260139,,0,Bronquite aguda
1732,244,4112343,2016-02-09,2016-02-09,2016-02-19,2016-02-19,32020,,,7105,0,195662009,4112343,,0,Faringite viral aguda
1733,244,372328,2014-12-12,2014-12-12,2015-03-25,2015-03-25,32020,,,7111,0,65363002,372328,,0,Otite média
1734,245,40481087,2016-12-17,2016-12-17,2016-12-31,2016-12-31,32020,,,7169,0,444814009,40481087,,0,Infecção viral das vias aéreas superiores
1735,245,4112343,2013-04-27,2013-04-27,2013-05-04,2013-05-04,32020,,,7179,0,195662009,4112343,,0,Faringite viral aguda
1736,245,4112343,2011-02-27,2011-02-27,2011-03-07,2011-03-07,32020,,,7180,0,195662009,4112343,,0,Faringite viral aguda
1737,245,260139,2010-07-18,2010-07-18,2010-08-01,2010-08-01,32020,,,7144,0,10509002,260139,,0,Bronquite aguda
1738,245,195588,2009-07-12,2009-07-12,2009-09-03,2009-09-03,32020,,,7165,0,38822007,195588,,0,Cistite
1739,245,4078393,2005-09-05,2005-09-05,,,32020,,,7159,0,19169002,4078393,,0,Aborto espontâneo na gravidez
1740,245,0,1987-07-18,1987-07-18,,,32020,,,7155,0,703151001,45766064,,0,Histórico de artroplastia de joelho
1741,245,4029498,1987-07-18,1987-07-18,,,32020,,,7155,0,128613002,4029498,,0,Transtorno convulsivo
1742,246,260139,2017-12-02,2017-12-02,2017-12-09,2017-12-09,32020,,,7190,0,10509002,260139,,0,Bronquite aguda
1743,246,260139,2014-06-28,2014-06-28,2014-07-12,2014-07-12,32020,,,7192,0,10509002,260139,,0,Bronquite aguda
1744,246,4230399,2012-07-25,2012-07-25,2012-09-23,2012-09-23,32020,,,7186,0,359817006,4230399,,0,Doença renal crônica estágio 2
1745,247,40481087,2014-04-13,2014-04-13,2014-04-27,2014-04-27,32020,,,7207,0,444814009,40481087,,0,Infecção viral das vias aéreas superiores
1746,247,0,2011-02-25,2011-02-25,,,32020,,,7206,0,408512008,4256640,,0,Alcoolismo relatado pelo paciente
1747,247,0,1991-04-19,1991-04-19,,,32020,,,7204,0,162864005,4060985,,0,IMC 30+ - obesidade
1748,248,4217975,2018-07-05,2018-07-05,2018-08-02,2018-08-02,32020,,,7219,0,72892002,4217975,,0,Otite média não supurativa
1749,248,4112343,2014-06-09,2014-06-09,2014-06-20,2014-06-20,32020,,,7220,0,195662009,4112343,,0,Faringite viral aguda
1750,249,40481087,2014-10-24,2014-10-24,2014-10-31,2014-10-31,32020,,,7256,0,444814009,40481087,,0,Infecção viral das vias aéreas superiores
1751,249,372328,2011-08-08,2011-08-08,2012-07-12,2012-07-12,32020,,,7247,0,65363002,372328,,0,Otite média
1752,249,4084167,2011-02-09,2011-02-09,2011-02-09,2011-02-09,32020,,,7254,0,241929008,4084167,,0,Reação alérgica a alimento
1753,249,133834,2010-06-21,2010-06-21,,,32020,,,7237,0,24079001,133834,,0,Dermatite atópica
1754,249,40481087,2010-06-20,2010-06-20,2010-07-11,2010-07-11,32020,,,7259,0,444814009,40481087,,0,Infecção viral das vias aéreas superiores
1755,249,4280726,2008-09-14,2008-09-14,,,32020,,,7242,0,367498001,4280726,,0,Gripe sazonal
1756,250,40481087,2012-01-12,2012-01-12,2012-01-19,2012-01-19,32020,,,7273,0,444814009,40481087,,0,Infecção viral das vias aéreas superiores
1757,250,40481087,2010-12-18,2010-12-18,2011-01-08,2011-01-08,32020,,,7260,0,444814009,40481087,,0,Infecção viral das vias aéreas superiores
1758,250,79740,2008-06-21,2008-06-21,2009-07-01,2009-07-01,32020,,,7261,0,109838007,79740,,0,Carcinoma de cólon
1759,250,37017023,2008-06-16,2008-06-16,,,32020,,,7263,0,713197008,37017023,,0,Fibrose cística recorrente
1760,250,4285898,2007-04-23,2007-04-23,,,32020,,,7274,0,68496003,4285898,,0,Pólipo do cólon
1761,250,4311629,2006-05-17,2006-05-17,,,32020,,,7277,0,15777000,40316773,,0,Pré-diabetes
1762,250,0,1992-04-29,1992-04-29,,,32020,,,7264,0,162864005,4060985,,0,IMC 30+ - obesidade
1763,250,0,1987-02-25,1987-02-25,,,32020,,,7278,0,449868002,42709996,,0,Fumante atual de cigarro
1764,250,438130,1984-02-22,1984-02-22,,,32020,,,7275,0,5602001,438130,,0,Dor por opioides
1765,250,257012,1964-10-08,1964-10-08,,,32020,,,7269,0,40055000,257012,,0,Sinusite crônica
1766,251,40481087,2015-12-29,2015-12-29,2016-01-12,2016-01-12,32020,,,7304,0,444814009,40481087,,0,Infecção viral das vias aéreas superiores
1767,251,40481087,2014-09-12,2014-09-12,2014-09-26,2014-09-26,32020,,,7293,0,444814009,40481087,,0,Infecção viral das vias aéreas superiores
1768,251,40481087,2012-06-08,2012-06-08,2012-06-15,2012-06-15,32020,,,7310,0,444814009,40481087,,0,Infecção viral das vias aéreas superiores
1769,251,260139,2011-04-15,2011-04-15,2011-04-29,2011-04-29,32020,,,7311,0,10509002,260139,,0,Bronquite aguda
1770,251,40481087,2011-02-21,2011-02-21,2011-03-07,2011-03-07,32020,,,7299,0,444814009,40481087,,0,Infecção viral das vias aéreas superiores
1771,251,4296205,2010-11-15,2010-11-15,2010-12-06,2010-12-06,32020,,,7289,0,403191005,4296205,,0,Queimadura solar de segundo grau
1772,251,4048171,2007-05-02,2007-05-02,,,32020,,,7313,0,232353008,4048171,,0,Perfuração do tímpano
1773,251,133834,2007-02-11,2007-02-11,,,32020,,,7283,0,24079001,133834,,0,Dermatite atópica
1774,251,4051466,2006-05-02,2006-05-02,,,32020,,,7291,0,233678006,4051466,,0,Asma na infância
1775,252,260139,2018-12-17,2018-12-17,2018-12-24,2018-12-24,32020,,,7329,0,10509002,260139,,0,Bronquite aguda
1776,252,4112343,2015-07-08,2015-07-08,2015-07-20,2015-07-20,32020,,,7318,0,195662009,4112343,,0,Faringite viral aguda
1777,252,40481087,2010-02-12,2010-02-12,2010-03-05,2010-03-05,32020,,,7315,0,444814009,40481087,,0,Infecção viral das vias aéreas superiores
1778,252,4311629,2010-01-17,2010-01-17,,,32020,,,7316,0,15777000,40316773,,0,Pré-diabetes
1779,252,0,2002-05-19,2002-05-19,,,32020,,,7332,0,408512008,4256640,,0,Alcoolismo relatado pelo paciente
1780,252,0,1988-04-17,1988-04-17,,,32020,,,7314,0,162864005,4060985,,0,IMC 30+ - obesidade
1781,252,4078393,1987-07-12,1987-07-12,,,32020,,,7330,0,19169002,4078393,,0,Aborto espontâneo na gravidez
1782,253,260139,2017-11-05,2017-11-05,2017-11-12,2017-11-12,32020,,,7358,0,10509002,260139,,0,Bronquite aguda
1783,253,4283893,2017-05-26,2017-05-26,2017-10-06,2017-10-06,32020,,,7352,0,36971009,4283893,,0,Sinusite
1784,253,4237458,2014-12-21,2014-12-21,2015-02-19,2015-02-19,32020,,,7338,0,58150001,4237458,,0,Fratura de clavícula
1785,253,4059173,2013-10-27,2013-10-27,2014-01-25,2014-01-25,32020,,,7336,0,16114001,4059173,,0,Fratura de tornozelo
1786,253,40481087,2013-08-02,2013-08-02,2013-08-09,2013-08-09,32020,,,7351,0,444814009,40481087,,0,Infecção viral das vias aéreas superiores
1787,253,200970,2006-03-07,2006-03-07,,,32020,,,7353,0,92691004,200970,,0,Carcinoma in situ de próstata
1788,253,4129902,2006-03-07,2006-03-07,,,32020,,,7353,0,126906006,4129902,,0,Neoplasia de bexiga
1789,253,257012,1988-04-23,1988-04-23,,,32020,,,7357,0,40055000,257012,,0,Sinusite crônica
1790,253,0,1979-07-02,1979-07-02,,,32020,,,7349,0,449868002,42709996,,0,Fumante atual de cigarro
1791,253,75036,1977-06-19,1977-06-19,,,32020,,,7337,0,201834006,75036,,0,Dermatite perioral
1792,253,4311629,1973-06-25,1973-06-25,,,32020,,,7360,0,15777000,40316773,,0,Pré-diabetes
1793,253,0,1965-02-15,1965-02-15,,,32020,,,7344,0,162864005,4060985,,0,IMC 30+ - obesidade
1794,254,4112343,2015-04-12,2015-04-12,2015-04-19,2015-04-19,32020,,,7390,0,195662009,4112343,,0,Faringite viral aguda
1795,254,40481087,2014-05-20,2014-05-20,2014-06-10,2014-06-10,32020,,,7386,0,444814009,40481087,,0,Infecção viral das vias aéreas superiores
1796,254,0,2014-04-29,2014-04-29,,,32020,,,7393,0,162864005,4060985,,0,IMC 30+ - obesidade
1797,254,4217975,2013-03-12,2013-03-12,2013-10-15,2013-10-15,32020,,,7404,0,72892002,4217975,,0,Otite média não supurativa
1798,254,40481087,2009-08-21,2009-08-21,2009-09-04,2009-09-04,32020,,,7364,0,444814009,40481087,,0,Infecção viral das vias aéreas superiores
1799,254,4078393,2006-03-07,2006-03-07,,,32020,,,7395,0,19169002,4078393,,0,Aborto espontâneo na gravidez
1800,255,261325,2012-11-25,2012-11-25,,,32020,,,7413,0,87433001,261325,,0,Enfisema pulmonar
1801,255,4112343,2007-03-04,2007-03-04,2007-03-15,2007-03-15,32020,,,7416,0,195662009,4112343,,0,Faringite viral aguda
1802,255,81151,2005-04-25,2005-04-25,2005-05-16,2005-05-16,32020,,,7415,0,44465007,81151,,0,Entorse de tornozelo
1803,255,260139,2005-04-14,2005-04-14,2005-04-28,2005-04-28,32020,,,7421,0,10509002,260139,,0,Bronquite aguda
1804,255,4112343,2004-06-06,2004-06-06,2004-06-14,2004-06-14,32020,,,7410,0,195662009,4112343,,0,Faringite viral aguda
1805,255,4278672,2003-01-06,2003-01-06,2003-03-07,2003-03-07,32020,,,7426,0,65966004,4278672,,0,Fratura do fêmur
1806,255,4311629,1983-07-17,1983-07-17,,,32020,,,7422,0,15777000,40316773,,0,Pré-diabetes
1807,255,316866,1976-07-04,1976-07-04,,,32020,,,7425,0,38341003,316866,,0,Hipertensão arterial
1808,255,257012,1976-06-17,1976-06-17,,,32020,,,7424,0,40055000,257012,,0,Sinusite crônica
1809,256,40481087,2018-09-12,2018-09-12,2018-10-03,2018-10-03,32020,,,7448,0,444814009,40481087,,0,Infecção viral das vias aéreas superiores
1810,256,81151,2017-02-10,2017-02-10,2017-03-17,2017-03-17,32020,,,7456,0,44465007,81151,,0,Entorse de tornozelo
1811,256,40486433,2016-04-15,2016-04-15,,,32020,,,7458,0,446096008,40486433,,0,Esteatose hepática perivenular
1812,256,4051466,2014-04-16,2014-04-16,,,32020,,,7439,0,233678006,4051466,,0,Asma na infância
1813,256,4112343,2013-05-06,2013-05-06,2013-05-18,2013-05-18,32020,,,7451,0,195662009,4112343,,0,Faringite viral aguda
1814,256,81151,2013-05-04,2013-05-04,2013-06-01,2013-06-01,32020,,,7440,0,44465007,81151,,0,Entorse de tornozelo
1815,256,372328,2012-09-06,2012-09-06,2012-12-17,2012-12-17,32020,,,7444,0,65363002,372328,,0,Otite média
1816,257,4112343,2018-09-11,2018-09-11,2018-09-19,2018-09-19,32020,,,7478,0,195662009,4112343,,0,Faringite viral aguda
1817,257,4217975,2016-02-21,2016-02-21,2016-09-25,2016-09-25,32020,,,7488,0,72892002,4217975,,0,Otite média não supurativa
1818,257,0,2005-02-20,2005-02-20,,,32020,,,7475,0,162864005,4060985,,0,IMC 30+ - obesidade
1819,257,257012,1989-10-29,1989-10-29,,,32020,,,7471,0,40055000,257012,,0,Sinusite crônica
1820,258,4152936,2018-04-25,2018-04-25,2018-05-09,2018-05-09,32020,,,7507,0,283385000,4152936,,0,Laceração de ombro
1821,258,40481087,2015-01-01,2015-01-01,2015-01-08,2015-01-08,32020,,,7494,0,444814009,40481087,,0,Infecção viral das vias aéreas superiores
1822,258,0,2012-10-21,2012-10-21,,,32020,,,7509,0,428251008,4323208,,0,Histórico de apendicectomia
1823,258,440448,2012-10-21,2012-10-21,,,32020,,,7502,0,74400008,440448,,0,Apendicite
1824,258,28060,2011-09-13,2011-09-13,2011-09-25,2011-09-25,32020,,,7499,0,43878008,28060,,0,Faringite estreptocócica
1825,258,439393,2011-06-18,2011-06-18,2011-08-13,2011-08-13,32020,,,7511,0,398254007,439393,,0,Pré-eclâmpsia
1826,258,0,2011-05-28,2011-05-28,,,32020,,,7508,0,162864005,4060985,,0,IMC 30+ - obesidade
1827,258,4217975,2011-01-01,2011-01-01,2011-08-13,2011-08-13,32020,,,7500,0,72892002,4217975,,0,Otite média não supurativa
1828,258,81151,2010-09-06,2010-09-06,2010-10-04,2010-10-04,32020,,,7489,0,44465007,81151,,0,Entorse de tornozelo
1829,259,4237458,2017-08-14,2017-08-14,2017-09-13,2017-09-13,32020,,,7522,0,58150001,4237458,,0,Fratura de clavícula
1830,259,378001,2016-07-20,2016-07-20,2016-09-18,2016-09-18,32020,,,7520,0,62106007,378001,,0,Concussão com perda de consciência
1831,260,40481087,2018-12-08,2018-12-08,2018-12-29,2018-12-29,32020,,,7548,0,444814009,40481087,,0,Infecção viral das vias aéreas superiores
1832,260,40481087,2011-07-21,2011-07-21,2011-08-11,2011-08-11,32020,,,7549,0,444814009,40481087,,0,Infecção viral das vias aéreas superiores
1833,260,4311629,2001-02-24,2001-02-24,,,32020,,,7532,0,15777000,40316773,,0,Pré-diabetes
1834,260,316866,1984-05-19,1984-05-19,,,32020,,,7534,0,38341003,316866,,0,Hipertensão arterial
1835,261,137613,2017-07-27,2017-07-27,2017-08-31,2017-08-31,32020,,,7574,0,198992004,137613,,0,Pré-eclâmpsia leve
1836,261,4217975,2017-01-12,2017-01-12,2017-08-31,2017-08-31,32020,,,7573,0,72892002,4217975,,0,Otite média não supurativa
1837,261,43530656,2012-09-20,2012-09-20,,,32020,,,7566,0,1551000119108,43530656,,0,Retinopatia diabética não proliferativa
1838,261,40481087,2009-02-02,2009-02-02,2009-02-09,2009-02-09,32020,,,7591,0,444814009,40481087,,0,Infecção viral das vias aéreas superiores
1839,261,4217975,2009-01-01,2009-01-01,2009-08-06,2009-08-06,32020,,,7587,0,72892002,4217975,,0,Otite média não supurativa
1840,261,37016354,2004-01-22,2004-01-22,,,32020,,,7572,0,368581000119106,37016354,,0,Neuropatia por diabetes tipo 2
1841,261,4226121,2004-01-22,2004-01-22,,,32020,,,7572,0,422034002,4226121,,0,Retinopatia diabética proliferativa
1842,261,436940,2004-01-22,2004-01-22,,,32020,,,7572,0,237602007,436940,,0,Síndrome metabólica
1843,261,4214376,2004-01-22,2004-01-22,,,32020,,,7572,0,80394007,4214376,,0,Hiperglicemia
1844,261,4120314,2001-01-18,2001-01-18,,,32020,,,7590,0,302870006,4120314,,0,Hipertrigliceridemia
1845,261,201826,1998-01-15,1998-01-15,,,32020,,,7576,0,44054006,201826,,0,Diabetes mellitus tipo 2
1846,261,316866,1991-01-03,1991-01-03,,,32020,,,7581,0,38341003,316866,,0,Hipertensão arterial
1847,262,192279,2018-03-31,2018-03-31,,,32020,,,7596,0,127013003,192279,,0,Nefropatia diabética
1848,262,443614,2018-03-31,2018-03-31,,,32020,,,7596,0,431855005,443614,,0,Doença renal crônica estágio 1
1849,262,436940,2018-03-31,2018-03-31,,,32020,,,7596,0,237602007,436940,,0,Síndrome metabólica
1850,262,4120314,2018-03-31,2018-03-31,,,32020,,,7596,0,302870006,4120314,,0,Hipertrigliceridemia
1851,262,4214376,2018-03-31,2018-03-31,,,32020,,,7596,0,80394007,4214376,,0,Hiperglicemia
1852,262,201826,2017-07-15,2017-07-15,,,32020,,,7597,0,44054006,201826,,0,Diabetes mellitus tipo 2
1853,262,40481087,2016-10-19,2016-10-19,2016-11-02,2016-11-02,32020,,,7604,0,444814009,40481087,,0,Infecção viral das vias aéreas superiores
1854,262,40481087,2013-11-18,2013-11-18,2013-11-25,2013-11-25,32020,,,7601,0,444814009,40481087,,0,Infecção viral das vias aéreas superiores
1855,262,4218389,2011-11-23,2011-11-23,2011-12-21,2011-12-21,32020,,,7599,0,39848009,4218389,,0,Lesão em chicote do pescoço
1856,262,0,2005-11-05,2005-11-05,,,32020,,,7602,0,162864005,4060985,,0,IMC 30+ - obesidade
1857,262,316866,1989-10-14,1989-10-14,,,32020,,,7603,0,38341003,316866,,0,Hipertensão arterial
1858,263,0,2019-01-08,2019-01-08,,,32020,,,7606,0,408512008,4256640,,0,Alcoolismo relatado pelo paciente
1859,263,4152936,2018-05-11,2018-05-11,2018-05-25,2018-05-25,32020,,,7626,0,283385000,4152936,,0,Laceração de ombro
1860,263,257012,2015-02-23,2015-02-23,,,32020,,,7639,0,40055000,257012,,0,Sinusite crônica
1861,263,4283893,2014-12-01,2014-12-01,2015-04-13,2015-04-13,32020,,,7635,0,36971009,4283893,,0,Sinusite
1862,263,4112343,2014-04-24,2014-04-24,2014-05-03,2014-05-03,32020,,,7616,0,195662009,4112343,,0,Faringite viral aguda
1863,263,260139,2012-12-24,2012-12-24,2013-01-07,2013-01-07,32020,,,7619,0,10509002,260139,,0,Bronquite aguda
1864,263,4217975,2010-02-09,2010-02-09,2010-03-02,2010-03-02,32020,,,7622,0,72892002,4217975,,0,Otite média não supurativa
1865,263,4217975,2009-06-23,2009-06-23,2009-07-14,2009-07-14,32020,,,7627,0,72892002,4217975,,0,Otite média não supurativa
1866,263,0,2004-06-29,2004-06-29,,,32020,,,7618,0,162864005,4060985,,0,IMC 30+ - obesidade
1867,263,316866,1997-06-17,1997-06-17,,,32020,,,7634,0,38341003,316866,,0,Hipertensão arterial
1868,263,0,1990-04-23,1990-04-23,,,32020,,,7621,0,428251008,4323208,,0,Histórico de apendicectomia
1869,263,440448,1990-04-23,1990-04-23,,,32020,,,7625,0,74400008,440448,,0,Apendicite
1870,264,4285898,2016-12-02,2016-12-02,2018-03-27,2018-03-27,32020,,,7640,0,68496003,4285898,,0,Pólipo do cólon
1871,264,40481087,2015-01-17,2015-01-17,2015-01-24,2015-01-24,32020,,,7659,0,444814009,40481087,,0,Infecção viral das vias aéreas superiores
1872,264,40481087,2012-02-09,2012-02-09,2012-02-23,2012-02-23,32020,,,7648,0,444814009,40481087,,0,Infecção viral das vias aéreas superiores
1873,264,0,1998-09-15,1998-09-15,,,32020,,,7654,0,408512008,4256640,,0,Alcoolismo relatado pelo paciente
1874,264,0,1982-05-18,1982-05-18,,,32020,,,7671,0,162864005,4060985,,0,IMC 30+ - obesidade
1875,264,316866,1975-05-06,1975-05-06,,,32020,,,7668,0,38341003,316866,,0,Hipertensão arterial
1876,264,432867,2000-09-19,2000-09-19,,,32020,,,7650,0,55822004,432867,,0,Hiperlipidemia
1877,266,40481087,2017-09-08,2017-09-08,2017-09-29,2017-09-29,32020,,,7691,0,444814009,40481087,,0,Infecção viral das vias aéreas superiores
1878,266,260139,2016-09-02,2016-09-02,2016-09-16,2016-09-16,32020,,,7684,0,10509002,260139,,0,Bronquite aguda
1879,266,4296205,2012-09-08,2012-09-08,2012-10-06,2012-10-06,32020,,,7687,0,403191005,4296205,,0,Queimadura solar de segundo grau
1880,266,0,1994-10-23,1994-10-23,,,32020,,,7686,0,162864005,4060985,,0,IMC 30+ - obesidade
1881,266,257012,1982-10-03,1982-10-03,,,32020,,,7685,0,40055000,257012,,0,Sinusite crônica
1882,267,4112343,2014-10-07,2014-10-07,2014-10-15,2014-10-15,32020,,,7706,0,195662009,4112343,,0,Faringite viral aguda
1883,267,4112343,2014-08-26,2014-08-26,2014-09-06,2014-09-06,32020,,,7711,0,195662009,4112343,,0,Faringite viral aguda
1884,267,4134304,2012-01-31,2012-01-31,2012-03-31,2012-03-31,32020,,,7714,0,263102004,4134304,,0,Ruptura de menisco
1885,267,40481087,2012-01-03,2012-01-03,2012-01-17,2012-01-17,32020,,,7700,0,444814009,40481087,,0,Infecção viral das vias aéreas superiores
1886,267,4112343,2009-03-14,2009-03-14,2009-03-22,2009-03-22,32020,,,7708,0,195662009,4112343,,0,Faringite viral aguda
1887,267,432867,2009-01-27,2009-01-27,,,32020,,,7704,0,55822004,432867,,0,Hiperlipidemia
1888,267,0,2007-01-23,2007-01-23,,,32020,,,7718,0,408512008,4256640,,0,Alcoolismo relatado pelo paciente
1889,267,0,1989-04-25,1989-04-25,,,32020,,,7716,0,162864005,4060985,,0,IMC 30+ - obesidade
1890,268,28060,2016-07-28,2016-07-28,2016-08-04,2016-08-04,32020,,,7722,0,43878008,28060,,0,Faringite estreptocócica
1891,268,4218389,2016-01-29,2016-01-29,2016-03-04,2016-03-04,32020,,,7725,0,39848009,4218389,,0,Lesão em chicote do pescoço
1892,268,260139,2015-04-10,2015-04-10,2015-04-24,2015-04-24,32020,,,7723,0,10509002,260139,,0,Bronquite aguda
1893,268,81151,2012-02-14,2012-02-14,2012-03-20,2012-03-20,32020,,,7732,0,44465007,81151,,0,Entorse de tornozelo
1894,268,40481087,2011-08-25,2011-08-25,2011-09-08,2011-09-08,32020,,,7730,0,444814009,40481087,,0,Infecção viral das vias aéreas superiores
1895,268,0,2010-02-03,2010-02-03,,,32020,,,7727,0,162864005,4060985,,0,IMC 30+ - obesidade
1896,268,316866,2000-01-19,2000-01-19,,,32020,,,7726,0,38341003,316866,,0,Hipertensão arterial
1897,269,4217975,2016-08-05,2016-08-05,2017-03-10,2017-03-10,32020,,,7748,0,72892002,4217975,,0,Otite média não supurativa
1898,269,4217975,2015-11-13,2015-11-13,2015-11-27,2015-11-27,32020,,,7750,0,72892002,4217975,,0,Otite média não supurativa
1899,269,4112343,2015-09-30,2015-09-30,2015-10-08,2015-10-08,32020,,,7737,0,195662009,4112343,,0,Faringite viral aguda
1900,269,4079750,2014-02-03,2014-02-03,,,32020,,,7751,0,239873007,4079750,,0,Osteoartrite do joelho
1901,269,316866,2013-09-27,2013-09-27,,,32020,,,7752,0,38341003,316866,,0,Hipertensão arterial
1902,269,4116491,2013-06-11,2013-06-11,2013-07-23,2013-07-23,32020,,,7753,0,301011002,4116491,,0,Infecção do trato urinário por E. coli
1903,269,40481087,2012-10-22,2012-10-22,2012-10-29,2012-10-29,32020,,,7754,0,444814009,40481087,,0,Infecção viral das vias aéreas superiores
1904,269,28060,2012-10-03,2012-10-03,2012-10-12,2012-10-12,32020,,,7758,0,43878008,28060,,0,Faringite estreptocócica
1905,270,40481087,2017-10-01,2017-10-01,2017-10-15,2017-10-15,32020,,,7814,0,444814009,40481087,,0,Infecção viral das vias aéreas superiores
1906,270,40481087,2016-03-28,2016-03-28,2016-04-04,2016-04-04,32020,,,7876,0,444814009,40481087,,0,Infecção viral das vias aéreas superiores
1907,270,4208104,2011-10-03,2011-10-03,,,32020,,,7866,0,55680006,4208104,,0,Overdose de droga
1908,270,4155034,2011-06-29,2011-06-29,2011-07-20,2011-07-20,32020,,,7868,0,283371005,4155034,,0,Laceração de antebraço
1909,270,4059173,2010-07-04,2010-07-04,2010-08-03,2010-08-03,32020,,,7870,0,16114001,4059173,,0,Fratura de tornozelo
1910,270,200970,1997-01-19,1997-01-19,,,32020,,,7874,0,92691004,200970,,0,Carcinoma in situ de próstata
1911,270,4129902,1997-01-19,1997-01-19,,,32020,,,7874,0,126906006,4129902,,0,Neoplasia de bexiga
1912,270,436096,1992-02-25,1992-02-25,,,32020,,,7828,0,82423001,436096,,0,Dor crônica
1913,270,43530652,1990-07-10,1990-07-10,,,32020,,,7818,0,124171000119105,43530652,,0,Nefropatia diabética crônica
1914,270,4055754,1990-04-13,1990-04-13,,,32020,,,7857,0,196416002,4055754,,0,Esofagite por refluxo
1915,270,0,1988-05-14,1988-05-14,,,32020,,,7791,0,449868002,42709996,,0,Fumante atual de cigarro
1916,270,4311629,1976-04-03,1976-04-03,,,32020,,,7869,0,15777000,40316773,,0,Pré-diabetes
1917,270,432867,1976-04-03,1976-04-03,,,32020,,,7869,0,55822004,432867,,0,Hiperlipidemia
1918,270,0,1941-11-22,1941-11-22,,,32020,,,7872,0,429007001,4324181,,0,Histórico de infarto
1919,270,321042,1941-11-22,1941-11-22,,,32020,,,7872,0,410429000,321042,,0,Parada cardíaca
1920,271,4112343,2018-03-20,2018-03-20,2018-04-02,2018-04-02,32020,,,7909,0,195662009,4112343,,0,Faringite viral aguda
1921,271,4112343,2017-11-06,2017-11-06,2017-11-19,2017-11-19,32020,,,7906,0,195662009,4112343,,0,Faringite viral aguda
1922,271,260139,2015-09-21,2015-09-21,2015-09-28,2015-09-28,32020,,,7888,0,10509002,260139,,0,Bronquite aguda
1923,271,0,2015-04-03,2015-04-03,,,32020,,,7881,0,162864005,4060985,,0,IMC 30+ - obesidade
1924,271,4217975,2013-11-01,2013-11-01,2014-06-13,2014-06-13,32020,,,7911,0,72892002,4217975,,0,Otite média não supurativa
1925,271,40481087,2012-07-26,2012-07-26,2012-08-16,2012-08-16,32020,,,7882,0,444814009,40481087,,0,Infecção viral das vias aéreas superiores
1926,271,4217975,2009-09-11,2009-09-11,2010-04-16,2010-04-16,32020,,,7912,0,72892002,4217975,,0,Otite média não supurativa
1927,271,4237458,2009-01-17,2009-01-17,2009-04-17,2009-04-17,32020,,,7902,0,58150001,4237458,,0,Fratura de clavícula
1928,271,4112343,2009-01-12,2009-01-12,2009-01-19,2009-01-19,32020,,,7889,0,195662009,4112343,,0,Faringite viral aguda
1929,272,0,2006-10-04,2006-10-04,,,32020,,,7924,0,399211009,4163874,,0,Histórico de infarto do miocárdio
1930,272,4329847,2006-10-04,2006-10-04,,,32020,,,7924,0,22298006,4329847,,0,Infarto do miocárdio
1931,272,4112343,2002-12-10,2002-12-10,2002-12-20,2002-12-20,32020,,,7932,0,195662009,4112343,,0,Faringite viral aguda
1932,272,260139,2002-05-24,2002-05-24,2002-06-07,2002-06-07,32020,,,7929,0,10509002,260139,,0,Bronquite aguda
1933,272,260139,2001-07-20,2001-07-20,2001-07-27,2001-07-27,32020,,,7926,0,10509002,260139,,0,Bronquite aguda
1934,272,316866,2000-09-20,2000-09-20,,,32020,,,7928,0,38341003,316866,,0,Hipertensão arterial
1935,272,317576,1995-08-23,1995-08-23,,,32020,,,7933,0,53741008,317576,,0,Doença arterial coronariana
1936,273,4112343,2016-01-16,2016-01-16,2016-01-29,2016-01-29,32020,,,7954,0,195662009,4112343,,0,Faringite viral aguda
1937,273,4285898,2015-12-01,2015-12-01,2017-04-25,2017-04-25,32020,,,7962,0,68496003,4285898,,0,Pólipo do cólon
1938,273,81151,2013-10-08,2013-10-08,2013-11-11,2013-11-11,32020,,,7944,0,44465007,81151,,0,Entorse de tornozelo
1939,273,80502,2004-12-03,2004-12-03,,,32020,,,7991,0,64859006,80502,,0,Osteoporose
1940,273,4208104,1994-01-21,1994-01-21,,,32020,,,7942,0,55680006,4208104,,0,Overdose de droga
1941,273,43530652,1990-04-06,1990-04-06,,,32020,,,7940,0,124171000119105,43530652,,0,Nefropatia diabética crônica
1942,273,4311629,1988-11-25,1988-11-25,,,32020,,,7983,0,15777000,40316773,,0,Pré-diabetes
1943,273,432867,1988-11-25,1988-11-25,,,32020,,,7983,0,55822004,432867,,0,Hiperlipidemia
1944,273,0,1972-11-24,1972-11-24,,,32020,,,7957,0,162864005,4060985,,0,IMC 30+ - obesidade
1945,274,80502,2017-02-04,2017-02-04,,,32020,,,8018,0,64859006,80502,,0,Osteoporose
1946,274,4112343,2012-03-15,2012-03-15,2012-03-23,2012-03-23,32020,,,8021,0,195662009,4112343,,0,Faringite viral aguda
1947,274,4156265,2009-11-29,2009-11-29,2009-12-13,2009-12-13,32020,,,8012,0,370247008,4156265,,0,Lesão facial
1948,274,40481087,2009-01-24,2009-01-24,2009-01-31,2009-01-31,32020,,,8015,0,444814009,40481087,,0,Infecção viral das vias aéreas superiores
1949,274,0,2004-12-04,2004-12-04,,,32020,,,8023,0,408512008,4256640,,0,Alcoolismo relatado pelo paciente
1950,274,4078393,2002-03-23,2002-03-23,,,32020,,,8028,0,19169002,4078393,,0,Aborto espontâneo na gravidez
1951,274,436096,1997-01-29,1997-01-29,,,32020,,,8030,0,82423001,436096,,0,Dor crônica
1952,274,0,1988-11-12,1988-11-12,,,32020,,,8029,0,162864005,4060985,,0,IMC 30+ - obesidade
1953,274,257012,1983-11-12,1983-11-12,,,32020,,,8019,0,40055000,257012,,0,Sinusite crônica
1954,275,4294548,2016-03-19,2016-03-19,2016-04-30,2016-04-30,32020,,,8033,0,75498004,4294548,,0,Infecção bacteriana aguda
1955,275,4112343,2011-07-04,2011-07-04,2011-07-14,2011-07-14,32020,,,8052,0,195662009,4112343,,0,Faringite viral aguda
1956,275,260139,2010-10-10,2010-10-10,2010-10-24,2010-10-24,32020,,,8039,0,10509002,260139,,0,Bronquite aguda
1957,275,257012,1985-09-30,1985-09-30,,,32020,,,8038,0,40055000,257012,,0,Sinusite crônica
1958,275,0,1977-11-21,1977-11-21,,,32020,,,8049,0,428251008,4323208,,0,Histórico de apendicectomia
1959,275,440448,1977-11-21,1977-11-21,,,32020,,,8045,0,74400008,440448,,0,Apendicite
1960,275,4311629,1975-07-19,1975-07-19,,,32020,,,8040,0,15777000,40316773,,0,Pré-diabetes
1961,275,316866,1975-07-19,1975-07-19,,,32020,,,8040,0,38341003,316866,,0,Hipertensão arterial
1962,276,0,1987-04-27,1987-04-27,,,32020,,,8063,0,429007001,4324181,,0,Histórico de infarto
1963,276,321042,1987-04-27,1987-04-27,,,32020,,,8063,0,410429000,321042,,0,Parada cardíaca
1964,276,40481087,1986-07-03,1986-07-03,1986-07-24,1986-07-24,32020,,,8057,0,444814009,40481087,,0,Infecção viral das vias aéreas superiores
1965,276,381316,1985-10-07,1985-10-07,,,32020,,,8071,0,230690007,381316,,0,Acidente vascular cerebral
1966,276,4112343,1983-09-11,1983-09-11,1983-09-20,1983-09-20,32020,,,8073,0,195662009,4112343,,0,Faringite viral aguda
1967,276,40481087,1981-06-16,1981-06-16,1981-06-23,1981-06-23,32020,,,8068,0,444814009,40481087,,0,Infecção viral das vias aéreas superiores
1968,276,4285898,1980-09-21,1980-09-21,1981-12-15,1981-12-15,32020,,,8062,0,68496003,4285898,,0,Pólipo do cólon
1969,276,317576,1977-05-16,1977-05-16,,,32020,,,8070,0,53741008,317576,,0,Doença arterial coronariana
1970,276,4311629,1962-11-12,1962-11-12,,,32020,,,8058,0,15777000,40316773,,0,Pré-diabetes
1971,276,0,1955-11-07,1955-11-07,,,32020,,,8065,0,408512008,4256640,,0,Alcoolismo relatado pelo paciente
1972,276,0,1936-02-10,1936-02-10,,,32020,,,8061,0,162864005,4060985,,0,IMC 30+ - obesidade
1973,276,316866,1929-01-28,1929-01-28,,,32020,,,8066,0,38341003,316866,,0,Hipertensão arterial
1974,277,4218389,2012-09-10,2012-09-10,2012-10-08,2012-10-08,32020,,,8076,0,39848009,4218389,,0,Lesão em chicote do pescoço
1975,277,40481087,2009-08-11,2009-08-11,2009-08-25,2009-08-25,32020,,,8084,0,444814009,40481087,,0,Infecção viral das vias aéreas superiores
1976,277,4048171,2004-01-23,2004-01-23,,,32020,,,8085,0,232353008,4048171,,0,Perfuração do tímpano
1977,277,4051466,2003-01-23,2003-01-23,,,32020,,,8090,0,233678006,4051466,,0,Asma na infância
1978,278,40481087,2015-12-01,2015-12-01,2015-12-15,2015-12-15,32020,,,8119,0,444814009,40481087,,0,Infecção viral das vias aéreas superiores
1979,278,4112343,2015-07-29,2015-07-29,2015-08-06,2015-08-06,32020,,,8107,0,195662009,4112343,,0,Faringite viral aguda
1980,278,40481087,2014-03-13,2014-03-13,2014-04-03,2014-04-03,32020,,,8136,0,444814009,40481087,,0,Infecção viral das vias aéreas superiores
1981,278,40481087,2012-07-01,2012-07-01,2012-07-15,2012-07-15,32020,,,8116,0,444814009,40481087,,0,Infecção viral das vias aéreas superiores
1982,278,40481087,2011-01-08,2011-01-08,2011-01-29,2011-01-29,32020,,,8106,0,444814009,40481087,,0,Infecção viral das vias aéreas superiores
1983,278,40481087,2009-09-26,2009-09-26,2009-10-10,2009-10-10,32020,,,8112,0,444814009,40481087,,0,Infecção viral das vias aéreas superiores
1984,278,0,1999-07-24,1999-07-24,,,32020,,,8129,0,408512008,4256640,,0,Alcoolismo relatado pelo paciente
1985,278,432867,1999-07-24,1999-07-24,,,32020,,,8129,0,55822004,432867,,0,Hiperlipidemia
1986,278,0,1982-09-04,1982-09-04,,,32020,,,8122,0,162864005,4060985,,0,IMC 30+ - obesidade
1987,279,4112343,2017-05-05,2017-05-05,2017-05-15,2017-05-15,32020,,,8143,0,195662009,4112343,,0,Faringite viral aguda
1988,280,260139,2017-10-29,2017-10-29,2017-11-05,2017-11-05,32020,,,8158,0,10509002,260139,,0,Bronquite aguda
1989,280,260139,2013-07-14,2013-07-14,2013-07-21,2013-07-21,32020,,,8160,0,10509002,260139,,0,Bronquite aguda
1990,280,40481087,2011-05-31,2011-05-31,2011-06-21,2011-06-21,32020,,,8159,0,444814009,40481087,,0,Infecção viral das vias aéreas superiores
1991,281,4112343,2015-05-10,2015-05-10,2015-05-21,2015-05-21,32020,,,8164,0,195662009,4112343,,0,Faringite viral aguda
1992,281,260139,2015-01-09,2015-01-09,2015-01-23,2015-01-23,32020,,,8166,0,10509002,260139,,0,Bronquite aguda
1993,282,4146173,2010-08-22,2010-08-22,2010-10-21,2010-10-21,32020,,,8192,0,307731004,4146173,,0,Fibrilação atrial de início recente
1994,282,4311629,1969-06-16,1969-06-16,,,32020,,,8196,0,15777000,40316773,,0,Pré-diabetes
1995,282,0,1954-01-11,1954-01-11,,,32020,,,8208,0,703151001,45766064,,0,Histórico de artroplastia de joelho
1996,282,4029498,1954-01-11,1954-01-11,,,32020,,,8208,0,128613002,4029498,,0,Transtorno convulsivo
1997,282,432867,1997-01-13,1997-01-13,,,32020,,,8185,0,55822004,432867,,0,Hiperlipidemia
1998,283,80502,2016-12-22,2016-12-22,,,32020,,,8233,0,64859006,80502,,0,Osteoporose
1999,283,40481087,2015-07-14,2015-07-14,2015-07-28,2015-07-28,32020,,,8215,0,444814009,40481087,,0,Infecção viral das vias aéreas superiores
2000,283,4294548,2015-03-26,2015-03-26,2015-04-09,2015-04-09,32020,,,8212,0,75498004,4294548,,0,Infecção bacteriana aguda
2001,283,40481087,2014-04-01,2014-04-01,2014-04-22,2014-04-22,32020,,,8236,0,444814009,40481087,,0,Infecção viral das vias aéreas superiores
2002,283,432867,2011-11-24,2011-11-24,,,32020,,,8237,0,55822004,432867,,0,Hiperlipidemia
2003,283,28060,2010-10-30,2010-10-30,2010-11-08,2010-11-08,32020,,,8240,0,43878008,28060,,0,Faringite estreptocócica
2004,283,4055754,1990-05-26,1990-05-26,,,32020,,,8220,0,196416002,4055754,,0,Esofagite por refluxo
2005,283,4208104,1990-05-12,1990-05-12,,,32020,,,8225,0,55680006,4208104,,0,Overdose de droga
2006,283,4078393,1982-02-25,1982-02-25,,,32020,,,8232,0,19169002,4078393,,0,Aborto espontâneo na gravidez
2007,283,4311629,1977-01-06,1977-01-06,,,32020,,,8230,0,15777000,40316773,,0,Pré-diabetes
2008,284,40481087,2018-04-07,2018-04-07,2018-04-14,2018-04-14,32020,,,8251,0,444814009,40481087,,0,Infecção viral das vias aéreas superiores
2009,284,4112343,2017-07-21,2017-07-21,2017-08-01,2017-08-01,32020,,,8258,0,195662009,4112343,,0,Faringite viral aguda
2010,284,40481087,2017-05-19,2017-05-19,2017-06-02,2017-06-02,32020,,,8288,0,444814009,40481087,,0,Infecção viral das vias aéreas superiores
2011,284,40481087,2016-08-02,2016-08-02,2016-08-16,2016-08-16,32020,,,8290,0,444814009,40481087,,0,Infecção viral das vias aéreas superiores
2012,284,440086,2016-02-04,2016-02-04,2018-10-11,2018-10-11,32020,,,8291,0,192127007,440086,,0,Transtorno do espectro autista infantil
2013,284,4048695,2012-08-27,2012-08-27,2012-09-27,2012-09-27,32020,,,8248,0,15724005,4048695,,0,Fratura de vértebra
2014,284,40481087,2011-06-10,2011-06-10,2011-06-24,2011-06-24,32020,,,8264,0,444814009,40481087,,0,Infecção viral das vias aéreas superiores
2015,285,260139,2015-12-25,2015-12-25,2016-01-08,2016-01-08,32020,,,8301,0,10509002,260139,,0,Bronquite aguda
2016,285,40479422,2013-01-18,2013-01-18,2013-02-24,2013-02-24,32020,,,8304,0,444448004,40479422,,0,Neuropatia diabética
2017,285,4311629,2012-08-20,2012-08-20,,,32020,,,8315,0,15777000,40316773,,0,Pré-diabetes
2018,285,4079749,2007-07-28,2007-07-28,,,32020,,,8314,0,239872002,4079749,,0,Osteoartrite do quadril
2019,285,4078393,2004-10-11,2004-10-11,,,32020,,,8307,0,19169002,4078393,,0,Aborto espontâneo na gravidez
2020,285,0,2004-08-23,2004-08-23,,,32020,,,8302,0,408512008,4256640,,0,Alcoolismo relatado pelo paciente
2021,285,0,1985-10-14,1985-10-14,,,32020,,,8310,0,162864005,4060985,,0,IMC 30+ - obesidade
2022,286,4217975,2018-08-22,2018-08-22,,,32020,,,8332,0,72892002,4217975,,0,Otite média não supurativa
2023,286,4112343,2014-11-11,2014-11-11,2014-11-20,2014-11-20,32020,,,8338,0,195662009,4112343,,0,Faringite viral aguda
2024,286,28060,2012-06-11,2012-06-11,2012-06-22,2012-06-22,32020,,,8344,0,43878008,28060,,0,Faringite estreptocócica
2025,286,0,2012-05-02,2012-05-02,,,32020,,,8337,0,408512008,4256640,,0,Alcoolismo relatado pelo paciente
2026,286,4217975,2011-08-17,2011-08-17,2011-09-07,2011-09-07,32020,,,8318,0,72892002,4217975,,0,Otite média não supurativa
2027,286,4217975,2008-03-19,2008-03-19,2008-10-29,2008-10-29,32020,,,8321,0,72892002,4217975,,0,Otite média não supurativa
2028,286,4078393,2003-09-03,2003-09-03,,,32020,,,8328,0,19169002,4078393,,0,Aborto espontâneo na gravidez
2029,286,4217975,2003-09-03,2003-09-03,2003-09-17,2003-09-17,32020,,,8328,0,72892002,4217975,,0,Otite média não supurativa
2030,286,4217975,1999-02-10,1999-02-10,1999-09-15,1999-09-15,32020,,,8320,0,72892002,4217975,,0,Otite média não supurativa
2031,286,0,1997-04-16,1997-04-16,,,32020,,,8325,0,162864005,4060985,,0,IMC 30+ - obesidade
2032,286,4217975,1992-05-06,1992-05-06,1992-11-18,1992-11-18,32020,,,8336,0,72892002,4217975,,0,Otite média não supurativa
2033,287,40481087,2017-10-29,2017-10-29,2017-11-05,2017-11-05,32020,,,8390,0,444814009,40481087,,0,Infecção viral das vias aéreas superiores
2034,287,432867,2014-01-09,2014-01-09,,,32020,,,8400,0,55822004,432867,,0,Hiperlipidemia
2035,287,260139,2011-10-25,2011-10-25,2011-11-01,2011-11-01,32020,,,8357,0,10509002,260139,,0,Bronquite aguda
2036,287,4146173,2009-07-23,2009-07-23,2009-09-21,2009-09-21,32020,,,8404,0,307731004,4146173,,0,Fibrilação atrial de início recente
2037,287,4311629,1987-12-24,1987-12-24,,,32020,,,8375,0,15777000,40316773,,0,Pré-diabetes
2038,287,4214376,1987-12-24,1987-12-24,,,32020,,,8375,0,80394007,4214376,,0,Hiperglicemia
2039,287,192279,1987-03-19,1987-03-19,,,32020,,,8408,0,127013003,192279,,0,Nefropatia diabética
2040,287,443614,1987-03-19,1987-03-19,,,32020,,,8408,0,431855005,443614,,0,Doença renal crônica estágio 1
2041,287,436940,1985-03-14,1985-03-14,,,32020,,,8405,0,237602007,436940,,0,Síndrome metabólica
2042,287,4120314,1985-03-14,1985-03-14,,,32020,,,8405,0,302870006,4120314,,0,Hipertrigliceridemia
2043,287,201826,1982-03-11,1982-03-11,,,32020,,,8394,0,44054006,201826,,0,Diabetes mellitus tipo 2
2044,287,316866,1982-03-11,1982-03-11,,,32020,,,8394,0,38341003,316866,,0,Hipertensão arterial
2045,288,4112343,2017-10-29,2017-10-29,2017-11-11,2017-11-11,32020,,,8427,0,195662009,4112343,,0,Faringite viral aguda
2046,288,40481087,2013-03-30,2013-03-30,2013-04-20,2013-04-20,32020,,,8432,0,444814009,40481087,,0,Infecção viral das vias aéreas superiores
2047,288,40481087,2010-04-24,2010-04-24,2010-05-08,2010-05-08,32020,,,8424,0,444814009,40481087,,0,Infecção viral das vias aéreas superiores
2048,288,4311629,2010-04-07,2010-04-07,,,32020,,,8426,0,15777000,40316773,,0,Pré-diabetes
2049,288,4237458,2009-11-18,2009-11-18,2010-01-17,2010-01-17,32020,,,8433,0,58150001,4237458,,0,Fratura de clavícula
2050,288,257012,1978-06-01,1978-06-01,,,32020,,,8430,0,40055000,257012,,0,Sinusite crônica
2051,289,372328,2018-02-21,2018-02-21,2018-10-19,2018-10-19,32020,,,8448,0,65363002,372328,,0,Otite média
2052,289,40481087,2016-09-07,2016-09-07,2016-09-21,2016-09-21,32020,,,8444,0,444814009,40481087,,0,Infecção viral das vias aéreas superiores
2053,289,40481087,2015-06-26,2015-06-26,2015-07-10,2015-07-10,32020,,,8443,0,444814009,40481087,,0,Infecção viral das vias aéreas superiores
2054,289,81151,2014-10-23,2014-10-23,2014-11-06,2014-11-06,32020,,,8454,0,44465007,81151,,0,Entorse de tornozelo
2055,289,372328,2014-04-26,2014-04-26,2014-10-10,2014-10-10,32020,,,8440,0,65363002,372328,,0,Otite média
2056,290,4112343,2012-03-06,2012-03-06,2012-03-17,2012-03-17,32020,,,8456,0,195662009,4112343,,0,Faringite viral aguda
2057,290,0,1976-08-26,1976-08-26,,,32020,,,8458,0,162864005,4060985,,0,IMC 30+ - obesidade
2058,291,4112343,2018-03-25,2018-03-25,2018-04-05,2018-04-05,32020,,,8473,0,195662009,4112343,,0,Faringite viral aguda
2059,291,40481087,2016-02-23,2016-02-23,2016-03-15,2016-03-15,32020,,,8470,0,444814009,40481087,,0,Infecção viral das vias aéreas superiores
2060,291,40481087,2011-09-26,2011-09-26,2011-10-10,2011-10-10,32020,,,8474,0,444814009,40481087,,0,Infecção viral das vias aéreas superiores
2061,291,40481087,2011-06-30,2011-06-30,2011-07-21,2011-07-21,32020,,,8471,0,444814009,40481087,,0,Infecção viral das vias aéreas superiores
2062,292,81151,2017-01-25,2017-01-25,2017-02-22,2017-02-22,32020,,,8480,0,44465007,81151,,0,Entorse de tornozelo
2063,292,4112343,2013-11-03,2013-11-03,2013-11-16,2013-11-16,32020,,,8475,0,195662009,4112343,,0,Faringite viral aguda
2064,292,317576,2013-03-15,2013-03-15,,,32020,,,8479,0,53741008,317576,,0,Doença arterial coronariana
2065,292,260139,2010-02-16,2010-02-16,2010-03-02,2010-03-02,32020,,,8489,0,10509002,260139,,0,Bronquite aguda
2066,292,0,1983-03-04,1983-03-04,,,32020,,,8486,0,162864005,4060985,,0,IMC 30+ - obesidade
2067,292,316866,1970-02-13,1970-02-13,,,32020,,,8481,0,38341003,316866,,0,Hipertensão arterial
2068,293,375671,2014-05-22,2014-05-22,2014-06-21,2014-06-21,32020,,,8508,0,62564004,375671,,0,Concussão sem perda de consciência
2069,293,4217975,2012-11-15,2012-11-15,2013-06-28,2013-06-28,32020,,,8522,0,72892002,4217975,,0,Otite média não supurativa
2070,293,0,2012-10-26,2012-10-26,,,32020,,,8505,0,162864005,4060985,,0,IMC 30+ - obesidade
2071,293,4217975,2010-12-23,2010-12-23,2011-07-08,2011-07-08,32020,,,8529,0,72892002,4217975,,0,Otite média não supurativa
2072,293,40318618,2010-07-23,2010-07-23,2010-07-30,2010-07-30,32020,,,8503,0,156073000,40318618,,0,Obesidade
2073,293,4078393,2010-07-23,2010-07-23,,,32020,,,8503,0,19169002,4078393,,0,Aborto espontâneo na gravidez
2074,293,4217975,2010-07-23,2010-07-23,2010-07-30,2010-07-30,32020,,,8503,0,72892002,4217975,,0,Otite média não supurativa
2075,293,4217975,2009-02-12,2009-02-12,2009-09-18,2009-09-18,32020,,,8515,0,72892002,4217975,,0,Otite média não supurativa
2076,293,316866,2000-05-19,2000-05-19,,,32020,,,8502,0,38341003,316866,,0,Hipertensão arterial
2077,294,0,2012-04-28,2012-04-28,,,32020,,,8547,0,428251008,4323208,,0,Histórico de apendicectomia
2078,294,440448,2012-04-28,2012-04-28,,,32020,,,8550,0,74400008,440448,,0,Apendicite
2079,294,4166224,2012-04-28,2012-04-28,,,32020,,,8550,0,47693006,4166224,,0,Ruptura de apêndice
2080,294,316866,1976-12-26,1976-12-26,,,32020,,,8548,0,38341003,316866,,0,Hipertensão arterial
2081,295,372328,2018-06-10,2018-06-10,2018-06-24,2018-06-24,32020,,,8552,0,65363002,372328,,0,Otite média
2082,295,40481087,2018-01-17,2018-01-17,2018-01-24,2018-01-24,32020,,,8559,0,444814009,40481087,,0,Infecção viral das vias aéreas superiores
2083,296,0,2015-06-13,2015-06-13,,,32020,,,8598,0,399211009,4163874,,0,Histórico de infarto do miocárdio
2084,296,4329847,2015-06-13,2015-06-13,,,32020,,,8598,0,22298006,4329847,,0,Infarto do miocárdio
2085,296,4294548,2013-12-23,2013-12-23,2014-01-13,2014-01-13,32020,,,8582,0,75498004,4294548,,0,Infecção bacteriana aguda
2086,296,28060,2012-01-12,2012-01-12,2012-01-20,2012-01-20,32020,,,8561,0,43878008,28060,,0,Faringite estreptocócica
2087,296,317576,2011-05-28,2011-05-28,,,32020,,,8571,0,53741008,317576,,0,Doença arterial coronariana
2088,296,4112343,2007-04-24,2007-04-24,2007-05-05,2007-05-05,32020,,,8572,0,195662009,4112343,,0,Faringite viral aguda
2089,296,81151,2006-06-26,2006-06-26,2006-07-31,2006-07-31,32020,,,8600,0,44465007,81151,,0,Entorse de tornozelo
2090,296,4048171,2002-09-02,2002-09-02,,,32020,,,8570,0,232353008,4048171,,0,Perfuração do tímpano
2091,297,4112343,2015-06-06,2015-06-06,2015-06-19,2015-06-19,32020,,,8613,0,195662009,4112343,,0,Faringite viral aguda
2092,297,4109685,2014-08-26,2014-08-26,2014-09-16,2014-09-16,32020,,,8614,0,284551006,4109685,,0,Laceração de pé
2093,297,4311629,1997-10-23,1997-10-23,,,32020,,,8612,0,15777000,40316773,,0,Pré-diabetes
2094,298,4112343,2017-03-23,2017-03-23,2017-03-30,2017-03-30,32020,,,8622,0,195662009,4112343,,0,Faringite viral aguda
2095,298,4285898,2012-04-07,2012-04-07,2013-04-02,2013-04-02,32020,,,8625,0,68496003,4285898,,0,Pólipo do cólon
2096,298,4112343,2011-02-06,2011-02-06,2011-02-19,2011-02-19,32020,,,8623,0,195662009,4112343,,0,Faringite viral aguda
2097,298,0,2007-03-28,2007-03-28,,,32020,,,8624,0,428251008,4323208,,0,Histórico de apendicectomia
2098,298,440448,2007-03-28,2007-03-28,,,32020,,,8632,0,74400008,440448,,0,Apendicite
2099,298,4078393,2003-11-24,2003-11-24,,,32020,,,8626,0,19169002,4078393,,0,Aborto espontâneo na gravidez
2100,298,0,2003-02-10,2003-02-10,,,32020,,,8636,0,162864005,4060985,,0,IMC 30+ - obesidade
2101,298,316866,1975-06-02,1975-06-02,,,32020,,,8631,0,38341003,316866,,0,Hipertensão arterial
2102,299,40481087,2013-10-02,2013-10-02,2013-10-23,2013-10-23,32020,,,8662,0,444814009,40481087,,0,Infecção viral das vias aéreas superiores
2103,299,40481087,2012-11-08,2012-11-08,2012-11-29,2012-11-29,32020,,,8654,0,444814009,40481087,,0,Infecção viral das vias aéreas superiores
2104,299,45769905,2008-03-29,2008-03-29,,,32020,,,8665,0,90781000119102,45769905,,0,Doença renal crônica por diabetes
2105,299,192279,2008-03-29,2008-03-29,,,32020,,,8665,0,127013003,192279,,0,Nefropatia diabética
2106,299,443601,2008-03-29,2008-03-29,,,32020,,,8665,0,431856006,443601,,0,Doença renal crônica estágio 4
2107,299,436940,2008-03-29,2008-03-29,,,32020,,,8665,0,237602007,436940,,0,Síndrome metabólica
2108,299,4120314,2006-05-27,2006-05-27,,,32020,,,8659,0,302870006,4120314,,0,Hipertrigliceridemia
2109,299,201826,2003-05-24,2003-05-24,,,32020,,,8643,0,44054006,201826,,0,Diabetes mellitus tipo 2
2110,299,316866,2003-05-24,2003-05-24,,,32020,,,8643,0,38341003,316866,,0,Hipertensão arterial
2111,299,4311629,2000-05-20,2000-05-20,,,32020,,,8651,0,15777000,40316773,,0,Pré-diabetes
2112,300,40481087,2018-11-03,2018-11-03,2018-11-17,2018-11-17,32020,,,8695,0,444814009,40481087,,0,Infecção viral das vias aéreas superiores
2113,300,4283893,2016-04-04,2016-04-04,2016-05-09,2016-05-09,32020,,,8704,0,36971009,4283893,,0,Sinusite
2114,300,4112343,2015-09-25,2015-09-25,2015-10-05,2015-10-05,32020,,,8745,0,195662009,4112343,,0,Faringite viral aguda
2115,300,40481087,2014-05-19,2014-05-19,2014-06-09,2014-06-09,32020,,,8737,0,444814009,40481087,,0,Infecção viral das vias aéreas superiores
2116,300,4217975,2012-09-30,2012-09-30,2013-05-19,2013-05-19,32020,,,8729,0,72892002,4217975,,0,Otite média não supurativa
2117,300,40481087,2010-12-09,2010-12-09,2010-12-30,2010-12-30,32020,,,8716,0,444814009,40481087,,0,Infecção viral das vias aéreas superiores
2118,300,4217975,2009-09-06,2009-09-06,2010-04-11,2010-04-11,32020,,,8730,0,72892002,4217975,,0,Otite média não supurativa
2119,300,81151,2009-01-18,2009-01-18,2009-02-15,2009-02-15,32020,,,8725,0,44465007,81151,,0,Entorse de tornozelo
2120,300,0,2005-02-27,2005-02-27,,,32020,,,8699,0,162864005,4060985,,0,IMC 30+ - obesidade
2121,300,316866,1993-08-08,1993-08-08,,,32020,,,8710,0,38341003,316866,,0,Hipertensão arterial
2122,300,257012,1978-02-18,1978-02-18,,,32020,,,8717,0,40055000,257012,,0,Sinusite crônica
2123,301,40481087,2014-07-07,2014-07-07,2014-07-28,2014-07-28,32020,,,8758,0,444814009,40481087,,0,Infecção viral das vias aéreas superiores
2124,301,40481087,2012-11-17,2012-11-17,2012-12-08,2012-12-08,32020,,,8751,0,444814009,40481087,,0,Infecção viral das vias aéreas superiores
2125,301,432867,2011-07-12,2011-07-12,,,32020,,,8752,0,55822004,432867,,0,Hiperlipidemia
2126,301,4078393,2002-06-04,2002-06-04,,,32020,,,8747,0,19169002,4078393,,0,Aborto espontâneo na gravidez
2127,301,75036,1995-05-22,1995-05-22,,,32020,,,8768,0,201834006,75036,,0,Dermatite perioral
2128,301,4311629,1982-08-10,1982-08-10,,,32020,,,8762,0,15777000,40316773,,0,Pré-diabetes
2129,302,260139,2011-11-09,2011-11-09,2011-11-23,2011-11-23,32020,,,8769,0,10509002,260139,,0,Bronquite aguda
2130,302,372328,2011-01-27,2011-01-27,2011-11-15,2011-11-15,32020,,,8774,0,65363002,372328,,0,Otite média
2131,302,375671,2010-12-04,2010-12-04,2011-01-03,2011-01-03,32020,,,8771,0,62564004,375671,,0,Concussão sem perda de consciência
2132,303,137613,2018-12-31,2018-12-31,,,32020,,,8917,0,198992004,137613,,0,Pré-eclâmpsia leve
2133,303,4217975,2018-06-18,2018-06-18,,,32020,,,8818,0,72892002,4217975,,0,Otite média não supurativa
2134,303,4152936,2018-01-27,2018-01-27,2018-02-10,2018-02-10,32020,,,8864,0,283385000,4152936,,0,Laceração de ombro
2135,303,4217975,2017-10-16,2017-10-16,2017-10-30,2017-10-30,32020,,,8866,0,72892002,4217975,,0,Otite média não supurativa
2136,303,4217975,2017-06-26,2017-06-26,2017-07-17,2017-07-17,32020,,,8894,0,72892002,4217975,,0,Otite média não supurativa
2137,303,4217975,2016-06-20,2016-06-20,2017-02-06,2017-02-06,32020,,,8822,0,72892002,4217975,,0,Otite média não supurativa
2138,303,4113008,2016-02-23,2016-02-23,2016-03-08,2016-03-08,32020,,,8870,0,284549007,4113008,,0,Laceração de mão
2139,303,28060,2015-11-23,2015-11-23,2015-12-02,2015-12-02,32020,,,8890,0,43878008,28060,,0,Faringite estreptocócica
2140,303,4208104,2012-10-19,2012-10-19,,,32020,,,8875,0,55680006,4208104,,0,Overdose de droga
2141,303,43530652,2012-02-22,2012-02-22,,,32020,,,8857,0,124171000119105,43530652,,0,Nefropatia diabética crônica
2142,303,372328,2011-10-28,2011-10-28,2012-07-30,2012-07-30,32020,,,8904,0,65363002,372328,,0,Otite média
2143,303,4055754,2011-09-29,2011-09-29,,,32020,,,8918,0,196416002,4055754,,0,Esofagite por refluxo
2144,303,40481087,2011-07-05,2011-07-05,2011-07-26,2011-07-26,32020,,,8832,0,444814009,40481087,,0,Infecção viral das vias aéreas superiores
2145,303,436096,2011-05-18,2011-05-18,,,32020,,,8781,0,82423001,436096,,0,Dor crônica
2146,303,4051466,2001-04-20,2001-04-20,2016-07-31,2016-07-31,32020,,,8830,0,233678006,4051466,,0,Asma na infância
2147,303,40486433,1999-04-21,1999-04-21,,,32020,,,8831,0,446096008,40486433,,0,Esteatose hepática perivenular
2148,303,0,1998-04-16,1998-04-16,,,32020,,,8810,0,428251008,4323208,,0,Histórico de apendicectomia
2149,303,440448,1998-04-16,1998-04-16,,,32020,,,8876,0,74400008,440448,,0,Apendicite
2150,303,133834,1997-09-18,1997-09-18,2015-04-17,2015-04-17,32020,,,8845,0,24079001,133834,,0,Dermatite atópica
2151,304,439393,2019-01-04,2019-01-04,,,32020,,,8935,0,398254007,439393,,0,Pré-eclâmpsia
2152,304,4217975,2018-07-20,2018-07-20,,,32020,,,8957,0,72892002,4217975,,0,Otite média não supurativa
2153,304,4112343,2012-09-18,2012-09-18,2012-09-30,2012-09-30,32020,,,8946,0,195662009,4112343,,0,Faringite viral aguda
2154,304,40481087,2011-12-08,2011-12-08,2011-12-29,2011-12-29,32020,,,8948,0,444814009,40481087,,0,Infecção viral das vias aéreas superiores
2155,304,260139,2010-12-18,2010-12-18,2010-12-25,2010-12-25,32020,,,8956,0,10509002,260139,,0,Bronquite aguda
2156,304,40481087,2010-10-14,2010-10-14,2010-11-04,2010-11-04,32020,,,8941,0,444814009,40481087,,0,Infecção viral das vias aéreas superiores
2157,304,40481087,2010-04-05,2010-04-05,2010-04-12,2010-04-12,32020,,,8936,0,444814009,40481087,,0,Infecção viral das vias aéreas superiores
2158,304,4217975,2010-03-12,2010-03-12,2010-10-08,2010-10-08,32020,,,8947,0,72892002,4217975,,0,Otite média não supurativa
2159,304,380378,1993-06-11,1993-06-11,,,32020,,,8930,0,84757009,380378,,0,Epilepsia
2160,304,0,1993-06-11,1993-06-11,,,32020,,,8930,0,703151001,45766064,,0,Histórico de artroplastia de joelho
2161,304,4029498,1993-06-11,1993-06-11,,,32020,,,8930,0,128613002,4029498,,0,Transtorno convulsivo
2162,305,260139,2017-03-31,2017-03-31,2017-04-07,2017-04-07,32020,,,8961,0,10509002,260139,,0,Bronquite aguda
2163,305,4208104,2016-01-14,2016-01-14,,,32020,,,8964,0,55680006,4208104,,0,Overdose de droga
2164,305,260139,2015-11-16,2015-11-16,2015-11-30,2015-11-30,32020,,,8974,0,10509002,260139,,0,Bronquite aguda
2165,305,4218389,2015-08-27,2015-08-27,2015-10-01,2015-10-01,32020,,,8996,0,39848009,4218389,,0,Lesão em chicote do pescoço
2166,305,260139,2014-08-08,2014-08-08,2014-08-22,2014-08-22,32020,,,8969,0,10509002,260139,,0,Bronquite aguda
2167,305,4226121,2011-07-13,2011-07-13,,,32020,,,8973,0,422034002,4226121,,0,Retinopatia diabética proliferativa
2168,305,436940,2011-07-13,2011-07-13,,,32020,,,8973,0,237602007,436940,,0,Síndrome metabólica
2169,305,4120314,2011-07-13,2011-07-13,,,32020,,,8973,0,302870006,4120314,,0,Hipertrigliceridemia
2170,305,4214376,2011-07-13,2011-07-13,,,32020,,,8973,0,80394007,4214376,,0,Hiperglicemia
2171,305,4237458,2011-05-20,2011-05-20,2011-08-18,2011-08-18,32020,,,8997,0,58150001,4237458,,0,Fratura de clavícula
2172,305,201826,2009-07-08,2009-07-08,,,32020,,,9007,0,44054006,201826,,0,Diabetes mellitus tipo 2
2173,305,257012,2003-09-07,2003-09-07,,,32020,,,8963,0,40055000,257012,,0,Sinusite crônica
2174,306,260139,2018-01-31,2018-01-31,2018-02-14,2018-02-14,32020,,,9027,0,10509002,260139,,0,Bronquite aguda
2175,306,440086,2018-01-30,2018-01-30,2018-08-08,2018-08-08,32020,,,9015,0,192127007,440086,,0,Transtorno do espectro autista infantil
2176,306,4112343,2016-09-25,2016-09-25,2016-10-08,2016-10-08,32020,,,9046,0,195662009,4112343,,0,Faringite viral aguda
2177,306,40481087,2015-06-08,2015-06-08,2015-06-15,2015-06-15,32020,,,9044,0,444814009,40481087,,0,Infecção viral das vias aéreas superiores
2178,306,4112343,2014-06-24,2014-06-24,2014-07-06,2014-07-06,32020,,,9034,0,195662009,4112343,,0,Faringite viral aguda
2179,306,4048171,2010-02-08,2010-02-08,,,32020,,,9045,0,232353008,4048171,,0,Perfuração do tímpano
2180,306,4113008,2009-10-15,2009-10-15,2009-10-29,2009-10-29,32020,,,9020,0,284549007,4113008,,0,Laceração de mão
2181,306,4294548,2009-04-12,2009-04-12,2009-05-03,2009-05-03,32020,,,9035,0,75498004,4294548,,0,Infecção bacteriana aguda
2182,306,4051466,2008-02-09,2008-02-09,,,32020,,,9043,0,233678006,4051466,,0,Asma na infância
2183,307,0,2015-03-22,2015-03-22,,,32020,,,9051,0,399211009,4163874,,0,Histórico de infarto do miocárdio
2184,307,4329847,2015-03-22,2015-03-22,,,32020,,,9051,0,22298006,4329847,,0,Infarto do miocárdio
2185,307,0,2012-05-06,2012-05-06,,,32020,,,9052,0,162864005,4060985,,0,IMC 30+ - obesidade
2186,307,4113008,2009-07-17,2009-07-17,2009-08-07,2009-08-07,32020,,,9060,0,284549007,4113008,,0,Laceração de mão
2187,307,40481087,2009-04-26,2009-04-26,2009-05-03,2009-05-03,32020,,,9053,0,444814009,40481087,,0,Infecção viral das vias aéreas superiores
2188,307,40481087,2008-01-13,2008-01-13,2008-01-27,2008-01-27,32020,,,9056,0,444814009,40481087,,0,Infecção viral das vias aéreas superiores
2189,307,40481087,2005-09-26,2005-09-26,2005-10-17,2005-10-17,32020,,,9055,0,444814009,40481087,,0,Infecção viral das vias aéreas superiores
2190,307,317576,1980-10-05,1980-10-05,,,32020,,,9058,0,53741008,317576,,0,Doença arterial coronariana
2191,307,4280726,1978-11-07,1978-11-07,,,32020,,,9065,0,367498001,4280726,,0,Gripe sazonal
2192,308,4112343,2018-09-18,2018-09-18,2018-09-28,2018-09-28,32020,,,9070,0,195662009,4112343,,0,Faringite viral aguda
2193,308,4112343,2010-03-22,2010-03-22,2010-03-31,2010-03-31,32020,,,9083,0,195662009,4112343,,0,Faringite viral aguda
2194,308,381316,2002-01-11,2002-01-11,,,32020,,,9076,0,230690007,381316,,0,Acidente vascular cerebral
2195,308,313217,1995-06-16,1995-06-16,,,32020,,,9078,0,49436004,313217,,0,Fibrilação atrial
2196,308,37017023,1977-03-23,1977-03-23,,,32020,,,9073,0,713197008,37017023,,0,Fibrose cística recorrente
2197,308,4285898,1975-11-29,1975-11-29,,,32020,,,9066,0,68496003,4285898,,0,Pólipo do cólon
2198,308,80502,1971-01-29,1971-01-29,,,32020,,,9079,0,64859006,80502,,0,Osteoporose
2199,308,0,1950-12-08,1950-12-08,,,32020,,,9085,0,408512008,4256640,,0,Alcoolismo relatado pelo paciente
2200,308,0,1936-03-13,1936-03-13,,,32020,,,9072,0,162864005,4060985,,0,IMC 30+ - obesidade
2201,308,4078393,1926-03-12,1926-03-12,,,32020,,,9080,0,19169002,4078393,,0,Aborto espontâneo na gravidez
2202,309,137613,2010-11-01,2010-11-01,2010-11-22,2010-11-22,32020,,,9113,0,198992004,137613,,0,Pré-eclâmpsia leve
2203,309,4217975,2010-04-19,2010-04-19,2010-11-22,2010-11-22,32020,,,9107,0,72892002,4217975,,0,Otite média não supurativa
2204,309,4311629,1995-10-09,1995-10-09,,,32020,,,9096,0,15777000,40316773,,0,Pré-diabetes
2205,309,4078393,1988-03-28,1988-03-28,,,32020,,,9103,0,19169002,4078393,,0,Aborto espontâneo na gravidez
2206,310,255848,1992-07-29,1992-07-29,,,32020,,,9120,0,233604007,255848,,0,Pneumonia
2207,310,378419,1986-09-29,1986-09-29,,,32020,,,9135,0,26929004,378419,,0,Doença de Alzheimer
2208,310,40481087,1983-11-03,1983-11-03,1983-11-17,1983-11-17,32020,,,9127,0,444814009,40481087,,0,Infecção viral das vias aéreas superiores
2209,310,313217,1964-10-19,1964-10-19,,,32020,,,9129,0,49436004,313217,,0,Fibrilação atrial
2210,310,4311629,1935-03-18,1935-03-18,,,32020,,,9134,0,15777000,40316773,,0,Pré-diabetes
2211,311,198199,2015-09-02,2015-09-02,2015-10-24,2015-10-24,32020,,,9152,0,45816000,198199,,0,Pielonefrite
2212,311,4217975,2014-09-14,2014-09-14,2015-04-26,2015-04-26,32020,,,9176,0,72892002,4217975,,0,Otite média não supurativa
2213,311,4079750,2013-09-02,2013-09-02,,,32020,,,9174,0,239873007,4079750,,0,Osteoartrite do joelho
2214,311,4311629,2013-07-14,2013-07-14,,,32020,,,9180,0,15777000,40316773,,0,Pré-diabetes
2215,311,40481087,2012-05-27,2012-05-27,2012-06-03,2012-06-03,32020,,,9172,0,444814009,40481087,,0,Infecção viral das vias aéreas superiores
2216,311,4217975,2012-04-01,2012-04-01,2012-11-04,2012-11-04,32020,,,9149,0,72892002,4217975,,0,Otite média não supurativa
2217,311,4283893,2011-09-25,2011-09-25,2011-10-23,2011-10-23,32020,,,9164,0,36971009,4283893,,0,Sinusite
2218,311,40481087,2011-06-13,2011-06-13,2011-06-20,2011-06-20,32020,,,9175,0,444814009,40481087,,0,Infecção viral das vias aéreas superiores
2219,311,4296204,2011-04-11,2011-04-11,2011-05-16,2011-05-16,32020,,,9165,0,403190006,4296204,,0,Queimadura solar de primeiro grau
2220,311,0,2003-06-29,2003-06-29,,,32020,,,9151,0,162864005,4060985,,0,IMC 30+ - obesidade
2221,311,4078393,2000-06-11,2000-06-11,,,32020,,,9146,0,19169002,4078393,,0,Aborto espontâneo na gravidez
2222,312,257012,2016-02-01,2016-02-01,,,32020,,,9190,0,40055000,257012,,0,Sinusite crônica
2223,312,4283893,2016-01-18,2016-01-18,2016-03-21,2016-03-21,32020,,,9187,0,36971009,4283893,,0,Sinusite
2224,312,4116491,2015-09-24,2015-09-24,2015-11-03,2015-11-03,32020,,,9223,0,301011002,4116491,,0,Infecção do trato urinário por E. coli
2225,312,0,2015-09-08,2015-09-08,,,32020,,,9188,0,408512008,4256640,,0,Alcoolismo relatado pelo paciente
2226,312,40481087,2015-09-06,2015-09-06,2015-09-13,2015-09-13,32020,,,9188,0,444814009,40481087,,0,Infecção viral das vias aéreas superiores
2227,312,378001,2014-03-17,2014-03-17,2014-04-16,2014-04-16,32020,,,9202,0,62106007,378001,,0,Concussão com perda de consciência
2228,312,4079750,2013-09-24,2013-09-24,,,32020,,,9184,0,239873007,4079750,,0,Osteoartrite do joelho
2229,312,40318618,2012-02-28,2012-02-28,2012-03-13,2012-03-13,32020,,,9211,0,156073000,40318618,,0,Obesidade
2230,312,4217975,2012-02-28,2012-02-28,2012-03-13,2012-03-13,32020,,,9211,0,72892002,4217975,,0,Otite média não supurativa
2231,312,78272,2011-04-18,2011-04-18,2011-05-02,2011-05-02,32020,,,9192,0,70704007,78272,,0,Entorse de punho
2232,312,4217975,2010-11-23,2010-11-23,2011-06-28,2011-06-28,32020,,,9224,0,72892002,4217975,,0,Otite média não supurativa
2233,312,0,2000-01-18,2000-01-18,,,32020,,,9214,0,162864005,4060985,,0,IMC 30+ - obesidade
2234,312,4078393,1996-03-05,1996-03-05,,,32020,,,9196,0,19169002,4078393,,0,Aborto espontâneo na gravidez
2235,312,40486433,1974-10-11,1974-10-11,,,32020,,,9201,0,446096008,40486433,,0,Esteatose hepática perivenular
2236,312,133834,1972-06-08,1972-06-08,,,32020,,,9197,0,24079001,133834,,0,Dermatite atópica
2237,313,28060,2015-04-02,2015-04-02,2015-04-10,2015-04-10,32020,,,9235,0,43878008,28060,,0,Faringite estreptocócica
2238,313,40481087,2011-07-27,2011-07-27,2011-08-10,2011-08-10,32020,,,9234,0,444814009,40481087,,0,Infecção viral das vias aéreas superiores
2239,313,4112343,2010-05-13,2010-05-13,2010-05-25,2010-05-25,32020,,,9230,0,195662009,4112343,,0,Faringite viral aguda
2240,313,40481087,2009-10-14,2009-10-14,2009-10-28,2009-10-28,32020,,,9228,0,444814009,40481087,,0,Infecção viral das vias aéreas superiores
2241,313,0,2001-12-26,2001-12-26,,,32020,,,9225,0,162864005,4060985,,0,IMC 30+ - obesidade
2242,313,257012,1993-07-23,1993-07-23,,,32020,,,9226,0,40055000,257012,,0,Sinusite crônica
2243,314,4112343,2011-09-12,2011-09-12,2011-09-24,2011-09-24,32020,,,9240,0,195662009,4112343,,0,Faringite viral aguda
2244,314,4155034,2009-05-16,2009-05-16,2009-06-06,2009-06-06,32020,,,9236,0,283371005,4155034,,0,Laceração de antebraço
2245,314,316866,2008-08-15,2008-08-15,,,32020,,,9238,0,38341003,316866,,0,Hipertensão arterial
2246,315,78272,2018-09-09,2018-09-09,2018-09-23,2018-09-23,32020,,,9253,0,70704007,78272,,0,Entorse de punho
2247,315,0,2018-03-22,2018-03-22,,,32020,,,9260,0,162864005,4060985,,0,IMC 30+ - obesidade
2248,315,40481087,2018-03-15,2018-03-15,2018-03-29,2018-03-29,32020,,,9268,0,444814009,40481087,,0,Infecção viral das vias aéreas superiores
2249,315,4217975,2018-01-04,2018-01-04,2018-07-19,2018-07-19,32020,,,9243,0,72892002,4217975,,0,Otite média não supurativa
2250,315,316866,2014-05-22,2014-05-22,,,32020,,,9244,0,38341003,316866,,0,Hipertensão arterial
2251,315,40481087,2013-02-19,2013-02-19,2013-03-05,2013-03-05,32020,,,9251,0,444814009,40481087,,0,Infecção viral das vias aéreas superiores
2252,315,317576,2003-03-20,2003-03-20,,,32020,,,9258,0,53741008,317576,,0,Doença arterial coronariana
2253,316,40481087,2018-01-28,2018-01-28,2018-02-11,2018-02-11,32020,,,9330,0,444814009,40481087,,0,Infecção viral das vias aéreas superiores
2254,316,4294548,2015-12-26,2015-12-26,2016-01-30,2016-01-30,32020,,,9314,0,75498004,4294548,,0,Infecção bacteriana aguda
2255,316,28060,2012-05-26,2012-05-26,2012-06-02,2012-06-02,32020,,,9327,0,43878008,28060,,0,Faringite estreptocócica
2256,316,40481087,2012-03-25,2012-03-25,2012-04-08,2012-04-08,32020,,,9312,0,444814009,40481087,,0,Infecção viral das vias aéreas superiores
2257,316,40481087,2011-01-17,2011-01-17,2011-01-24,2011-01-24,32020,,,9297,0,444814009,40481087,,0,Infecção viral das vias aéreas superiores
2258,316,4217975,2010-04-24,2010-04-24,2010-11-20,2010-11-20,32020,,,9315,0,72892002,4217975,,0,Otite média não supurativa
2259,316,4208104,2004-08-13,2004-08-13,,,32020,,,9309,0,55680006,4208104,,0,Overdose de droga
2260,316,4078393,1999-10-30,1999-10-30,,,32020,,,9277,0,19169002,4078393,,0,Aborto espontâneo na gravidez
2261,316,436096,1996-08-17,1996-08-17,,,32020,,,9310,0,82423001,436096,,0,Dor crônica
2262,316,43530652,1995-12-15,1995-12-15,,,32020,,,9290,0,124171000119105,43530652,,0,Nefropatia diabética crônica
2263,316,4055754,1995-10-09,1995-10-09,,,32020,,,9334,0,196416002,4055754,,0,Esofagite por refluxo
2264,316,257012,1983-06-30,1983-06-30,,,32020,,,9316,0,40055000,257012,,0,Sinusite crônica
2265,317,372328,2016-11-12,2016-11-12,2017-06-27,2017-06-27,32020,,,9344,0,65363002,372328,,0,Otite média
2266,318,40481087,2016-06-06,2016-06-06,2016-06-13,2016-06-13,32020,,,9363,0,444814009,40481087,,0,Infecção viral das vias aéreas superiores
2267,318,40481087,2016-01-19,2016-01-19,2016-02-02,2016-02-02,32020,,,9366,0,444814009,40481087,,0,Infecção viral das vias aéreas superiores
2268,318,81151,2012-04-12,2012-04-12,2012-04-26,2012-04-26,32020,,,9362,0,44465007,81151,,0,Entorse de tornozelo
2269,318,28060,2011-04-29,2011-04-29,2011-05-10,2011-05-10,32020,,,9361,0,43878008,28060,,0,Faringite estreptocócica
2270,319,4112343,2016-07-12,2016-07-12,2016-07-22,2016-07-22,32020,,,9375,0,195662009,4112343,,0,Faringite viral aguda
2271,319,192279,2015-12-23,2015-12-23,,,32020,,,9368,0,127013003,192279,,0,Nefropatia diabética
2272,319,443614,2015-12-23,2015-12-23,,,32020,,,9368,0,431855005,443614,,0,Doença renal crônica estágio 1
2273,319,260139,2011-03-04,2011-03-04,2011-03-18,2011-03-18,32020,,,9377,0,10509002,260139,,0,Bronquite aguda
2274,319,4311629,2011-03-02,2011-03-02,,,32020,,,9370,0,15777000,40316773,,0,Pré-diabetes
2275,319,4214376,2011-03-02,2011-03-02,,,32020,,,9370,0,80394007,4214376,,0,Hiperglicemia
2276,319,436940,2002-12-11,2002-12-11,,,32020,,,9382,0,237602007,436940,,0,Síndrome metabólica
2277,319,4120314,1994-02-16,1994-02-16,,,32020,,,9371,0,302870006,4120314,,0,Hipertrigliceridemia
2278,319,201826,1991-02-13,1991-02-13,,,32020,,,9376,0,44054006,201826,,0,Diabetes mellitus tipo 2
2279,319,257012,1984-01-19,1984-01-19,,,32020,,,9367,0,40055000,257012,,0,Sinusite crônica
2280,319,316866,1981-01-28,1981-01-28,,,32020,,,9380,0,38341003,316866,,0,Hipertensão arterial
2281,320,40481087,2010-05-07,2010-05-07,2010-05-14,2010-05-14,32020,,,9389,0,444814009,40481087,,0,Infecção viral das vias aéreas superiores
2282,320,260139,2009-11-24,2009-11-24,2009-12-01,2009-12-01,32020,,,9407,0,10509002,260139,,0,Bronquite aguda
2283,320,0,2004-06-02,2004-06-02,,,32020,,,9422,0,162864005,4060985,,0,IMC 30+ - obesidade
2284,320,4208104,2003-05-25,2003-05-25,,,32020,,,9385,0,55680006,4208104,,0,Overdose de droga
2285,320,257012,1998-10-07,1998-10-07,,,32020,,,9420,0,40055000,257012,,0,Sinusite crônica
2286,320,43530652,1991-06-27,1991-06-27,,,32020,,,9394,0,124171000119105,43530652,,0,Nefropatia diabética crônica
2287,320,436096,1991-04-14,1991-04-14,,,32020,,,9400,0,82423001,436096,,0,Dor crônica
2288,320,4055754,1990-06-03,1990-06-03,,,32020,,,9421,0,196416002,4055754,,0,Esofagite por refluxo
2289,320,316866,1983-06-01,1983-06-01,,,32020,,,9415,0,38341003,316866,,0,Hipertensão arterial
2290,321,40481087,2018-08-09,2018-08-09,2018-08-16,2018-08-16,32020,,,9429,0,444814009,40481087,,0,Infecção viral das vias aéreas superiores
2291,321,40481087,2014-02-01,2014-02-01,2014-02-22,2014-02-22,32020,,,9426,0,444814009,40481087,,0,Infecção viral das vias aéreas superiores
2292,321,4079749,2014-01-25,2014-01-25,,,32020,,,9433,0,239872002,4079749,,0,Osteoartrite do quadril
2293,321,260139,2013-04-03,2013-04-03,2013-04-17,2013-04-17,32020,,,9427,0,10509002,260139,,0,Bronquite aguda
2294,321,4113008,2011-02-02,2011-02-02,2011-02-16,2011-02-16,32020,,,9432,0,284549007,4113008,,0,Laceração de mão
2295,321,4294548,2009-01-17,2009-01-17,2009-03-21,2009-03-21,32020,,,9438,0,75498004,4294548,,0,Infecção bacteriana aguda
2296,321,0,2003-04-14,2003-04-14,,,32020,,,9428,0,162864005,4060985,,0,IMC 30+ - obesidade
2297,321,257012,1999-12-23,1999-12-23,,,32020,,,9436,0,40055000,257012,,0,Sinusite crônica
2298,322,432867,2018-10-09,2018-10-09,,,32020,,,9489,0,55822004,432867,,0,Hiperlipidemia
2299,322,4283893,2015-09-18,2015-09-18,2016-01-29,2016-01-29,32020,,,9451,0,36971009,4283893,,0,Sinusite
2300,322,40481087,2013-02-17,2013-02-17,2013-02-24,2013-02-24,32020,,,9459,0,444814009,40481087,,0,Infecção viral das vias aéreas superiores
2301,322,40481087,2012-01-04,2012-01-04,2012-01-18,2012-01-18,32020,,,9456,0,444814009,40481087,,0,Infecção viral das vias aéreas superiores
2302,322,260139,2011-06-16,2011-06-16,2011-06-23,2011-06-23,32020,,,9439,0,10509002,260139,,0,Bronquite aguda
2303,322,4311629,1993-12-14,1993-12-14,,,32020,,,9449,0,15777000,40316773,,0,Pré-diabetes
2304,323,4217975,2018-12-03,2018-12-03,,,32020,,,9502,0,72892002,4217975,,0,Otite média não supurativa
2305,323,260139,2016-04-24,2016-04-24,2016-05-01,2016-05-01,32020,,,9497,0,10509002,260139,,0,Bronquite aguda
2306,323,4155034,2012-09-19,2012-09-19,2012-10-10,2012-10-10,32020,,,9496,0,283371005,4155034,,0,Laceração de antebraço
2307,323,40481087,2010-07-17,2010-07-17,2010-07-31,2010-07-31,32020,,,9495,0,444814009,40481087,,0,Infecção viral das vias aéreas superiores
2308,323,4280726,1995-09-06,1995-09-06,,,32020,,,9494,0,367498001,4280726,,0,Gripe sazonal
2309,324,4112343,2018-12-14,2018-12-14,2018-12-26,2018-12-26,32020,,,9514,0,195662009,4112343,,0,Faringite viral aguda
2310,324,40481087,2018-03-11,2018-03-11,2018-03-18,2018-03-18,32020,,,9510,0,444814009,40481087,,0,Infecção viral das vias aéreas superiores
2311,324,40481087,2017-08-20,2017-08-20,2017-09-03,2017-09-03,32020,,,9523,0,444814009,40481087,,0,Infecção viral das vias aéreas superiores
2312,324,4109685,2014-11-13,2014-11-13,2014-11-27,2014-11-27,32020,,,9519,0,284551006,4109685,,0,Laceração de pé
2313,324,4311629,2012-11-23,2012-11-23,,,32020,,,9516,0,15777000,40316773,,0,Pré-diabetes
2314,324,40481087,2011-12-01,2011-12-01,2011-12-15,2011-12-15,32020,,,9521,0,444814009,40481087,,0,Infecção viral das vias aéreas superiores
2315,324,0,2010-11-19,2010-11-19,,,32020,,,9518,0,162864005,4060985,,0,IMC 30+ - obesidade
2316,325,255848,1994-01-30,1994-01-30,,,32020,,,9545,0,233604007,255848,,0,Pneumonia
2317,325,4112343,1990-09-19,1990-09-19,1990-09-27,1990-09-27,32020,,,9618,0,195662009,4112343,,0,Faringite viral aguda
2318,325,40481087,1990-07-24,1990-07-24,1990-07-31,1990-07-31,32020,,,9588,0,444814009,40481087,,0,Infecção viral das vias aéreas superiores
2319,325,432867,1988-02-01,1988-02-01,,,32020,,,9581,0,55822004,432867,,0,Hiperlipidemia
2320,325,378419,1988-02-01,1988-02-01,,,32020,,,9581,0,26929004,378419,,0,Doença de Alzheimer
2321,325,197500,1987-02-22,1987-02-22,1988-11-08,1988-11-08,32020,,,9589,0,93761005,197500,,0,Metástase cerebral
2322,325,4285898,1987-02-12,1987-02-12,,,32020,,,9615,0,68496003,4285898,,0,Pólipo do cólon
2323,325,260139,1986-01-11,1986-01-11,1986-01-18,1986-01-18,32020,,,9619,0,10509002,260139,,0,Bronquite aguda
2324,325,40481087,1985-08-03,1985-08-03,1985-08-10,1985-08-10,32020,,,9546,0,444814009,40481087,,0,Infecção viral das vias aéreas superiores
2325,325,4112343,1985-02-01,1985-02-01,1985-02-13,1985-02-13,32020,,,9622,0,195662009,4112343,,0,Faringite viral aguda
2326,325,313217,1983-04-04,1983-04-04,,,32020,,,9548,0,49436004,313217,,0,Fibrilação atrial
2327,325,4285898,1980-09-21,1980-09-21,1982-02-13,1982-02-13,32020,,,9613,0,68496003,4285898,,0,Pólipo do cólon
2328,325,0,1960-09-26,1960-09-26,,,32020,,,9621,0,408512008,4256640,,0,Alcoolismo relatado pelo paciente
2329,325,438130,1942-02-23,1942-02-23,,,32020,,,9570,0,5602001,438130,,0,Dor por opioides
2330,325,0,1939-02-20,1939-02-20,,,32020,,,9584,0,162864005,4060985,,0,IMC 30+ - obesidade
2331,325,439777,1934-09-20,1934-09-20,,,32020,,,9552,0,271737000,439777,,0,Anemia
2332,326,40481087,2018-01-06,2018-01-06,2018-01-13,2018-01-13,32020,,,9626,0,444814009,40481087,,0,Infecção viral das vias aéreas superiores
2333,326,40481087,2017-05-26,2017-05-26,2017-06-02,2017-06-02,32020,,,9629,0,444814009,40481087,,0,Infecção viral das vias aéreas superiores
2334,326,4311629,2003-04-01,2003-04-01,,,32020,,,9627,0,15777000,40316773,,0,Pré-diabetes
2335,327,4112343,2018-10-13,2018-10-13,2018-10-21,2018-10-21,32020,,,9637,0,195662009,4112343,,0,Faringite viral aguda
2336,327,4113008,2015-10-16,2015-10-16,2015-11-06,2015-11-06,32020,,,9641,0,284549007,4113008,,0,Laceração de mão
2337,327,260139,2015-01-06,2015-01-06,2015-01-20,2015-01-20,32020,,,9650,0,10509002,260139,,0,Bronquite aguda
2338,327,28060,2014-12-19,2014-12-19,2015-01-01,2015-01-01,32020,,,9645,0,43878008,28060,,0,Faringite estreptocócica
2339,327,4112343,2013-08-14,2013-08-14,2013-08-25,2013-08-25,32020,,,9653,0,195662009,4112343,,0,Faringite viral aguda
2340,328,380378,1968-04-18,1968-04-18,,,32020,,,9657,0,84757009,380378,,0,Epilepsia
2341,328,0,1968-04-18,1968-04-18,,,32020,,,9657,0,703151001,45766064,,0,Histórico de artroplastia de joelho
2342,328,4029498,1968-04-18,1968-04-18,,,32020,,,9657,0,128613002,4029498,,0,Transtorno convulsivo
2343,328,4112343,1964-12-25,1964-12-25,1965-01-02,1965-01-02,32020,,,9664,0,195662009,4112343,,0,Faringite viral aguda
2344,328,260139,1962-06-23,1962-06-23,1962-07-07,1962-07-07,32020,,,9668,0,10509002,260139,,0,Bronquite aguda
2345,328,4214376,1962-06-29,1962-06-29,,,32020,,,9666,0,80394007,4214376,,0,Hiperglicemia
2346,328,4156265,1960-08-14,1960-08-14,1960-08-28,1960-08-28,32020,,,9672,0,370247008,4156265,,0,Lesão facial
2347,328,436940,1958-11-21,1958-11-21,,,32020,,,9669,0,237602007,436940,,0,Síndrome metabólica
2348,328,4120314,1958-11-21,1958-11-21,,,32020,,,9669,0,302870006,4120314,,0,Hipertrigliceridemia
2349,328,201826,1956-11-16,1956-11-16,,,32020,,,9663,0,44054006,201826,,0,Diabetes mellitus tipo 2
2350,328,0,1954-11-12,1954-11-12,,,32020,,,9656,0,449868002,42709996,,0,Fumante atual de cigarro
2351,328,0,1951-02-02,1951-02-02,,,32020,,,9671,0,162864005,4060985,,0,IMC 30+ - obesidade
2352,329,260139,2016-12-22,2016-12-22,2016-12-29,2016-12-29,32020,,,9675,0,10509002,260139,,0,Bronquite aguda
2353,329,78272,2015-06-06,2015-06-06,2015-06-20,2015-06-20,32020,,,9679,0,70704007,78272,,0,Entorse de punho
2354,329,4311629,2014-09-30,2014-09-30,,,32020,,,9677,0,15777000,40316773,,0,Pré-diabetes
2355,329,316866,2007-09-18,2007-09-18,,,32020,,,9678,0,38341003,316866,,0,Hipertensão arterial
2356,330,260139,2016-11-21,2016-11-21,2016-12-05,2016-12-05,32020,,,9685,0,10509002,260139,,0,Bronquite aguda
2357,330,4146173,2016-04-19,2016-04-19,2016-05-26,2016-05-26,32020,,,9681,0,307731004,4146173,,0,Fibrilação atrial de início recente
2358,330,4112343,2009-08-12,2009-08-12,2009-08-19,2009-08-19,32020,,,9683,0,195662009,4112343,,0,Faringite viral aguda
2359,331,81151,2017-08-25,2017-08-25,2017-09-15,2017-09-15,32020,,,9690,0,44465007,81151,,0,Entorse de tornozelo
2360,331,436940,2016-08-10,2016-08-10,,,32020,,,9701,0,237602007,436940,,0,Síndrome metabólica
2361,331,4120314,2016-08-10,2016-08-10,,,32020,,,9701,0,302870006,4120314,,0,Hipertrigliceridemia
2362,331,4214376,2016-08-10,2016-08-10,,,32020,,,9701,0,80394007,4214376,,0,Hiperglicemia
2363,331,201826,2015-08-05,2015-08-05,,,32020,,,9702,0,44054006,201826,,0,Diabetes mellitus tipo 2
2364,331,316866,2015-08-05,2015-08-05,,,32020,,,9702,0,38341003,316866,,0,Hipertensão arterial
2365,331,4112343,2013-09-11,2013-09-11,2013-09-18,2013-09-18,32020,,,9700,0,195662009,4112343,,0,Faringite viral aguda
2366,331,40481087,2012-11-20,2012-11-20,2012-12-11,2012-12-11,32020,,,9704,0,444814009,40481087,,0,Infecção viral das vias aéreas superiores
2367,331,4294548,2012-07-14,2012-07-14,2012-09-15,2012-09-15,32020,,,9693,0,75498004,4294548,,0,Infecção bacteriana aguda
2368,331,260139,2010-07-16,2010-07-16,2010-07-23,2010-07-23,32020,,,9698,0,10509002,260139,,0,Bronquite aguda
2369,331,0,2007-07-25,2007-07-25,,,32020,,,9694,0,162864005,4060985,,0,IMC 30+ - obesidade
2370,333,255848,2013-09-06,2013-09-06,,,32020,,,9740,0,233604007,255848,,0,Pneumonia
2371,333,80502,2012-08-31,2012-08-31,,,32020,,,9734,0,64859006,80502,,0,Osteoporose
2372,333,40481087,2010-08-12,2010-08-12,2010-09-02,2010-09-02,32020,,,9771,0,444814009,40481087,,0,Infecção viral das vias aéreas superiores
2373,333,257012,2009-01-03,2009-01-03,,,32020,,,9706,0,40055000,257012,,0,Sinusite crônica
2374,333,4283893,2008-11-29,2008-11-29,2009-06-13,2009-06-13,32020,,,9708,0,36971009,4283893,,0,Sinusite
2375,333,260139,2007-07-11,2007-07-11,2007-07-25,2007-07-25,32020,,,9705,0,10509002,260139,,0,Bronquite aguda
2376,333,378419,2005-08-19,2005-08-19,,,32020,,,9760,0,26929004,378419,,0,Doença de Alzheimer
2377,333,40481087,2004-07-24,2004-07-24,2004-08-14,2004-08-14,32020,,,9741,0,444814009,40481087,,0,Infecção viral das vias aéreas superiores
2378,333,4112343,2004-03-17,2004-03-17,2004-03-28,2004-03-28,32020,,,9710,0,195662009,4112343,,0,Faringite viral aguda
2379,333,4208104,1996-02-15,1996-02-15,,,32020,,,9722,0,55680006,4208104,,0,Overdose de droga
2380,333,43530652,1992-02-08,1992-02-08,,,32020,,,9723,0,124171000119105,43530652,,0,Nefropatia diabética crônica
2381,333,436096,1990-06-09,1990-06-09,,,32020,,,9733,0,82423001,436096,,0,Dor crônica
2382,333,4055754,1990-03-06,1990-03-06,,,32020,,,9736,0,196416002,4055754,,0,Esofagite por refluxo
2383,333,258780,1977-09-16,1977-09-16,,,32020,,,9713,0,185086009,258780,,0,DPOC exacerbada
2384,333,4311629,1973-08-24,1973-08-24,,,32020,,,9772,0,15777000,40316773,,0,Pré-diabetes
2385,333,0,1956-11-23,1956-11-23,,,32020,,,9747,0,162864005,4060985,,0,IMC 30+ - obesidade
2386,334,40481087,2018-07-20,2018-07-20,2018-08-03,2018-08-03,32020,,,9791,0,444814009,40481087,,0,Infecção viral das vias aéreas superiores
2387,334,4112343,2017-02-05,2017-02-05,2017-02-13,2017-02-13,32020,,,9792,0,195662009,4112343,,0,Faringite viral aguda
2388,334,40481087,2016-08-01,2016-08-01,2016-08-22,2016-08-22,32020,,,9812,0,444814009,40481087,,0,Infecção viral das vias aéreas superiores
2389,334,432867,2015-12-15,2015-12-15,,,32020,,,9785,0,55822004,432867,,0,Hiperlipidemia
2390,334,4155034,2015-11-16,2015-11-16,2015-12-07,2015-12-07,32020,,,9796,0,283371005,4155034,,0,Laceração de antebraço
2391,334,40481087,2014-11-13,2014-11-13,2014-12-04,2014-12-04,32020,,,9790,0,444814009,40481087,,0,Infecção viral das vias aéreas superiores
2392,334,45769905,2013-01-29,2013-01-29,,,32020,,,9782,0,90781000119102,45769905,,0,Doença renal crônica por diabetes
2393,334,443601,2013-01-29,2013-01-29,,,32020,,,9782,0,431856006,443601,,0,Doença renal crônica estágio 4
2394,334,4311629,2013-01-29,2013-01-29,,,32020,,,9782,0,15777000,40316773,,0,Pré-diabetes
2395,334,260139,2012-03-04,2012-03-04,2012-03-11,2012-03-11,32020,,,9807,0,10509002,260139,,0,Bronquite aguda
2396,334,192279,2011-01-18,2011-01-18,,,32020,,,9783,0,127013003,192279,,0,Nefropatia diabética
2397,334,443614,2011-01-18,2011-01-18,,,32020,,,9783,0,431855005,443614,,0,Doença renal crônica estágio 1
2398,334,436940,2009-06-02,2009-06-02,,,32020,,,9816,0,237602007,436940,,0,Síndrome metabólica
2399,334,4120314,2009-06-02,2009-06-02,,,32020,,,9816,0,302870006,4120314,,0,Hipertrigliceridemia
2400,334,4214376,2009-06-02,2009-06-02,,,32020,,,9816,0,80394007,4214376,,0,Hiperglicemia
2401,334,201826,2007-05-29,2007-05-29,,,32020,,,9799,0,44054006,201826,,0,Diabetes mellitus tipo 2
2402,334,316866,2007-05-29,2007-05-29,,,32020,,,9799,0,38341003,316866,,0,Hipertensão arterial
2403,334,4079750,2004-06-30,2004-06-30,,,32020,,,9779,0,239873007,4079750,,0,Osteoartrite do joelho
2404,334,0,1989-09-19,1989-09-19,,,32020,,,9808,0,162864005,4060985,,0,IMC 30+ - obesidade
2405,335,260139,2016-08-27,2016-08-27,2016-09-03,2016-09-03,32020,,,9822,0,10509002,260139,,0,Bronquite aguda
2406,335,0,2015-01-21,2015-01-21,,,32020,,,9821,0,428251008,4323208,,0,Histórico de apendicectomia
2407,335,440448,2015-01-21,2015-01-21,,,32020,,,9825,0,74400008,440448,,0,Apendicite
2408,335,40481087,2011-05-15,2011-05-15,2011-05-29,2011-05-29,32020,,,9818,0,444814009,40481087,,0,Infecção viral das vias aéreas superiores
2409,335,40481087,2008-12-30,2008-12-30,2009-01-20,2009-01-20,32020,,,9824,0,444814009,40481087,,0,Infecção viral das vias aéreas superiores
2410,336,40481087,2016-07-18,2016-07-18,2016-07-25,2016-07-25,32020,,,9830,0,444814009,40481087,,0,Infecção viral das vias aéreas superiores
2411,336,40481087,2016-02-21,2016-02-21,2016-03-13,2016-03-13,32020,,,9837,0,444814009,40481087,,0,Infecção viral das vias aéreas superiores
2412,336,4079749,2014-09-24,2014-09-24,,,32020,,,9829,0,239872002,4079749,,0,Osteoartrite do quadril
2413,336,40481087,2012-03-27,2012-03-27,2012-04-03,2012-04-03,32020,,,9834,0,444814009,40481087,,0,Infecção viral das vias aéreas superiores
2414,336,40481087,2011-08-18,2011-08-18,2011-08-25,2011-08-25,32020,,,9832,0,444814009,40481087,,0,Infecção viral das vias aéreas superiores
2415,336,0,2008-10-16,2008-10-16,,,32020,,,9835,0,408512008,4256640,,0,Alcoolismo relatado pelo paciente
2416,336,0,1994-11-10,1994-11-10,,,32020,,,9833,0,162864005,4060985,,0,IMC 30+ - obesidade
2417,337,436940,2013-10-07,2013-10-07,,,32020,,,9842,0,237602007,436940,,0,Síndrome metabólica
2418,337,4120314,2013-10-07,2013-10-07,,,32020,,,9842,0,302870006,4120314,,0,Hipertrigliceridemia
2419,337,4214376,2013-10-07,2013-10-07,,,32020,,,9842,0,80394007,4214376,,0,Hiperglicemia
2420,337,201826,2012-10-01,2012-10-01,,,32020,,,9854,0,44054006,201826,,0,Diabetes mellitus tipo 2
2421,337,0,2004-10-11,2004-10-11,,,32020,,,9857,0,162864005,4060985,,0,IMC 30+ - obesidade
2422,338,440086,2018-05-19,2018-05-19,,,32020,,,9874,0,192127007,440086,,0,Transtorno do espectro autista infantil
2423,338,4134304,2016-09-21,2016-09-21,2016-10-21,2016-10-21,32020,,,9879,0,263102004,4134304,,0,Ruptura de menisco
2424,338,372328,2013-08-25,2013-08-25,2013-10-26,2013-10-26,32020,,,9868,0,65363002,372328,,0,Otite média
2425,338,372328,2013-03-11,2013-03-11,2013-04-27,2013-04-27,32020,,,9865,0,65363002,372328,,0,Otite média
2426,338,4112343,2013-01-11,2013-01-11,2013-01-19,2013-01-19,32020,,,9875,0,195662009,4112343,,0,Faringite viral aguda
2427,339,0,2014-03-18,2014-03-18,,,32020,,,9896,0,429007001,4324181,,0,Histórico de infarto
2428,339,321042,2014-03-18,2014-03-18,,,32020,,,9896,0,410429000,321042,,0,Parada cardíaca
2429,340,40481087,2016-09-24,2016-09-24,2016-10-08,2016-10-08,32020,,,9904,0,444814009,40481087,,0,Infecção viral das vias aéreas superiores
2430,340,260139,2015-01-08,2015-01-08,2015-01-15,2015-01-15,32020,,,9915,0,10509002,260139,,0,Bronquite aguda
2431,340,257012,2014-12-16,2014-12-16,,,32020,,,9914,0,40055000,257012,,0,Sinusite crônica
2432,340,4283893,2014-11-25,2014-11-25,2015-04-28,2015-04-28,32020,,,9897,0,36971009,4283893,,0,Sinusite
2433,340,4156265,2010-02-11,2010-02-11,2010-02-25,2010-02-25,32020,,,9924,0,370247008,4156265,,0,Lesão facial
2434,340,260139,2010-01-19,2010-01-19,2010-02-02,2010-02-02,32020,,,9903,0,10509002,260139,,0,Bronquite aguda
2435,340,0,2004-03-19,2004-03-19,,,32020,,,9923,0,162864005,4060985,,0,IMC 30+ - obesidade
2436,340,0,2003-02-03,2003-02-03,,,32020,,,9911,0,428251008,4323208,,0,Histórico de apendicectomia
2437,340,440448,2003-02-03,2003-02-03,,,32020,,,9908,0,74400008,440448,,0,Apendicite
2438,340,316866,1984-07-20,1984-07-20,,,32020,,,9910,0,38341003,316866,,0,Hipertensão arterial
2439,341,4113008,2016-09-08,2016-09-08,2016-09-29,2016-09-29,32020,,,9929,0,284549007,4113008,,0,Laceração de mão
2440,341,4112343,2016-04-24,2016-04-24,2016-05-07,2016-05-07,32020,,,9933,0,195662009,4112343,,0,Faringite viral aguda
2441,341,40481087,2013-10-09,2013-10-09,2013-10-23,2013-10-23,32020,,,9930,0,444814009,40481087,,0,Infecção viral das vias aéreas superiores
2442,341,4084167,2009-08-19,2009-08-19,2009-08-19,2009-08-19,32020,,,9937,0,241929008,4084167,,0,Reação alérgica a alimento
2443,341,257012,1997-08-15,1997-08-15,,,32020,,,9934,0,40055000,257012,,0,Sinusite crônica
2444,341,317576,1991-03-04,1991-03-04,,,32020,,,9949,0,53741008,317576,,0,Doença arterial coronariana
2445,341,381316,1986-10-27,1986-10-27,,,32020,,,9945,0,230690007,381316,,0,Acidente vascular cerebral
2446,341,0,1951-11-05,1951-11-05,,,32020,,,9948,0,162864005,4060985,,0,IMC 30+ - obesidade
2447,341,4078393,1949-03-14,1949-03-14,,,32020,,,9935,0,19169002,4078393,,0,Aborto espontâneo na gravidez
2448,342,4112343,2018-10-15,2018-10-15,2018-10-26,2018-10-26,32020,,,9954,0,195662009,4112343,,0,Faringite viral aguda
2449,342,4112343,2013-11-26,2013-11-26,2013-12-07,2013-12-07,32020,,,9965,0,195662009,4112343,,0,Faringite viral aguda
2450,342,372328,2012-12-03,2012-12-03,2013-04-27,2013-04-27,32020,,,9963,0,65363002,372328,,0,Otite média
2451,342,40481087,2012-03-11,2012-03-11,2012-03-18,2012-03-18,32020,,,9964,0,444814009,40481087,,0,Infecção viral das vias aéreas superiores
2452,342,40481087,2010-10-27,2010-10-27,2010-11-10,2010-11-10,32020,,,9957,0,444814009,40481087,,0,Infecção viral das vias aéreas superiores
2453,342,260139,2010-03-31,2010-03-31,2010-04-07,2010-04-07,32020,,,9950,0,10509002,260139,,0,Bronquite aguda
2454,343,4112343,2015-06-13,2015-06-13,2015-06-21,2015-06-21,32020,,,9981,0,195662009,4112343,,0,Faringite viral aguda
2455,343,260139,2009-08-12,2009-08-12,2009-08-19,2009-08-19,32020,,,9969,0,10509002,260139,,0,Bronquite aguda
2456,343,0,2007-12-08,2007-12-08,,,32020,,,9983,0,408512008,4256640,,0,Alcoolismo relatado pelo paciente
2457,343,4078393,1994-05-28,1994-05-28,,,32020,,,9978,0,19169002,4078393,,0,Aborto espontâneo na gravidez
2458,343,0,1989-11-18,1989-11-18,,,32020,,,9972,0,162864005,4060985,,0,IMC 30+ - obesidade
2459,343,257012,1989-06-14,1989-06-14,,,32020,,,9976,0,40055000,257012,,0,Sinusite crônica
2460,344,4311629,2017-12-14,2017-12-14,,,32020,,,9996,0,15777000,40316773,,0,Pré-diabetes
2461,344,4112343,2009-11-20,2009-11-20,2009-11-28,2009-11-28,32020,,,9986,0,195662009,4112343,,0,Faringite viral aguda
2462,344,0,2008-11-27,2008-11-27,,,32020,,,9989,0,162864005,4060985,,0,IMC 30+ - obesidade
2463,344,4078393,2007-02-22,2007-02-22,,,32020,,,9995,0,19169002,4078393,,0,Aborto espontâneo na gravidez
2464,344,316866,1990-04-26,1990-04-26,,,32020,,,9991,0,38341003,316866,,0,Hipertensão arterial
2465,344,4048171,1974-02-09,1974-02-09,,,32020,,,9988,0,232353008,4048171,,0,Perfuração do tímpano
2466,345,40481087,2015-09-23,2015-09-23,2015-10-07,2015-10-07,32020,,,10008,0,444814009,40481087,,0,Infecção viral das vias aéreas superiores
2467,345,0,2013-03-16,2013-03-16,,,32020,,,9997,0,162864005,4060985,,0,IMC 30+ - obesidade
2468,345,40481087,2011-09-25,2011-09-25,2011-10-09,2011-10-09,32020,,,10001,0,444814009,40481087,,0,Infecção viral das vias aéreas superiores
2469,345,4112343,2011-03-23,2011-03-23,2011-03-30,2011-03-30,32020,,,10000,0,195662009,4112343,,0,Faringite viral aguda
2470,345,40481087,2009-05-09,2009-05-09,2009-05-30,2009-05-30,32020,,,10009,0,444814009,40481087,,0,Infecção viral das vias aéreas superiores
2471,345,4078393,1986-03-01,1986-03-01,,,32020,,,9999,0,19169002,4078393,,0,Aborto espontâneo na gravidez
2472,346,28060,2018-05-03,2018-05-03,2018-05-13,2018-05-13,32020,,,10021,0,43878008,28060,,0,Faringite estreptocócica
2473,346,260139,2018-03-21,2018-03-21,2018-03-28,2018-03-28,32020,,,10026,0,10509002,260139,,0,Bronquite aguda
2474,346,28060,2017-12-20,2017-12-20,2017-12-30,2017-12-30,32020,,,10015,0,43878008,28060,,0,Faringite estreptocócica
2475,347,317576,2017-08-14,2017-08-14,,,32020,,,10046,0,53741008,317576,,0,Doença arterial coronariana
2476,347,40481087,2015-07-06,2015-07-06,2015-07-20,2015-07-20,32020,,,10047,0,444814009,40481087,,0,Infecção viral das vias aéreas superiores
2477,347,40481087,2014-10-18,2014-10-18,2014-11-01,2014-11-01,32020,,,10045,0,444814009,40481087,,0,Infecção viral das vias aéreas superiores
2478,347,40481087,2013-01-12,2013-01-12,2013-01-19,2013-01-19,32020,,,10043,0,444814009,40481087,,0,Infecção viral das vias aéreas superiores
2479,347,4078393,2002-08-19,2002-08-19,,,32020,,,10044,0,19169002,4078393,,0,Aborto espontâneo na gravidez
2480,347,4311629,1987-11-16,1987-11-16,,,32020,,,10030,0,15777000,40316773,,0,Pré-diabetes
2481,347,0,1984-11-12,1984-11-12,,,32020,,,10055,0,162864005,4060985,,0,IMC 30+ - obesidade
2482,347,0,1968-04-09,1968-04-09,,,32020,,,10051,0,428251008,4323208,,0,Histórico de apendicectomia
2483,347,440448,1968-04-09,1968-04-09,,,32020,,,10031,0,74400008,440448,,0,Apendicite
2484,347,257012,1958-07-24,1958-07-24,,,32020,,,10029,0,40055000,257012,,0,Sinusite crônica
2485,348,4112343,2015-05-17,2015-05-17,2015-05-28,2015-05-28,32020,,,10057,0,195662009,4112343,,0,Faringite viral aguda
2486,349,196456,2015-03-18,2015-03-18,2015-03-19,2015-03-19,32020,,,10078,0,235919008,196456,,0,Doença hepática alcoólica
2487,349,198809,2015-03-18,2015-03-18,2015-03-19,2015-03-19,32020,,,10078,0,65275009,198809,,0,Colecistite aguda
2488,349,4112343,2013-02-04,2013-02-04,2013-02-11,2013-02-11,32020,,,10070,0,195662009,4112343,,0,Faringite viral aguda
2489,349,4112343,2011-10-30,2011-10-30,2011-11-10,2011-11-10,32020,,,10068,0,195662009,4112343,,0,Faringite viral aguda
2490,350,0,2014-05-31,2014-05-31,,,32020,,,10095,0,162864005,4060985,,0,IMC 30+ - obesidade
2491,350,4208104,2008-05-03,2008-05-03,,,32020,,,10097,0,55680006,4208104,,0,Overdose de droga
2492,350,316866,1995-05-06,1995-05-06,,,32020,,,10108,0,38341003,316866,,0,Hipertensão arterial
2493,350,4055754,1992-01-07,1992-01-07,,,32020,,,10083,0,196416002,4055754,,0,Esofagite por refluxo
2494,350,43530652,1991-06-05,1991-06-05,,,32020,,,10079,0,124171000119105,43530652,,0,Nefropatia diabética crônica
2495,350,436096,1991-04-15,1991-04-15,,,32020,,,10093,0,82423001,436096,,0,Dor crônica
2496,351,4217975,2013-10-03,2013-10-03,2014-05-15,2014-05-15,32020,,,10121,0,72892002,4217975,,0,Otite média não supurativa
2497,351,4296204,2010-01-30,2010-01-30,2010-02-20,2010-02-20,32020,,,10157,0,403190006,4296204,,0,Queimadura solar de primeiro grau
2498,351,4217975,2009-05-21,2009-05-21,2009-07-30,2009-07-30,32020,,,10135,0,72892002,4217975,,0,Otite média não supurativa
2499,351,4311629,2001-10-25,2001-10-25,,,32020,,,10176,0,15777000,40316773,,0,Pré-diabetes
2500,351,4078393,1997-10-09,1997-10-09,,,32020,,,10143,0,19169002,4078393,,0,Aborto espontâneo na gravidez
2501,351,0,1991-09-26,1991-09-26,,,32020,,,10162,0,162864005,4060985,,0,IMC 30+ - obesidade
2502,351,4280726,1980-12-30,1980-12-30,,,32020,,,10170,0,367498001,4280726,,0,Gripe sazonal
2503,352,372328,2018-04-21,2018-04-21,2018-07-25,2018-07-25,32020,,,10187,0,65363002,372328,,0,Otite média
2504,352,372328,2017-01-12,2017-01-12,2017-04-26,2017-04-26,32020,,,10179,0,65363002,372328,,0,Otite média
2505,353,260139,2018-01-30,2018-01-30,2018-02-13,2018-02-13,32020,,,10192,0,10509002,260139,,0,Bronquite aguda
2506,353,40481087,2017-12-18,2017-12-18,2018-01-08,2018-01-08,32020,,,10206,0,444814009,40481087,,0,Infecção viral das vias aéreas superiores
2507,353,260139,2015-11-27,2015-11-27,2015-12-11,2015-12-11,32020,,,10207,0,10509002,260139,,0,Bronquite aguda
2508,353,40481087,2015-10-09,2015-10-09,2015-10-23,2015-10-23,32020,,,10212,0,444814009,40481087,,0,Infecção viral das vias aéreas superiores
2509,353,4112343,2010-05-07,2010-05-07,2010-05-17,2010-05-17,32020,,,10211,0,195662009,4112343,,0,Faringite viral aguda
2510,353,4311629,2004-06-21,2004-06-21,,,32020,,,10203,0,15777000,40316773,,0,Pré-diabetes
2511,353,0,2001-06-18,2001-06-18,,,32020,,,10209,0,162864005,4060985,,0,IMC 30+ - obesidade
2512,353,40486433,1983-04-22,1983-04-22,,,32020,,,10197,0,446096008,40486433,,0,Esteatose hepática perivenular
2513,354,4056621,2017-11-14,2017-11-14,,,32020,,,10237,0,197927001,4056621,,0,Uretrite recorrente
2514,354,4116491,2017-11-14,2017-11-14,2017-12-24,2017-12-24,32020,,,10237,0,301011002,4116491,,0,Infecção do trato urinário por E. coli
2515,354,4116491,2017-09-01,2017-09-01,2017-10-17,2017-10-17,32020,,,10262,0,301011002,4116491,,0,Infecção do trato urinário por E. coli
2516,354,4217975,2015-03-13,2015-03-13,2015-10-16,2015-10-16,32020,,,10230,0,72892002,4217975,,0,Otite média não supurativa
2517,354,4116491,2014-07-10,2014-07-10,2014-09-02,2014-09-02,32020,,,10220,0,301011002,4116491,,0,Infecção do trato urinário por E. coli
2518,354,4217975,2013-02-22,2013-02-22,2013-09-27,2013-09-27,32020,,,10259,0,72892002,4217975,,0,Otite média não supurativa
2519,354,4112343,2012-01-14,2012-01-14,2012-01-21,2012-01-21,32020,,,10234,0,195662009,4112343,,0,Faringite viral aguda
2520,354,4217975,2010-11-26,2010-11-26,2010-12-24,2010-12-24,32020,,,10268,0,72892002,4217975,,0,Otite média não supurativa
2521,354,40481087,2010-03-23,2010-03-23,2010-03-30,2010-03-30,32020,,,10271,0,444814009,40481087,,0,Infecção viral das vias aéreas superiores
2522,354,4217975,2008-12-19,2008-12-19,2009-07-31,2009-07-31,32020,,,10267,0,72892002,4217975,,0,Otite média não supurativa
2523,354,0,2006-03-10,2006-03-10,,,32020,,,10226,0,162864005,4060985,,0,IMC 30+ - obesidade
2524,355,40481087,2018-12-27,2018-12-27,,,32020,,,10296,0,444814009,40481087,,0,Infecção viral das vias aéreas superiores
2525,355,375671,2018-12-17,2018-12-17,,,32020,,,10288,0,62564004,375671,,0,Concussão sem perda de consciência
2526,355,4112343,2018-07-20,2018-07-20,2018-07-30,2018-07-30,32020,,,10292,0,195662009,4112343,,0,Faringite viral aguda
2527,355,40481087,2014-05-08,2014-05-08,2014-05-15,2014-05-15,32020,,,10277,0,444814009,40481087,,0,Infecção viral das vias aéreas superiores
2528,355,4112343,2014-01-29,2014-01-29,2014-02-09,2014-02-09,32020,,,10279,0,195662009,4112343,,0,Faringite viral aguda
2529,355,257012,2010-03-22,2010-03-22,,,32020,,,10294,0,40055000,257012,,0,Sinusite crônica
2530,355,4294548,2010-02-22,2010-02-22,2010-05-24,2010-05-24,32020,,,10278,0,75498004,4294548,,0,Infecção bacteriana aguda
2531,355,440086,2009-11-14,2009-11-14,,,32020,,,10282,0,192127007,440086,,0,Transtorno do espectro autista infantil
2532,355,4048171,2005-11-22,2005-11-22,,,32020,,,10293,0,232353008,4048171,,0,Perfuração do tímpano
2533,355,40481087,2005-02-05,2005-02-05,2005-02-12,2005-02-12,32020,,,10274,0,444814009,40481087,,0,Infecção viral das vias aéreas superiores
2534,356,260139,2016-11-19,2016-11-19,2016-11-26,2016-11-26,32020,,,10313,0,10509002,260139,,0,Bronquite aguda
2535,356,40481087,2015-08-12,2015-08-12,2015-09-02,2015-09-02,32020,,,10322,0,444814009,40481087,,0,Infecção viral das vias aéreas superiores
2536,356,4156265,2015-05-31,2015-05-31,2015-06-21,2015-06-21,32020,,,10333,0,370247008,4156265,,0,Lesão facial
2537,356,80502,2015-01-11,2015-01-11,,,32020,,,10328,0,64859006,80502,,0,Osteoporose
2538,356,4208104,2012-06-04,2012-06-04,,,32020,,,10336,0,55680006,4208104,,0,Overdose de droga
2539,356,4134304,2012-04-16,2012-04-16,2012-07-15,2012-07-15,32020,,,10337,0,263102004,4134304,,0,Ruptura de menisco
2540,356,260139,2010-07-11,2010-07-11,2010-07-18,2010-07-18,32020,,,10334,0,10509002,260139,,0,Bronquite aguda
2541,356,43530652,1991-03-18,1991-03-18,,,32020,,,10320,0,124171000119105,43530652,,0,Nefropatia diabética crônica
2542,356,4055754,1991-02-09,1991-02-09,,,32020,,,10326,0,196416002,4055754,,0,Esofagite por refluxo
2543,356,436096,1990-02-06,1990-02-06,,,32020,,,10350,0,82423001,436096,,0,Dor crônica
2544,356,200970,1989-12-04,1989-12-04,,,32020,,,10316,0,92691004,200970,,0,Carcinoma in situ de próstata
2545,356,4129902,1989-12-04,1989-12-04,,,32020,,,10316,0,126906006,4129902,,0,Neoplasia de bexiga
2546,356,313217,1980-10-19,1980-10-19,,,32020,,,10349,0,49436004,313217,,0,Fibrilação atrial
2547,356,4311629,1966-09-25,1966-09-25,,,32020,,,10319,0,15777000,40316773,,0,Pré-diabetes
2548,356,0,1959-04-19,1959-04-19,,,32020,,,10317,0,162864005,4060985,,0,IMC 30+ - obesidade
2549,356,0,1957-09-08,1957-09-08,,,32020,,,10303,0,428251008,4323208,,0,Histórico de apendicectomia
2550,356,440448,1957-09-08,1957-09-08,,,32020,,,10340,0,74400008,440448,,0,Apendicite
2551,356,4166224,1957-09-08,1957-09-08,,,32020,,,10340,0,47693006,4166224,,0,Ruptura de apêndice
2552,356,257012,1931-01-10,1931-01-10,,,32020,,,10309,0,40055000,257012,,0,Sinusite crônica
2553,357,4283893,2016-09-17,2016-09-17,2016-12-10,2016-12-10,32020,,,10370,0,36971009,4283893,,0,Sinusite
2554,357,257012,2016-02-06,2016-02-06,,,32020,,,10383,0,40055000,257012,,0,Sinusite crônica
2555,357,4283893,2015-12-19,2015-12-19,2016-02-13,2016-02-13,32020,,,10375,0,36971009,4283893,,0,Sinusite
2556,357,378001,2015-04-30,2015-04-30,2015-06-29,2015-06-29,32020,,,10361,0,62106007,378001,,0,Concussão com perda de consciência
2557,357,4294548,2015-03-08,2015-03-08,2015-03-15,2015-03-15,32020,,,10369,0,75498004,4294548,,0,Infecção bacteriana aguda
2558,357,4217975,2011-04-23,2011-04-23,2011-11-26,2011-11-26,32020,,,10368,0,72892002,4217975,,0,Otite média não supurativa
2559,357,4152936,2009-05-10,2009-05-10,2009-05-31,2009-05-31,32020,,,10363,0,283385000,4152936,,0,Laceração de ombro
2560,357,4311629,1998-10-31,1998-10-31,,,32020,,,10357,0,15777000,40316773,,0,Pré-diabetes
2561,358,4311629,2018-03-16,2018-03-16,,,32020,,,10401,0,15777000,40316773,,0,Pré-diabetes
2562,358,4112343,2017-01-03,2017-01-03,2017-01-12,2017-01-12,32020,,,10390,0,195662009,4112343,,0,Faringite viral aguda
2563,358,40481087,2016-12-03,2016-12-03,2016-12-10,2016-12-10,32020,,,10408,0,444814009,40481087,,0,Infecção viral das vias aéreas superiores
2564,358,81151,2016-11-19,2016-11-19,2016-12-24,2016-12-24,32020,,,10406,0,44465007,81151,,0,Entorse de tornozelo
2565,358,40481087,2016-04-21,2016-04-21,2016-04-28,2016-04-28,32020,,,10388,0,444814009,40481087,,0,Infecção viral das vias aéreas superiores
2566,358,0,2015-02-20,2015-02-20,,,32020,,,10412,0,408512008,4256640,,0,Alcoolismo relatado pelo paciente
2567,358,40481087,2009-02-06,2009-02-06,2009-02-20,2009-02-20,32020,,,10403,0,444814009,40481087,,0,Infecção viral das vias aéreas superiores
2568,358,199076,2004-11-05,2004-11-05,,,32020,,,10394,0,79586000,199076,,0,Gravidez tubária
2569,358,0,1999-11-05,1999-11-05,,,32020,,,10393,0,162864005,4060985,,0,IMC 30+ - obesidade
2570,358,4078393,1994-04-01,1994-04-01,,,32020,,,10405,0,19169002,4078393,,0,Aborto espontâneo na gravidez
2571,358,316866,1986-10-17,1986-10-17,,,32020,,,10407,0,38341003,316866,,0,Hipertensão arterial
2572,359,40481087,2018-12-01,2018-12-01,2018-12-08,2018-12-08,32020,,,10419,0,444814009,40481087,,0,Infecção viral das vias aéreas superiores
2573,359,40481087,2017-02-18,2017-02-18,2017-03-04,2017-03-04,32020,,,10437,0,444814009,40481087,,0,Infecção viral das vias aéreas superiores
2574,359,28060,2016-05-04,2016-05-04,2016-05-12,2016-05-12,32020,,,10417,0,43878008,28060,,0,Faringite estreptocócica
2575,359,40481087,2015-03-05,2015-03-05,2015-03-26,2015-03-26,32020,,,10436,0,444814009,40481087,,0,Infecção viral das vias aéreas superiores
2576,359,4296205,2014-06-12,2014-06-12,2014-07-17,2014-07-17,32020,,,10425,0,403191005,4296205,,0,Queimadura solar de segundo grau
2577,359,40481087,2010-09-27,2010-09-27,2010-10-18,2010-10-18,32020,,,10424,0,444814009,40481087,,0,Infecção viral das vias aéreas superiores
2578,359,4112343,2010-06-24,2010-06-24,2010-07-02,2010-07-02,32020,,,10431,0,195662009,4112343,,0,Faringite viral aguda
2579,359,0,2007-10-25,2007-10-25,,,32020,,,10434,0,162864005,4060985,,0,IMC 30+ - obesidade
2580,359,261325,1991-09-19,1991-09-19,,,32020,,,10433,0,87433001,261325,,0,Enfisema pulmonar
2581,360,40481087,2017-05-28,2017-05-28,2017-06-11,2017-06-11,32020,,,10470,0,444814009,40481087,,0,Infecção viral das vias aéreas superiores
2582,360,40481087,2013-11-24,2013-11-24,2013-12-08,2013-12-08,32020,,,10455,0,444814009,40481087,,0,Infecção viral das vias aéreas superiores
2583,360,260139,2009-12-02,2009-12-02,2009-12-16,2009-12-16,32020,,,10469,0,10509002,260139,,0,Bronquite aguda
2584,360,40486433,1999-02-08,1999-02-08,2014-02-06,2014-02-06,32020,,,10490,0,446096008,40486433,,0,Esteatose hepática perivenular
2585,361,4112343,2017-05-20,2017-05-20,2017-05-30,2017-05-30,32020,,,10506,0,195662009,4112343,,0,Faringite viral aguda
2586,361,40481087,2016-11-08,2016-11-08,2016-11-29,2016-11-29,32020,,,10503,0,444814009,40481087,,0,Infecção viral das vias aéreas superiores
2587,361,4218389,2016-06-09,2016-06-09,2016-06-30,2016-06-30,32020,,,10501,0,39848009,4218389,,0,Lesão em chicote do pescoço
2588,361,40481087,2010-09-14,2010-09-14,2010-10-05,2010-10-05,32020,,,10504,0,444814009,40481087,,0,Infecção viral das vias aéreas superiores
2589,361,4109685,2010-04-28,2010-04-28,2010-05-12,2010-05-12,32020,,,10502,0,284551006,4109685,,0,Laceração de pé
2590,362,260139,2014-05-15,2014-05-15,2014-05-22,2014-05-22,32020,,,10511,0,10509002,260139,,0,Bronquite aguda
2591,362,260139,2010-06-06,2010-06-06,2010-06-20,2010-06-20,32020,,,10508,0,10509002,260139,,0,Bronquite aguda
2592,362,257012,1996-12-23,1996-12-23,,,32020,,,10513,0,40055000,257012,,0,Sinusite crônica
2593,363,372328,2018-09-23,2018-09-23,,,32020,,,10519,0,65363002,372328,,0,Otite média
2594,363,372328,2017-01-16,2017-01-16,2017-04-01,2017-04-01,32020,,,10516,0,65363002,372328,,0,Otite média
2595,363,40481087,2016-09-27,2016-09-27,2016-10-18,2016-10-18,32020,,,10517,0,444814009,40481087,,0,Infecção viral das vias aéreas superiores
2596,364,260139,2017-10-03,2017-10-03,2017-10-10,2017-10-10,32020,,,10537,0,10509002,260139,,0,Bronquite aguda
2597,364,0,2017-04-12,2017-04-12,,,32020,,,10530,0,429007001,4324181,,0,Histórico de infarto
2598,364,321042,2017-04-12,2017-04-12,,,32020,,,10530,0,410429000,321042,,0,Parada cardíaca
2599,364,4311629,2002-06-12,2002-06-12,,,32020,,,10534,0,15777000,40316773,,0,Pré-diabetes
2600,364,316866,1989-05-24,1989-05-24,,,32020,,,10532,0,38341003,316866,,0,Hipertensão arterial
2601,365,378001,2018-11-19,2018-11-19,,,32020,,,10539,0,62106007,378001,,0,Concussão com perda de consciência
2602,365,40481087,2015-01-12,2015-01-12,2015-02-02,2015-02-02,32020,,,10542,0,444814009,40481087,,0,Infecção viral das vias aéreas superiores
2603,365,378001,2004-02-06,2004-02-06,2004-03-07,2004-03-07,32020,,,10544,0,62106007,378001,,0,Concussão com perda de consciência
2604,366,40481087,2016-11-13,2016-11-13,2016-12-04,2016-12-04,32020,,,10554,0,444814009,40481087,,0,Infecção viral das vias aéreas superiores
2605,366,195588,2015-08-15,2015-08-15,2015-09-28,2015-09-28,32020,,,10550,0,38822007,195588,,0,Cistite
2606,366,4134304,2014-12-12,2014-12-12,2015-02-10,2015-02-10,32020,,,10569,0,263102004,4134304,,0,Ruptura de menisco
2607,366,316866,2012-08-17,2012-08-17,,,32020,,,10561,0,38341003,316866,,0,Hipertensão arterial
2608,366,4217975,2011-04-01,2011-04-01,2011-10-14,2011-10-14,32020,,,10552,0,72892002,4217975,,0,Otite média não supurativa
2609,366,0,2005-09-09,2005-09-09,,,32020,,,10553,0,162864005,4060985,,0,IMC 30+ - obesidade
2610,367,40481087,2018-09-13,2018-09-13,2018-09-20,2018-09-20,32020,,,10582,0,444814009,40481087,,0,Infecção viral das vias aéreas superiores
2611,367,372328,2009-09-10,2009-09-10,2009-11-17,2009-11-17,32020,,,10574,0,65363002,372328,,0,Otite média
2612,368,40481087,2018-11-13,2018-11-13,2018-11-27,2018-11-27,32020,,,10587,0,444814009,40481087,,0,Infecção viral das vias aéreas superiores
2613,368,4112343,2011-03-29,2011-03-29,2011-04-09,2011-04-09,32020,,,10594,0,195662009,4112343,,0,Faringite viral aguda
2614,368,40481087,2009-04-05,2009-04-05,2009-04-26,2009-04-26,32020,,,10593,0,444814009,40481087,,0,Infecção viral das vias aéreas superiores
2615,368,4116491,2009-03-15,2009-03-15,2009-05-02,2009-05-02,32020,,,10593,0,301011002,4116491,,0,Infecção do trato urinário por E. coli
2616,368,381316,2002-04-07,2002-04-07,,,32020,,,10590,0,230690007,381316,,0,Acidente vascular cerebral
2617,368,4311629,2000-01-02,2000-01-02,,,32020,,,10590,0,15777000,40316773,,0,Pré-diabetes
2618,368,316866,1988-02-14,1988-02-14,,,32020,,,10592,0,38341003,316866,,0,Hipertensão arterial
2619,369,40481087,2018-06-26,2018-06-26,2018-07-17,2018-07-17,32020,,,10603,0,444814009,40481087,,0,Infecção viral das vias aéreas superiores
2620,369,4112343,2016-06-30,2016-06-30,2016-07-10,2016-07-10,32020,,,10606,0,195662009,4112343,,0,Faringite viral aguda
2621,369,260139,2014-12-15,2014-12-15,2014-12-22,2014-12-22,32020,,,10607,0,10509002,260139,,0,Bronquite aguda
2622,369,317009,2014-01-29,2014-01-29,,,32020,,,10599,0,195967001,317009,,0,Asma
2623,369,260139,2011-09-24,2011-09-24,2011-10-01,2011-10-01,32020,,,10605,0,10509002,260139,,0,Bronquite aguda
2624,369,0,2011-05-26,2011-05-26,,,32020,,,10597,0,162864005,4060985,,0,IMC 30+ - obesidade
2625,369,260139,2009-08-08,2009-08-08,2009-08-22,2009-08-22,32020,,,10609,0,10509002,260139,,0,Bronquite aguda
2626,369,316866,1998-05-07,1998-05-07,,,32020,,,10611,0,38341003,316866,,0,Hipertensão arterial
2627,369,4280726,1982-02-06,1982-02-06,,,32020,,,10610,0,367498001,4280726,,0,Gripe sazonal
2628,370,4217975,2018-08-31,2018-08-31,,,32020,,,10633,0,72892002,4217975,,0,Otite média não supurativa
2629,370,4217975,2017-07-21,2017-07-21,2018-03-02,2018-03-02,32020,,,10618,0,72892002,4217975,,0,Otite média não supurativa
2630,370,28060,2016-07-06,2016-07-06,2016-07-16,2016-07-16,32020,,,10631,0,43878008,28060,,0,Faringite estreptocócica
2631,371,260139,2018-04-15,2018-04-15,2018-04-22,2018-04-22,32020,,,10671,0,10509002,260139,,0,Bronquite aguda
2632,371,4217975,2015-12-26,2015-12-26,2016-01-16,2016-01-16,32020,,,10669,0,72892002,4217975,,0,Otite média não supurativa
2633,371,260139,2015-01-23,2015-01-23,2015-01-30,2015-01-30,32020,,,10649,0,10509002,260139,,0,Bronquite aguda
2634,371,4217975,2011-05-07,2011-05-07,2011-05-28,2011-05-28,32020,,,10681,0,72892002,4217975,,0,Otite média não supurativa
2635,371,40481087,2010-12-24,2010-12-24,2011-01-14,2011-01-14,32020,,,10680,0,444814009,40481087,,0,Infecção viral das vias aéreas superiores
2636,371,4112343,2009-06-11,2009-06-11,2009-06-18,2009-06-18,32020,,,10672,0,195662009,4112343,,0,Faringite viral aguda
2637,371,316866,2003-08-16,2003-08-16,,,32020,,,10660,0,38341003,316866,,0,Hipertensão arterial
2638,372,4112343,2016-11-05,2016-11-05,2016-11-17,2016-11-17,32020,,,10691,0,195662009,4112343,,0,Faringite viral aguda
2639,372,0,2016-10-12,2016-10-12,,,32020,,,10695,0,408512008,4256640,,0,Alcoolismo relatado pelo paciente
2640,372,4294548,2014-10-27,2014-10-27,2014-11-24,2014-11-24,32020,,,10697,0,75498004,4294548,,0,Infecção bacteriana aguda
2641,372,40481087,2011-09-14,2011-09-14,2011-10-05,2011-10-05,32020,,,10694,0,444814009,40481087,,0,Infecção viral das vias aéreas superiores
2642,372,0,1999-08-18,1999-08-18,,,32020,,,10688,0,162864005,4060985,,0,IMC 30+ - obesidade
2643,373,257012,2014-02-16,2014-02-16,,,32020,,,10706,0,40055000,257012,,0,Sinusite crônica
2644,373,4294548,2013-10-13,2013-10-13,2014-05-04,2014-05-04,32020,,,10700,0,75498004,4294548,,0,Infecção bacteriana aguda
2645,373,4112343,2011-01-09,2011-01-09,2011-01-22,2011-01-22,32020,,,10708,0,195662009,4112343,,0,Faringite viral aguda
2646,373,40481087,2010-08-04,2010-08-04,2010-08-25,2010-08-25,32020,,,10703,0,444814009,40481087,,0,Infecção viral das vias aéreas superiores
2647,373,4311629,2010-07-18,2010-07-18,,,32020,,,10705,0,15777000,40316773,,0,Pré-diabetes
2648,373,0,1995-10-29,1995-10-29,,,32020,,,10713,0,162864005,4060985,,0,IMC 30+ - obesidade
2649,374,4109685,2018-08-07,2018-08-07,2018-08-21,2018-08-21,32020,,,10725,0,284551006,4109685,,0,Laceração de pé
2650,374,40481087,2018-04-16,2018-04-16,2018-04-23,2018-04-23,32020,,,10717,0,444814009,40481087,,0,Infecção viral das vias aéreas superiores
2651,374,260139,2015-01-26,2015-01-26,2015-02-02,2015-02-02,32020,,,10731,0,10509002,260139,,0,Bronquite aguda
2652,375,260139,2016-10-16,2016-10-16,2016-10-30,2016-10-30,32020,,,10757,0,10509002,260139,,0,Bronquite aguda
2653,375,40481087,2016-02-26,2016-02-26,2016-03-04,2016-03-04,32020,,,10741,0,444814009,40481087,,0,Infecção viral das vias aéreas superiores
2654,375,40481087,2014-10-06,2014-10-06,2014-10-27,2014-10-27,32020,,,10747,0,444814009,40481087,,0,Infecção viral das vias aéreas superiores
2655,375,0,2012-08-27,2012-08-27,,,32020,,,10755,0,703151001,45766064,,0,Histórico de artroplastia de joelho
2656,375,4029498,2012-08-27,2012-08-27,,,32020,,,10755,0,128613002,4029498,,0,Transtorno convulsivo
2657,375,260139,2011-01-31,2011-01-31,2011-02-14,2011-02-14,32020,,,10739,0,10509002,260139,,0,Bronquite aguda
2658,375,28060,2010-03-26,2010-03-26,2010-04-07,2010-04-07,32020,,,10753,0,43878008,28060,,0,Faringite estreptocócica
2659,376,375671,2018-06-14,2018-06-14,2018-07-14,2018-07-14,32020,,,10770,0,62564004,375671,,0,Concussão sem perda de consciência
2660,376,372328,2017-07-19,2017-07-19,2017-09-01,2017-09-01,32020,,,10767,0,65363002,372328,,0,Otite média
2661,376,260139,2015-11-29,2015-11-29,2015-12-06,2015-12-06,32020,,,10771,0,10509002,260139,,0,Bronquite aguda
2662,376,40481087,2015-05-06,2015-05-06,2015-05-20,2015-05-20,32020,,,10758,0,444814009,40481087,,0,Infecção viral das vias aéreas superiores
2663,377,378001,2014-10-18,2014-10-18,2014-12-17,2014-12-17,32020,,,10788,0,62106007,378001,,0,Concussão com perda de consciência
2664,377,40481087,2011-10-07,2011-10-07,2011-10-21,2011-10-21,32020,,,10787,0,444814009,40481087,,0,Infecção viral das vias aéreas superiores
2665,377,40481087,2009-10-31,2009-10-31,2009-11-07,2009-11-07,32020,,,10782,0,444814009,40481087,,0,Infecção viral das vias aéreas superiores
2666,377,436096,1990-07-31,1990-07-31,,,32020,,,10781,0,82423001,436096,,0,Dor crônica
2667,377,4078393,1966-11-08,1966-11-08,,,32020,,,10780,0,19169002,4078393,,0,Aborto espontâneo na gravidez
2668,377,4311629,1963-01-08,1963-01-08,,,32020,,,10779,0,15777000,40316773,,0,Pré-diabetes
2669,377,257012,1951-07-03,1951-07-03,,,32020,,,10786,0,40055000,257012,,0,Sinusite crônica
2670,377,0,1947-07-08,1947-07-08,,,32020,,,10796,0,408512008,4256640,,0,Alcoolismo relatado pelo paciente
2671,377,0,1942-06-09,1942-06-09,,,32020,,,10793,0,162864005,4060985,,0,IMC 30+ - obesidade
2672,378,260139,2015-01-17,2015-01-17,2015-01-24,2015-01-24,32020,,,10804,0,10509002,260139,,0,Bronquite aguda
2673,378,436940,2014-10-17,2014-10-17,,,32020,,,10806,0,237602007,436940,,0,Síndrome metabólica
2674,378,4120314,2014-10-17,2014-10-17,,,32020,,,10806,0,302870006,4120314,,0,Hipertrigliceridemia
2675,378,4214376,2014-10-17,2014-10-17,,,32020,,,10806,0,80394007,4214376,,0,Hiperglicemia
2676,378,201826,2012-10-12,2012-10-12,,,32020,,,10798,0,44054006,201826,,0,Diabetes mellitus tipo 2
2677,378,4311629,2007-12-14,2007-12-14,,,32020,,,10802,0,15777000,40316773,,0,Pré-diabetes
2678,378,0,2004-12-10,2004-12-10,,,32020,,,10803,0,162864005,4060985,,0,IMC 30+ - obesidade
2679,379,255848,2008-03-20,2008-03-20,,,32020,,,10808,0,233604007,255848,,0,Pneumonia
2680,379,4155034,2008-02-10,2008-02-10,2008-02-24,2008-02-24,32020,,,10814,0,283371005,4155034,,0,Laceração de antebraço
2681,379,40481087,2004-10-03,2004-10-03,2004-10-17,2004-10-17,32020,,,10820,0,444814009,40481087,,0,Infecção viral das vias aéreas superiores
2682,379,378419,2001-11-22,2001-11-22,,,32020,,,10815,0,26929004,378419,,0,Doença de Alzheimer
2683,379,200970,1979-04-19,1979-04-19,,,32020,,,10821,0,92691004,200970,,0,Carcinoma in situ de próstata
2684,379,4129902,1979-04-19,1979-04-19,,,32020,,,10821,0,126906006,4129902,,0,Neoplasia de bexiga
2685,379,0,1955-04-28,1955-04-28,,,32020,,,10823,0,408512008,4256640,,0,Alcoolismo relatado pelo paciente
2686,379,0,1935-05-30,1935-05-30,,,32020,,,10826,0,162864005,4060985,,0,IMC 30+ - obesidade
2687,380,4112343,1986-08-03,1986-08-03,1986-08-10,1986-08-10,32020,,,10849,0,195662009,4112343,,0,Faringite viral aguda
2688,380,78272,1983-03-18,1983-03-18,1983-04-15,1983-04-15,32020,,,10830,0,70704007,78272,,0,Entorse de punho
2689,380,0,1982-07-31,1982-07-31,,,32020,,,10831,0,703151001,45766064,,0,Histórico de artroplastia de joelho
2690,380,4029498,1982-07-31,1982-07-31,,,32020,,,10831,0,128613002,4029498,,0,Transtorno convulsivo
2691,380,372328,1981-04-27,1981-04-27,1981-07-09,1981-07-09,32020,,,10833,0,65363002,372328,,0,Otite média
2692,381,40481087,2018-05-20,2018-05-20,2018-05-27,2018-05-27,32020,,,10858,0,444814009,40481087,,0,Infecção viral das vias aéreas superiores
2693,381,372328,2018-05-17,2018-05-17,2018-05-31,2018-05-31,32020,,,10851,0,65363002,372328,,0,Otite média
2694,381,40481087,2017-10-25,2017-10-25,2017-11-15,2017-11-15,32020,,,10855,0,444814009,40481087,,0,Infecção viral das vias aéreas superiores
2695,382,40481087,2018-01-14,2018-01-14,2018-02-04,2018-02-04,32020,,,10880,0,444814009,40481087,,0,Infecção viral das vias aéreas superiores
2696,382,257012,2015-07-29,2015-07-29,,,32020,,,10870,0,40055000,257012,,0,Sinusite crônica
2697,382,4283893,2015-07-01,2015-07-01,2015-08-19,2015-08-19,32020,,,10872,0,36971009,4283893,,0,Sinusite
2698,382,4134304,2015-07-01,2015-07-01,2015-07-31,2015-07-31,32020,,,10863,0,263102004,4134304,,0,Ruptura de menisco
2699,382,4294548,2012-09-22,2012-09-22,2012-10-06,2012-10-06,32020,,,10876,0,75498004,4294548,,0,Infecção bacteriana aguda
2700,382,4112343,2011-08-17,2011-08-17,2011-08-29,2011-08-29,32020,,,10882,0,195662009,4112343,,0,Faringite viral aguda
2701,382,4112343,2010-08-08,2010-08-08,2010-08-18,2010-08-18,32020,,,10881,0,195662009,4112343,,0,Faringite viral aguda
2702,382,4112343,2010-04-01,2010-04-01,2010-04-09,2010-04-09,32020,,,10868,0,195662009,4112343,,0,Faringite viral aguda
2703,382,260139,2009-03-06,2009-03-06,2009-03-13,2009-03-13,32020,,,10875,0,10509002,260139,,0,Bronquite aguda
2704,383,137613,2017-05-16,2017-05-16,2017-06-06,2017-06-06,32020,,,10892,0,198992004,137613,,0,Pré-eclâmpsia leve
2705,383,4217975,2016-11-01,2016-11-01,2017-06-06,2017-06-06,32020,,,10893,0,72892002,4217975,,0,Otite média não supurativa
2706,383,4142905,2016-05-01,2016-05-01,2016-06-30,2016-06-30,32020,,,10915,0,33737001,4142905,,0,Fratura de rádio
2707,383,4217975,2014-11-04,2014-11-04,2015-01-13,2015-01-13,32020,,,10900,0,72892002,4217975,,0,Otite média não supurativa
2708,383,4311629,2014-09-16,2014-09-16,,,32020,,,10897,0,15777000,40316773,,0,Pré-diabetes
2709,383,4048171,1989-07-14,1989-07-14,,,32020,,,10922,0,232353008,4048171,,0,Perfuração do tímpano
2710,383,133834,1986-09-13,1986-09-13,,,32020,,,10898,0,24079001,133834,,0,Dermatite atópica
2711,384,4217975,2017-08-09,2017-08-09,2017-10-11,2017-10-11,32020,,,10930,0,72892002,4217975,,0,Otite média não supurativa
2712,384,316866,2015-06-03,2015-06-03,,,32020,,,10948,0,38341003,316866,,0,Hipertensão arterial
2713,384,260139,2013-05-27,2013-05-27,2013-06-04,2013-06-04,32020,,,10960,0,10509002,260139,,0,Bronquite aguda
2714,384,40486433,2000-06-03,2000-06-03,,,32020,,,10979,0,446096008,40486433,,0,Esteatose hepática perivenular
2715,384,4051466,1999-06-04,1999-06-04,2016-09-09,2016-09-09,32020,,,11004,0,233678006,4051466,,0,Asma na infância
2716,384,133834,1998-09-27,1998-09-27,2015-01-01,2015-01-01,32020,,,10947,0,24079001,133834,,0,Dermatite atópica
2717,385,260139,2016-10-01,2016-10-01,2016-10-08,2016-10-08,32020,,,11022,0,10509002,260139,,0,Bronquite aguda
2718,385,40481087,2015-12-15,2015-12-15,2015-12-22,2015-12-22,32020,,,11025,0,444814009,40481087,,0,Infecção viral das vias aéreas superiores
2719,385,40481087,2014-01-08,2014-01-08,2014-01-15,2014-01-15,32020,,,11021,0,444814009,40481087,,0,Infecção viral das vias aéreas superiores
2720,386,4112343,2012-05-24,2012-05-24,2012-06-01,2012-06-01,32020,,,11073,0,195662009,4112343,,0,Faringite viral aguda
2721,386,0,1985-08-10,1985-08-10,,,32020,,,11042,0,408512008,4256640,,0,Alcoolismo relatado pelo paciente
2722,386,432867,1985-08-10,1985-08-10,,,32020,,,11042,0,55822004,432867,,0,Hiperlipidemia
2723,386,4078393,1973-03-24,1973-03-24,,,32020,,,11070,0,19169002,4078393,,0,Aborto espontâneo na gravidez
2724,386,0,1970-03-21,1970-03-21,,,32020,,,11069,0,162864005,4060985,,0,IMC 30+ - obesidade
2725,387,381316,2015-12-04,2015-12-04,,,32020,,,11095,0,230690007,381316,,0,Acidente vascular cerebral
2726,387,317576,1993-08-27,1993-08-27,,,32020,,,11090,0,53741008,317576,,0,Doença arterial coronariana
2727,387,257012,1983-12-23,1983-12-23,,,32020,,,11081,0,40055000,257012,,0,Sinusite crônica
2728,387,200970,1983-02-12,1983-02-12,,,32020,,,11079,0,92691004,200970,,0,Carcinoma in situ de próstata
2729,387,4129902,1983-02-12,1983-02-12,,,32020,,,11079,0,126906006,4129902,,0,Neoplasia de bexiga
2730,387,37017023,1980-09-15,1980-09-15,,,32020,,,11087,0,713197008,37017023,,0,Fibrose cística recorrente
2731,387,4285898,1979-08-22,1979-08-22,,,32020,,,11093,0,68496003,4285898,,0,Pólipo do cólon
2732,387,4285898,1973-04-30,1973-04-30,1974-08-23,1974-08-23,32020,,,11074,0,68496003,4285898,,0,Pólipo do cólon
2733,387,0,1958-10-17,1958-10-17,,,32020,,,11091,0,162864005,4060985,,0,IMC 30+ - obesidade
2734,388,4051466,2015-06-19,2015-06-19,,,32020,,,11116,0,233678006,4051466,,0,Asma na infância
2735,388,4084167,2013-08-31,2013-08-31,2013-08-31,2013-08-31,32020,,,11111,0,241929008,4084167,,0,Reação alérgica a alimento
2736,388,372328,2013-07-02,2013-07-02,2013-11-18,2013-11-18,32020,,,11112,0,65363002,372328,,0,Otite média
2737,388,40486433,2013-06-19,2013-06-19,,,32020,,,11112,0,446096008,40486433,,0,Esteatose hepática perivenular
2738,389,40481087,2018-01-31,2018-01-31,2018-02-14,2018-02-14,32020,,,11138,0,444814009,40481087,,0,Infecção viral das vias aéreas superiores
2739,389,4048171,2016-10-27,2016-10-27,,,32020,,,11123,0,232353008,4048171,,0,Perfuração do tímpano
2740,389,372328,2015-02-08,2015-02-08,2015-03-29,2015-03-29,32020,,,11140,0,65363002,372328,,0,Otite média
2741,389,4112343,2014-11-12,2014-11-12,2014-11-19,2014-11-19,32020,,,11125,0,195662009,4112343,,0,Faringite viral aguda
2742,389,133834,2014-09-18,2014-09-18,,,32020,,,11139,0,24079001,133834,,0,Dermatite atópica
2743,390,4217975,2013-12-19,2013-12-19,2014-07-24,2014-07-24,32020,,,11174,0,72892002,4217975,,0,Otite média não supurativa
2744,390,137613,2013-07-11,2013-07-11,2013-08-01,2013-08-01,32020,,,11169,0,198992004,137613,,0,Pré-eclâmpsia leve
2745,390,4217975,2012-12-27,2012-12-27,2013-08-01,2013-08-01,32020,,,11143,0,72892002,4217975,,0,Otite média não supurativa
2746,390,40318618,2012-06-07,2012-06-07,2012-06-14,2012-06-14,32020,,,11157,0,156073000,40318618,,0,Obesidade
2747,390,4078393,2012-06-07,2012-06-07,,,32020,,,11157,0,19169002,4078393,,0,Aborto espontâneo na gravidez
2748,390,4217975,2012-06-07,2012-06-07,2012-06-14,2012-06-14,32020,,,11157,0,72892002,4217975,,0,Otite média não supurativa
2749,390,316866,2001-09-27,2001-09-27,,,32020,,,11158,0,38341003,316866,,0,Hipertensão arterial
2750,391,4217975,2017-06-24,2017-06-24,,,32020,,,11184,0,72892002,4217975,,0,Otite média não supurativa
2751,391,4217975,2017-01-07,2017-01-07,2017-03-18,2017-03-18,32020,,,11287,0,72892002,4217975,,0,Otite média não supurativa
2752,391,40481087,2016-10-11,2016-10-11,2016-11-01,2016-11-01,32020,,,11228,0,444814009,40481087,,0,Infecção viral das vias aéreas superiores
2753,391,4217975,2016-02-06,2016-02-06,2016-02-27,2016-02-27,32020,,,11248,0,72892002,4217975,,0,Otite média não supurativa
2754,391,4217975,2011-10-22,2011-10-22,2012-05-19,2012-05-19,32020,,,11203,0,72892002,4217975,,0,Otite média não supurativa
2755,391,40318618,2011-01-15,2011-01-15,2011-01-22,2011-01-22,32020,,,11218,0,156073000,40318618,,0,Obesidade
2756,391,4078393,2011-01-15,2011-01-15,,,32020,,,11218,0,19169002,4078393,,0,Aborto espontâneo na gravidez
2757,391,4217975,2011-01-15,2011-01-15,2011-01-22,2011-01-22,32020,,,11218,0,72892002,4217975,,0,Otite média não supurativa
2758,391,4152936,2010-11-23,2010-11-23,2010-12-07,2010-12-07,32020,,,11208,0,283385000,4152936,,0,Laceração de ombro
2759,391,40481087,2008-10-23,2008-10-23,2008-11-13,2008-11-13,32020,,,11212,0,444814009,40481087,,0,Infecção viral das vias aéreas superiores
2760,391,4311629,2005-01-01,2005-01-01,,,32020,,,11182,0,15777000,40316773,,0,Pré-diabetes
2761,391,4217975,2004-04-03,2004-04-03,2004-04-24,2004-04-24,32020,,,11178,0,72892002,4217975,,0,Otite média não supurativa
2762,391,316866,2000-02-19,2000-02-19,,,32020,,,11261,0,38341003,316866,,0,Hipertensão arterial
2763,391,4208104,1998-03-24,1998-03-24,,,32020,,,11211,0,55680006,4208104,,0,Overdose de droga
2764,391,4055754,1996-10-23,1996-10-23,,,32020,,,11280,0,196416002,4055754,,0,Esofagite por refluxo
2765,391,43530652,1996-02-02,1996-02-02,,,32020,,,11274,0,124171000119105,43530652,,0,Nefropatia diabética crônica
2766,391,436096,1995-11-08,1995-11-08,,,32020,,,11255,0,82423001,436096,,0,Dor crônica
2767,392,4112343,2017-03-08,2017-03-08,2017-03-21,2017-03-21,32020,,,11293,0,195662009,4112343,,0,Faringite viral aguda
2768,392,4112343,2016-06-25,2016-06-25,2016-07-08,2016-07-08,32020,,,11303,0,195662009,4112343,,0,Faringite viral aguda
2769,392,40481087,2016-04-29,2016-04-29,2016-05-06,2016-05-06,32020,,,11290,0,444814009,40481087,,0,Infecção viral das vias aéreas superiores
2770,392,260139,2013-09-13,2013-09-13,2013-09-27,2013-09-27,32020,,,11296,0,10509002,260139,,0,Bronquite aguda
2771,392,40481087,2013-06-14,2013-06-14,2013-07-05,2013-07-05,32020,,,11302,0,444814009,40481087,,0,Infecção viral das vias aéreas superiores
2772,392,4283893,2011-05-24,2011-05-24,2011-07-19,2011-07-19,32020,,,11291,0,36971009,4283893,,0,Sinusite
2773,392,4296204,2010-01-09,2010-01-09,2010-01-23,2010-01-23,32020,,,11299,0,403190006,4296204,,0,Queimadura solar de primeiro grau
2774,392,4311629,2003-02-20,2003-02-20,,,32020,,,11304,0,15777000,40316773,,0,Pré-diabetes
2775,392,316866,1996-02-08,1996-02-08,,,32020,,,11300,0,38341003,316866,,0,Hipertensão arterial
2776,393,381316,2000-10-21,2000-10-21,,,32020,,,11306,0,230690007,381316,,0,Acidente vascular cerebral
2777,393,4229440,1987-12-24,1987-12-24,,,32020,,,11325,0,88805009,4229440,,0,Cardiomiopatia isquêmica crônica
2778,393,4079749,1974-12-27,1974-12-27,,,32020,,,11308,0,239872002,4079749,,0,Osteoartrite do quadril
2779,393,4311629,1960-11-19,1960-11-19,,,32020,,,11307,0,15777000,40316773,,0,Pré-diabetes
2780,393,316866,1952-03-01,1952-03-01,,,32020,,,11326,0,38341003,316866,,0,Hipertensão arterial
2781,394,4217975,2016-05-09,2016-05-09,2016-12-05,2016-12-05,32020,,,11381,0,72892002,4217975,,0,Otite média não supurativa
2782,394,378001,2015-09-12,2015-09-12,2015-11-11,2015-11-11,32020,,,11402,0,62106007,378001,,0,Concussão com perda de consciência
2783,394,439393,2015-08-31,2015-08-31,2015-10-26,2015-10-26,32020,,,11375,0,398254007,439393,,0,Pré-eclâmpsia
2784,394,4217975,2015-03-16,2015-03-16,2015-10-26,2015-10-26,32020,,,11343,0,72892002,4217975,,0,Otite média não supurativa
2785,394,4217975,2014-10-27,2014-10-27,2014-11-10,2014-11-10,32020,,,11408,0,72892002,4217975,,0,Otite média não supurativa
2786,394,4156265,2013-10-08,2013-10-08,2013-10-22,2013-10-22,32020,,,11403,0,370247008,4156265,,0,Lesão facial
2787,394,0,2013-02-04,2013-02-04,,,32020,,,11425,0,162864005,4060985,,0,IMC 30+ - obesidade
2788,394,4116491,2012-09-13,2012-09-13,2012-10-24,2012-10-24,32020,,,11414,0,301011002,4116491,,0,Infecção do trato urinário por E. coli
2789,394,4112343,2011-04-09,2011-04-09,2011-04-16,2011-04-16,32020,,,11340,0,195662009,4112343,,0,Faringite viral aguda
2790,394,40481087,2011-03-02,2011-03-02,2011-03-23,2011-03-23,32020,,,11410,0,444814009,40481087,,0,Infecção viral das vias aéreas superiores
2791,394,4217975,2009-04-13,2009-04-13,2009-10-26,2009-10-26,32020,,,11365,0,72892002,4217975,,0,Otite média não supurativa
2792,394,436096,1996-05-14,1996-05-14,,,32020,,,11418,0,82423001,436096,,0,Dor crônica
2793,394,43530652,1996-03-08,1996-03-08,,,32020,,,11393,0,124171000119105,43530652,,0,Nefropatia diabética crônica
2794,394,4208104,1996-01-10,1996-01-10,,,32020,,,11405,0,55680006,4208104,,0,Overdose de droga
2795,394,4055754,1995-10-25,1995-10-25,,,32020,,,11407,0,196416002,4055754,,0,Esofagite por refluxo
2796,395,40481087,2018-09-17,2018-09-17,2018-09-24,2018-09-24,32020,,,11467,0,444814009,40481087,,0,Infecção viral das vias aéreas superiores
2797,395,28060,2016-10-26,2016-10-26,2016-11-06,2016-11-06,32020,,,11469,0,43878008,28060,,0,Faringite estreptocócica
2798,395,81151,2016-07-24,2016-07-24,2016-08-21,2016-08-21,32020,,,11456,0,44465007,81151,,0,Entorse de tornozelo
2799,395,260139,2011-04-08,2011-04-08,2011-04-22,2011-04-22,32020,,,11460,0,10509002,260139,,0,Bronquite aguda
2800,396,375671,2018-02-12,2018-02-12,2018-03-15,2018-03-15,32020,,,11475,0,62564004,375671,,0,Concussão sem perda de consciência
2801,396,28060,2015-03-12,2015-03-12,2015-03-19,2015-03-19,32020,,,11479,0,43878008,28060,,0,Faringite estreptocócica
2802,396,0,1978-03-16,1978-03-16,,,32020,,,11483,0,162864005,4060985,,0,IMC 30+ - obesidade
2803,396,316866,1963-12-19,1963-12-19,,,32020,,,11473,0,38341003,316866,,0,Hipertensão arterial
2804,397,4109685,2017-11-07,2017-11-07,2017-11-28,2017-11-28,32020,,,11540,0,284551006,4109685,,0,Laceração de pé
2805,397,4134304,2016-11-12,2016-11-12,2016-12-12,2016-12-12,32020,,,11539,0,263102004,4134304,,0,Ruptura de menisco
2806,397,257012,2014-08-27,2014-08-27,,,32020,,,11489,0,40055000,257012,,0,Sinusite crônica
2807,397,4294548,2014-07-30,2014-07-30,2014-12-10,2014-12-10,32020,,,11519,0,75498004,4294548,,0,Infecção bacteriana aguda
2808,397,4155034,2014-04-13,2014-04-13,2014-04-27,2014-04-27,32020,,,11538,0,283371005,4155034,,0,Laceração de antebraço
2809,397,40481087,2011-05-05,2011-05-05,2011-05-12,2011-05-12,32020,,,11507,0,444814009,40481087,,0,Infecção viral das vias aéreas superiores
2810,397,28060,2009-07-17,2009-07-17,2009-07-29,2009-07-29,32020,,,11501,0,43878008,28060,,0,Faringite estreptocócica
2811,397,313217,1997-09-17,1997-09-17,,,32020,,,11516,0,49436004,313217,,0,Fibrilação atrial
2812,397,4208104,1993-12-22,1993-12-22,,,32020,,,11530,0,55680006,4208104,,0,Overdose de droga
2813,397,4079750,1986-06-28,1986-06-28,,,32020,,,11534,0,239873007,4079750,,0,Osteoartrite do joelho
2814,397,0,1972-05-10,1972-05-10,,,32020,,,11520,0,408512008,4256640,,0,Alcoolismo relatado pelo paciente
2815,397,0,1952-04-09,1952-04-09,,,32020,,,11515,0,162864005,4060985,,0,IMC 30+ - obesidade
2816,398,4112343,2018-07-22,2018-07-22,2018-08-04,2018-08-04,32020,,,11547,0,195662009,4112343,,0,Faringite viral aguda
2817,398,40481087,2018-07-20,2018-07-20,2018-07-27,2018-07-27,32020,,,11548,0,444814009,40481087,,0,Infecção viral das vias aéreas superiores
2818,398,0,2016-01-29,2016-01-29,,,32020,,,11549,0,162864005,4060985,,0,IMC 30+ - obesidade
2819,398,40481087,2013-01-19,2013-01-19,2013-02-09,2013-02-09,32020,,,11543,0,444814009,40481087,,0,Infecção viral das vias aéreas superiores
2820,398,260139,2012-06-26,2012-06-26,2012-07-03,2012-07-03,32020,,,11545,0,10509002,260139,,0,Bronquite aguda
2821,399,40481087,2017-01-05,2017-01-05,2017-01-19,2017-01-19,32020,,,11550,0,444814009,40481087,,0,Infecção viral das vias aéreas superiores
2822,399,0,2013-10-18,2013-10-18,,,32020,,,11559,0,162864005,4060985,,0,IMC 30+ - obesidade
2823,399,40481087,2011-07-08,2011-07-08,2011-07-29,2011-07-29,32020,,,11553,0,444814009,40481087,,0,Infecção viral das vias aéreas superiores
2824,399,257012,2010-07-01,2010-07-01,,,32020,,,11555,0,40055000,257012,,0,Sinusite crônica
2825,399,4283893,2010-04-08,2010-04-08,2010-11-04,2010-11-04,32020,,,11560,0,36971009,4283893,,0,Sinusite
2826,399,439777,2009-01-24,2009-01-24,,,32020,,,11551,0,271737000,439777,,0,Anemia
2827,400,0,2012-04-25,2012-04-25,,,32020,,,11574,0,429007001,4324181,,0,Histórico de infarto
2828,400,321042,2012-04-25,2012-04-25,,,32020,,,11574,0,410429000,321042,,0,Parada cardíaca
2829,400,260139,2011-06-17,2011-06-17,2011-06-24,2011-06-24,32020,,,11577,0,10509002,260139,,0,Bronquite aguda
2830,400,40481087,2009-05-02,2009-05-02,2009-05-23,2009-05-23,32020,,,11569,0,444814009,40481087,,0,Infecção viral das vias aéreas superiores
2831,400,4311629,2002-05-08,2002-05-08,,,32020,,,11570,0,15777000,40316773,,0,Pré-diabetes
2832,400,257012,2000-07-21,2000-07-21,,,32020,,,11578,0,40055000,257012,,0,Sinusite crônica
2833,400,0,1991-11-20,1991-11-20,,,32020,,,11566,0,162864005,4060985,,0,IMC 30+ - obesidade
2834,401,444094,2009-08-19,2009-08-19,2009-10-18,2009-10-18,32020,,,11580,0,V89.03,,,0,Achado em gestação (CID V89.03)
2835,401,4111608,2009-08-19,2009-08-19,2009-10-18,2009-10-18,32020,,,11580,0,V89.03,,,0,Achado em gestação (CID V89.03)
2836,402,4112343,2015-10-10,2015-10-10,2015-10-23,2015-10-23,32020,,,11614,0,195662009,4112343,,0,Faringite viral aguda
2837,402,4294548,2015-10-08,2015-10-08,2016-09-08,2016-09-08,32020,,,11597,0,75498004,4294548,,0,Infecção bacteriana aguda
2838,402,4079750,2013-04-08,2013-04-08,,,32020,,,11585,0,239873007,4079750,,0,Osteoartrite do joelho
2839,402,4146173,2011-05-22,2011-05-22,2011-06-21,2011-06-21,32020,,,11587,0,307731004,4146173,,0,Fibrilação atrial de início recente
2840,402,260139,2010-11-29,2010-11-29,2010-12-13,2010-12-13,32020,,,11606,0,10509002,260139,,0,Bronquite aguda
2841,402,4294548,2009-04-18,2009-04-18,2009-10-31,2009-10-31,32020,,,11605,0,75498004,4294548,,0,Infecção bacteriana aguda
2842,402,257012,1997-12-07,1997-12-07,,,32020,,,11607,0,40055000,257012,,0,Sinusite crônica
2843,402,4078393,1996-03-20,1996-03-20,,,32020,,,11601,0,19169002,4078393,,0,Aborto espontâneo na gravidez
2844,402,4311629,1995-04-05,1995-04-05,,,32020,,,11592,0,15777000,40316773,,0,Pré-diabetes
2845,403,4218389,2016-04-03,2016-04-03,2016-04-24,2016-04-24,32020,,,11642,0,39848009,4218389,,0,Lesão em chicote do pescoço
2846,403,40481087,2016-01-05,2016-01-05,2016-01-26,2016-01-26,32020,,,11616,0,444814009,40481087,,0,Infecção viral das vias aéreas superiores
2847,403,40481087,2011-04-08,2011-04-08,2011-04-22,2011-04-22,32020,,,11624,0,444814009,40481087,,0,Infecção viral das vias aéreas superiores
2848,403,4079750,2005-02-04,2005-02-04,,,32020,,,11628,0,239873007,4079750,,0,Osteoartrite do joelho
2849,403,381316,1999-10-02,1999-10-02,,,32020,,,11632,0,230690007,381316,,0,Acidente vascular cerebral
2850,403,432867,1998-09-19,1998-09-19,,,32020,,,11617,0,55822004,432867,,0,Hiperlipidemia
2851,403,0,1991-07-20,1991-07-20,,,32020,,,11636,0,162864005,4060985,,0,IMC 30+ - obesidade
2852,404,40481087,2017-02-25,2017-02-25,2017-03-04,2017-03-04,32020,,,11671,0,444814009,40481087,,0,Infecção viral das vias aéreas superiores
2853,404,4078393,2016-12-10,2016-12-10,,,32020,,,11678,0,19169002,4078393,,0,Aborto espontâneo na gravidez
2854,404,4217975,2016-12-10,2016-12-10,2017-01-07,2017-01-07,32020,,,11678,0,72892002,4217975,,0,Otite média não supurativa
2855,404,378001,2014-11-02,2014-11-02,2014-12-02,2014-12-02,32020,,,11681,0,62106007,378001,,0,Concussão com perda de consciência
2856,404,4217975,2014-03-22,2014-03-22,2014-11-01,2014-11-01,32020,,,11672,0,72892002,4217975,,0,Otite média não supurativa
2857,404,4217975,2012-10-20,2012-10-20,2013-05-18,2013-05-18,32020,,,11677,0,72892002,4217975,,0,Otite média não supurativa
2858,404,40481087,2009-12-22,2009-12-22,2009-12-29,2009-12-29,32020,,,11664,0,444814009,40481087,,0,Infecção viral das vias aéreas superiores
2859,404,257012,2006-06-12,2006-06-12,,,32020,,,11694,0,40055000,257012,,0,Sinusite crônica
2860,405,4112343,2016-09-09,2016-09-09,2016-09-17,2016-09-17,32020,,,11698,0,195662009,4112343,,0,Faringite viral aguda
2861,405,40481087,2015-05-04,2015-05-04,2015-05-18,2015-05-18,32020,,,11703,0,444814009,40481087,,0,Infecção viral das vias aéreas superiores
2862,405,4112343,2009-08-06,2009-08-06,2009-08-16,2009-08-16,32020,,,11700,0,195662009,4112343,,0,Faringite viral aguda
2863,405,0,2006-06-08,2006-06-08,,,32020,,,11702,0,428251008,4323208,,0,Histórico de apendicectomia
2864,405,440448,2006-06-08,2006-06-08,,,32020,,,11699,0,74400008,440448,,0,Apendicite
2865,405,4166224,2006-06-08,2006-06-08,,,32020,,,11699,0,47693006,4166224,,0,Ruptura de apêndice
2866,406,40481087,2014-08-03,2014-08-03,2014-08-24,2014-08-24,32020,,,11715,0,444814009,40481087,,0,Infecção viral das vias aéreas superiores
2867,407,4112343,2016-07-10,2016-07-10,2016-07-18,2016-07-18,32020,,,11752,0,195662009,4112343,,0,Faringite viral aguda
2868,407,4113008,2013-01-27,2013-01-27,2013-02-17,2013-02-17,32020,,,11727,0,284549007,4113008,,0,Laceração de mão
2869,407,260139,2012-08-31,2012-08-31,2012-09-07,2012-09-07,32020,,,11737,0,10509002,260139,,0,Bronquite aguda
2870,407,260139,2009-08-08,2009-08-08,2009-08-15,2009-08-15,32020,,,11744,0,10509002,260139,,0,Bronquite aguda
2871,407,317576,1992-01-17,1992-01-17,,,32020,,,11747,0,53741008,317576,,0,Doença arterial coronariana
2872,407,4311629,1985-01-04,1985-01-04,,,32020,,,11738,0,15777000,40316773,,0,Pré-diabetes
2873,408,378001,2018-05-05,2018-05-05,2018-07-04,2018-07-04,32020,,,11763,0,62106007,378001,,0,Concussão com perda de consciência
2874,408,372328,2018-03-16,2018-03-16,2018-05-20,2018-05-20,32020,,,11768,0,65363002,372328,,0,Otite média
2875,408,372328,2014-04-30,2014-04-30,2014-11-02,2014-11-02,32020,,,11765,0,65363002,372328,,0,Otite média
2876,408,40481087,2013-05-04,2013-05-04,2013-05-11,2013-05-11,32020,,,11766,0,444814009,40481087,,0,Infecção viral das vias aéreas superiores
2877,408,372328,2013-03-10,2013-03-10,2013-05-05,2013-05-05,32020,,,11779,0,65363002,372328,,0,Otite média
2878,408,40481087,2012-11-08,2012-11-08,2012-11-29,2012-11-29,32020,,,11764,0,444814009,40481087,,0,Infecção viral das vias aéreas superiores
2879,408,372328,2011-11-08,2011-11-08,2012-01-15,2012-01-15,32020,,,11780,0,65363002,372328,,0,Otite média
2880,409,4116491,2018-04-18,2018-04-18,2018-06-05,2018-06-05,32020,,,11799,0,301011002,4116491,,0,Infecção do trato urinário por E. coli
2881,409,4217975,2016-07-16,2016-07-16,2016-08-13,2016-08-13,32020,,,11825,0,72892002,4217975,,0,Otite média não supurativa
2882,409,40481087,2014-09-09,2014-09-09,2014-09-23,2014-09-23,32020,,,11797,0,444814009,40481087,,0,Infecção viral das vias aéreas superiores
2883,409,40481087,2014-03-27,2014-03-27,2014-04-03,2014-04-03,32020,,,11818,0,444814009,40481087,,0,Infecção viral das vias aéreas superiores
2884,409,260139,2011-05-16,2011-05-16,2011-05-23,2011-05-23,32020,,,11828,0,10509002,260139,,0,Bronquite aguda
2885,409,4217975,2011-03-05,2011-03-05,2011-10-01,2011-10-01,32020,,,11813,0,72892002,4217975,,0,Otite média não supurativa
2886,409,4217975,2009-11-28,2009-11-28,2010-07-03,2010-07-03,32020,,,11848,0,72892002,4217975,,0,Otite média não supurativa
2887,409,40481087,2009-08-29,2009-08-29,2009-09-12,2009-09-12,32020,,,11805,0,444814009,40481087,,0,Infecção viral das vias aéreas superiores
2888,409,4217975,2008-12-06,2008-12-06,2009-07-11,2009-07-11,32020,,,11811,0,72892002,4217975,,0,Otite média não supurativa
2889,409,4311629,2008-05-03,2008-05-03,,,32020,,,11834,0,15777000,40316773,,0,Pré-diabetes
2890,409,257012,1998-08-10,1998-08-10,,,32020,,,11803,0,40055000,257012,,0,Sinusite crônica
2891,410,4094814,2018-09-30,2018-09-30,2018-11-29,2018-11-29,32020,,,11856,0,262574004,4094814,,0,Ferimento por arma branca
2892,410,4285898,2013-11-19,2013-11-19,2015-03-14,2015-03-14,32020,,,11854,0,68496003,4285898,,0,Pólipo do cólon
2893,410,80502,2013-04-06,2013-04-06,,,32020,,,11864,0,64859006,80502,,0,Osteoporose
2894,410,378001,2011-11-06,2011-11-06,2011-12-06,2011-12-06,32020,,,11857,0,62106007,378001,,0,Concussão com perda de consciência
2895,410,0,1992-10-03,1992-10-03,,,32020,,,11849,0,162864005,4060985,,0,IMC 30+ - obesidade
2896,410,380378,1953-03-07,1953-03-07,,,32020,,,11858,0,84757009,380378,,0,Epilepsia
2897,410,0,1952-09-27,1952-09-27,,,32020,,,11860,0,703151001,45766064,,0,Histórico de artroplastia de joelho
2898,410,4029498,1952-09-27,1952-09-27,,,32020,,,11860,0,128613002,4029498,,0,Transtorno convulsivo
2899,411,40481087,2015-05-30,2015-05-30,2015-06-06,2015-06-06,32020,,,11874,0,444814009,40481087,,0,Infecção viral das vias aéreas superiores
2900,411,40481087,2010-08-01,2010-08-01,2010-08-15,2010-08-15,32020,,,11877,0,444814009,40481087,,0,Infecção viral das vias aéreas superiores
2901,411,316866,1996-10-31,1996-10-31,,,32020,,,11878,0,38341003,316866,,0,Hipertensão arterial
2902,412,260139,2015-02-03,2015-02-03,2015-02-17,2015-02-17,32020,,,11882,0,10509002,260139,,0,Bronquite aguda
2903,412,0,2014-07-18,2014-07-18,,,32020,,,11881,0,162864005,4060985,,0,IMC 30+ - obesidade
2904,413,432867,2018-07-20,2018-07-20,,,32020,,,11885,0,55822004,432867,,0,Hiperlipidemia
2905,413,40481087,2014-04-08,2014-04-08,2014-04-29,2014-04-29,32020,,,11893,0,444814009,40481087,,0,Infecção viral das vias aéreas superiores
2906,413,0,2013-08-02,2013-08-02,,,32020,,,11884,0,162864005,4060985,,0,IMC 30+ - obesidade
2907,413,316866,1985-09-06,1985-09-06,,,32020,,,11894,0,38341003,316866,,0,Hipertensão arterial
2908,414,40481087,2015-09-14,2015-09-14,2015-09-28,2015-09-28,32020,,,11901,0,444814009,40481087,,0,Infecção viral das vias aéreas superiores
2909,414,260139,2015-05-06,2015-05-06,2015-05-13,2015-05-13,32020,,,11898,0,10509002,260139,,0,Bronquite aguda
2910,414,0,2008-11-25,2008-11-25,,,32020,,,11896,0,162864005,4060985,,0,IMC 30+ - obesidade
2911,414,4078393,2000-11-28,2000-11-28,,,32020,,,11903,0,19169002,4078393,,0,Aborto espontâneo na gravidez
2912,414,316866,1990-10-09,1990-10-09,,,32020,,,11895,0,38341003,316866,,0,Hipertensão arterial
2913,414,4132546,1987-07-11,1987-07-11,,,32020,,,11900,0,275272006,4166590,,0,Projeção de hemorragia
2914,415,28060,2017-09-17,2017-09-17,2017-09-26,2017-09-26,32020,,,11942,0,43878008,28060,,0,Faringite estreptocócica
2915,415,28060,2017-05-04,2017-05-04,2017-05-17,2017-05-17,32020,,,11926,0,43878008,28060,,0,Faringite estreptocócica
2916,415,81151,2016-10-18,2016-10-18,2016-11-22,2016-11-22,32020,,,11940,0,44465007,81151,,0,Entorse de tornozelo
2917,415,260139,2014-10-21,2014-10-21,2014-10-28,2014-10-28,32020,,,11929,0,10509002,260139,,0,Bronquite aguda
2918,415,4112343,2014-06-04,2014-06-04,2014-06-17,2014-06-17,32020,,,11934,0,195662009,4112343,,0,Faringite viral aguda
2919,415,375671,2013-12-03,2013-12-03,2014-01-02,2014-01-02,32020,,,11939,0,62564004,375671,,0,Concussão sem perda de consciência
2920,415,260139,2012-12-09,2012-12-09,2012-12-23,2012-12-23,32020,,,11933,0,10509002,260139,,0,Bronquite aguda
2921,415,4051466,2012-02-29,2012-02-29,,,32020,,,11932,0,233678006,4051466,,0,Asma na infância
2922,415,40486433,2012-02-29,2012-02-29,,,32020,,,11932,0,446096008,40486433,,0,Esteatose hepática perivenular
2923,415,4084167,2011-06-17,2011-06-17,2011-06-17,2011-06-17,32020,,,11935,0,241929008,4084167,,0,Reação alérgica a alimento
2924,415,133834,2010-06-29,2010-06-29,,,32020,,,11915,0,24079001,133834,,0,Dermatite atópica
2925,416,40481087,2018-09-19,2018-09-19,2018-09-26,2018-09-26,32020,,,11944,0,444814009,40481087,,0,Infecção viral das vias aéreas superiores
2926,416,28060,2017-07-06,2017-07-06,2017-07-16,2017-07-16,32020,,,11952,0,43878008,28060,,0,Faringite estreptocócica
2927,416,4152936,2014-11-17,2014-11-17,2014-12-08,2014-12-08,32020,,,11945,0,283385000,4152936,,0,Laceração de ombro
2928,416,378001,2009-12-13,2009-12-13,2010-01-12,2010-01-12,32020,,,11943,0,62106007,378001,,0,Concussão com perda de consciência
2929,416,40481087,2009-02-23,2009-02-23,2009-03-02,2009-03-02,32020,,,11951,0,444814009,40481087,,0,Infecção viral das vias aéreas superiores
2930,417,257012,2013-09-22,2013-09-22,,,32020,,,11965,0,40055000,257012,,0,Sinusite crônica
2931,417,4283893,2013-08-11,2013-08-11,2013-09-29,2013-09-29,32020,,,11962,0,36971009,4283893,,0,Sinusite
2932,417,4112343,2011-06-17,2011-06-17,2011-06-25,2011-06-25,32020,,,11968,0,195662009,4112343,,0,Faringite viral aguda
2933,417,378001,2009-07-21,2009-07-21,2009-08-20,2009-08-20,32020,,,11971,0,62106007,378001,,0,Concussão com perda de consciência
2934,417,0,1994-09-01,1994-09-01,,,32020,,,11966,0,408512008,4256640,,0,Alcoolismo relatado pelo paciente
2935,417,0,1990-08-09,1990-08-09,,,32020,,,11964,0,162864005,4060985,,0,IMC 30+ - obesidade
2936,418,372328,2015-04-27,2015-04-27,2015-09-13,2015-09-13,32020,,,11977,0,65363002,372328,,0,Otite média
2937,419,40481087,2018-07-24,2018-07-24,2018-07-31,2018-07-31,32020,,,12026,0,444814009,40481087,,0,Infecção viral das vias aéreas superiores
2938,419,28060,2018-06-29,2018-06-29,2018-07-09,2018-07-09,32020,,,12036,0,43878008,28060,,0,Faringite estreptocócica
2939,419,260139,2017-08-08,2017-08-08,2017-08-15,2017-08-15,32020,,,11999,0,10509002,260139,,0,Bronquite aguda
2940,419,316866,2015-01-22,2015-01-22,,,32020,,,12012,0,38341003,316866,,0,Hipertensão arterial
2941,419,4217975,2013-09-19,2013-09-19,2014-04-17,2014-04-17,32020,,,12006,0,72892002,4217975,,0,Otite média não supurativa
2942,419,4112343,2011-12-24,2011-12-24,2012-01-01,2012-01-01,32020,,,12007,0,195662009,4112343,,0,Faringite viral aguda
2943,419,260139,2011-12-21,2011-12-21,2011-12-28,2011-12-28,32020,,,12032,0,10509002,260139,,0,Bronquite aguda
2944,419,440086,2010-07-08,2010-07-08,2012-08-16,2012-08-16,32020,,,12004,0,192127007,440086,,0,Transtorno do espectro autista infantil
2945,420,372328,2018-09-01,2018-09-01,2018-12-06,2018-12-06,32020,,,12055,0,65363002,372328,,0,Otite média
2946,420,372328,2017-03-25,2017-03-25,2017-06-08,2017-06-08,32020,,,12044,0,65363002,372328,,0,Otite média
2947,420,28060,2016-08-01,2016-08-01,2016-08-11,2016-08-11,32020,,,12053,0,43878008,28060,,0,Faringite estreptocócica
2948,420,260139,2016-05-31,2016-05-31,2016-06-07,2016-06-07,32020,,,12057,0,10509002,260139,,0,Bronquite aguda
2949,421,4146173,2015-02-16,2015-02-16,2015-03-18,2015-03-18,32020,,,12059,0,307731004,4146173,,0,Fibrilação atrial de início recente
2950,421,260139,2010-04-19,2010-04-19,2010-05-03,2010-05-03,32020,,,12058,0,10509002,260139,,0,Bronquite aguda
2951,421,4134304,2009-06-17,2009-06-17,2009-08-16,2009-08-16,32020,,,12066,0,263102004,4134304,,0,Ruptura de menisco
2952,422,4112343,2014-07-09,2014-07-09,2014-07-21,2014-07-21,32020,,,12074,0,195662009,4112343,,0,Faringite viral aguda
2953,422,4112343,2009-05-24,2009-05-24,2009-06-02,2009-06-02,32020,,,12075,0,195662009,4112343,,0,Faringite viral aguda
2954,423,4208104,2015-08-04,2015-08-04,,,32020,,,12111,0,55680006,4208104,,0,Overdose de droga
2955,423,43530652,1991-05-04,1991-05-04,,,32020,,,12083,0,124171000119105,43530652,,0,Nefropatia diabética crônica
2956,423,4055754,1990-08-10,1990-08-10,,,32020,,,12097,0,196416002,4055754,,0,Esofagite por refluxo
2957,423,4311629,1990-03-18,1990-03-18,,,32020,,,12100,0,15777000,40316773,,0,Pré-diabetes
2958,423,436096,1990-03-08,1990-03-08,,,32020,,,12098,0,82423001,436096,,0,Dor crônica
2959,423,0,1987-08-02,1987-08-02,,,32020,,,12099,0,162864005,4060985,,0,IMC 30+ - obesidade
2960,424,78272,2017-10-02,2017-10-02,2017-10-16,2017-10-16,32020,,,12121,0,70704007,78272,,0,Entorse de punho
2961,424,4283893,2016-11-20,2016-11-20,2016-12-11,2016-12-11,32020,,,12118,0,36971009,4283893,,0,Sinusite
2962,424,4035415,2016-10-07,2016-10-07,2016-12-06,2016-12-06,32020,,,12128,0,239720000,4035415,,0,Tendinite do manguito rotador
2963,424,4112343,2015-11-02,2015-11-02,2015-11-13,2015-11-13,32020,,,12120,0,195662009,4112343,,0,Faringite viral aguda
2964,424,40481087,2015-04-02,2015-04-02,2015-04-23,2015-04-23,32020,,,12115,0,444814009,40481087,,0,Infecção viral das vias aéreas superiores
2965,424,4113008,2013-03-06,2013-03-06,2013-03-27,2013-03-27,32020,,,12125,0,284549007,4113008,,0,Laceração de mão
2966,424,40481087,2010-09-06,2010-09-06,2010-09-20,2010-09-20,32020,,,12124,0,444814009,40481087,,0,Infecção viral das vias aéreas superiores
2967,424,4217975,2009-12-11,2009-12-11,2009-12-25,2009-12-25,32020,,,12112,0,72892002,4217975,,0,Otite média não supurativa
2968,425,0,2018-10-15,2018-10-15,,,32020,,,12138,0,162864005,4060985,,0,IMC 30+ - obesidade
2969,425,260139,2014-09-22,2014-09-22,2014-10-06,2014-10-06,32020,,,12151,0,10509002,260139,,0,Bronquite aguda
2970,425,4217975,2012-12-17,2012-12-17,2013-07-29,2013-07-29,32020,,,12148,0,72892002,4217975,,0,Otite média não supurativa
2971,425,40481087,2012-03-08,2012-03-08,2012-03-15,2012-03-15,32020,,,12164,0,444814009,40481087,,0,Infecção viral das vias aéreas superiores
2972,425,4217975,2012-01-02,2012-01-02,2012-08-06,2012-08-06,32020,,,12133,0,72892002,4217975,,0,Otite média não supurativa
2973,425,40481087,2011-09-27,2011-09-27,2011-10-04,2011-10-04,32020,,,12160,0,444814009,40481087,,0,Infecção viral das vias aéreas superiores
2974,425,28060,2010-10-27,2010-10-27,2010-11-03,2010-11-03,32020,,,12145,0,43878008,28060,,0,Faringite estreptocócica
2975,425,4112343,2009-07-17,2009-07-17,2009-07-30,2009-07-30,32020,,,12135,0,195662009,4112343,,0,Faringite viral aguda
2976,425,4078393,2000-01-10,2000-01-10,,,32020,,,12144,0,19169002,4078393,,0,Aborto espontâneo na gravidez
2977,426,4109685,2017-01-23,2017-01-23,2017-02-13,2017-02-13,32020,,,12194,0,284551006,4109685,,0,Laceração de pé
2978,426,40481087,2015-07-05,2015-07-05,2015-07-19,2015-07-19,32020,,,12189,0,444814009,40481087,,0,Infecção viral das vias aéreas superiores
2979,426,28060,2013-04-04,2013-04-04,2013-04-13,2013-04-13,32020,,,12198,0,43878008,28060,,0,Faringite estreptocócica
2980,426,4155034,2010-10-06,2010-10-06,2010-10-27,2010-10-27,32020,,,12199,0,283371005,4155034,,0,Laceração de antebraço
2981,426,4079750,2004-02-01,2004-02-01,,,32020,,,12190,0,239873007,4079750,,0,Osteoartrite do joelho
2982,426,0,2000-02-18,2000-02-18,,,32020,,,12197,0,162864005,4060985,,0,IMC 30+ - obesidade
2983,426,4078393,1988-04-15,1988-04-15,,,32020,,,12191,0,19169002,4078393,,0,Aborto espontâneo na gravidez
2984,427,40318618,2014-01-06,2014-01-06,2014-01-20,2014-01-20,32020,,,12224,0,156073000,40318618,,0,Obesidade
2985,427,4217975,2014-01-06,2014-01-06,2014-01-20,2014-01-20,32020,,,12224,0,72892002,4217975,,0,Otite média não supurativa
2986,427,40318618,2013-09-30,2013-09-30,2013-10-07,2013-10-07,32020,,,12262,0,156073000,40318618,,0,Obesidade
2987,427,4217975,2013-09-30,2013-09-30,2013-10-07,2013-10-07,32020,,,12262,0,72892002,4217975,,0,Otite média não supurativa
2988,427,4217975,2012-08-27,2012-08-27,2013-03-25,2013-03-25,32020,,,12258,0,72892002,4217975,,0,Otite média não supurativa
2989,427,4217975,2011-03-21,2011-03-21,2011-10-03,2011-10-03,32020,,,12268,0,72892002,4217975,,0,Otite média não supurativa
2990,427,4112343,2010-10-01,2010-10-01,2010-10-09,2010-10-09,32020,,,12232,0,195662009,4112343,,0,Faringite viral aguda
2991,427,4217975,2010-01-04,2010-01-04,2010-08-16,2010-08-16,32020,,,12235,0,72892002,4217975,,0,Otite média não supurativa
2992,427,4311629,2008-07-28,2008-07-28,,,32020,,,12217,0,15777000,40316773,,0,Pré-diabetes
2993,427,4078393,1999-11-08,1999-11-08,,,32020,,,12210,0,19169002,4078393,,0,Aborto espontâneo na gravidez
2994,427,4048171,1977-07-16,1977-07-16,,,32020,,,12246,0,232353008,4048171,,0,Perfuração do tímpano
2995,428,372328,2016-01-03,2016-01-03,2016-03-17,2016-03-17,32020,,,12279,0,65363002,372328,,0,Otite média
2996,429,4237458,2018-01-22,2018-01-22,2018-03-23,2018-03-23,32020,,,12291,0,58150001,4237458,,0,Fratura de clavícula
2997,429,4112343,2016-01-17,2016-01-17,2016-01-30,2016-01-30,32020,,,12295,0,195662009,4112343,,0,Faringite viral aguda
2998,429,28060,2015-04-10,2015-04-10,2015-04-21,2015-04-21,32020,,,12307,0,43878008,28060,,0,Faringite estreptocócica
2999,429,372328,2010-04-04,2010-04-04,2010-07-17,2010-07-17,32020,,,12300,0,65363002,372328,,0,Otite média
3000,429,260139,2009-06-10,2009-06-10,2009-06-24,2009-06-24,32020,,,12305,0,10509002,260139,,0,Bronquite aguda
3001,430,40481087,1990-07-03,1990-07-03,1990-07-17,1990-07-17,32020,,,12334,0,444814009,40481087,,0,Infecção viral das vias aéreas superiores
3002,430,40481087,1989-11-06,1989-11-06,1989-11-27,1989-11-27,32020,,,12331,0,444814009,40481087,,0,Infecção viral das vias aéreas superiores
3003,430,378419,1989-03-10,1989-03-10,,,32020,,,12329,0,26929004,378419,,0,Doença de Alzheimer
3004,430,260139,1988-05-11,1988-05-11,1988-05-18,1988-05-18,32020,,,12325,0,10509002,260139,,0,Bronquite aguda
3005,430,28060,1986-10-16,1986-10-16,1986-10-26,1986-10-26,32020,,,12315,0,43878008,28060,,0,Faringite estreptocócica
3006,430,4311629,1952-12-05,1952-12-05,,,32020,,,12332,0,15777000,40316773,,0,Pré-diabetes
3007,430,4078393,1944-11-24,1944-11-24,,,32020,,,12335,0,19169002,4078393,,0,Aborto espontâneo na gravidez
3008,430,316866,1936-11-13,1936-11-13,,,32020,,,12326,0,38341003,316866,,0,Hipertensão arterial
3009,431,4230399,2016-11-06,2016-11-06,2017-02-04,2017-02-04,32020,,,12343,0,359817006,4230399,,0,Doença renal crônica estágio 2
3010,431,40481087,2015-04-13,2015-04-13,2015-05-04,2015-05-04,32020,,,12340,0,444814009,40481087,,0,Infecção viral das vias aéreas superiores
3011,431,260139,2014-12-17,2014-12-17,2014-12-24,2014-12-24,32020,,,12339,0,10509002,260139,,0,Bronquite aguda
3012,432,4051466,2012-12-05,2012-12-05,,,32020,,,12345,0,233678006,4051466,,0,Asma na infância
3013,432,372328,2011-10-20,2011-10-20,2011-11-03,2011-11-03,32020,,,12350,0,65363002,372328,,0,Otite média
3014,433,4112343,2018-05-29,2018-05-29,2018-06-07,2018-06-07,32020,,,12373,0,195662009,4112343,,0,Faringite viral aguda
3015,433,260139,2013-12-22,2013-12-22,2014-01-05,2014-01-05,32020,,,12371,0,10509002,260139,,0,Bronquite aguda
3016,433,78272,2012-06-15,2012-06-15,2012-07-13,2012-07-13,32020,,,12374,0,70704007,78272,,0,Entorse de punho
3017,433,40481087,2011-08-17,2011-08-17,2011-09-07,2011-09-07,32020,,,12370,0,444814009,40481087,,0,Infecção viral das vias aéreas superiores
3018,433,0,2001-01-18,2001-01-18,,,32020,,,12377,0,162864005,4060985,,0,IMC 30+ - obesidade
3019,433,436096,1992-04-23,1992-04-23,,,32020,,,12376,0,82423001,436096,,0,Dor crônica
3020,434,40481087,2015-11-17,2015-11-17,2015-12-01,2015-12-01,32020,,,12385,0,444814009,40481087,,0,Infecção viral das vias aéreas superiores
3021,434,4112343,2015-01-17,2015-01-17,2015-01-29,2015-01-29,32020,,,12391,0,195662009,4112343,,0,Faringite viral aguda
3022,434,4109685,2012-08-21,2012-08-21,2012-09-04,2012-09-04,32020,,,12392,0,284551006,4109685,,0,Laceração de pé
3023,434,4112343,2010-09-29,2010-09-29,2010-10-08,2010-10-08,32020,,,12395,0,195662009,4112343,,0,Faringite viral aguda
3024,435,140673,2014-08-30,2014-08-30,,,32020,,,12400,0,40930008,140673,,0,Hipotireoidismo
3025,435,40481087,2013-06-15,2013-06-15,2013-06-22,2013-06-22,32020,,,12399,0,444814009,40481087,,0,Infecção viral das vias aéreas superiores
3026,435,260139,2011-12-25,2011-12-25,2012-01-01,2012-01-01,32020,,,12412,0,10509002,260139,,0,Bronquite aguda
3027,435,4285898,2011-09-08,2011-09-08,2012-09-02,2012-09-02,32020,,,12408,0,68496003,4285898,,0,Pólipo do cólon
3028,435,81151,2009-11-21,2009-11-21,2009-12-26,2009-12-26,32020,,,12405,0,44465007,81151,,0,Entorse de tornozelo
3029,435,4079750,2004-09-01,2004-09-01,,,32020,,,12414,0,239873007,4079750,,0,Osteoartrite do joelho
3030,435,0,2000-06-30,2000-06-30,,,32020,,,12404,0,408512008,4256640,,0,Alcoolismo relatado pelo paciente
3031,435,0,1981-11-20,1981-11-20,,,32020,,,12407,0,162864005,4060985,,0,IMC 30+ - obesidade
3032,435,4078393,1975-07-11,1975-07-11,,,32020,,,12410,0,19169002,4078393,,0,Aborto espontâneo na gravidez
3033,436,0,1975-06-23,1975-06-23,,,32020,,,12432,0,399211009,4163874,,0,Histórico de infarto do miocárdio
3034,436,4329847,1975-06-23,1975-06-23,,,32020,,,12432,0,22298006,4329847,,0,Infarto do miocárdio
3035,436,4112343,1974-02-11,1974-02-11,1974-02-22,1974-02-22,32020,,,12428,0,195662009,4112343,,0,Faringite viral aguda
3036,436,317576,1969-12-08,1969-12-08,,,32020,,,12421,0,53741008,317576,,0,Doença arterial coronariana
3037,436,4294548,1968-03-07,1968-03-07,1968-03-28,1968-03-28,32020,,,12427,0,75498004,4294548,,0,Infecção bacteriana aguda
3038,436,4112343,1966-10-10,1966-10-10,1966-10-18,1966-10-18,32020,,,12429,0,195662009,4112343,,0,Faringite viral aguda
3039,437,40481087,2012-10-02,2012-10-02,2012-10-16,2012-10-16,32020,,,12438,0,444814009,40481087,,0,Infecção viral das vias aéreas superiores
3040,438,260139,2018-11-16,2018-11-16,2018-11-30,2018-11-30,32020,,,12456,0,10509002,260139,,0,Bronquite aguda
3041,438,40481087,2017-11-04,2017-11-04,2017-11-11,2017-11-11,32020,,,12445,0,444814009,40481087,,0,Infecção viral das vias aéreas superiores
3042,438,4237458,2017-05-10,2017-05-10,2017-07-09,2017-07-09,32020,,,12465,0,58150001,4237458,,0,Fratura de clavícula
3043,438,79740,2016-05-03,2016-05-03,2017-06-16,2017-06-16,32020,,,12442,0,109838007,79740,,0,Carcinoma de cólon
3044,438,37017023,2016-04-29,2016-04-29,,,32020,,,12444,0,713197008,37017023,,0,Fibrose cística recorrente
3045,438,432867,2016-04-25,2016-04-25,,,32020,,,12454,0,55822004,432867,,0,Hiperlipidemia
3046,438,4285898,2015-01-05,2015-01-05,,,32020,,,12453,0,68496003,4285898,,0,Pólipo do cólon
3047,438,200970,2012-03-27,2012-03-27,,,32020,,,12459,0,92691004,200970,,0,Carcinoma in situ de próstata
3048,438,4129902,2012-03-27,2012-03-27,,,32020,,,12459,0,126906006,4129902,,0,Neoplasia de bexiga
3049,438,28060,2010-04-06,2010-04-06,2010-04-16,2010-04-16,32020,,,12449,0,43878008,28060,,0,Faringite estreptocócica
3050,438,4285898,2003-08-16,2003-08-16,2005-01-07,2005-01-07,32020,,,12448,0,68496003,4285898,,0,Pólipo do cólon
3051,438,4311629,1994-08-22,1994-08-22,,,32020,,,12463,0,15777000,40316773,,0,Pré-diabetes
3052,438,0,1985-11-04,1985-11-04,,,32020,,,12466,0,408512008,4256640,,0,Alcoolismo relatado pelo paciente
3053,438,0,1967-10-16,1967-10-16,,,32020,,,12467,0,162864005,4060985,,0,IMC 30+ - obesidade
3054,439,4112343,2018-04-17,2018-04-17,2018-04-30,2018-04-30,32020,,,12471,0,195662009,4112343,,0,Faringite viral aguda
3055,439,4112343,2018-01-30,2018-01-30,2018-02-12,2018-02-12,32020,,,12474,0,195662009,4112343,,0,Faringite viral aguda
3056,439,260139,2016-03-23,2016-03-23,2016-04-06,2016-04-06,32020,,,12480,0,10509002,260139,,0,Bronquite aguda
3057,439,4230399,2015-05-12,2015-05-12,2015-07-11,2015-07-11,32020,,,12479,0,359817006,4230399,,0,Doença renal crônica estágio 2
3058,439,40481087,2011-10-04,2011-10-04,2011-10-18,2011-10-18,32020,,,12477,0,444814009,40481087,,0,Infecção viral das vias aéreas superiores
3059,440,4217975,2018-04-29,2018-04-29,2018-07-08,2018-07-08,32020,,,12514,0,72892002,4217975,,0,Otite média não supurativa
3060,440,4112343,2018-02-24,2018-02-24,2018-03-03,2018-03-03,32020,,,12518,0,195662009,4112343,,0,Faringite viral aguda
3061,440,40481087,2017-10-19,2017-10-19,2017-10-26,2017-10-26,32020,,,12488,0,444814009,40481087,,0,Infecção viral das vias aéreas superiores
3062,440,4217975,2016-04-17,2016-04-17,2016-11-13,2016-11-13,32020,,,12497,0,72892002,4217975,,0,Otite média não supurativa
3063,440,40318618,2015-09-20,2015-09-20,2015-10-04,2015-10-04,32020,,,12510,0,156073000,40318618,,0,Obesidade
3064,440,4078393,2015-09-20,2015-09-20,,,32020,,,12510,0,19169002,4078393,,0,Aborto espontâneo na gravidez
3065,440,4217975,2015-09-20,2015-09-20,2015-10-04,2015-10-04,32020,,,12510,0,72892002,4217975,,0,Otite média não supurativa
3066,440,4217975,2011-11-27,2011-11-27,2011-12-18,2011-12-18,32020,,,12487,0,72892002,4217975,,0,Otite média não supurativa
3067,440,4112343,2010-11-22,2010-11-22,2010-11-30,2010-11-30,32020,,,12499,0,195662009,4112343,,0,Faringite viral aguda
3068,440,378001,2009-11-10,2009-11-10,2010-01-09,2010-01-09,32020,,,12489,0,62106007,378001,,0,Concussão com perda de consciência
3069,441,78272,2016-01-12,2016-01-12,2016-02-16,2016-02-16,32020,,,12563,0,70704007,78272,,0,Entorse de punho
3070,441,4217975,2012-09-29,2012-09-29,2013-04-27,2013-04-27,32020,,,12556,0,72892002,4217975,,0,Otite média não supurativa
3071,441,4311629,2011-09-24,2011-09-24,,,32020,,,12536,0,15777000,40316773,,0,Pré-diabetes
3072,441,4112343,2011-08-19,2011-08-19,2011-08-29,2011-08-29,32020,,,12555,0,195662009,4112343,,0,Faringite viral aguda
3073,441,40481087,2010-09-21,2010-09-21,2010-10-12,2010-10-12,32020,,,12560,0,444814009,40481087,,0,Infecção viral das vias aéreas superiores
3074,441,4156265,2009-05-27,2009-05-27,2009-06-17,2009-06-17,32020,,,12565,0,370247008,4156265,,0,Lesão facial
3075,441,0,2008-09-20,2008-09-20,,,32020,,,12522,0,162864005,4060985,,0,IMC 30+ - obesidade
3076,441,316866,1991-01-19,1991-01-19,,,32020,,,12543,0,38341003,316866,,0,Hipertensão arterial
3077,442,4294548,2018-12-31,2018-12-31,,,32020,,,12573,0,75498004,4294548,,0,Infecção bacteriana aguda
3078,442,40481087,2018-07-04,2018-07-04,2018-07-25,2018-07-25,32020,,,12578,0,444814009,40481087,,0,Infecção viral das vias aéreas superiores
3079,442,78272,2016-06-08,2016-06-08,2016-06-22,2016-06-22,32020,,,12576,0,70704007,78272,,0,Entorse de punho
3080,442,4112343,2015-08-15,2015-08-15,2015-08-24,2015-08-24,32020,,,12569,0,195662009,4112343,,0,Faringite viral aguda
3081,443,380378,2016-08-07,2016-08-07,,,32020,,,12598,0,84757009,380378,,0,Epilepsia
3082,443,0,2016-08-07,2016-08-07,,,32020,,,12598,0,703151001,45766064,,0,Histórico de artroplastia de joelho
3083,443,4029498,2016-08-07,2016-08-07,,,32020,,,12598,0,128613002,4029498,,0,Transtorno convulsivo
3084,443,4217975,2013-02-24,2013-02-24,2013-09-22,2013-09-22,32020,,,12606,0,72892002,4217975,,0,Otite média não supurativa
3085,443,4262136,2009-04-12,2009-04-12,2009-04-19,2009-04-19,32020,,,12617,0,35999006,4262136,,0,Cegueira
3086,443,4078393,2009-04-12,2009-04-12,,,32020,,,12617,0,19169002,4078393,,0,Aborto espontâneo na gravidez
3087,443,4217975,2009-04-12,2009-04-12,2009-04-19,2009-04-19,32020,,,12617,0,72892002,4217975,,0,Otite média não supurativa
3088,443,0,2005-10-23,2005-10-23,,,32020,,,12620,0,162864005,4060985,,0,IMC 30+ - obesidade
3089,443,316866,1985-08-25,1985-08-25,,,32020,,,12594,0,38341003,316866,,0,Hipertensão arterial
3090,444,0,1996-11-20,1996-11-20,,,32020,,,12634,0,408512008,4256640,,0,Alcoolismo relatado pelo paciente
3091,444,0,1982-04-07,1982-04-07,,,32020,,,12630,0,162864005,4060985,,0,IMC 30+ - obesidade
3092,445,4112343,2018-07-24,2018-07-24,2018-08-06,2018-08-06,32020,,,12650,0,195662009,4112343,,0,Faringite viral aguda
3093,445,0,2004-05-27,2004-05-27,,,32020,,,12643,0,162864005,4060985,,0,IMC 30+ - obesidade
3094,446,257012,2017-06-22,2017-06-22,,,32020,,,12656,0,40055000,257012,,0,Sinusite crônica
3095,446,4283893,2017-04-13,2017-04-13,2017-07-06,2017-07-06,32020,,,12658,0,36971009,4283893,,0,Sinusite
3096,446,4112343,2016-09-12,2016-09-12,2016-09-25,2016-09-25,32020,,,12653,0,195662009,4112343,,0,Faringite viral aguda
3097,446,4311629,2014-01-29,2014-01-29,,,32020,,,12659,0,15777000,40316773,,0,Pré-diabetes
3098,446,4112343,2013-11-18,2013-11-18,2013-11-26,2013-11-26,32020,,,12657,0,195662009,4112343,,0,Faringite viral aguda
3099,446,40481087,2012-03-13,2012-03-13,2012-04-03,2012-04-03,32020,,,12655,0,444814009,40481087,,0,Infecção viral das vias aéreas superiores
3100,448,40481087,2016-02-15,2016-02-15,2016-02-29,2016-02-29,32020,,,12688,0,444814009,40481087,,0,Infecção viral das vias aéreas superiores
3101,448,316866,2013-11-21,2013-11-21,,,32020,,,12676,0,38341003,316866,,0,Hipertensão arterial
3102,448,40481087,2012-11-06,2012-11-06,2012-11-27,2012-11-27,32020,,,12679,0,444814009,40481087,,0,Infecção viral das vias aéreas superiores
3103,448,4283893,2010-10-15,2010-10-15,2010-11-12,2010-11-12,32020,,,12685,0,36971009,4283893,,0,Sinusite
3104,448,4218389,2009-03-16,2009-03-16,2009-04-20,2009-04-20,32020,,,12684,0,39848009,4218389,,0,Lesão em chicote do pescoço
3105,448,40486433,2000-04-04,2000-04-04,,,32020,,,12671,0,446096008,40486433,,0,Esteatose hepática perivenular
3106,448,4051466,1997-04-05,1997-04-05,2014-07-07,2014-07-07,32020,,,12669,0,233678006,4051466,,0,Asma na infância
3107,448,372328,2008-08-30,2008-08-30,2009-02-26,2009-02-26,32020,,,12668,0,65363002,372328,,0,Otite média
3108,449,4294548,2017-09-30,2017-09-30,2017-10-14,2017-10-14,32020,,,12700,0,75498004,4294548,,0,Infecção bacteriana aguda
3109,449,40481087,2015-09-20,2015-09-20,2015-10-04,2015-10-04,32020,,,12705,0,444814009,40481087,,0,Infecção viral das vias aéreas superiores
3110,449,40481087,2015-04-08,2015-04-08,2015-04-15,2015-04-15,32020,,,12697,0,444814009,40481087,,0,Infecção viral das vias aéreas superiores
3111,449,436940,2003-08-22,2003-08-22,,,32020,,,12706,0,237602007,436940,,0,Síndrome metabólica
3112,449,4120314,2003-08-22,2003-08-22,,,32020,,,12706,0,302870006,4120314,,0,Hipertrigliceridemia
3113,449,4214376,2003-08-22,2003-08-22,,,32020,,,12706,0,80394007,4214376,,0,Hiperglicemia
3114,449,201826,2001-08-31,2001-08-31,,,32020,,,12698,0,44054006,201826,,0,Diabetes mellitus tipo 2
3115,449,0,1990-08-10,1990-08-10,,,32020,,,12704,0,408512008,4256640,,0,Alcoolismo relatado pelo paciente
3116,449,4078393,1980-10-31,1980-10-31,,,32020,,,12703,0,19169002,4078393,,0,Aborto espontâneo na gravidez
3117,449,0,1972-03-31,1972-03-31,,,32020,,,12690,0,162864005,4060985,,0,IMC 30+ - obesidade
3118,449,439777,1971-08-17,1971-08-17,,,32020,,,12699,0,271737000,439777,,0,Anemia
3119,450,260139,2016-07-02,2016-07-02,2016-07-16,2016-07-16,32020,,,12744,0,10509002,260139,,0,Bronquite aguda
3120,450,313217,2015-11-02,2015-11-02,,,32020,,,12731,0,49436004,313217,,0,Fibrilação atrial
3121,450,4112343,2014-09-07,2014-09-07,2014-09-19,2014-09-19,32020,,,12757,0,195662009,4112343,,0,Faringite viral aguda
3122,450,381316,2007-12-31,2007-12-31,,,32020,,,12750,0,230690007,381316,,0,Acidente vascular cerebral
3123,450,432867,1985-09-09,1985-09-09,,,32020,,,12735,0,55822004,432867,,0,Hiperlipidemia
3124,450,0,1979-04-30,1979-04-30,,,32020,,,12760,0,162864005,4060985,,0,IMC 30+ - obesidade
3125,450,257012,1966-10-15,1966-10-15,,,32020,,,12733,0,40055000,257012,,0,Sinusite crônica
3126,450,316866,1957-06-24,1957-06-24,,,32020,,,12745,0,38341003,316866,,0,Hipertensão arterial
3127,451,40481087,2018-10-27,2018-10-27,2018-11-17,2018-11-17,32020,,,12763,0,444814009,40481087,,0,Infecção viral das vias aéreas superiores
3128,451,4112343,2017-02-12,2017-02-12,2017-02-19,2017-02-19,32020,,,12781,0,195662009,4112343,,0,Faringite viral aguda
3129,451,40481087,2015-09-23,2015-09-23,2015-10-07,2015-10-07,32020,,,12764,0,444814009,40481087,,0,Infecção viral das vias aéreas superiores
3130,451,260139,2013-04-17,2013-04-17,2013-04-24,2013-04-24,32020,,,12778,0,10509002,260139,,0,Bronquite aguda
3131,451,4112343,2010-05-08,2010-05-08,2010-05-19,2010-05-19,32020,,,12767,0,195662009,4112343,,0,Faringite viral aguda
3132,451,257012,1995-05-20,1995-05-20,,,32020,,,12782,0,40055000,257012,,0,Sinusite crônica
3133,451,4311629,1983-05-08,1983-05-08,,,32020,,,12762,0,15777000,40316773,,0,Pré-diabetes
3134,451,316866,1973-04-22,1973-04-22,,,32020,,,12771,0,38341003,316866,,0,Hipertensão arterial
3135,452,4262136,2016-10-14,2016-10-14,2016-10-28,2016-10-28,32020,,,12789,0,35999006,4262136,,0,Cegueira
3136,452,4078393,2016-10-14,2016-10-14,,,32020,,,12789,0,19169002,4078393,,0,Aborto espontâneo na gravidez
3137,452,4217975,2016-10-14,2016-10-14,2016-10-28,2016-10-28,32020,,,12789,0,72892002,4217975,,0,Otite média não supurativa
3138,452,4217975,2011-12-09,2011-12-09,2012-02-17,2012-02-17,32020,,,12787,0,72892002,4217975,,0,Otite média não supurativa
3139,452,40481087,2011-10-03,2011-10-03,2011-10-24,2011-10-24,32020,,,12813,0,444814009,40481087,,0,Infecção viral das vias aéreas superiores
3140,452,40481087,2009-06-29,2009-06-29,2009-07-06,2009-07-06,32020,,,12796,0,444814009,40481087,,0,Infecção viral das vias aéreas superiores
3141,452,4112343,2009-06-06,2009-06-06,2009-06-15,2009-06-15,32020,,,12806,0,195662009,4112343,,0,Faringite viral aguda
3142,452,4217975,2009-05-08,2009-05-08,2009-05-22,2009-05-22,32020,,,12811,0,72892002,4217975,,0,Otite média não supurativa
3143,452,4218389,2009-03-13,2009-03-13,2009-04-03,2009-04-03,32020,,,12783,0,39848009,4218389,,0,Lesão em chicote do pescoço
3144,452,4311629,2006-04-21,2006-04-21,,,32020,,,12798,0,15777000,40316773,,0,Pré-diabetes
3145,453,0,1971-06-10,1971-06-10,,,32020,,,12828,0,399211009,4163874,,0,Histórico de infarto do miocárdio
3146,453,4329847,1971-06-10,1971-06-10,,,32020,,,12828,0,22298006,4329847,,0,Infarto do miocárdio
3147,453,260139,1971-04-22,1971-04-22,1971-04-29,1971-04-29,32020,,,12829,0,10509002,260139,,0,Bronquite aguda
3148,453,317576,1970-09-10,1970-09-10,,,32020,,,12815,0,53741008,317576,,0,Doença arterial coronariana
3149,453,81151,1970-03-23,1970-03-23,1970-04-27,1970-04-27,32020,,,12825,0,44465007,81151,,0,Entorse de tornozelo
3150,453,40481087,1969-10-29,1969-10-29,1969-11-19,1969-11-19,32020,,,12838,0,444814009,40481087,,0,Infecção viral das vias aéreas superiores
3151,453,40481087,1964-08-05,1964-08-05,1964-08-19,1964-08-19,32020,,,12826,0,444814009,40481087,,0,Infecção viral das vias aéreas superiores
3152,453,4112343,1962-11-03,1962-11-03,1962-11-12,1962-11-12,32020,,,12832,0,195662009,4112343,,0,Faringite viral aguda
3153,453,4214376,1949-08-25,1949-08-25,,,32020,,,12833,0,80394007,4214376,,0,Hiperglicemia
3154,453,37016354,1943-08-19,1943-08-19,,,32020,,,12835,0,368581000119106,37016354,,0,Neuropatia por diabetes tipo 2
3155,453,436940,1943-08-19,1943-08-19,,,32020,,,12835,0,237602007,436940,,0,Síndrome metabólica
3156,453,4120314,1943-08-19,1943-08-19,,,32020,,,12835,0,302870006,4120314,,0,Hipertrigliceridemia
3157,453,201826,1940-08-15,1940-08-15,,,32020,,,12818,0,44054006,201826,,0,Diabetes mellitus tipo 2
3158,453,4311629,1933-08-03,1933-08-03,,,32020,,,12823,0,15777000,40316773,,0,Pré-diabetes
3159,453,316866,1933-08-03,1933-08-03,,,32020,,,12823,0,38341003,316866,,0,Hipertensão arterial
3160,454,372328,2015-08-05,2015-08-05,2015-10-21,2015-10-21,32020,,,12854,0,65363002,372328,,0,Otite média
3161,454,40481087,2014-08-17,2014-08-17,2014-08-24,2014-08-24,32020,,,12851,0,444814009,40481087,,0,Infecção viral das vias aéreas superiores
3162,455,28060,1986-03-25,1986-03-25,1986-04-01,1986-04-01,32020,,,12879,0,43878008,28060,,0,Faringite estreptocócica
3163,455,260139,1981-01-31,1981-01-31,1981-02-07,1981-02-07,32020,,,12865,0,10509002,260139,,0,Bronquite aguda
3164,455,40481087,1980-01-02,1980-01-02,1980-01-23,1980-01-23,32020,,,12880,0,444814009,40481087,,0,Infecção viral das vias aéreas superiores
3165,455,40481087,1979-01-15,1979-01-15,1979-01-29,1979-01-29,32020,,,12871,0,444814009,40481087,,0,Infecção viral das vias aéreas superiores
3166,455,313217,1978-04-08,1978-04-08,,,32020,,,12878,0,49436004,313217,,0,Fibrilação atrial
3167,455,0,1968-10-26,1968-10-26,,,32020,,,12863,0,408512008,4256640,,0,Alcoolismo relatado pelo paciente
3168,455,438130,1948-12-11,1948-12-11,,,32020,,,12870,0,5602001,438130,,0,Dor por opioides
3169,455,0,1948-12-11,1948-12-11,,,32020,,,12870,0,162864005,4060985,,0,IMC 30+ - obesidade
3170,455,0,1945-11-17,1945-11-17,,,32020,,,12858,0,399211009,4163874,,0,Histórico de infarto do miocárdio
3171,455,4329847,1945-11-17,1945-11-17,,,32020,,,12858,0,22298006,4329847,,0,Infarto do miocárdio
3172,455,316866,1938-11-26,1938-11-26,,,32020,,,12875,0,38341003,316866,,0,Hipertensão arterial
3173,455,317576,1936-11-14,1936-11-14,,,32020,,,12872,0,53741008,317576,,0,Doença arterial coronariana
3174,456,40481087,2018-06-17,2018-06-17,2018-07-01,2018-07-01,32020,,,12939,0,444814009,40481087,,0,Infecção viral das vias aéreas superiores
3175,456,378001,2018-03-10,2018-03-10,2018-05-09,2018-05-09,32020,,,12930,0,62106007,378001,,0,Concussão com perda de consciência
3176,456,40481087,2017-01-04,2017-01-04,2017-01-18,2017-01-18,32020,,,12927,0,444814009,40481087,,0,Infecção viral das vias aéreas superiores
3177,456,40481087,2014-05-06,2014-05-06,2014-05-13,2014-05-13,32020,,,12894,0,444814009,40481087,,0,Infecção viral das vias aéreas superiores
3178,456,40481087,2014-01-07,2014-01-07,2014-01-28,2014-01-28,32020,,,12961,0,444814009,40481087,,0,Infecção viral das vias aéreas superiores
3179,456,4280726,2004-03-20,2004-03-20,,,32020,,,12931,0,367498001,4280726,,0,Gripe sazonal
3180,457,4311629,2017-11-12,2017-11-12,,,32020,,,12977,0,15777000,40316773,,0,Pré-diabetes
3181,457,40479768,2016-03-14,2016-03-14,2016-05-20,2016-05-20,32020,,,12974,0,444470001,40479768,,0,Lesão do nervo ulnar
3182,457,40481087,2015-08-07,2015-08-07,2015-08-14,2015-08-14,32020,,,12976,0,444814009,40481087,,0,Infecção viral das vias aéreas superiores
3183,457,0,2013-10-27,2013-10-27,,,32020,,,12966,0,408512008,4256640,,0,Alcoolismo relatado pelo paciente
3184,457,4112343,2013-02-23,2013-02-23,2013-03-07,2013-03-07,32020,,,12965,0,195662009,4112343,,0,Faringite viral aguda
3185,457,258780,2011-10-23,2011-10-23,,,32020,,,12972,0,185086009,258780,,0,DPOC exacerbada
3186,457,0,1994-12-25,1994-12-25,,,32020,,,12970,0,162864005,4060985,,0,IMC 30+ - obesidade
3187,458,40481087,2018-03-16,2018-03-16,2018-03-30,2018-03-30,32020,,,12986,0,444814009,40481087,,0,Infecção viral das vias aéreas superiores
3188,458,81151,2015-06-08,2015-06-08,2015-07-06,2015-07-06,32020,,,12981,0,44465007,81151,,0,Entorse de tornozelo
3189,458,4112343,2013-12-17,2013-12-17,2013-12-30,2013-12-30,32020,,,12979,0,195662009,4112343,,0,Faringite viral aguda
3190,458,378001,2011-12-26,2011-12-26,2012-01-25,2012-01-25,32020,,,12998,0,62106007,378001,,0,Concussão com perda de consciência
3191,458,40481087,2011-09-05,2011-09-05,2011-09-12,2011-09-12,32020,,,12978,0,444814009,40481087,,0,Infecção viral das vias aéreas superiores
3192,459,4217975,2017-05-31,2017-05-31,2017-06-28,2017-06-28,32020,,,13022,0,72892002,4217975,,0,Otite média não supurativa
3193,459,4217975,2015-10-14,2015-10-14,2016-05-11,2016-05-11,32020,,,13003,0,72892002,4217975,,0,Otite média não supurativa
3194,459,4217975,2012-09-12,2012-09-12,2013-03-27,2013-03-27,32020,,,13037,0,72892002,4217975,,0,Otite média não supurativa
3195,459,40481087,2011-09-06,2011-09-06,2011-09-20,2011-09-20,32020,,,13040,0,444814009,40481087,,0,Infecção viral das vias aéreas superiores
3196,459,260139,2011-04-21,2011-04-21,2011-05-05,2011-05-05,32020,,,13028,0,10509002,260139,,0,Bronquite aguda
3197,459,4217975,2010-09-08,2010-09-08,2011-04-13,2011-04-13,32020,,,13006,0,72892002,4217975,,0,Otite média não supurativa
3198,459,4051466,1993-11-13,1993-11-13,2010-02-17,2010-02-17,32020,,,13018,0,233678006,4051466,,0,Asma na infância
3199,460,40479768,2018-12-24,2018-12-24,,,32020,,,13055,0,444470001,40479768,,0,Lesão do nervo ulnar
3200,460,260139,2016-11-07,2016-11-07,2016-11-21,2016-11-21,32020,,,13057,0,10509002,260139,,0,Bronquite aguda
3201,460,40481087,2014-01-30,2014-01-30,2014-02-13,2014-02-13,32020,,,13059,0,444814009,40481087,,0,Infecção viral das vias aéreas superiores
3202,460,0,2008-03-10,2008-03-10,,,32020,,,13050,0,162864005,4060985,,0,IMC 30+ - obesidade
3203,461,0,2017-10-12,2017-10-12,,,32020,,,13065,0,429007001,4324181,,0,Histórico de infarto
3204,461,321042,2017-10-12,2017-10-12,,,32020,,,13065,0,410429000,321042,,0,Parada cardíaca
3205,461,313217,2017-05-18,2017-05-18,,,32020,,,13074,0,49436004,313217,,0,Fibrilação atrial
3206,461,40481087,2009-10-01,2009-10-01,2009-10-15,2009-10-15,32020,,,13062,0,444814009,40481087,,0,Infecção viral das vias aéreas superiores
3207,461,197500,2008-01-04,2008-01-04,2009-04-17,2009-04-17,32020,,,13075,0,93761005,197500,,0,Metástase cerebral
3208,461,4285898,2007-12-28,2007-12-28,,,32020,,,13070,0,68496003,4285898,,0,Pólipo do cólon
3209,461,0,1986-06-05,1986-06-05,,,32020,,,13077,0,162864005,4060985,,0,IMC 30+ - obesidade
3210,461,381316,1985-09-05,1985-09-05,,,32020,,,13073,0,230690007,381316,,0,Acidente vascular cerebral
3211,461,4078393,1978-01-19,1978-01-19,,,32020,,,13067,0,19169002,4078393,,0,Aborto espontâneo na gravidez
3212,461,257012,1956-03-28,1956-03-28,,,32020,,,13078,0,40055000,257012,,0,Sinusite crônica
3213,462,40481087,2018-08-09,2018-08-09,2018-08-16,2018-08-16,32020,,,13088,0,444814009,40481087,,0,Infecção viral das vias aéreas superiores
3214,462,260139,2018-03-23,2018-03-23,2018-03-30,2018-03-30,32020,,,13095,0,10509002,260139,,0,Bronquite aguda
3215,462,381316,2017-12-21,2017-12-21,,,32020,,,13083,0,230690007,381316,,0,Acidente vascular cerebral
3216,462,4152936,2010-06-28,2010-06-28,2010-07-12,2010-07-12,32020,,,13092,0,283385000,4152936,,0,Laceração de ombro
3217,462,0,2000-09-07,2000-09-07,,,32020,,,13093,0,162864005,4060985,,0,IMC 30+ - obesidade
3218,463,4156265,1949-06-11,1949-06-11,1949-06-25,1949-06-25,32020,,,13099,0,370247008,4156265,,0,Lesão facial
3219,463,372328,1948-08-31,1948-08-31,1948-09-23,1948-09-23,32020,,,13110,0,65363002,372328,,0,Otite média
3220,463,4109685,1948-07-02,1948-07-02,1948-07-16,1948-07-16,32020,,,13115,0,284551006,4109685,,0,Laceração de pé
3221,463,0,1948-04-18,1948-04-18,,,32020,,,13100,0,703151001,45766064,,0,Histórico de artroplastia de joelho
3222,463,4029498,1948-04-18,1948-04-18,,,32020,,,13100,0,128613002,4029498,,0,Transtorno convulsivo
3223,463,4278672,1947-04-09,1947-04-09,1947-06-08,1947-06-08,32020,,,13098,0,65966004,4278672,,0,Fratura do fêmur
3224,464,260139,2018-05-01,2018-05-01,2018-05-08,2018-05-08,32020,,,13122,0,10509002,260139,,0,Bronquite aguda
3225,464,40481087,2017-12-20,2017-12-20,2018-01-03,2018-01-03,32020,,,13135,0,444814009,40481087,,0,Infecção viral das vias aéreas superiores
3226,464,40481087,2009-12-18,2009-12-18,2009-12-25,2009-12-25,32020,,,13118,0,444814009,40481087,,0,Infecção viral das vias aéreas superiores
3227,464,4112343,2009-02-13,2009-02-13,2009-02-25,2009-02-25,32020,,,13130,0,195662009,4112343,,0,Faringite viral aguda
3228,464,4311629,1999-04-19,1999-04-19,,,32020,,,13124,0,15777000,40316773,,0,Pré-diabetes
3229,464,0,1973-08-04,1973-08-04,,,32020,,,13121,0,428251008,4323208,,0,Histórico de apendicectomia
3230,464,4166224,1973-08-04,1973-08-04,,,32020,,,13134,0,47693006,4166224,,0,Ruptura de apêndice
3231,464,440448,1973-08-04,1973-08-04,,,32020,,,13134,0,74400008,440448,,0,Apendicite
3232,465,40481087,2014-09-11,2014-09-11,2014-09-25,2014-09-25,32020,,,13159,0,444814009,40481087,,0,Infecção viral das vias aéreas superiores
3233,465,4112343,2013-01-12,2013-01-12,2013-01-25,2013-01-25,32020,,,13137,0,195662009,4112343,,0,Faringite viral aguda
3234,465,40481087,2012-08-10,2012-08-10,2012-08-17,2012-08-17,32020,,,13153,0,444814009,40481087,,0,Infecção viral das vias aéreas superiores
3235,465,4217975,2011-01-03,2011-01-03,2011-01-24,2011-01-24,32020,,,13156,0,72892002,4217975,,0,Otite média não supurativa
3236,465,258780,2010-09-27,2010-09-27,,,32020,,,13143,0,185086009,258780,,0,DPOC exacerbada
3237,465,436940,2010-09-27,2010-09-27,,,32020,,,13143,0,237602007,436940,,0,Síndrome metabólica
3238,465,4214376,2010-09-27,2010-09-27,,,32020,,,13143,0,80394007,4214376,,0,Hiperglicemia
3239,465,4120314,2007-09-24,2007-09-24,,,32020,,,13142,0,302870006,4120314,,0,Hipertrigliceridemia
3240,465,201826,2004-09-20,2004-09-20,,,32020,,,13154,0,44054006,201826,,0,Diabetes mellitus tipo 2
3241,465,316866,2004-09-20,2004-09-20,,,32020,,,13154,0,38341003,316866,,0,Hipertensão arterial
3242,465,4311629,2001-09-17,2001-09-17,,,32020,,,13141,0,15777000,40316773,,0,Pré-diabetes
3243,466,40481087,2013-01-01,2013-01-01,2013-01-22,2013-01-22,32020,,,13183,0,444814009,40481087,,0,Infecção viral das vias aéreas superiores
3244,466,40481087,2012-11-02,2012-11-02,2012-11-23,2012-11-23,32020,,,13180,0,444814009,40481087,,0,Infecção viral das vias aéreas superiores
3245,466,313217,2012-10-01,2012-10-01,,,32020,,,13174,0,49436004,313217,,0,Fibrilação atrial
3246,466,4237458,2010-03-08,2010-03-08,2010-04-07,2010-04-07,32020,,,13200,0,58150001,4237458,,0,Fratura de clavícula
3247,466,4208104,2005-02-28,2005-02-28,,,32020,,,13177,0,55680006,4208104,,0,Overdose de droga
3248,466,257012,1990-11-11,1990-11-11,,,32020,,,13220,0,40055000,257012,,0,Sinusite crônica
3249,466,43530652,1990-08-30,1990-08-30,,,32020,,,13195,0,124171000119105,43530652,,0,Nefropatia diabética crônica
3250,466,4055754,1990-04-22,1990-04-22,,,32020,,,13199,0,196416002,4055754,,0,Esofagite por refluxo
3251,466,436096,1990-03-02,1990-03-02,,,32020,,,13164,0,82423001,436096,,0,Dor crônica
3252,466,4079750,1984-07-22,1984-07-22,,,32020,,,13175,0,239873007,4079750,,0,Osteoartrite do joelho
3253,466,0,1979-07-16,1979-07-16,,,32020,,,13218,0,162864005,4060985,,0,IMC 30+ - obesidade
3254,467,4217975,2016-06-01,2016-06-01,2016-06-29,2016-06-29,32020,,,13234,0,72892002,4217975,,0,Otite média não supurativa
3255,467,4112343,2015-09-24,2015-09-24,2015-10-07,2015-10-07,32020,,,13224,0,195662009,4112343,,0,Faringite viral aguda
3256,467,260139,2011-02-09,2011-02-09,2011-02-23,2011-02-23,32020,,,13233,0,10509002,260139,,0,Bronquite aguda
3257,467,316866,2009-04-22,2009-04-22,,,32020,,,13232,0,38341003,316866,,0,Hipertensão arterial
3258,468,40481087,2018-04-27,2018-04-27,2018-05-04,2018-05-04,32020,,,13250,0,444814009,40481087,,0,Infecção viral das vias aéreas superiores
3259,468,4112343,2016-07-22,2016-07-22,2016-08-01,2016-08-01,32020,,,13251,0,195662009,4112343,,0,Faringite viral aguda
3260,468,4155034,2015-01-01,2015-01-01,2015-01-22,2015-01-22,32020,,,13246,0,283371005,4155034,,0,Laceração de antebraço
3261,468,4218389,2013-03-07,2013-03-07,2013-04-11,2013-04-11,32020,,,13244,0,39848009,4218389,,0,Lesão em chicote do pescoço
3262,468,372328,2012-03-21,2012-03-21,2013-08-19,2013-08-19,32020,,,13239,0,65363002,372328,,0,Otite média
3263,468,4311629,2011-08-15,2011-08-15,,,32020,,,13243,0,15777000,40316773,,0,Pré-diabetes
3264,468,195588,2009-07-15,2009-07-15,2009-08-16,2009-08-16,32020,,,13240,0,38822007,195588,,0,Cistite
3265,468,0,1997-05-19,1997-05-19,,,32020,,,13241,0,162864005,4060985,,0,IMC 30+ - obesidade
3266,469,4112343,2017-05-01,2017-05-01,2017-05-12,2017-05-12,32020,,,13269,0,195662009,4112343,,0,Faringite viral aguda
3267,469,28060,2016-04-25,2016-04-25,2016-05-02,2016-05-02,32020,,,13273,0,43878008,28060,,0,Faringite estreptocócica
3268,469,4142905,2013-08-08,2013-08-08,2013-09-07,2013-09-07,32020,,,13258,0,33737001,4142905,,0,Fratura de rádio
3269,469,372328,2015-03-01,2015-03-01,2015-08-04,2015-08-04,32020,,,13254,0,65363002,372328,,0,Otite média
3270,470,4237458,2018-06-14,2018-06-14,2018-08-13,2018-08-13,32020,,,13275,0,58150001,4237458,,0,Fratura de clavícula
3271,470,40481087,2016-01-20,2016-01-20,2016-01-27,2016-01-27,32020,,,13276,0,444814009,40481087,,0,Infecção viral das vias aéreas superiores
3272,470,40481087,2011-08-28,2011-08-28,2011-09-04,2011-09-04,32020,,,13277,0,444814009,40481087,,0,Infecção viral das vias aéreas superiores
3273,471,260139,2018-03-03,2018-03-03,2018-03-10,2018-03-10,32020,,,13332,0,10509002,260139,,0,Bronquite aguda
3274,471,4112343,2017-12-04,2017-12-04,2017-12-15,2017-12-15,32020,,,13323,0,195662009,4112343,,0,Faringite viral aguda
3275,471,4285898,2017-08-19,2017-08-19,,,32020,,,13338,0,68496003,4285898,,0,Pólipo do cólon
3276,471,40481087,2013-01-25,2013-01-25,2013-02-08,2013-02-08,32020,,,13318,0,444814009,40481087,,0,Infecção viral das vias aéreas superiores
3277,471,4208104,2008-11-20,2008-11-20,,,32020,,,13351,0,55680006,4208104,,0,Overdose de droga
3278,471,0,1995-09-17,1995-09-17,,,32020,,,13333,0,408512008,4256640,,0,Alcoolismo relatado pelo paciente
3279,471,261325,1993-09-12,1993-09-12,,,32020,,,13370,0,87433001,261325,,0,Enfisema pulmonar
3280,471,436096,1991-01-17,1991-01-17,,,32020,,,13380,0,82423001,436096,,0,Dor crônica
3281,471,4055754,1990-06-23,1990-06-23,,,32020,,,13363,0,196416002,4055754,,0,Esofagite por refluxo
3282,471,43530652,1990-03-15,1990-03-15,,,32020,,,13335,0,124171000119105,43530652,,0,Nefropatia diabética crônica
3283,471,0,1978-11-05,1978-11-05,,,32020,,,13347,0,162864005,4060985,,0,IMC 30+ - obesidade
3284,472,40481087,2017-01-02,2017-01-02,2017-01-09,2017-01-09,32020,,,13436,0,444814009,40481087,,0,Infecção viral das vias aéreas superiores
3285,472,40481087,2014-03-23,2014-03-23,2014-04-13,2014-04-13,32020,,,13439,0,444814009,40481087,,0,Infecção viral das vias aéreas superiores
3286,472,4109685,2013-03-05,2013-03-05,2013-03-26,2013-03-26,32020,,,13417,0,284551006,4109685,,0,Laceração de pé
3287,472,4155034,2010-05-06,2010-05-06,2010-05-20,2010-05-20,32020,,,13405,0,283371005,4155034,,0,Laceração de antebraço
3288,472,4208104,2008-01-25,2008-01-25,,,32020,,,13393,0,55680006,4208104,,0,Overdose de droga
3289,472,43530652,1990-07-31,1990-07-31,,,32020,,,13426,0,124171000119105,43530652,,0,Nefropatia diabética crônica
3290,472,436096,1990-03-23,1990-03-23,,,32020,,,13414,0,82423001,436096,,0,Dor crônica
3291,472,4055754,1990-01-31,1990-01-31,,,32020,,,13390,0,196416002,4055754,,0,Esofagite por refluxo
3292,472,0,1980-07-28,1980-07-28,,,32020,,,13424,0,162864005,4060985,,0,IMC 30+ - obesidade
3293,472,4078393,1978-01-16,1978-01-16,,,32020,,,13433,0,19169002,4078393,,0,Aborto espontâneo na gravidez
3294,473,4217975,2018-05-24,2018-05-24,2018-06-14,2018-06-14,32020,,,13474,0,72892002,4217975,,0,Otite média não supurativa
3295,473,4116491,2017-12-29,2017-12-29,2018-02-17,2018-02-17,32020,,,13452,0,301011002,4116491,,0,Infecção do trato urinário por E. coli
3296,473,4217975,2015-03-19,2015-03-19,2015-10-22,2015-10-22,32020,,,13447,0,72892002,4217975,,0,Otite média não supurativa
3297,473,260139,2014-11-30,2014-11-30,2014-12-07,2014-12-07,32020,,,13453,0,10509002,260139,,0,Bronquite aguda
3298,473,4112343,2014-11-25,2014-11-25,2014-12-07,2014-12-07,32020,,,13464,0,195662009,4112343,,0,Faringite viral aguda
3299,473,4116491,2013-11-18,2013-11-18,2013-12-30,2013-12-30,32020,,,13450,0,301011002,4116491,,0,Infecção do trato urinário por E. coli
3300,473,4217975,2013-11-07,2013-11-07,2013-12-05,2013-12-05,32020,,,13454,0,72892002,4217975,,0,Otite média não supurativa
3301,473,4311629,2011-04-07,2011-04-07,,,32020,,,13458,0,15777000,40316773,,0,Pré-diabetes
3302,473,4262136,2009-04-30,2009-04-30,2009-05-07,2009-05-07,32020,,,13468,0,35999006,4262136,,0,Cegueira
3303,473,4078393,2009-04-30,2009-04-30,,,32020,,,13468,0,19169002,4078393,,0,Aborto espontâneo na gravidez
3304,473,4217975,2009-04-30,2009-04-30,2009-05-07,2009-05-07,32020,,,13468,0,72892002,4217975,,0,Otite média não supurativa
3305,473,439777,2007-11-20,2007-11-20,,,32020,,,13448,0,271737000,439777,,0,Anemia
3306,473,0,2004-01-01,2004-01-01,,,32020,,,13456,0,162864005,4060985,,0,IMC 30+ - obesidade
3307,474,372328,1994-12-23,1994-12-23,1995-03-07,1995-03-07,32020,,,13490,0,65363002,372328,,0,Otite média
3308,474,4109685,1994-10-24,1994-10-24,1994-11-14,1994-11-14,32020,,,13487,0,284551006,4109685,,0,Laceração de pé
3309,474,380378,1993-12-28,1993-12-28,,,32020,,,13488,0,84757009,380378,,0,Epilepsia
3310,474,0,1993-12-28,1993-12-28,,,32020,,,13488,0,703151001,45766064,,0,Histórico de artroplastia de joelho
3311,474,4029498,1993-12-28,1993-12-28,,,32020,,,13488,0,128613002,4029498,,0,Transtorno convulsivo
3312,475,40318618,2018-12-13,2018-12-13,2018-12-20,2018-12-20,32020,,,13497,0,156073000,40318618,,0,Obesidade
3313,475,4217975,2018-12-13,2018-12-13,2018-12-20,2018-12-20,32020,,,13497,0,72892002,4217975,,0,Otite média não supurativa
3314,475,40481087,2015-12-07,2015-12-07,2015-12-21,2015-12-21,32020,,,13508,0,444814009,40481087,,0,Infecção viral das vias aéreas superiores
3315,475,0,2005-09-22,2005-09-22,,,32020,,,13498,0,162864005,4060985,,0,IMC 30+ - obesidade
3316,475,257012,1995-11-29,1995-11-29,,,32020,,,13500,0,40055000,257012,,0,Sinusite crônica
3317,475,4078393,1992-08-06,1992-08-06,,,32020,,,13517,0,19169002,4078393,,0,Aborto espontâneo na gravidez
3318,475,316866,1987-08-27,1987-08-27,,,32020,,,13514,0,38341003,316866,,0,Hipertensão arterial
3319,476,4156265,2017-12-24,2017-12-24,2018-01-14,2018-01-14,32020,,,13532,0,370247008,4156265,,0,Lesão facial
3320,476,4112343,2010-12-11,2010-12-11,2010-12-22,2010-12-22,32020,,,13531,0,195662009,4112343,,0,Faringite viral aguda
3321,476,81151,2009-05-19,2009-05-19,2009-06-09,2009-06-09,32020,,,13529,0,44465007,81151,,0,Entorse de tornozelo
3322,476,440086,2008-04-09,2008-04-09,2017-04-17,2017-04-17,32020,,,13520,0,192127007,440086,,0,Transtorno do espectro autista infantil
3323,477,28060,2015-03-24,2015-03-24,2015-04-04,2015-04-04,32020,,,13533,0,43878008,28060,,0,Faringite estreptocócica
3324,477,260139,2012-12-29,2012-12-29,2013-01-05,2013-01-05,32020,,,13535,0,10509002,260139,,0,Bronquite aguda
3325,477,28060,2010-12-04,2010-12-04,2010-12-11,2010-12-11,32020,,,13538,0,43878008,28060,,0,Faringite estreptocócica
3326,477,0,2001-03-22,2001-03-22,,,32020,,,13542,0,703151001,45766064,,0,Histórico de artroplastia de joelho
3327,477,4029498,2001-03-22,2001-03-22,,,32020,,,13542,0,128613002,4029498,,0,Transtorno convulsivo
3328,478,40481087,2015-12-01,2015-12-01,2015-12-22,2015-12-22,32020,,,13576,0,444814009,40481087,,0,Infecção viral das vias aéreas superiores
3329,478,378001,2015-10-22,2015-10-22,2015-12-21,2015-12-21,32020,,,13567,0,62106007,378001,,0,Concussão com perda de consciência
3330,478,40481087,2012-04-30,2012-04-30,2012-05-14,2012-05-14,32020,,,13565,0,444814009,40481087,,0,Infecção viral das vias aéreas superiores
3331,478,260139,2011-12-30,2011-12-30,2012-01-06,2012-01-06,32020,,,13556,0,10509002,260139,,0,Bronquite aguda
3332,478,440086,2008-12-23,2008-12-23,2010-08-17,2010-08-17,32020,,,13572,0,192127007,440086,,0,Transtorno do espectro autista infantil
3333,479,4112343,2017-09-12,2017-09-12,2017-09-25,2017-09-25,32020,,,13583,0,195662009,4112343,,0,Faringite viral aguda
3334,479,40481087,2016-03-12,2016-03-12,2016-03-26,2016-03-26,32020,,,13587,0,444814009,40481087,,0,Infecção viral das vias aéreas superiores
3335,479,4214376,2015-08-07,2015-08-07,,,32020,,,13593,0,80394007,4214376,,0,Hiperglicemia
3336,479,436940,2012-08-03,2012-08-03,,,32020,,,13587,0,237602007,436940,,0,Síndrome metabólica
3337,479,4120314,2012-08-03,2012-08-03,,,32020,,,13587,0,302870006,4120314,,0,Hipertrigliceridemia
3338,479,201826,2009-07-31,2009-07-31,,,32020,,,13587,0,44054006,201826,,0,Diabetes mellitus tipo 2
3339,479,316866,2002-07-19,2002-07-19,,,32020,,,13580,0,38341003,316866,,0,Hipertensão arterial
3340,479,4048171,1987-07-13,1987-07-13,,,32020,,,13587,0,232353008,4048171,,0,Perfuração do tímpano
3341,480,40481087,2013-08-24,2013-08-24,2013-08-31,2013-08-31,32020,,,13602,0,444814009,40481087,,0,Infecção viral das vias aéreas superiores
3342,480,28060,2012-12-29,2012-12-29,2013-01-07,2013-01-07,32020,,,13606,0,43878008,28060,,0,Faringite estreptocócica
3343,480,40481087,2011-04-10,2011-04-10,2011-05-01,2011-05-01,32020,,,13598,0,444814009,40481087,,0,Infecção viral das vias aéreas superiores
3344,481,260139,2016-11-19,2016-11-19,2016-11-26,2016-11-26,32020,,,13626,0,10509002,260139,,0,Bronquite aguda
3345,481,4217975,2010-10-20,2010-10-20,2011-05-25,2011-05-25,32020,,,13637,0,72892002,4217975,,0,Otite média não supurativa
3346,481,40481087,2010-02-17,2010-02-17,2010-03-10,2010-03-10,32020,,,13628,0,444814009,40481087,,0,Infecção viral das vias aéreas superiores
3347,482,4134304,2017-03-26,2017-03-26,2017-06-24,2017-06-24,32020,,,13663,0,263102004,4134304,,0,Ruptura de menisco
3348,482,28060,2010-08-07,2010-08-07,2010-08-16,2010-08-16,32020,,,13648,0,43878008,28060,,0,Faringite estreptocócica
3349,482,0,1996-03-08,1996-03-08,,,32020,,,13658,0,162864005,4060985,,0,IMC 30+ - obesidade
3350,482,4280726,1961-07-26,1961-07-26,,,32020,,,13644,0,367498001,4280726,,0,Gripe sazonal
3351,483,40481087,2016-03-19,2016-03-19,2016-04-09,2016-04-09,32020,,,13671,0,444814009,40481087,,0,Infecção viral das vias aéreas superiores
3352,483,81151,2014-07-28,2014-07-28,2014-08-25,2014-08-25,32020,,,13668,0,44465007,81151,,0,Entorse de tornozelo
3353,483,40481087,2013-05-05,2013-05-05,2013-05-26,2013-05-26,32020,,,13669,0,444814009,40481087,,0,Infecção viral das vias aéreas superiores
3354,483,4283893,2013-01-10,2013-01-10,2013-02-28,2013-02-28,32020,,,13665,0,36971009,4283893,,0,Sinusite
3355,483,0,2012-12-12,2012-12-12,,,32020,,,13666,0,162864005,4060985,,0,IMC 30+ - obesidade
3356,483,40481087,2011-08-22,2011-08-22,2011-09-12,2011-09-12,32020,,,13667,0,444814009,40481087,,0,Infecção viral das vias aéreas superiores
3357,483,316866,2002-11-27,2002-11-27,,,32020,,,13674,0,38341003,316866,,0,Hipertensão arterial
3358,484,378001,2011-02-25,2011-02-25,2011-03-27,2011-03-27,32020,,,13677,0,62106007,378001,,0,Concussão com perda de consciência
3359,484,260139,2010-02-05,2010-02-05,2010-02-12,2010-02-12,32020,,,13684,0,10509002,260139,,0,Bronquite aguda
3360,484,4311629,1999-08-14,1999-08-14,,,32020,,,13679,0,15777000,40316773,,0,Pré-diabetes
3361,485,40481087,2017-06-13,2017-06-13,2017-07-04,2017-07-04,32020,,,13723,0,444814009,40481087,,0,Infecção viral das vias aéreas superiores
3362,485,4116491,2012-12-06,2012-12-06,2013-01-12,2013-01-12,32020,,,13705,0,301011002,4116491,,0,Infecção do trato urinário por E. coli
3363,485,4218389,2012-12-03,2012-12-03,2012-12-24,2012-12-24,32020,,,13704,0,39848009,4218389,,0,Lesão em chicote do pescoço
3364,485,4217975,2009-03-02,2009-03-02,2009-09-28,2009-09-28,32020,,,13688,0,72892002,4217975,,0,Otite média não supurativa
3365,485,432867,2004-04-26,2004-04-26,,,32020,,,13693,0,55822004,432867,,0,Hiperlipidemia
3366,485,4311629,1997-04-14,1997-04-14,,,32020,,,13706,0,15777000,40316773,,0,Pré-diabetes
3367,485,0,1983-02-21,1983-02-21,,,32020,,,13718,0,162864005,4060985,,0,IMC 30+ - obesidade
3368,485,4078393,1982-08-09,1982-08-09,,,32020,,,13732,0,19169002,4078393,,0,Aborto espontâneo na gravidez
3369,486,4217975,2018-09-24,2018-09-24,2018-10-22,2018-10-22,32020,,,13767,0,72892002,4217975,,0,Otite média não supurativa
3370,486,4217975,2017-09-11,2017-09-11,2018-04-09,2018-04-09,32020,,,13747,0,72892002,4217975,,0,Otite média não supurativa
3371,486,40481087,2014-11-06,2014-11-06,2014-11-20,2014-11-20,32020,,,13772,0,444814009,40481087,,0,Infecção viral das vias aéreas superiores
3372,486,4217975,2012-01-02,2012-01-02,2012-08-06,2012-08-06,32020,,,13743,0,72892002,4217975,,0,Otite média não supurativa
3373,486,4112343,2009-11-18,2009-11-18,2009-11-25,2009-11-25,32020,,,13735,0,195662009,4112343,,0,Faringite viral aguda
3374,486,4112343,2009-08-09,2009-08-09,2009-08-18,2009-08-18,32020,,,13742,0,195662009,4112343,,0,Faringite viral aguda
3375,486,134438,2008-08-15,2008-08-15,2009-06-17,2009-06-17,32020,,,13744,0,40275004,134438,,0,Dermatite de contato
3376,486,4048171,1995-08-19,1995-08-19,2009-08-17,2009-08-17,32020,,,13765,0,232353008,4048171,,0,Perfuração do tímpano
3377,487,4112343,2017-05-02,2017-05-02,2017-05-10,2017-05-10,32020,,,13778,0,195662009,4112343,,0,Faringite viral aguda
3378,487,40481087,2015-09-18,2015-09-18,2015-10-02,2015-10-02,32020,,,13777,0,444814009,40481087,,0,Infecção viral das vias aéreas superiores
3379,487,40481087,2014-06-10,2014-06-10,2014-06-17,2014-06-17,32020,,,13783,0,444814009,40481087,,0,Infecção viral das vias aéreas superiores
3380,487,4311629,2013-10-02,2013-10-02,,,32020,,,13779,0,15777000,40316773,,0,Pré-diabetes
3381,487,260139,2010-01-14,2010-01-14,2010-01-21,2010-01-21,32020,,,13781,0,10509002,260139,,0,Bronquite aguda
3382,488,28060,2018-03-19,2018-03-19,2018-03-28,2018-03-28,32020,,,13786,0,43878008,28060,,0,Faringite estreptocócica
3383,488,439393,2017-02-05,2017-02-05,2017-04-10,2017-04-10,32020,,,13810,0,398254007,439393,,0,Pré-eclâmpsia
3384,488,4113008,2017-01-15,2017-01-15,2017-01-29,2017-01-29,32020,,,13821,0,284549007,4113008,,0,Laceração de mão
3385,488,4217975,2016-08-22,2016-08-22,2017-04-10,2017-04-10,32020,,,13787,0,72892002,4217975,,0,Otite média não supurativa
3386,488,4112343,2015-11-13,2015-11-13,2015-11-25,2015-11-25,32020,,,13802,0,195662009,4112343,,0,Faringite viral aguda
3387,488,40481087,2015-03-07,2015-03-07,2015-03-22,2015-03-22,32020,,,13817,0,444814009,40481087,,0,Infecção viral das vias aéreas superiores
3388,488,260139,2014-03-08,2014-03-08,2014-03-16,2014-03-16,32020,,,13816,0,10509002,260139,,0,Bronquite aguda
3389,488,4217975,2012-12-09,2012-12-09,2013-07-15,2013-07-15,32020,,,13792,0,72892002,4217975,,0,Otite média não supurativa
3390,488,257012,1986-11-06,1986-11-06,,,32020,,,13788,0,40055000,257012,,0,Sinusite crônica
3391,489,4311629,2017-12-19,2017-12-19,,,32020,,,13831,0,15777000,40316773,,0,Pré-diabetes
3392,490,40481087,2011-07-22,2011-07-22,2011-07-29,2011-07-29,32020,,,13843,0,444814009,40481087,,0,Infecção viral das vias aéreas superiores
3393,490,4285898,2011-06-27,2011-06-27,2012-09-19,2012-09-19,32020,,,13840,0,68496003,4285898,,0,Pólipo do cólon
3394,490,260139,2010-12-05,2010-12-05,2010-12-12,2010-12-12,32020,,,13838,0,10509002,260139,,0,Bronquite aguda
3395,490,4311629,1978-09-19,1978-09-19,,,32020,,,13841,0,15777000,40316773,,0,Pré-diabetes
3396,490,0,1972-09-12,1972-09-12,,,32020,,,13844,0,162864005,4060985,,0,IMC 30+ - obesidade
3397,491,40481087,2016-04-29,2016-04-29,2016-05-20,2016-05-20,32020,,,13866,0,444814009,40481087,,0,Infecção viral das vias aéreas superiores
3398,491,4155034,2013-01-14,2013-01-14,2013-02-04,2013-02-04,32020,,,13861,0,283371005,4155034,,0,Laceração de antebraço
3399,491,4112343,2012-04-10,2012-04-10,2012-04-22,2012-04-22,32020,,,13852,0,195662009,4112343,,0,Faringite viral aguda
3400,492,381316,2016-08-02,2016-08-02,,,32020,,,13878,0,230690007,381316,,0,Acidente vascular cerebral
3401,492,4146173,2010-01-24,2010-01-24,2010-02-23,2010-02-23,32020,,,13869,0,307731004,4146173,,0,Fibrilação atrial de início recente
3402,492,0,2007-01-23,2007-01-23,,,32020,,,13875,0,162864005,4060985,,0,IMC 30+ - obesidade
3403,493,378001,2016-12-23,2016-12-23,2017-01-22,2017-01-22,32020,,,13909,0,62106007,378001,,0,Concussão com perda de consciência
3404,493,4112343,2011-08-13,2011-08-13,2011-08-22,2011-08-22,32020,,,13908,0,195662009,4112343,,0,Faringite viral aguda
3405,493,4078393,2008-02-02,2008-02-02,,,32020,,,13898,0,19169002,4078393,,0,Aborto espontâneo na gravidez
3406,493,4208104,2000-05-20,2000-05-20,,,32020,,,13906,0,55680006,4208104,,0,Overdose de droga
3407,493,0,1998-01-10,1998-01-10,,,32020,,,13941,0,162864005,4060985,,0,IMC 30+ - obesidade
3408,493,4055754,1990-12-16,1990-12-16,,,32020,,,13925,0,196416002,4055754,,0,Esofagite por refluxo
3409,493,436096,1990-06-27,1990-06-27,,,32020,,,13921,0,82423001,436096,,0,Dor crônica
3410,493,43530652,1990-05-23,1990-05-23,,,32020,,,13928,0,124171000119105,43530652,,0,Nefropatia diabética crônica
3411,493,439777,1989-04-09,1989-04-09,,,32020,,,13880,0,271737000,439777,,0,Anemia
3412,494,372328,2017-08-17,2017-08-17,2018-08-23,2018-08-23,32020,,,14035,0,65363002,372328,,0,Otite média
3413,494,40481087,2015-11-08,2015-11-08,2015-11-29,2015-11-29,32020,,,13973,0,444814009,40481087,,0,Infecção viral das vias aéreas superiores
3414,494,4283893,2014-07-16,2014-07-16,2014-08-06,2014-08-06,32020,,,14009,0,36971009,4283893,,0,Sinusite
3415,494,40481087,2009-06-14,2009-06-14,2009-07-05,2009-07-05,32020,,,14034,0,444814009,40481087,,0,Infecção viral das vias aéreas superiores
3416,494,4048171,2005-01-23,2005-01-23,,,32020,,,13990,0,232353008,4048171,,0,Perfuração do tímpano
3417,494,4051466,2004-01-24,2004-01-24,,,32020,,,13999,0,233678006,4051466,,0,Asma na infância
3418,495,81151,2018-04-04,2018-04-04,2018-04-25,2018-04-25,32020,,,14054,0,44465007,81151,,0,Entorse de tornozelo
3419,495,4296204,2016-05-16,2016-05-16,2016-06-13,2016-06-13,32020,,,14046,0,403190006,4296204,,0,Queimadura solar de primeiro grau
3420,495,260139,2015-05-24,2015-05-24,2015-05-31,2015-05-31,32020,,,14043,0,10509002,260139,,0,Bronquite aguda
3421,495,4112343,2013-08-23,2013-08-23,2013-08-30,2013-08-30,32020,,,14042,0,195662009,4112343,,0,Faringite viral aguda
3422,495,40481087,2013-06-28,2013-06-28,2013-07-05,2013-07-05,32020,,,14051,0,444814009,40481087,,0,Infecção viral das vias aéreas superiores
3423,495,4112343,2012-03-20,2012-03-20,2012-03-28,2012-03-28,32020,,,14053,0,195662009,4112343,,0,Faringite viral aguda
3424,495,40481087,2009-04-08,2009-04-08,2009-04-15,2009-04-15,32020,,,14050,0,444814009,40481087,,0,Infecção viral das vias aéreas superiores
3425,496,40481087,2014-09-19,2014-09-19,2014-10-03,2014-10-03,32020,,,14062,0,444814009,40481087,,0,Infecção viral das vias aéreas superiores
3426,496,4230399,2012-10-06,2012-10-06,2013-01-04,2013-01-04,32020,,,14060,0,359817006,4230399,,0,Doença renal crônica estágio 2
3427,496,28060,2010-11-21,2010-11-21,2010-11-28,2010-11-28,32020,,,14075,0,43878008,28060,,0,Faringite estreptocócica
3428,496,40481087,2009-02-26,2009-02-26,2009-03-12,2009-03-12,32020,,,14067,0,444814009,40481087,,0,Infecção viral das vias aéreas superiores
3429,496,0,1982-04-06,1982-04-06,,,32020,,,14066,0,162864005,4060985,,0,IMC 30+ - obesidade
3430,496,4078393,1975-02-11,1975-02-11,,,32020,,,14064,0,19169002,4078393,,0,Aborto espontâneo na gravidez
3431,496,257012,1970-02-28,1970-02-28,,,32020,,,14057,0,40055000,257012,,0,Sinusite crônica
3432,496,316866,1957-08-27,1957-08-27,,,32020,,,14056,0,38341003,316866,,0,Hipertensão arterial
3433,497,195588,2016-01-12,2016-01-12,2016-02-12,2016-02-12,32020,,,14096,0,38822007,195588,,0,Cistite
3434,497,40481087,2010-11-11,2010-11-11,2010-11-18,2010-11-18,32020,,,14094,0,444814009,40481087,,0,Infecção viral das vias aéreas superiores
3435,497,4217975,2009-03-17,2009-03-17,2009-10-20,2009-10-20,32020,,,14078,0,72892002,4217975,,0,Otite média não supurativa
3436,497,258780,2000-03-07,2000-03-07,,,32020,,,14121,0,185086009,258780,,0,DPOC exacerbada
3437,497,4311629,1986-04-08,1986-04-08,,,32020,,,14114,0,15777000,40316773,,0,Pré-diabetes
3438,498,260139,2017-12-02,2017-12-02,2017-12-09,2017-12-09,32020,,,14136,0,10509002,260139,,0,Bronquite aguda
3439,498,40481087,2011-10-11,2011-10-11,2011-10-18,2011-10-18,32020,,,14130,0,444814009,40481087,,0,Infecção viral das vias aéreas superiores
3440,498,40481087,2011-02-14,2011-02-14,2011-03-07,2011-03-07,32020,,,14134,0,444814009,40481087,,0,Infecção viral das vias aéreas superiores
3441,499,260139,2013-05-26,2013-05-26,2013-06-02,2013-06-02,32020,,,14145,0,10509002,260139,,0,Bronquite aguda
3442,499,4296205,2010-09-05,2010-09-05,2010-09-26,2010-09-26,32020,,,14139,0,403191005,4296205,,0,Queimadura solar de segundo grau
3443,499,0,2000-05-18,2000-05-18,,,32020,,,14146,0,162864005,4060985,,0,IMC 30+ - obesidade
3444,499,316866,1976-07-01,1976-07-01,,,32020,,,14152,0,38341003,316866,,0,Hipertensão arterial
3445,500,4262136,2017-01-24,2017-01-24,2017-01-31,2017-01-31,32020,,,14154,0,35999006,4262136,,0,Cegueira
3446,500,4217975,2017-01-24,2017-01-24,2017-01-31,2017-01-31,32020,,,14154,0,72892002,4217975,,0,Otite média não supurativa
3447,500,40481087,2016-11-04,2016-11-04,2016-11-18,2016-11-18,32020,,,14191,0,444814009,40481087,,0,Infecção viral das vias aéreas superiores
3448,500,439393,2014-02-25,2014-02-25,2014-04-22,2014-04-22,32020,,,14188,0,398254007,439393,,0,Pré-eclâmpsia
3449,500,4217975,2013-09-10,2013-09-10,2014-04-22,2014-04-22,32020,,,14169,0,72892002,4217975,,0,Otite média não supurativa
3450,500,40481087,2010-08-24,2010-08-24,2010-08-31,2010-08-31,32020,,,14166,0,444814009,40481087,,0,Infecção viral das vias aéreas superiores
3451,500,4214376,2000-11-14,2000-11-14,,,32020,,,14162,0,80394007,4214376,,0,Hiperglicemia
3452,500,436940,1994-11-08,1994-11-08,,,32020,,,14180,0,237602007,436940,,0,Síndrome metabólica
3453,500,4120314,1994-11-08,1994-11-08,,,32020,,,14180,0,302870006,4120314,,0,Hipertrigliceridemia
3454,500,4078393,1994-07-26,1994-07-26,,,32020,,,14164,0,19169002,4078393,,0,Aborto espontâneo na gravidez
3455,500,201826,1991-11-05,1991-11-05,,,32020,,,14168,0,44054006,201826,,0,Diabetes mellitus tipo 2
3456,500,316866,1987-10-27,1987-10-27,,,32020,,,14187,0,38341003,316866,,0,Hipertensão arterial
3457,501,4217975,2004-07-30,2004-07-30,,,32020,,,14219,0,72892002,4217975,,0,Otite média não supurativa
3458,501,380378,2004-06-14,2004-06-14,,,32020,,,14212,0,84757009,380378,,0,Epilepsia
3459,501,0,2004-06-14,2004-06-14,,,32020,,,14212,0,703151001,45766064,,0,Histórico de artroplastia de joelho
3460,501,4029498,2004-06-14,2004-06-14,,,32020,,,14212,0,128613002,4029498,,0,Transtorno convulsivo
3461,501,40481087,2004-01-24,2004-01-24,2004-02-07,2004-02-07,32020,,,14204,0,444814009,40481087,,0,Infecção viral das vias aéreas superiores
3462,501,4112343,2002-09-17,2002-09-17,2002-09-25,2002-09-25,32020,,,14226,0,195662009,4112343,,0,Faringite viral aguda
3463,501,260139,2001-08-10,2001-08-10,2001-08-17,2001-08-17,32020,,,14202,0,10509002,260139,,0,Bronquite aguda
3464,501,4217975,2001-01-19,2001-01-19,2001-08-24,2001-08-24,32020,,,14194,0,72892002,4217975,,0,Otite média não supurativa
3465,501,4217975,2000-09-08,2000-09-08,2000-09-22,2000-09-22,32020,,,14218,0,72892002,4217975,,0,Otite média não supurativa
3466,501,4112343,1997-08-31,1997-08-31,1997-09-12,1997-09-12,32020,,,14215,0,195662009,4112343,,0,Faringite viral aguda
3467,502,137613,2018-06-21,2018-06-21,2018-07-12,2018-07-12,32020,,,14240,0,198992004,137613,,0,Pré-eclâmpsia leve
3468,502,4217975,2017-12-07,2017-12-07,2018-07-12,2018-07-12,32020,,,14244,0,72892002,4217975,,0,Otite média não supurativa
3469,502,40481087,2017-06-07,2017-06-07,2017-06-28,2017-06-28,32020,,,14277,0,444814009,40481087,,0,Infecção viral das vias aéreas superiores
3470,502,28060,2017-04-23,2017-04-23,2017-05-03,2017-05-03,32020,,,14229,0,43878008,28060,,0,Faringite estreptocócica
3471,502,260139,2016-09-14,2016-09-14,2016-09-28,2016-09-28,32020,,,14235,0,10509002,260139,,0,Bronquite aguda
3472,502,40481087,2014-11-27,2014-11-27,2014-12-11,2014-12-11,32020,,,14243,0,444814009,40481087,,0,Infecção viral das vias aéreas superiores
3473,502,4217975,2014-06-19,2014-06-19,2015-01-15,2015-01-15,32020,,,14262,0,72892002,4217975,,0,Otite média não supurativa
3474,502,375671,2013-10-25,2013-10-25,2013-11-24,2013-11-24,32020,,,14236,0,62564004,375671,,0,Concussão sem perda de consciência
3475,502,40481087,2012-01-27,2012-01-27,2012-02-03,2012-02-03,32020,,,14266,0,444814009,40481087,,0,Infecção viral das vias aéreas superiores
3476,502,40481087,2010-10-22,2010-10-22,2010-10-29,2010-10-29,32020,,,14267,0,444814009,40481087,,0,Infecção viral das vias aéreas superiores
3477,502,4217975,2009-04-23,2009-04-23,2009-11-26,2009-11-26,32020,,,14276,0,72892002,4217975,,0,Otite média não supurativa
3478,503,372328,2018-03-12,2018-03-12,2018-09-19,2018-09-19,32020,,,14280,0,65363002,372328,,0,Otite média
3479,503,4112343,2017-08-26,2017-08-26,2017-09-05,2017-09-05,32020,,,14283,0,195662009,4112343,,0,Faringite viral aguda
3480,503,40481087,2014-08-22,2014-08-22,2014-09-05,2014-09-05,32020,,,14282,0,444814009,40481087,,0,Infecção viral das vias aéreas superiores
3481,503,4112343,2012-12-10,2012-12-10,2012-12-17,2012-12-17,32020,,,14281,0,195662009,4112343,,0,Faringite viral aguda
3482,504,81151,2015-07-11,2015-07-11,2015-08-01,2015-08-01,32020,,,14289,0,44465007,81151,,0,Entorse de tornozelo
3483,504,40481087,2014-02-18,2014-02-18,2014-03-04,2014-03-04,32020,,,14303,0,444814009,40481087,,0,Infecção viral das vias aéreas superiores
3484,504,81151,2013-07-16,2013-07-16,2013-08-20,2013-08-20,32020,,,14302,0,44465007,81151,,0,Entorse de tornozelo
3485,504,372328,2012-07-04,2012-07-04,2012-10-08,2012-10-08,32020,,,14286,0,65363002,372328,,0,Otite média
3486,504,260139,2011-04-30,2011-04-30,2011-05-14,2011-05-14,32020,,,14296,0,10509002,260139,,0,Bronquite aguda
3487,504,372328,2011-01-28,2011-01-28,2011-04-11,2011-04-11,32020,,,14304,0,65363002,372328,,0,Otite média
3488,505,40481087,2018-04-09,2018-04-09,2018-04-16,2018-04-16,32020,,,14316,0,444814009,40481087,,0,Infecção viral das vias aéreas superiores
3489,505,80502,2017-12-21,2017-12-21,,,32020,,,14325,0,64859006,80502,,0,Osteoporose
3490,505,40481087,2013-07-07,2013-07-07,2013-07-28,2013-07-28,32020,,,14330,0,444814009,40481087,,0,Infecção viral das vias aéreas superiores
3491,505,40481087,2009-01-02,2009-01-02,2009-01-23,2009-01-23,32020,,,14322,0,444814009,40481087,,0,Infecção viral das vias aéreas superiores
3492,505,75036,2002-05-15,2002-05-15,,,32020,,,14321,0,201834006,75036,,0,Dermatite perioral
3493,505,4311629,2001-11-22,2001-11-22,,,32020,,,14323,0,15777000,40316773,,0,Pré-diabetes
3494,505,0,1986-03-20,1986-03-20,,,32020,,,14309,0,408512008,4256640,,0,Alcoolismo relatado pelo paciente
3495,505,199076,1978-03-30,1978-03-30,,,32020,,,14314,0,79586000,199076,,0,Gravidez tubária
3496,505,4078393,1977-08-11,1977-08-11,,,32020,,,14324,0,19169002,4078393,,0,Aborto espontâneo na gravidez
3497,505,0,1974-05-09,1974-05-09,,,32020,,,14326,0,162864005,4060985,,0,IMC 30+ - obesidade
3498,505,439777,1954-05-27,1954-05-27,,,32020,,,14315,0,271737000,439777,,0,Anemia
3499,506,4134304,2017-11-14,2017-11-14,2018-02-12,2018-02-12,32020,,,14392,0,263102004,4134304,,0,Ruptura de menisco
3500,506,4217975,2016-01-17,2016-01-17,2016-08-14,2016-08-14,32020,,,14360,0,72892002,4217975,,0,Otite média não supurativa
3501,506,4217975,2014-10-12,2014-10-12,2015-05-24,2015-05-24,32020,,,14379,0,72892002,4217975,,0,Otite média não supurativa
3502,506,40481087,2012-04-05,2012-04-05,2012-04-19,2012-04-19,32020,,,14363,0,444814009,40481087,,0,Infecção viral das vias aéreas superiores
3503,506,40481087,2011-12-07,2011-12-07,2011-12-28,2011-12-28,32020,,,14365,0,444814009,40481087,,0,Infecção viral das vias aéreas superiores
3504,506,0,2011-04-10,2011-04-10,,,32020,,,14349,0,162864005,4060985,,0,IMC 30+ - obesidade
3505,506,4112343,2011-03-28,2011-03-28,2011-04-06,2011-04-06,32020,,,14352,0,195662009,4112343,,0,Faringite viral aguda
3506,506,378001,2011-01-20,2011-01-20,2011-02-19,2011-02-19,32020,,,14377,0,62106007,378001,,0,Concussão com perda de consciência
3507,506,137613,2010-10-24,2010-10-24,2010-11-28,2010-11-28,32020,,,14345,0,198992004,137613,,0,Pré-eclâmpsia leve
3508,506,4217975,2010-04-11,2010-04-11,2010-11-28,2010-11-28,32020,,,14334,0,72892002,4217975,,0,Otite média não supurativa
3509,506,4217975,2009-11-22,2009-11-22,2009-12-20,2009-12-20,32020,,,14399,0,72892002,4217975,,0,Otite média não supurativa
3510,506,81151,2009-02-15,2009-02-15,2009-03-01,2009-03-01,32020,,,14362,0,44465007,81151,,0,Entorse de tornozelo
3511,506,4217975,2009-01-04,2009-01-04,2009-03-15,2009-03-15,32020,,,14388,0,72892002,4217975,,0,Otite média não supurativa
3512,506,40486433,1991-08-23,1991-08-23,,,32020,,,14354,0,446096008,40486433,,0,Esteatose hepática perivenular
3513,507,40481087,2018-08-15,2018-08-15,2018-09-05,2018-09-05,32020,,,14447,0,444814009,40481087,,0,Infecção viral das vias aéreas superiores
3514,507,40481087,2017-12-19,2017-12-19,2018-01-09,2018-01-09,32020,,,14446,0,444814009,40481087,,0,Infecção viral das vias aéreas superiores
3515,507,81151,2013-11-21,2013-11-21,2013-12-12,2013-12-12,32020,,,14462,0,44465007,81151,,0,Entorse de tornozelo
3516,507,260139,2011-08-12,2011-08-12,2011-08-19,2011-08-19,32020,,,14412,0,10509002,260139,,0,Bronquite aguda
3517,507,4113008,2011-05-15,2011-05-15,2011-06-05,2011-06-05,32020,,,14463,0,284549007,4113008,,0,Laceração de mão
3518,507,257012,2000-07-18,2000-07-18,,,32020,,,14437,0,40055000,257012,,0,Sinusite crônica
3519,508,4112343,2017-06-25,2017-06-25,2017-07-05,2017-07-05,32020,,,14481,0,195662009,4112343,,0,Faringite viral aguda
3520,508,260139,2016-11-08,2016-11-08,2016-11-22,2016-11-22,32020,,,14499,0,10509002,260139,,0,Bronquite aguda
3521,508,260139,2016-09-01,2016-09-01,2016-09-08,2016-09-08,32020,,,14502,0,10509002,260139,,0,Bronquite aguda
3522,508,40481087,2015-01-02,2015-01-02,2015-01-16,2015-01-16,32020,,,14488,0,444814009,40481087,,0,Infecção viral das vias aéreas superiores
3523,508,260139,2014-02-23,2014-02-23,2014-03-09,2014-03-09,32020,,,14498,0,10509002,260139,,0,Bronquite aguda
3524,508,80502,2001-01-09,2001-01-09,,,32020,,,14487,0,64859006,80502,,0,Osteoporose
3525,508,75036,1995-10-30,1995-10-30,,,32020,,,14492,0,201834006,75036,,0,Dermatite perioral
3526,508,4311629,1980-11-18,1980-11-18,,,32020,,,14490,0,15777000,40316773,,0,Pré-diabetes
3527,509,40481087,2016-06-07,2016-06-07,2016-06-28,2016-06-28,32020,,,14525,0,444814009,40481087,,0,Infecção viral das vias aéreas superiores
3528,509,80502,2015-11-05,2015-11-05,,,32020,,,14506,0,64859006,80502,,0,Osteoporose
3529,509,196456,2014-04-04,2014-04-04,2014-04-04,2014-04-04,32020,,,14511,0,235919008,196456,,0,Doença hepática alcoólica
3530,509,198809,2014-04-04,2014-04-04,2014-04-04,2014-04-04,32020,,,14511,0,65275009,198809,,0,Colecistite aguda
3531,509,0,1998-04-07,1998-04-07,,,32020,,,14507,0,428251008,4323208,,0,Histórico de apendicectomia
3532,509,440448,1998-04-07,1998-04-07,,,32020,,,14509,0,74400008,440448,,0,Apendicite
3533,509,4166224,1998-04-07,1998-04-07,,,32020,,,14509,0,47693006,4166224,,0,Ruptura de apêndice
3534,509,258780,1993-04-29,1993-04-29,,,32020,,,14520,0,185086009,258780,,0,DPOC exacerbada
3535,509,199076,1987-07-02,1987-07-02,,,32020,,,14521,0,79586000,199076,,0,Gravidez tubária
3536,509,4078393,1984-09-27,1984-09-27,,,32020,,,14512,0,19169002,4078393,,0,Aborto espontâneo na gravidez
3537,509,0,1979-06-28,1979-06-28,,,32020,,,14510,0,162864005,4060985,,0,IMC 30+ - obesidade
3538,510,0,2018-11-20,2018-11-20,,,32020,,,14543,0,162864005,4060985,,0,IMC 30+ - obesidade
3539,510,40481087,2015-02-20,2015-02-20,2015-03-13,2015-03-13,32020,,,14526,0,444814009,40481087,,0,Infecção viral das vias aéreas superiores
3540,510,28060,2014-10-24,2014-10-24,2014-11-01,2014-11-01,32020,,,14538,0,43878008,28060,,0,Faringite estreptocócica
3541,510,372328,2010-12-11,2010-12-11,2011-09-13,2011-09-13,32020,,,14535,0,65363002,372328,,0,Otite média
3542,510,257012,2010-10-31,2010-10-31,,,32020,,,14539,0,40055000,257012,,0,Sinusite crônica
3543,510,4294548,2010-09-19,2010-09-19,2010-11-07,2010-11-07,32020,,,14534,0,75498004,4294548,,0,Infecção bacteriana aguda
3544,511,81151,2017-02-02,2017-02-02,2017-02-23,2017-02-23,32020,,,14555,0,44465007,81151,,0,Entorse de tornozelo
3545,511,4112343,2016-11-27,2016-11-27,2016-12-05,2016-12-05,32020,,,14544,0,195662009,4112343,,0,Faringite viral aguda
3546,511,4112343,2016-09-16,2016-09-16,2016-09-24,2016-09-24,32020,,,14553,0,195662009,4112343,,0,Faringite viral aguda
3547,511,81151,2011-10-27,2011-10-27,2011-12-01,2011-12-01,32020,,,14556,0,44465007,81151,,0,Entorse de tornozelo
3548,511,0,2004-06-21,2004-06-21,,,32020,,,14549,0,162864005,4060985,,0,IMC 30+ - obesidade
3549,512,4112343,2018-05-06,2018-05-06,2018-05-14,2018-05-14,32020,,,14560,0,195662009,4112343,,0,Faringite viral aguda
3550,512,4296205,2016-05-15,2016-05-15,2016-05-29,2016-05-29,32020,,,14583,0,403191005,4296205,,0,Queimadura solar de segundo grau
3551,512,4278672,2014-03-27,2014-03-27,2014-06-25,2014-06-25,32020,,,14584,0,65966004,4278672,,0,Fratura do fêmur
3552,512,4217975,2013-04-25,2013-04-25,2013-11-28,2013-11-28,32020,,,14588,0,72892002,4217975,,0,Otite média não supurativa
3553,512,40481087,2011-02-13,2011-02-13,2011-03-06,2011-03-06,32020,,,14582,0,444814009,40481087,,0,Infecção viral das vias aéreas superiores
3554,512,4217975,2011-01-13,2011-01-13,2011-02-03,2011-02-03,32020,,,14559,0,72892002,4217975,,0,Otite média não supurativa
3555,512,316866,2002-07-11,2002-07-11,,,32020,,,14563,0,38341003,316866,,0,Hipertensão arterial
3556,512,257012,1992-08-09,1992-08-09,,,32020,,,14603,0,40055000,257012,,0,Sinusite crônica
3557,512,380378,1983-10-06,1983-10-06,,,32020,,,14587,0,84757009,380378,,0,Epilepsia
3558,512,0,1983-10-06,1983-10-06,,,32020,,,14587,0,703151001,45766064,,0,Histórico de artroplastia de joelho
3559,512,4029498,1983-10-06,1983-10-06,,,32020,,,14587,0,128613002,4029498,,0,Transtorno convulsivo
3560,513,40481087,2018-07-21,2018-07-21,2018-08-11,2018-08-11,32020,,,14615,0,444814009,40481087,,0,Infecção viral das vias aéreas superiores
3561,513,4112343,2013-12-31,2013-12-31,2014-01-10,2014-01-10,32020,,,14608,0,195662009,4112343,,0,Faringite viral aguda
3562,513,4311629,2003-04-26,2003-04-26,,,32020,,,14611,0,15777000,40316773,,0,Pré-diabetes
3563,513,317576,1975-01-18,1975-01-18,,,32020,,,14609,0,53741008,317576,,0,Doença arterial coronariana
3564,514,4155034,2018-08-19,2018-08-19,2018-09-02,2018-09-02,32020,,,14628,0,283371005,4155034,,0,Laceração de antebraço
3565,514,40481087,2015-11-30,2015-11-30,2015-12-14,2015-12-14,32020,,,14630,0,444814009,40481087,,0,Infecção viral das vias aéreas superiores
3566,514,0,2014-03-17,2014-03-17,,,32020,,,14620,0,162864005,4060985,,0,IMC 30+ - obesidade
3567,514,432867,2012-03-12,2012-03-12,,,32020,,,14648,0,55822004,432867,,0,Hiperlipidemia
3568,514,4078393,2010-06-21,2010-06-21,,,32020,,,14626,0,19169002,4078393,,0,Aborto espontâneo na gravidez
3569,514,4217975,2010-06-21,2010-06-21,2010-07-12,2010-07-12,32020,,,14626,0,72892002,4217975,,0,Otite média não supurativa
3570,514,439777,1998-03-21,1998-03-21,,,32020,,,14629,0,271737000,439777,,0,Anemia
3571,514,317009,1993-03-29,1993-03-29,,,32020,,,14638,0,195967001,317009,,0,Asma
3572,514,133834,1971-11-30,1971-11-30,,,32020,,,14624,0,24079001,133834,,0,Dermatite atópica
3573,516,40481087,2018-12-21,2018-12-21,2019-01-04,2019-01-04,32020,,,14671,0,444814009,40481087,,0,Infecção viral das vias aéreas superiores
3574,516,260139,2018-08-15,2018-08-15,2018-08-29,2018-08-29,32020,,,14677,0,10509002,260139,,0,Bronquite aguda
3575,516,4134304,2016-10-07,2016-10-07,2016-11-06,2016-11-06,32020,,,14686,0,263102004,4134304,,0,Ruptura de menisco
3576,516,260139,2015-02-05,2015-02-05,2015-02-19,2015-02-19,32020,,,14674,0,10509002,260139,,0,Bronquite aguda
3577,516,40481087,2011-04-04,2011-04-04,2011-04-25,2011-04-25,32020,,,14672,0,444814009,40481087,,0,Infecção viral das vias aéreas superiores
3578,516,4113008,2009-10-23,2009-10-23,2009-11-13,2009-11-13,32020,,,14684,0,284549007,4113008,,0,Laceração de mão
3579,518,0,2005-12-30,2005-12-30,,,32020,,,14709,0,399211009,4163874,,0,Histórico de infarto do miocárdio
3580,518,4329847,2005-12-30,2005-12-30,,,32020,,,14709,0,22298006,4329847,,0,Infarto do miocárdio
3581,518,4112343,2003-01-13,2003-01-13,2003-01-25,2003-01-25,32020,,,14719,0,195662009,4112343,,0,Faringite viral aguda
3582,518,317576,1998-03-13,1998-03-13,,,32020,,,14724,0,53741008,317576,,0,Doença arterial coronariana
3583,518,40481087,1997-06-03,1997-06-03,1997-06-17,1997-06-17,32020,,,14716,0,444814009,40481087,,0,Infecção viral das vias aéreas superiores
3584,518,4078393,1995-04-14,1995-04-14,,,32020,,,14705,0,19169002,4078393,,0,Aborto espontâneo na gravidez
3585,518,4311629,1977-12-02,1977-12-02,,,32020,,,14711,0,15777000,40316773,,0,Pré-diabetes
3586,518,316866,1970-11-20,1970-11-20,,,32020,,,14720,0,38341003,316866,,0,Hipertensão arterial
3587,518,257012,1969-09-06,1969-09-06,,,32020,,,14712,0,40055000,257012,,0,Sinusite crônica
3588,518,0,1963-03-08,1963-03-08,,,32020,,,14706,0,162864005,4060985,,0,IMC 30+ - obesidade
3589,518,0,1955-02-22,1955-02-22,,,32020,,,14715,0,428251008,4323208,,0,Histórico de apendicectomia
3590,518,440448,1955-02-22,1955-02-22,,,32020,,,14708,0,74400008,440448,,0,Apendicite
3591,519,4217975,2017-05-31,2017-05-31,2018-01-03,2018-01-03,32020,,,14754,0,72892002,4217975,,0,Otite média não supurativa
3592,519,4112343,2014-08-20,2014-08-20,2014-08-31,2014-08-31,32020,,,14732,0,195662009,4112343,,0,Faringite viral aguda
3593,519,316866,2012-06-27,2012-06-27,,,32020,,,14744,0,38341003,316866,,0,Hipertensão arterial
3594,520,40481087,2018-07-25,2018-07-25,2018-08-15,2018-08-15,32020,,,14758,0,444814009,40481087,,0,Infecção viral das vias aéreas superiores
3595,520,260139,2017-10-29,2017-10-29,2017-11-12,2017-11-12,32020,,,14771,0,10509002,260139,,0,Bronquite aguda
3596,520,40481087,2015-06-29,2015-06-29,2015-07-06,2015-07-06,32020,,,14759,0,444814009,40481087,,0,Infecção viral das vias aéreas superiores
3597,520,40481087,2014-09-05,2014-09-05,2014-09-26,2014-09-26,32020,,,14760,0,444814009,40481087,,0,Infecção viral das vias aéreas superiores
3598,520,4311629,2002-07-03,2002-07-03,,,32020,,,14764,0,15777000,40316773,,0,Pré-diabetes
3599,520,4078393,1993-07-07,1993-07-07,,,32020,,,14772,0,19169002,4078393,,0,Aborto espontâneo na gravidez
3600,520,0,1985-12-04,1985-12-04,,,32020,,,14763,0,408512008,4256640,,0,Alcoolismo relatado pelo paciente
3601,520,316866,1972-11-15,1972-11-15,,,32020,,,14756,0,38341003,316866,,0,Hipertensão arterial
3602,520,0,1969-10-29,1969-10-29,,,32020,,,14765,0,162864005,4060985,,0,IMC 30+ - obesidade
3603,521,260139,2016-09-13,2016-09-13,2016-09-27,2016-09-27,32020,,,14787,0,10509002,260139,,0,Bronquite aguda
3604,521,4296204,2015-09-06,2015-09-06,2015-10-11,2015-10-11,32020,,,14779,0,403190006,4296204,,0,Queimadura solar de primeiro grau
3605,521,4112343,2010-07-30,2010-07-30,2010-08-08,2010-08-08,32020,,,14786,0,195662009,4112343,,0,Faringite viral aguda
3606,521,4299128,2009-11-01,2009-11-01,2009-12-06,2009-12-06,32020,,,14778,0,403192003,4299128,,0,Queimadura solar de terceiro grau
3607,521,4021336,2007-04-06,2007-04-06,,,32020,,,14783,0,225444004,4021336,,0,Em risco de automutilação
3608,521,257012,1982-09-22,1982-09-22,,,32020,,,14780,0,40055000,257012,,0,Sinusite crônica
3609,522,260139,2018-02-01,2018-02-01,2018-02-15,2018-02-15,32020,,,14805,0,10509002,260139,,0,Bronquite aguda
3610,522,40481087,2016-06-08,2016-06-08,2016-06-15,2016-06-15,32020,,,14818,0,444814009,40481087,,0,Infecção viral das vias aéreas superiores
3611,522,4285898,2009-11-01,2009-11-01,2011-01-25,2011-01-25,32020,,,14807,0,68496003,4285898,,0,Pólipo do cólon
3612,522,432867,2003-11-16,2003-11-16,,,32020,,,14790,0,55822004,432867,,0,Hiperlipidemia
3613,522,0,1997-08-31,1997-08-31,,,32020,,,14804,0,162864005,4060985,,0,IMC 30+ - obesidade
3614,522,257012,1994-03-15,1994-03-15,,,32020,,,14796,0,40055000,257012,,0,Sinusite crônica
3615,522,380378,1970-10-29,1970-10-29,,,32020,,,14803,0,84757009,380378,,0,Epilepsia
3616,522,0,1970-10-29,1970-10-29,,,32020,,,14803,0,703151001,45766064,,0,Histórico de artroplastia de joelho
3617,522,4029498,1970-10-29,1970-10-29,,,32020,,,14803,0,128613002,4029498,,0,Transtorno convulsivo
3618,523,260139,1997-09-04,1997-09-04,1997-09-11,1997-09-11,32020,,,14908,0,10509002,260139,,0,Bronquite aguda
3619,523,4112343,1995-03-31,1995-03-31,1995-04-12,1995-04-12,32020,,,14848,0,195662009,4112343,,0,Faringite viral aguda
3620,523,261325,1992-12-25,1992-12-25,,,32020,,,14914,0,87433001,261325,,0,Enfisema pulmonar
3621,523,4113008,1991-11-02,1991-11-02,1991-11-23,1991-11-23,32020,,,14842,0,284549007,4113008,,0,Laceração de mão
3622,523,45757499,1990-12-14,1990-12-14,,,32020,,,14881,0,157141000119108,45757499,,0,Proteinúria por diabetes tipo 2
3623,523,45769905,1990-12-14,1990-12-14,,,32020,,,14881,0,90781000119102,45769905,,0,Doença renal crônica por diabetes
3624,523,443597,1990-12-14,1990-12-14,,,32020,,,14881,0,433144002,443597,,0,Doença renal crônica estágio 3
3625,523,4311629,1990-12-14,1990-12-14,,,32020,,,14881,0,15777000,40316773,,0,Pré-diabetes
3626,523,40481087,1990-11-24,1990-11-24,1990-12-15,1990-12-15,32020,,,14875,0,444814009,40481087,,0,Infecção viral das vias aéreas superiores
3627,523,432867,1986-05-16,1986-05-16,,,32020,,,14858,0,55822004,432867,,0,Hiperlipidemia
3628,523,192279,1978-05-26,1978-05-26,,,32020,,,14861,0,127013003,192279,,0,Nefropatia diabética
3629,523,443614,1978-05-26,1978-05-26,,,32020,,,14861,0,431855005,443614,,0,Doença renal crônica estágio 1
3630,523,4214376,1978-05-26,1978-05-26,,,32020,,,14861,0,80394007,4214376,,0,Hiperglicemia
3631,523,436940,1973-02-16,1973-02-16,,,32020,,,14828,0,237602007,436940,,0,Síndrome metabólica
3632,523,4120314,1973-02-16,1973-02-16,,,32020,,,14828,0,302870006,4120314,,0,Hipertrigliceridemia
3633,523,201826,1970-02-13,1970-02-13,,,32020,,,14838,0,44054006,201826,,0,Diabetes mellitus tipo 2
3634,523,257012,1952-01-26,1952-01-26,,,32020,,,14826,0,40055000,257012,,0,Sinusite crônica
3635,524,4218389,2017-10-06,2017-10-06,2017-11-03,2017-11-03,32020,,,15028,0,39848009,4218389,,0,Lesão em chicote do pescoço
3636,524,381316,2015-05-22,2015-05-22,,,32020,,,,0,230690007,381316,,0,Acidente vascular cerebral
3637,524,4112343,2014-08-13,2014-08-13,2014-08-26,2014-08-26,32020,,,14984,0,195662009,4112343,,0,Faringite viral aguda
3638,524,80502,2014-02-28,2014-02-28,,,32020,,,15002,0,64859006,80502,,0,Osteoporose
3639,524,4285898,2014-02-16,2014-02-16,2015-04-18,2015-04-18,32020,,,15007,0,68496003,4285898,,0,Pólipo do cólon
3640,524,40481087,2010-07-17,2010-07-17,2010-07-24,2010-07-24,32020,,,15033,0,444814009,40481087,,0,Infecção viral das vias aéreas superiores
3641,524,200970,2000-12-01,2000-12-01,,,32020,,,14923,0,92691004,200970,,0,Carcinoma in situ de próstata
3642,524,4129902,2000-12-01,2000-12-01,,,32020,,,14923,0,126906006,4129902,,0,Neoplasia de bexiga
3643,524,432867,1981-02-11,1981-02-11,,,32020,,,14996,0,55822004,432867,,0,Hiperlipidemia
3644,524,4311629,1977-07-29,1977-07-29,,,32020,,,15011,0,15777000,40316773,,0,Pré-diabetes
3645,524,4214376,1977-07-29,1977-07-29,,,32020,,,15011,0,80394007,4214376,,0,Hiperglicemia
3646,524,192279,1977-04-01,1977-04-01,,,32020,,,14948,0,127013003,192279,,0,Nefropatia diabética
3647,524,443614,1977-04-01,1977-04-01,,,32020,,,14948,0,431855005,443614,,0,Doença renal crônica estágio 1
3648,524,436940,1977-04-01,1977-04-01,,,32020,,,14948,0,237602007,436940,,0,Síndrome metabólica
3649,524,0,1977-02-12,1977-02-12,,,32020,,,15017,0,703151001,45766064,,0,Histórico de artroplastia de joelho
3650,524,4029498,1977-02-12,1977-02-12,,,32020,,,15017,0,128613002,4029498,,0,Transtorno convulsivo
3651,524,4079749,1976-02-13,1976-02-13,,,32020,,,14954,0,239872002,4079749,,0,Osteoartrite do quadril
3652,524,4120314,1975-07-11,1975-07-11,,,32020,,,15005,0,302870006,4120314,,0,Hipertrigliceridemia
3653,524,37016354,1973-07-06,1973-07-06,,,32020,,,14952,0,368581000119106,37016354,,0,Neuropatia por diabetes tipo 2
3654,524,201826,1973-07-06,1973-07-06,,,32020,,,14952,0,44054006,201826,,0,Diabetes mellitus tipo 2
3655,525,260139,2018-05-24,2018-05-24,2018-05-31,2018-05-31,32020,,,15061,0,10509002,260139,,0,Bronquite aguda
3656,525,40481087,2018-05-12,2018-05-12,2018-06-02,2018-06-02,32020,,,15068,0,444814009,40481087,,0,Infecção viral das vias aéreas superiores
3657,525,4280726,2015-12-15,2015-12-15,,,32020,,,15049,0,367498001,4280726,,0,Gripe sazonal
3658,525,4059173,2015-01-13,2015-01-13,2015-02-12,2015-02-12,32020,,,15058,0,16114001,4059173,,0,Fratura de tornozelo
3659,525,81151,2013-01-02,2013-01-02,2013-01-23,2013-01-23,32020,,,15059,0,44465007,81151,,0,Entorse de tornozelo
3660,525,260139,2012-10-06,2012-10-06,2012-10-20,2012-10-20,32020,,,15071,0,10509002,260139,,0,Bronquite aguda
3661,525,4084167,2012-07-06,2012-07-06,2012-07-06,2012-07-06,32020,,,15060,0,241929008,4084167,,0,Reação alérgica a alimento
3662,525,133834,2011-12-16,2011-12-16,,,32020,,,15046,0,24079001,133834,,0,Dermatite atópica
3663,526,372328,2016-06-17,2016-06-17,2016-09-28,2016-09-28,32020,,,15084,0,65363002,372328,,0,Otite média
3664,527,40481087,2016-11-12,2016-11-12,2016-11-19,2016-11-19,32020,,,15126,0,444814009,40481087,,0,Infecção viral das vias aéreas superiores
3665,527,439393,2015-04-16,2015-04-16,2015-05-28,2015-05-28,32020,,,15094,0,398254007,439393,,0,Pré-eclâmpsia
3666,527,81151,2015-03-10,2015-03-10,2015-03-24,2015-03-24,32020,,,15103,0,44465007,81151,,0,Entorse de tornozelo
3667,527,4217975,2014-10-30,2014-10-30,2015-05-28,2015-05-28,32020,,,15121,0,72892002,4217975,,0,Otite média não supurativa
3668,527,4113008,2014-04-30,2014-04-30,2014-05-14,2014-05-14,32020,,,15111,0,284549007,4113008,,0,Laceração de mão
3669,527,40481087,2011-03-14,2011-03-14,2011-04-04,2011-04-04,32020,,,15117,0,444814009,40481087,,0,Infecção viral das vias aéreas superiores
3670,527,0,2005-05-05,2005-05-05,,,32020,,,15110,0,162864005,4060985,,0,IMC 30+ - obesidade
3671,527,381316,1990-12-13,1990-12-13,,,32020,,,15115,0,230690007,381316,,0,Acidente vascular cerebral
3672,528,4109685,2012-02-18,2012-02-18,2012-03-03,2012-03-03,32020,,,15209,0,284551006,4109685,,0,Laceração de pé
3673,528,192279,2010-05-27,2010-05-27,,,32020,,,15193,0,127013003,192279,,0,Nefropatia diabética
3674,528,443614,2010-05-27,2010-05-27,,,32020,,,15193,0,431855005,443614,,0,Doença renal crônica estágio 1
3675,528,40481087,2010-03-25,2010-03-25,2010-04-01,2010-04-01,32020,,,15147,0,444814009,40481087,,0,Infecção viral das vias aéreas superiores
3676,528,436940,1987-01-01,1987-01-01,,,32020,,,15219,0,237602007,436940,,0,Síndrome metabólica
3677,528,4120314,1987-01-01,1987-01-01,,,32020,,,15219,0,302870006,4120314,,0,Hipertrigliceridemia
3678,528,4214376,1987-01-01,1987-01-01,,,32020,,,15219,0,80394007,4214376,,0,Hiperglicemia
3679,528,432867,1987-01-01,1987-01-01,,,32020,,,15219,0,55822004,432867,,0,Hiperlipidemia
3680,528,37016354,1984-12-27,1984-12-27,,,32020,,,15169,0,368581000119106,37016354,,0,Neuropatia por diabetes tipo 2
3681,528,201826,1984-12-27,1984-12-27,,,32020,,,15169,0,44054006,201826,,0,Diabetes mellitus tipo 2
3682,528,316866,1984-12-27,1984-12-27,,,32020,,,15169,0,38341003,316866,,0,Hipertensão arterial
3683,528,0,1981-12-24,1981-12-24,,,32020,,,15201,0,162864005,4060985,,0,IMC 30+ - obesidade
3684,529,4112343,2016-05-25,2016-05-25,,,32020,,,15249,0,195662009,4112343,,0,Faringite viral aguda
3685,529,255848,2016-05-21,2016-05-21,,,32020,,,15278,0,233604007,255848,,0,Pneumonia
3686,529,40481087,2013-07-09,2013-07-09,2013-07-16,2013-07-16,32020,,,15244,0,444814009,40481087,,0,Infecção viral das vias aéreas superiores
3687,529,4112343,2013-04-25,2013-04-25,2013-05-08,2013-05-08,32020,,,15287,0,195662009,4112343,,0,Faringite viral aguda
3688,529,4134304,2013-02-19,2013-02-19,2013-05-20,2013-05-20,32020,,,15242,0,263102004,4134304,,0,Ruptura de menisco
3689,529,313217,2012-08-09,2012-08-09,,,32020,,,15286,0,49436004,313217,,0,Fibrilação atrial
3690,529,40481087,2008-05-24,2008-05-24,2008-05-31,2008-05-31,32020,,,15246,0,444814009,40481087,,0,Infecção viral das vias aéreas superiores
3691,529,260139,2007-08-13,2007-08-13,2007-08-27,2007-08-27,32020,,,15254,0,10509002,260139,,0,Bronquite aguda
3692,529,378419,2003-08-28,2003-08-28,,,32020,,,15283,0,26929004,378419,,0,Doença de Alzheimer
3693,529,4208104,2000-07-10,2000-07-10,,,32020,,,15232,0,55680006,4208104,,0,Overdose de droga
3694,529,4112343,1986-03-01,1986-03-01,1986-03-14,1986-03-14,32020,,,15251,0,195662009,4112343,,0,Faringite viral aguda
3695,529,4112343,1983-11-29,1983-11-29,1983-12-08,1983-12-08,32020,,,15252,0,195662009,4112343,,0,Faringite viral aguda
3696,529,257012,1977-01-28,1977-01-28,,,32020,,,15250,0,40055000,257012,,0,Sinusite crônica
3697,529,4311629,1976-12-16,1976-12-16,,,32020,,,15277,0,15777000,40316773,,0,Pré-diabetes
3698,529,439777,1975-11-26,1975-11-26,,,32020,,,15296,0,271737000,439777,,0,Anemia
3699,529,0,1966-07-14,1966-07-14,,,32020,,,15255,0,162864005,4060985,,0,IMC 30+ - obesidade
3700,529,4078393,1965-09-30,1965-09-30,,,32020,,,15228,0,19169002,4078393,,0,Aborto espontâneo na gravidez
3701,529,4112343,1965-08-22,1965-08-22,1965-09-01,1965-09-01,32020,,,15260,0,195662009,4112343,,0,Faringite viral aguda
3702,529,4112343,1960-12-06,1960-12-06,1960-12-15,1960-12-15,32020,,,15285,0,195662009,4112343,,0,Faringite viral aguda
3703,529,261325,1957-07-04,1957-07-04,,,32020,,,15289,0,87433001,261325,,0,Enfisema pulmonar
3704,529,4112343,1949-03-24,1949-03-24,1949-04-06,1949-04-06,32020,,,15267,0,195662009,4112343,,0,Faringite viral aguda
3705,530,4112343,2018-04-27,2018-04-27,2018-05-10,2018-05-10,32020,,,15311,0,195662009,4112343,,0,Faringite viral aguda
3706,530,4311629,2018-04-05,2018-04-05,,,32020,,,15312,0,15777000,40316773,,0,Pré-diabetes
3707,530,260139,2018-03-17,2018-03-17,2018-03-31,2018-03-31,32020,,,15305,0,10509002,260139,,0,Bronquite aguda
3708,530,40481087,2017-10-26,2017-10-26,2017-11-16,2017-11-16,32020,,,15304,0,444814009,40481087,,0,Infecção viral das vias aéreas superiores
3709,530,378001,2015-04-19,2015-04-19,2015-06-18,2015-06-18,32020,,,15301,0,62106007,378001,,0,Concussão com perda de consciência
3710,530,4146173,2013-02-28,2013-02-28,2013-03-30,2013-03-30,32020,,,15310,0,307731004,4146173,,0,Fibrilação atrial de início recente
3711,530,4155034,2010-01-31,2010-01-31,2010-02-14,2010-02-14,32020,,,15313,0,283371005,4155034,,0,Laceração de antebraço
3712,530,0,2006-08-24,2006-08-24,,,32020,,,15302,0,162864005,4060985,,0,IMC 30+ - obesidade
3713,530,316866,2005-08-18,2005-08-18,,,32020,,,15314,0,38341003,316866,,0,Hipertensão arterial
3714,530,40486433,1990-03-04,1990-03-04,,,32020,,,15303,0,446096008,40486433,,0,Esteatose hepática perivenular
3715,531,4283893,2017-06-02,2017-06-02,2017-06-30,2017-06-30,32020,,,15329,0,36971009,4283893,,0,Sinusite
3716,531,4112343,2014-02-05,2014-02-05,2014-02-16,2014-02-16,32020,,,15322,0,195662009,4112343,,0,Faringite viral aguda
3717,531,260139,2013-01-06,2013-01-06,2013-01-20,2013-01-20,32020,,,15324,0,10509002,260139,,0,Bronquite aguda
3718,531,81151,2012-02-17,2012-02-17,2012-03-16,2012-03-16,32020,,,15327,0,44465007,81151,,0,Entorse de tornozelo
3719,531,316866,2010-12-07,2010-12-07,,,32020,,,15321,0,38341003,316866,,0,Hipertensão arterial
3720,531,4051466,1994-02-03,1994-02-03,2011-05-06,2011-05-06,32020,,,15330,0,233678006,4051466,,0,Asma na infância
3721,532,40481087,2014-08-08,2014-08-08,2014-08-15,2014-08-15,32020,,,15335,0,444814009,40481087,,0,Infecção viral das vias aéreas superiores
3722,532,4112343,2014-05-21,2014-05-21,2014-06-03,2014-06-03,32020,,,15345,0,195662009,4112343,,0,Faringite viral aguda
3723,532,4283893,2012-11-07,2012-11-07,2013-01-09,2013-01-09,32020,,,15336,0,36971009,4283893,,0,Sinusite
3724,532,260139,2011-02-28,2011-02-28,2011-03-09,2011-03-09,32020,,,15347,0,10509002,260139,,0,Bronquite aguda
3725,532,4112343,2010-08-27,2010-08-27,2010-09-06,2010-09-06,32020,,,15347,0,195662009,4112343,,0,Faringite viral aguda
3726,532,0,2001-07-25,2001-07-25,,,32020,,,15340,0,162864005,4060985,,0,IMC 30+ - obesidade
3727,532,257012,1991-09-10,1991-09-10,,,32020,,,15341,0,40055000,257012,,0,Sinusite crônica
3728,532,0,1989-07-14,1989-07-14,,,32020,,,15331,0,428251008,4323208,,0,Histórico de apendicectomia
3729,532,440448,1989-07-14,1989-07-14,,,32020,,,15338,0,74400008,440448,,0,Apendicite
3730,533,260139,2018-05-08,2018-05-08,2018-05-22,2018-05-22,32020,,,15354,0,10509002,260139,,0,Bronquite aguda
3731,533,372328,2014-04-27,2014-04-27,2014-07-08,2014-07-08,32020,,,15357,0,65363002,372328,,0,Otite média
3732,534,40481087,2018-10-12,2018-10-12,2018-10-19,2018-10-19,32020,,,15373,0,444814009,40481087,,0,Infecção viral das vias aéreas superiores
3733,534,4116491,2018-04-21,2018-04-21,2018-05-25,2018-05-25,32020,,,15391,0,301011002,4116491,,0,Infecção do trato urinário por E. coli
3734,534,4311629,2007-05-24,2007-05-24,,,32020,,,15371,0,15777000,40316773,,0,Pré-diabetes
3735,534,0,1998-07-16,1998-07-16,,,32020,,,15395,0,162864005,4060985,,0,IMC 30+ - obesidade
3736,534,257012,1981-11-11,1981-11-11,,,32020,,,15369,0,40055000,257012,,0,Sinusite crônica
3737,535,0,2015-07-09,2015-07-09,,,32020,,,15401,0,399211009,4163874,,0,Histórico de infarto do miocárdio
3738,535,4329847,2015-07-09,2015-07-09,,,32020,,,15401,0,22298006,4329847,,0,Infarto do miocárdio
3739,535,260139,2006-01-05,2006-01-05,2006-01-12,2006-01-12,32020,,,15399,0,10509002,260139,,0,Bronquite aguda
3740,535,43530656,2004-12-09,2004-12-09,,,32020,,,15408,0,1551000119108,43530656,,0,Retinopatia diabética não proliferativa
3741,535,4226121,2001-12-06,2001-12-06,,,32020,,,15404,0,422034002,4226121,,0,Retinopatia diabética proliferativa
3742,535,436940,1998-12-03,1998-12-03,,,32020,,,15407,0,237602007,436940,,0,Síndrome metabólica
3743,535,4120314,1998-12-03,1998-12-03,,,32020,,,15407,0,302870006,4120314,,0,Hipertrigliceridemia
3744,535,4214376,1998-12-03,1998-12-03,,,32020,,,15407,0,80394007,4214376,,0,Hiperglicemia
3745,535,201826,1995-11-30,1995-11-30,,,32020,,,15403,0,44054006,201826,,0,Diabetes mellitus tipo 2
3746,535,316866,1995-11-30,1995-11-30,,,32020,,,15403,0,38341003,316866,,0,Hipertensão arterial
3747,535,317576,1995-11-30,1995-11-30,,,32020,,,15403,0,53741008,317576,,0,Doença arterial coronariana
3748,535,4132546,1983-12-01,1983-12-01,,,32020,,,15402,0,275272006,4166590,,0,Projeção de hemorragia
3749,535,380378,1978-09-18,1978-09-18,,,32020,,,15398,0,84757009,380378,,0,Epilepsia
3750,535,0,1978-09-18,1978-09-18,,,32020,,,15398,0,703151001,45766064,,0,Histórico de artroplastia de joelho
3751,535,4029498,1978-09-18,1978-09-18,,,32020,,,15398,0,128613002,4029498,,0,Transtorno convulsivo
3752,536,28060,2018-04-12,2018-04-12,2018-04-24,2018-04-24,32020,,,15411,0,43878008,28060,,0,Faringite estreptocócica
3753,536,316866,2017-07-04,2017-07-04,,,32020,,,15418,0,38341003,316866,,0,Hipertensão arterial
3754,537,4112343,2014-05-26,2014-05-26,2014-06-04,2014-06-04,32020,,,15453,0,195662009,4112343,,0,Faringite viral aguda
3755,537,40318618,2012-12-28,2012-12-28,2013-01-04,2013-01-04,32020,,,15449,0,156073000,40318618,,0,Obesidade
3756,537,4078393,2012-12-28,2012-12-28,,,32020,,,15449,0,19169002,4078393,,0,Aborto espontâneo na gravidez
3757,537,4217975,2012-12-28,2012-12-28,2013-01-04,2013-01-04,32020,,,15449,0,72892002,4217975,,0,Otite média não supurativa
3758,537,37016354,2010-11-05,2010-11-05,,,32020,,,15439,0,368581000119106,37016354,,0,Neuropatia por diabetes tipo 2
3759,537,4311629,2010-11-05,2010-11-05,,,32020,,,15439,0,15777000,40316773,,0,Pré-diabetes
3760,537,192279,2004-03-05,2004-03-05,,,32020,,,15460,0,127013003,192279,,0,Nefropatia diabética
3761,537,443614,2004-03-05,2004-03-05,,,32020,,,15460,0,431855005,443614,,0,Doença renal crônica estágio 1
3762,537,436940,1998-02-27,1998-02-27,,,32020,,,15445,0,237602007,436940,,0,Síndrome metabólica
3763,537,4120314,1998-02-27,1998-02-27,,,32020,,,15445,0,302870006,4120314,,0,Hipertrigliceridemia
3764,537,4214376,1998-02-27,1998-02-27,,,32020,,,15445,0,80394007,4214376,,0,Hiperglicemia
3765,537,201826,1995-02-24,1995-02-24,,,32020,,,15434,0,44054006,201826,,0,Diabetes mellitus tipo 2
3766,537,0,1992-02-21,1992-02-21,,,32020,,,15425,0,162864005,4060985,,0,IMC 30+ - obesidade
3767,538,40481087,2014-06-06,2014-06-06,2014-06-20,2014-06-20,32020,,,15468,0,444814009,40481087,,0,Infecção viral das vias aéreas superiores
3768,538,40481087,2014-04-10,2014-04-10,2014-05-01,2014-05-01,32020,,,15470,0,444814009,40481087,,0,Infecção viral das vias aéreas superiores
3769,538,40481087,2011-03-31,2011-03-31,2011-04-21,2011-04-21,32020,,,15469,0,444814009,40481087,,0,Infecção viral das vias aéreas superiores
3770,539,4059173,2016-07-18,2016-07-18,2016-08-17,2016-08-17,32020,,,15474,0,16114001,4059173,,0,Fratura de tornozelo
3771,539,40486433,2014-10-14,2014-10-14,,,32020,,,15483,0,446096008,40486433,,0,Esteatose hepática perivenular
3772,540,40481087,2018-12-15,2018-12-15,2018-12-22,2018-12-22,32020,,,15493,0,444814009,40481087,,0,Infecção viral das vias aéreas superiores
3773,540,40481087,2017-11-22,2017-11-22,2017-12-13,2017-12-13,32020,,,15527,0,444814009,40481087,,0,Infecção viral das vias aéreas superiores
3774,540,378419,2016-06-01,2016-06-01,,,32020,,,15532,0,26929004,378419,,0,Doença de Alzheimer
3775,540,381316,2016-04-20,2016-04-20,,,32020,,,15522,0,230690007,381316,,0,Acidente vascular cerebral
3776,540,260139,2014-10-02,2014-10-02,2014-10-09,2014-10-09,32020,,,15496,0,10509002,260139,,0,Bronquite aguda
3777,540,4134304,2012-08-13,2012-08-13,2012-11-11,2012-11-11,32020,,,15510,0,263102004,4134304,,0,Ruptura de menisco
3778,540,4237458,2011-08-19,2011-08-19,2011-09-18,2011-09-18,32020,,,15507,0,58150001,4237458,,0,Fratura de clavícula
3779,540,4311629,2010-07-21,2010-07-21,,,32020,,,15515,0,15777000,40316773,,0,Pré-diabetes
3780,540,313217,2003-06-11,2003-06-11,,,32020,,,15518,0,49436004,313217,,0,Fibrilação atrial
3781,540,43530656,2002-06-05,2002-06-05,,,32020,,,15494,0,1551000119108,43530656,,0,Retinopatia diabética não proliferativa
3782,540,4226121,1997-04-02,1997-04-02,,,32020,,,15512,0,422034002,4226121,,0,Retinopatia diabética proliferativa
3783,540,37016354,1984-10-31,1984-10-31,,,32020,,,15508,0,368581000119106,37016354,,0,Neuropatia por diabetes tipo 2
3784,540,4214376,1984-10-31,1984-10-31,,,32020,,,15508,0,80394007,4214376,,0,Hiperglicemia
3785,540,436940,1982-11-24,1982-11-24,,,32020,,,15530,0,237602007,436940,,0,Síndrome metabólica
3786,540,4120314,1982-11-24,1982-11-24,,,32020,,,15530,0,302870006,4120314,,0,Hipertrigliceridemia
3787,540,201826,1980-11-19,1980-11-19,,,32020,,,15521,0,44054006,201826,,0,Diabetes mellitus tipo 2
3788,540,4079749,1974-10-21,1974-10-21,,,32020,,,15519,0,239872002,4079749,,0,Osteoartrite do quadril
3789,540,0,1969-08-06,1969-08-06,,,32020,,,15501,0,162864005,4060985,,0,IMC 30+ - obesidade
3790,540,316866,1953-07-15,1953-07-15,,,32020,,,15534,0,38341003,316866,,0,Hipertensão arterial
3791,540,257012,1944-12-15,1944-12-15,,,32020,,,15523,0,40055000,257012,,0,Sinusite crônica
3792,541,40481087,2015-09-28,2015-09-28,2015-10-05,2015-10-05,32020,,,15555,0,444814009,40481087,,0,Infecção viral das vias aéreas superiores
3793,541,40486433,2011-11-14,2011-11-14,,,32020,,,15540,0,446096008,40486433,,0,Esteatose hepática perivenular
3794,541,4051466,2010-11-14,2010-11-14,,,32020,,,15560,0,233678006,4051466,,0,Asma na infância
3795,541,4278672,2009-08-24,2009-08-24,2009-10-23,2009-10-23,32020,,,15549,0,65966004,4278672,,0,Fratura do fêmur
3796,541,133834,2008-08-06,2008-08-06,,,32020,,,15542,0,24079001,133834,,0,Dermatite atópica
3797,542,0,2018-04-21,2018-04-21,,,32020,,,15561,0,429007001,4324181,,0,Histórico de infarto
3798,542,321042,2018-04-21,2018-04-21,,,32020,,,15561,0,410429000,321042,,0,Parada cardíaca
3799,542,260139,2017-05-15,2017-05-15,2017-05-29,2017-05-29,32020,,,15563,0,10509002,260139,,0,Bronquite aguda
3800,542,28060,2016-10-18,2016-10-18,2016-10-26,2016-10-26,32020,,,15572,0,43878008,28060,,0,Faringite estreptocócica
3801,542,439777,2014-07-20,2014-07-20,,,32020,,,15567,0,271737000,439777,,0,Anemia
3802,542,4311629,2013-10-26,2013-10-26,,,32020,,,15564,0,15777000,40316773,,0,Pré-diabetes
3803,542,40481087,2013-08-19,2013-08-19,2013-08-26,2013-08-26,32020,,,15562,0,444814009,40481087,,0,Infecção viral das vias aéreas superiores
3804,542,260139,2010-10-10,2010-10-10,2010-10-17,2010-10-17,32020,,,15565,0,10509002,260139,,0,Bronquite aguda
3805,542,261325,2009-10-10,2009-10-10,,,32020,,,15566,0,87433001,261325,,0,Enfisema pulmonar
3806,542,316866,1996-09-21,1996-09-21,,,32020,,,15570,0,38341003,316866,,0,Hipertensão arterial
3807,543,192279,2016-07-07,2016-07-07,,,32020,,,15600,0,127013003,192279,,0,Nefropatia diabética
3808,543,443614,2016-07-07,2016-07-07,,,32020,,,15600,0,431855005,443614,,0,Doença renal crônica estágio 1
3809,543,260139,2015-10-15,2015-10-15,2015-10-29,2015-10-29,32020,,,15603,0,10509002,260139,,0,Bronquite aguda
3810,543,40481087,2014-07-13,2014-07-13,2014-07-20,2014-07-20,32020,,,15582,0,444814009,40481087,,0,Infecção viral das vias aéreas superiores
3811,543,432867,2014-02-27,2014-02-27,,,32020,,,15575,0,55822004,432867,,0,Hiperlipidemia
3812,543,4285898,2012-12-11,2012-12-11,2014-04-05,2014-04-05,32020,,,15590,0,68496003,4285898,,0,Pólipo do cólon
3813,543,40481087,2010-01-23,2010-01-23,2010-01-30,2010-01-30,32020,,,15602,0,444814009,40481087,,0,Infecção viral das vias aéreas superiores
3814,543,40481087,2009-10-25,2009-10-25,2009-11-15,2009-11-15,32020,,,15574,0,444814009,40481087,,0,Infecção viral das vias aéreas superiores
3815,543,4112343,2009-10-22,2009-10-22,2009-11-04,2009-11-04,32020,,,15585,0,195662009,4112343,,0,Faringite viral aguda
3816,543,37016354,2006-01-05,2006-01-05,,,32020,,,15588,0,368581000119106,37016354,,0,Neuropatia por diabetes tipo 2
3817,543,258780,2004-01-01,2004-01-01,,,32020,,,15592,0,185086009,258780,,0,DPOC exacerbada
3818,543,436940,1999-12-23,1999-12-23,,,32020,,,15593,0,237602007,436940,,0,Síndrome metabólica
3819,543,4120314,1999-12-23,1999-12-23,,,32020,,,15593,0,302870006,4120314,,0,Hipertrigliceridemia
3820,543,4214376,1999-12-23,1999-12-23,,,32020,,,15593,0,80394007,4214376,,0,Hiperglicemia
3821,543,201826,1997-12-18,1997-12-18,,,32020,,,15577,0,44054006,201826,,0,Diabetes mellitus tipo 2
3822,543,316866,1997-12-18,1997-12-18,,,32020,,,15577,0,38341003,316866,,0,Hipertensão arterial
3823,543,4078393,1995-09-14,1995-09-14,,,32020,,,15586,0,19169002,4078393,,0,Aborto espontâneo na gravidez
3824,543,0,1992-10-08,1992-10-08,,,32020,,,15583,0,162864005,4060985,,0,IMC 30+ - obesidade
3825,544,40481087,2018-04-16,2018-04-16,2018-04-30,2018-04-30,32020,,,15606,0,444814009,40481087,,0,Infecção viral das vias aéreas superiores
3826,544,28060,2014-02-14,2014-02-14,2014-02-23,2014-02-23,32020,,,15607,0,43878008,28060,,0,Faringite estreptocócica
3827,544,40481087,2013-06-11,2013-06-11,2013-07-02,2013-07-02,32020,,,15610,0,444814009,40481087,,0,Infecção viral das vias aéreas superiores
3828,544,0,2010-03-14,2010-03-14,,,32020,,,15608,0,162864005,4060985,,0,IMC 30+ - obesidade
3829,545,28060,2017-07-30,2017-07-30,2017-08-11,2017-08-11,32020,,,15628,0,43878008,28060,,0,Faringite estreptocócica
3830,545,372328,2016-05-28,2016-05-28,2016-06-21,2016-06-21,32020,,,15619,0,65363002,372328,,0,Otite média
3831,545,40481087,2013-10-26,2013-10-26,2013-11-16,2013-11-16,32020,,,15615,0,444814009,40481087,,0,Infecção viral das vias aéreas superiores
3832,545,372328,2013-09-18,2013-09-18,2013-12-10,2013-12-10,32020,,,15623,0,65363002,372328,,0,Otite média
3833,546,4155034,2015-11-08,2015-11-08,2015-11-29,2015-11-29,32020,,,15646,0,283371005,4155034,,0,Laceração de antebraço
3834,546,372328,2013-02-27,2013-02-27,2013-11-16,2013-11-16,32020,,,15638,0,65363002,372328,,0,Otite média
3835,546,372328,2011-07-21,2011-07-21,2011-11-05,2011-11-05,32020,,,15632,0,65363002,372328,,0,Otite média
3836,546,4112343,2010-01-12,2010-01-12,2010-01-21,2010-01-21,32020,,,15645,0,195662009,4112343,,0,Faringite viral aguda
3837,546,372328,2009-02-26,2009-02-26,2009-05-02,2009-05-02,32020,,,15637,0,65363002,372328,,0,Otite média
3838,547,80502,2016-06-30,2016-06-30,,,32020,,,15664,0,64859006,80502,,0,Osteoporose
3839,547,43530652,2015-10-20,2015-10-20,,,32020,,,15676,0,124171000119105,43530652,,0,Nefropatia diabética crônica
3840,547,4218389,2014-11-16,2014-11-16,2014-12-21,2014-12-21,32020,,,15673,0,39848009,4218389,,0,Lesão em chicote do pescoço
3841,547,40481087,2013-08-21,2013-08-21,2013-08-28,2013-08-28,32020,,,15674,0,444814009,40481087,,0,Infecção viral das vias aéreas superiores
3842,547,4112343,2013-01-02,2013-01-02,2013-01-13,2013-01-13,32020,,,15678,0,195662009,4112343,,0,Faringite viral aguda
3843,547,40481087,2011-12-16,2011-12-16,2011-12-23,2011-12-23,32020,,,15681,0,444814009,40481087,,0,Infecção viral das vias aéreas superiores
3844,547,4311629,2007-05-10,2007-05-10,,,32020,,,15679,0,15777000,40316773,,0,Pré-diabetes
3845,547,432867,2000-05-18,2000-05-18,,,32020,,,15671,0,55822004,432867,,0,Hiperlipidemia
3846,547,0,1988-01-21,1988-01-21,,,32020,,,15684,0,162864005,4060985,,0,IMC 30+ - obesidade
3847,548,260139,2018-04-06,2018-04-06,2018-04-13,2018-04-13,32020,,,15740,0,10509002,260139,,0,Bronquite aguda
3848,548,195588,2017-06-13,2017-06-13,2017-08-02,2017-08-02,32020,,,15736,0,38822007,195588,,0,Cistite
3849,548,4112343,2016-07-26,2016-07-26,2016-08-07,2016-08-07,32020,,,15746,0,195662009,4112343,,0,Faringite viral aguda
3850,548,432867,2015-04-21,2015-04-21,,,32020,,,15734,0,55822004,432867,,0,Hiperlipidemia
3851,548,260139,2013-07-03,2013-07-03,2013-07-10,2013-07-10,32020,,,15704,0,10509002,260139,,0,Bronquite aguda
3852,548,4116491,2013-05-08,2013-05-08,2013-06-14,2013-06-14,32020,,,15692,0,301011002,4116491,,0,Infecção do trato urinário por E. coli
3853,548,317576,2013-04-16,2013-04-16,,,32020,,,15733,0,53741008,317576,,0,Doença arterial coronariana
3854,548,4217975,2012-02-14,2012-02-14,2012-09-18,2012-09-18,32020,,,15720,0,72892002,4217975,,0,Otite média não supurativa
3855,548,4116491,2011-04-03,2011-04-03,2011-05-09,2011-05-09,32020,,,15743,0,301011002,4116491,,0,Infecção do trato urinário por E. coli
3856,548,4180790,2009-02-25,2009-02-25,2011-05-16,2011-05-16,32020,,,15752,0,363406005,4180790,,0,Neoplasia maligna do cólon
3857,548,4116491,2009-02-17,2009-02-17,2009-04-03,2009-04-03,32020,,,15705,0,301011002,4116491,,0,Infecção do trato urinário por E. coli
3858,548,4341247,2009-02-17,2009-02-17,,,32020,,,15705,0,236077008,4341247,,0,Prostatite crônica
3859,548,4245614,2009-02-17,2009-02-17,,,32020,,,15705,0,6072007,4245614,,0,Prolapso de válvula mitral
3860,548,45763582,2004-05-18,2004-05-18,,,32020,,,15749,0,60951000119105,45763582,,0,Edema macular diabético
3861,548,43530656,2004-05-18,2004-05-18,,,32020,,,15749,0,1551000119108,43530656,,0,Retinopatia diabética não proliferativa
3862,548,37016354,2001-05-15,2001-05-15,,,32020,,,15757,0,368581000119106,37016354,,0,Neuropatia por diabetes tipo 2
3863,548,4214376,2001-05-15,2001-05-15,,,32020,,,15757,0,80394007,4214376,,0,Hiperglicemia
3864,548,4055754,1999-09-03,1999-09-03,,,32020,,,15724,0,196416002,4055754,,0,Esofagite por refluxo
3865,548,4226121,1995-05-09,1995-05-09,,,32020,,,15738,0,422034002,4226121,,0,Retinopatia diabética proliferativa
3866,548,436940,1992-05-05,1992-05-05,,,32020,,,15730,0,237602007,436940,,0,Síndrome metabólica
3867,548,4120314,1992-05-05,1992-05-05,,,32020,,,15730,0,302870006,4120314,,0,Hipertrigliceridemia
3868,548,201826,1989-05-02,1989-05-02,,,32020,,,15694,0,44054006,201826,,0,Diabetes mellitus tipo 2
3869,548,4078393,1987-10-20,1987-10-20,,,32020,,,15706,0,19169002,4078393,,0,Aborto espontâneo na gravidez
3870,549,78272,2017-05-03,2017-05-03,2017-05-31,2017-05-31,32020,,,15765,0,70704007,78272,,0,Entorse de punho
3871,549,260139,2013-11-29,2013-11-29,2013-12-13,2013-12-13,32020,,,15770,0,10509002,260139,,0,Bronquite aguda
3872,549,316866,2004-04-21,2004-04-21,,,32020,,,15766,0,38341003,316866,,0,Hipertensão arterial
3873,549,436096,2001-05-24,2001-05-24,,,32020,,,15767,0,82423001,436096,,0,Dor crônica
3874,551,43530652,2017-05-27,2017-05-27,,,32020,,,15776,0,124171000119105,43530652,,0,Nefropatia diabética crônica
3875,551,4218389,2015-12-17,2015-12-17,2016-01-07,2016-01-07,32020,,,15779,0,39848009,4218389,,0,Lesão em chicote do pescoço
3876,551,0,2013-02-24,2013-02-24,,,32020,,,15777,0,162864005,4060985,,0,IMC 30+ - obesidade
3877,551,40486433,1979-04-17,1979-04-17,,,32020,,,15780,0,446096008,40486433,,0,Esteatose hepática perivenular
3878,552,260139,2014-11-10,2014-11-10,2014-11-24,2014-11-24,32020,,,15799,0,10509002,260139,,0,Bronquite aguda
3879,552,4112343,2013-05-14,2013-05-14,2013-05-21,2013-05-21,32020,,,15809,0,195662009,4112343,,0,Faringite viral aguda
3880,552,260139,2012-12-11,2012-12-11,2012-12-18,2012-12-18,32020,,,15810,0,10509002,260139,,0,Bronquite aguda
3881,552,381316,2012-09-07,2012-09-07,,,32020,,,15791,0,230690007,381316,,0,Acidente vascular cerebral
3882,552,439393,2009-03-27,2009-03-27,2009-05-08,2009-05-08,32020,,,15786,0,398254007,439393,,0,Pré-eclâmpsia
3883,552,4217975,2008-10-10,2008-10-10,2009-05-08,2009-05-08,32020,,,15792,0,72892002,4217975,,0,Otite média não supurativa
3884,552,0,2000-06-30,2000-06-30,,,32020,,,15796,0,162864005,4060985,,0,IMC 30+ - obesidade
3885,553,260139,2018-01-26,2018-01-26,2018-02-02,2018-02-02,32020,,,15811,0,10509002,260139,,0,Bronquite aguda
3886,553,40481087,2015-09-04,2015-09-04,2015-09-25,2015-09-25,32020,,,15827,0,444814009,40481087,,0,Infecção viral das vias aéreas superiores
3887,553,257012,2014-05-29,2014-05-29,,,32020,,,15826,0,40055000,257012,,0,Sinusite crônica
3888,553,4283893,2014-05-01,2014-05-01,2014-06-05,2014-06-05,32020,,,15814,0,36971009,4283893,,0,Sinusite
3889,553,40481087,2013-12-06,2013-12-06,2013-12-27,2013-12-27,32020,,,15825,0,444814009,40481087,,0,Infecção viral das vias aéreas superiores
3890,553,40481087,2012-09-14,2012-09-14,2012-10-05,2012-10-05,32020,,,15820,0,444814009,40481087,,0,Infecção viral das vias aéreas superiores
3891,553,4311629,2004-03-09,2004-03-09,,,32020,,,15812,0,15777000,40316773,,0,Pré-diabetes
3892,553,4078393,1999-04-20,1999-04-20,,,32020,,,15829,0,19169002,4078393,,0,Aborto espontâneo na gravidez
3893,553,0,1994-05-31,1994-05-31,,,32020,,,15819,0,162864005,4060985,,0,IMC 30+ - obesidade
3894,554,4218389,2015-07-15,2015-07-15,2015-08-12,2015-08-12,32020,,,15838,0,39848009,4218389,,0,Lesão em chicote do pescoço
3895,554,40481087,2015-07-03,2015-07-03,2015-07-24,2015-07-24,32020,,,15846,0,444814009,40481087,,0,Infecção viral das vias aéreas superiores
3896,554,4294548,2012-12-22,2012-12-22,2013-01-05,2013-01-05,32020,,,15844,0,75498004,4294548,,0,Infecção bacteriana aguda
3897,554,40481087,2011-11-01,2011-11-01,2011-11-21,2011-11-21,32020,,,15841,0,444814009,40481087,,0,Infecção viral das vias aéreas superiores
3898,554,4112343,2009-09-25,2009-09-25,2009-10-08,2009-10-08,32020,,,15834,0,195662009,4112343,,0,Faringite viral aguda
3899,554,0,2002-08-05,2002-08-05,,,32020,,,15837,0,408512008,4256640,,0,Alcoolismo relatado pelo paciente
3900,554,4078393,2001-07-23,2001-07-23,,,32020,,,15836,0,19169002,4078393,,0,Aborto espontâneo na gravidez
3901,554,0,1987-06-29,1987-06-29,,,32020,,,15847,0,162864005,4060985,,0,IMC 30+ - obesidade
3902,554,0,1978-10-23,1978-10-23,,,32020,,,15850,0,429007001,4324181,,0,Histórico de infarto
3903,554,321042,1978-10-23,1978-10-23,,,32020,,,15850,0,410429000,321042,,0,Parada cardíaca
3904,555,4112343,2018-02-14,2018-02-14,2018-02-25,2018-02-25,32020,,,15857,0,195662009,4112343,,0,Faringite viral aguda
3905,555,40481087,2016-01-22,2016-01-22,2016-02-12,2016-02-12,32020,,,15877,0,444814009,40481087,,0,Infecção viral das vias aéreas superiores
3906,555,28060,2012-07-06,2012-07-06,2012-07-13,2012-07-13,32020,,,15853,0,43878008,28060,,0,Faringite estreptocócica
3907,555,260139,2012-01-20,2012-01-20,2012-02-03,2012-02-03,32020,,,15859,0,10509002,260139,,0,Bronquite aguda
3908,555,372328,2011-01-12,2011-01-12,2011-01-26,2011-01-26,32020,,,15854,0,65363002,372328,,0,Otite média
3909,555,260139,2009-06-23,2009-06-23,2009-07-07,2009-07-07,32020,,,15875,0,10509002,260139,,0,Bronquite aguda
3910,556,381316,2005-10-13,2005-10-13,,,32020,,,15882,0,230690007,381316,,0,Acidente vascular cerebral
3911,556,4311629,1990-11-15,1990-11-15,,,32020,,,15881,0,15777000,40316773,,0,Pré-diabetes
3912,556,0,1979-10-25,1979-10-25,,,32020,,,15894,0,162864005,4060985,,0,IMC 30+ - obesidade
3913,556,4078393,1976-02-26,1976-02-26,,,32020,,,15891,0,19169002,4078393,,0,Aborto espontâneo na gravidez
3914,556,316866,1962-05-10,1962-05-10,,,32020,,,15887,0,38341003,316866,,0,Hipertensão arterial
3915,557,40481087,2017-03-06,2017-03-06,2017-03-20,2017-03-20,32020,,,15901,0,444814009,40481087,,0,Infecção viral das vias aéreas superiores
3916,557,40481087,2016-10-09,2016-10-09,2016-10-30,2016-10-30,32020,,,15898,0,444814009,40481087,,0,Infecção viral das vias aéreas superiores
3917,557,4112343,2013-09-10,2013-09-10,2013-09-23,2013-09-23,32020,,,15900,0,195662009,4112343,,0,Faringite viral aguda
3918,557,4112343,2012-08-02,2012-08-02,2012-08-14,2012-08-14,32020,,,15896,0,195662009,4112343,,0,Faringite viral aguda
3919,557,0,2007-11-14,2007-11-14,,,32020,,,15899,0,428251008,4323208,,0,Histórico de apendicectomia
3920,557,440448,2007-11-14,2007-11-14,,,32020,,,15902,0,74400008,440448,,0,Apendicite
3921,558,0,2018-06-16,2018-06-16,,,32020,,,15923,0,162864005,4060985,,0,IMC 30+ - obesidade
3922,558,440086,2014-04-19,2014-04-19,2016-01-02,2016-01-02,32020,,,15914,0,192127007,440086,,0,Transtorno do espectro autista infantil
3923,559,4094814,1987-08-30,1987-08-30,,,32020,,,15960,0,262574004,4094814,,0,Ferimento por arma branca
3924,559,4112343,1986-08-22,1986-08-22,1986-08-30,1986-08-30,32020,,,15962,0,195662009,4112343,,0,Faringite viral aguda
3925,559,372328,1981-07-15,1981-07-15,1981-11-05,1981-11-05,32020,,,15936,0,65363002,372328,,0,Otite média
3926,559,4278672,1981-01-03,1981-01-03,1981-04-03,1981-04-03,32020,,,15958,0,65966004,4278672,,0,Fratura do fêmur
3927,559,4051466,1979-12-02,1979-12-02,,,32020,,,15957,0,233678006,4051466,,0,Asma na infância
3928,559,4112343,1978-12-16,1978-12-16,1978-12-28,1978-12-28,32020,,,15946,0,195662009,4112343,,0,Faringite viral aguda
3929,559,372328,1977-09-21,1977-09-21,1977-11-03,1977-11-03,32020,,,15966,0,65363002,372328,,0,Otite média
3930,560,4112343,2018-02-15,2018-02-15,2018-02-24,2018-02-24,32020,,,15975,0,195662009,4112343,,0,Faringite viral aguda
3931,560,0,2016-10-21,2016-10-21,,,32020,,,15971,0,162864005,4060985,,0,IMC 30+ - obesidade
3932,560,40481087,2015-10-15,2015-10-15,2015-10-22,2015-10-22,32020,,,15970,0,444814009,40481087,,0,Infecção viral das vias aéreas superiores
3933,560,40481087,2012-10-08,2012-10-08,2012-10-22,2012-10-22,32020,,,15979,0,444814009,40481087,,0,Infecção viral das vias aéreas superiores
3934,560,316866,1991-01-18,1991-01-18,,,32020,,,15980,0,38341003,316866,,0,Hipertensão arterial
3935,561,260139,2016-10-07,2016-10-07,2016-10-21,2016-10-21,32020,,,15994,0,10509002,260139,,0,Bronquite aguda
3936,561,4283893,2015-01-01,2015-01-01,2015-10-29,2015-10-29,32020,,,16000,0,36971009,4283893,,0,Sinusite
3937,561,81151,2013-06-06,2013-06-06,2013-06-27,2013-06-27,32020,,,16026,0,44465007,81151,,0,Entorse de tornozelo
3938,561,260139,2012-12-12,2012-12-12,2012-12-26,2012-12-26,32020,,,15983,0,10509002,260139,,0,Bronquite aguda
3939,561,4112343,2011-08-03,2011-08-03,2011-08-14,2011-08-14,32020,,,15987,0,195662009,4112343,,0,Faringite viral aguda
3940,561,4156265,2011-07-03,2011-07-03,2011-07-17,2011-07-17,32020,,,16023,0,370247008,4156265,,0,Lesão facial
3941,561,80502,2009-09-28,2009-09-28,,,32020,,,16020,0,64859006,80502,,0,Osteoporose
3942,561,260139,2009-01-01,2009-01-01,2009-01-08,2009-01-08,32020,,,15990,0,10509002,260139,,0,Bronquite aguda
3943,561,378419,2008-09-22,2008-09-22,,,32020,,,16016,0,26929004,378419,,0,Doença de Alzheimer
3944,561,4055754,2003-03-08,2003-03-08,,,32020,,,16025,0,196416002,4055754,,0,Esofagite por refluxo
3945,561,432867,2002-08-19,2002-08-19,,,32020,,,15999,0,55822004,432867,,0,Hiperlipidemia
3946,561,381316,2001-02-19,2001-02-19,,,32020,,,15989,0,230690007,381316,,0,Acidente vascular cerebral
3947,561,4311629,1973-03-26,1973-03-26,,,32020,,,15991,0,15777000,40316773,,0,Pré-diabetes
3948,561,257012,1929-08-28,1929-08-28,,,32020,,,16014,0,40055000,257012,,0,Sinusite crônica
3949,562,4112343,2016-03-28,2016-03-28,2016-04-05,2016-04-05,32020,,,16032,0,195662009,4112343,,0,Faringite viral aguda
3950,562,260139,2012-02-15,2012-02-15,2012-02-29,2012-02-29,32020,,,16034,0,10509002,260139,,0,Bronquite aguda
3951,562,313217,2007-04-22,2007-04-22,,,32020,,,16029,0,49436004,313217,,0,Fibrilação atrial
3952,562,0,2005-05-15,2005-05-15,,,32020,,,16040,0,408512008,4256640,,0,Alcoolismo relatado pelo paciente
3953,562,0,1988-08-28,1988-08-28,,,32020,,,16036,0,162864005,4060985,,0,IMC 30+ - obesidade
3954,563,28060,2014-11-24,2014-11-24,2014-12-06,2014-12-06,32020,,,16054,0,43878008,28060,,0,Faringite estreptocócica
3955,563,257012,2011-12-28,2011-12-28,,,32020,,,16044,0,40055000,257012,,0,Sinusite crônica
3956,563,4283893,2011-10-26,2011-10-26,2012-03-14,2012-03-14,32020,,,16056,0,36971009,4283893,,0,Sinusite
3957,563,316866,1998-07-01,1998-07-01,,,32020,,,16063,0,38341003,316866,,0,Hipertensão arterial
3958,564,260139,2017-02-10,2017-02-10,2017-02-24,2017-02-24,32020,,,16103,0,10509002,260139,,0,Bronquite aguda
3959,564,378001,2015-03-27,2015-03-27,2015-04-26,2015-04-26,32020,,,16111,0,62106007,378001,,0,Concussão com perda de consciência
3960,564,4311629,2005-05-16,2005-05-16,,,32020,,,16109,0,15777000,40316773,,0,Pré-diabetes
3961,564,316866,1987-06-01,1987-06-01,,,32020,,,16097,0,38341003,316866,,0,Hipertensão arterial
3962,564,257012,1973-04-27,1973-04-27,,,32020,,,16098,0,40055000,257012,,0,Sinusite crônica
3963,564,4280726,1971-04-28,1971-04-28,,,32020,,,16104,0,367498001,4280726,,0,Gripe sazonal
3964,565,0,2017-11-16,2017-11-16,,,32020,,,16119,0,703151001,45766064,,0,Histórico de artroplastia de joelho
3965,565,4029498,2017-11-16,2017-11-16,,,32020,,,16119,0,128613002,4029498,,0,Transtorno convulsivo
3966,565,40481087,2013-07-29,2013-07-29,2013-08-05,2013-08-05,32020,,,16121,0,444814009,40481087,,0,Infecção viral das vias aéreas superiores
3967,565,260139,2010-07-24,2010-07-24,2010-07-31,2010-07-31,32020,,,16115,0,10509002,260139,,0,Bronquite aguda
3968,565,0,2006-11-08,2006-11-08,,,32020,,,16122,0,162864005,4060985,,0,IMC 30+ - obesidade
3969,566,4294548,2015-04-17,2015-04-17,2015-09-11,2015-09-11,32020,,,16130,0,75498004,4294548,,0,Infecção bacteriana aguda
3970,566,432867,2012-02-15,2012-02-15,,,32020,,,16131,0,55822004,432867,,0,Hiperlipidemia
3971,566,4112343,2011-10-02,2011-10-02,2011-10-09,2011-10-09,32020,,,16126,0,195662009,4112343,,0,Faringite viral aguda
3972,566,28060,2009-12-26,2009-12-26,2010-01-06,2010-01-06,32020,,,16141,0,43878008,28060,,0,Faringite estreptocócica
3973,566,4311629,1959-10-28,1959-10-28,,,32020,,,16143,0,15777000,40316773,,0,Pré-diabetes
3974,566,257012,1950-04-26,1950-04-26,,,32020,,,16132,0,40055000,257012,,0,Sinusite crônica
3975,567,195588,2015-12-18,2015-12-18,2016-01-23,2016-01-23,32020,,,16154,0,38822007,195588,,0,Cistite
3976,567,81151,2015-01-01,2015-01-01,2015-02-05,2015-02-05,32020,,,16156,0,44465007,81151,,0,Entorse de tornozelo
3977,567,78272,2010-06-28,2010-06-28,2010-07-26,2010-07-26,32020,,,16155,0,70704007,78272,,0,Entorse de punho
3978,567,4311629,2005-01-06,2005-01-06,,,32020,,,16165,0,15777000,40316773,,0,Pré-diabetes
3979,567,316866,1977-02-10,1977-02-10,,,32020,,,16152,0,38341003,316866,,0,Hipertensão arterial
3980,568,260139,2017-10-15,2017-10-15,2017-10-29,2017-10-29,32020,,,16184,0,10509002,260139,,0,Bronquite aguda
3981,568,4112343,2016-03-25,2016-03-25,2016-04-04,2016-04-04,32020,,,16183,0,195662009,4112343,,0,Faringite viral aguda
3982,568,439393,2014-05-11,2014-05-11,2014-06-29,2014-06-29,32020,,,16209,0,398254007,439393,,0,Pré-eclâmpsia
3983,568,199076,2013-11-24,2013-11-24,,,32020,,,16172,0,79586000,199076,,0,Gravidez tubária
3984,568,4217975,2013-11-24,2013-11-24,2014-06-29,2014-06-29,32020,,,16172,0,72892002,4217975,,0,Otite média não supurativa
3985,568,4078393,2013-07-14,2013-07-14,,,32020,,,16181,0,19169002,4078393,,0,Aborto espontâneo na gravidez
3986,568,4217975,2013-07-14,2013-07-14,2013-07-28,2013-07-28,32020,,,16181,0,72892002,4217975,,0,Otite média não supurativa
3987,568,4217975,2012-03-25,2012-03-25,2012-11-11,2012-11-11,32020,,,16170,0,72892002,4217975,,0,Otite média não supurativa
3988,568,4217975,2011-02-06,2011-02-06,2011-09-11,2011-09-11,32020,,,16190,0,72892002,4217975,,0,Otite média não supurativa
3989,569,40481087,2018-07-09,2018-07-09,2018-07-30,2018-07-30,32020,,,16217,0,444814009,40481087,,0,Infecção viral das vias aéreas superiores
3990,569,0,2013-04-26,2013-04-26,,,32020,,,16218,0,428251008,4323208,,0,Histórico de apendicectomia
3991,569,440448,2013-04-26,2013-04-26,,,32020,,,16220,0,74400008,440448,,0,Apendicite
3992,569,40481087,2011-08-03,2011-08-03,2011-08-10,2011-08-10,32020,,,16222,0,444814009,40481087,,0,Infecção viral das vias aéreas superiores
3993,570,4112343,2017-05-30,2017-05-30,2017-06-09,2017-06-09,32020,,,16237,0,195662009,4112343,,0,Faringite viral aguda
3994,570,40481087,2013-03-09,2013-03-09,2013-03-30,2013-03-30,32020,,,16224,0,444814009,40481087,,0,Infecção viral das vias aéreas superiores
3995,570,4112343,2013-03-06,2013-03-06,2013-03-18,2013-03-18,32020,,,16244,0,195662009,4112343,,0,Faringite viral aguda
3996,570,40481087,2012-10-25,2012-10-25,2012-11-01,2012-11-01,32020,,,16246,0,444814009,40481087,,0,Infecção viral das vias aéreas superiores
3997,570,4237458,2012-03-21,2012-03-21,2012-06-19,2012-06-19,32020,,,16223,0,58150001,4237458,,0,Fratura de clavícula
3998,570,28060,2010-11-01,2010-11-01,2010-11-13,2010-11-13,32020,,,16228,0,43878008,28060,,0,Faringite estreptocócica
3999,571,78272,2017-07-09,2017-07-09,2017-08-06,2017-08-06,32020,,,16250,0,70704007,78272,,0,Entorse de punho
4000,571,4112343,2015-07-16,2015-07-16,2015-07-26,2015-07-26,32020,,,16305,0,195662009,4112343,,0,Faringite viral aguda
4001,571,440086,2010-07-11,2010-07-11,2015-02-01,2015-02-01,32020,,,16302,0,192127007,440086,,0,Transtorno do espectro autista infantil
4002,571,4112343,2010-06-30,2010-06-30,2010-07-09,2010-07-09,32020,,,16281,0,195662009,4112343,,0,Faringite viral aguda
4003,571,4112343,2009-01-24,2009-01-24,2009-02-03,2009-02-03,32020,,,16276,0,195662009,4112343,,0,Faringite viral aguda
4004,572,40481087,2016-01-23,2016-01-23,2016-01-30,2016-01-30,32020,,,16319,0,444814009,40481087,,0,Infecção viral das vias aéreas superiores
4005,572,4311629,2010-12-25,2010-12-25,,,32020,,,16317,0,15777000,40316773,,0,Pré-diabetes
4006,572,378001,2009-03-04,2009-03-04,2009-04-03,2009-04-03,32020,,,16321,0,62106007,378001,,0,Concussão com perda de consciência
4007,573,4278672,2018-03-13,2018-03-13,2018-05-12,2018-05-12,32020,,,16326,0,65966004,4278672,,0,Fratura do fêmur
4008,573,260139,2015-05-16,2015-05-16,2015-05-23,2015-05-23,32020,,,16327,0,10509002,260139,,0,Bronquite aguda
4009,573,40481087,2013-08-24,2013-08-24,2013-09-14,2013-09-14,32020,,,16328,0,444814009,40481087,,0,Infecção viral das vias aéreas superiores
4010,573,40481087,2011-05-10,2011-05-10,2011-05-31,2011-05-31,32020,,,16322,0,444814009,40481087,,0,Infecção viral das vias aéreas superiores
4011,573,4311629,2009-01-18,2009-01-18,,,32020,,,16329,0,15777000,40316773,,0,Pré-diabetes
4012,574,40481087,2015-09-06,2015-09-06,2015-09-13,2015-09-13,32020,,,16334,0,444814009,40481087,,0,Infecção viral das vias aéreas superiores
4013,574,4283893,2011-04-17,2011-04-17,2011-11-20,2011-11-20,32020,,,16339,0,36971009,4283893,,0,Sinusite
4014,574,0,1990-03-14,1990-03-14,,,32020,,,16359,0,162864005,4060985,,0,IMC 30+ - obesidade
4015,574,4078393,1980-08-06,1980-08-06,,,32020,,,16355,0,19169002,4078393,,0,Aborto espontâneo na gravidez
4016,574,257012,1976-08-13,1976-08-13,,,32020,,,16349,0,40055000,257012,,0,Sinusite crônica
4017,574,317576,1963-11-27,1963-11-27,,,32020,,,16341,0,53741008,317576,,0,Doença arterial coronariana
4018,575,81151,1992-12-08,1992-12-08,1993-01-12,1993-01-12,32020,,,16385,0,44465007,81151,,0,Entorse de tornozelo
4019,575,260139,1992-04-15,1992-04-15,1992-04-29,1992-04-29,32020,,,16370,0,10509002,260139,,0,Bronquite aguda
4020,575,4217975,1987-10-29,1987-10-29,1988-06-02,1988-06-02,32020,,,16366,0,72892002,4217975,,0,Otite média não supurativa
4021,575,258780,1987-10-08,1987-10-08,,,32020,,,16384,0,185086009,258780,,0,DPOC exacerbada
4022,575,0,1987-10-08,1987-10-08,,,32020,,,16384,0,162864005,4060985,,0,IMC 30+ - obesidade
4023,575,257012,1967-05-06,1967-05-06,,,32020,,,16371,0,40055000,257012,,0,Sinusite crônica
4024,576,0,2018-06-07,2018-06-07,,,32020,,,16423,0,408512008,4256640,,0,Alcoolismo relatado pelo paciente
4025,576,4230399,2017-06-21,2017-06-21,2017-08-20,2017-08-20,32020,,,16403,0,359817006,4230399,,0,Doença renal crônica estágio 2
4026,576,81151,2014-06-02,2014-06-02,2014-07-07,2014-07-07,32020,,,16400,0,44465007,81151,,0,Entorse de tornozelo
4027,576,260139,2014-05-10,2014-05-10,2014-05-24,2014-05-24,32020,,,16418,0,10509002,260139,,0,Bronquite aguda
4028,576,4116491,2012-10-06,2012-10-06,2012-12-04,2012-12-04,32020,,,16453,0,301011002,4116491,,0,Infecção do trato urinário por E. coli
4029,576,4112343,2009-10-22,2009-10-22,2009-10-31,2009-10-31,32020,,,16436,0,195662009,4112343,,0,Faringite viral aguda
4030,576,4208104,2004-07-31,2004-07-31,,,32020,,,16399,0,55680006,4208104,,0,Overdose de droga
4031,576,0,2002-09-12,2002-09-12,,,32020,,,16466,0,162864005,4060985,,0,IMC 30+ - obesidade
4032,576,43530652,1990-11-03,1990-11-03,,,32020,,,16397,0,124171000119105,43530652,,0,Nefropatia diabética crônica
4033,576,4055754,1990-04-25,1990-04-25,,,32020,,,16393,0,196416002,4055754,,0,Esofagite por refluxo
4034,576,436096,1990-02-03,1990-02-03,,,32020,,,16394,0,82423001,436096,,0,Dor crônica
4035,577,4218389,2017-11-04,2017-11-04,2017-11-25,2017-11-25,32020,,,16474,0,39848009,4218389,,0,Lesão em chicote do pescoço
4036,577,4112343,2016-11-22,2016-11-22,2016-12-05,2016-12-05,32020,,,16467,0,195662009,4112343,,0,Faringite viral aguda
4037,577,4059173,2014-09-21,2014-09-21,2014-11-20,2014-11-20,32020,,,16472,0,16114001,4059173,,0,Fratura de tornozelo
4038,577,4112343,2011-11-05,2011-11-05,2011-11-15,2011-11-15,32020,,,16478,0,195662009,4112343,,0,Faringite viral aguda
4039,578,4048171,2018-11-10,2018-11-10,,,32020,,,16483,0,232353008,4048171,,0,Perfuração do tímpano
4040,578,28060,2017-09-03,2017-09-03,2017-09-11,2017-09-11,32020,,,16482,0,43878008,28060,,0,Faringite estreptocócica
4041,579,0,2001-06-14,2001-06-14,,,32020,,,16531,0,48333001,4168004,,0,Queimadura de primeiro grau
4042,579,40481087,2001-03-09,2001-03-09,2001-03-30,2001-03-30,32020,,,16552,0,444814009,40481087,,0,Infecção viral das vias aéreas superiores
4043,579,4112343,2001-02-08,2001-02-08,2001-02-20,2001-02-20,32020,,,16556,0,195662009,4112343,,0,Faringite viral aguda
4044,579,40481087,1999-06-06,1999-06-06,1999-06-13,1999-06-13,32020,,,16509,0,444814009,40481087,,0,Infecção viral das vias aéreas superiores
4045,579,4112343,1996-12-17,1996-12-17,1996-12-27,1996-12-27,32020,,,16514,0,195662009,4112343,,0,Faringite viral aguda
4046,579,40481087,1994-07-20,1994-07-20,1994-07-27,1994-07-27,32020,,,16522,0,444814009,40481087,,0,Infecção viral das vias aéreas superiores
4047,579,0,1993-01-09,1993-01-09,,,32020,,,16501,0,408512008,4256640,,0,Alcoolismo relatado pelo paciente
4048,579,40318618,1992-12-12,1992-12-12,1992-12-19,1992-12-19,32020,,,16546,0,156073000,40318618,,0,Obesidade
4049,579,4078393,1992-12-12,1992-12-12,,,32020,,,16546,0,19169002,4078393,,0,Aborto espontâneo na gravidez
4050,579,4217975,1992-12-12,1992-12-12,1992-12-19,1992-12-19,32020,,,16546,0,72892002,4217975,,0,Otite média não supurativa
4051,579,4208104,1992-01-20,1992-01-20,,,32020,,,16507,0,55680006,4208104,,0,Overdose de droga
4052,579,0,1972-01-01,1972-01-01,,,32020,,,16502,0,162864005,4060985,,0,IMC 30+ - obesidade
4053,580,40481087,2013-08-09,2013-08-09,2013-08-16,2013-08-16,32020,,,16568,0,444814009,40481087,,0,Infecção viral das vias aéreas superiores
4054,580,40481087,2013-06-17,2013-06-17,2013-07-01,2013-07-01,32020,,,16580,0,444814009,40481087,,0,Infecção viral das vias aéreas superiores
4055,580,40486433,2013-05-03,2013-05-03,,,32020,,,16584,0,446096008,40486433,,0,Esteatose hepática perivenular
4056,580,372328,2011-02-21,2011-02-21,2011-04-05,2011-04-05,32020,,,16575,0,65363002,372328,,0,Otite média
4057,580,4084167,2010-12-23,2010-12-23,2010-12-23,2010-12-23,32020,,,16578,0,241929008,4084167,,0,Reação alérgica a alimento
4058,581,40318618,2018-11-13,2018-11-13,2018-11-27,2018-11-27,32020,,,16598,0,156073000,40318618,,0,Obesidade
4059,581,4078393,2018-11-13,2018-11-13,,,32020,,,16598,0,19169002,4078393,,0,Aborto espontâneo na gravidez
4060,581,4217975,2018-11-13,2018-11-13,2018-11-27,2018-11-27,32020,,,16598,0,72892002,4217975,,0,Otite média não supurativa
4061,581,4217975,2016-08-23,2016-08-23,2017-03-28,2017-03-28,32020,,,16626,0,72892002,4217975,,0,Otite média não supurativa
4062,581,4112343,2015-05-05,2015-05-05,2015-05-17,2015-05-17,32020,,,16605,0,195662009,4112343,,0,Faringite viral aguda
4063,581,4112343,2014-03-28,2014-03-28,2014-04-07,2014-04-07,32020,,,16638,0,195662009,4112343,,0,Faringite viral aguda
4064,581,4217975,2013-10-08,2013-10-08,2014-05-13,2014-05-13,32020,,,16630,0,72892002,4217975,,0,Otite média não supurativa
4065,581,258780,2012-10-30,2012-10-30,,,32020,,,16639,0,185086009,258780,,0,DPOC exacerbada
4066,581,40481087,2009-10-21,2009-10-21,2009-11-11,2009-11-11,32020,,,16628,0,444814009,40481087,,0,Infecção viral das vias aéreas superiores
4067,581,4311629,2009-02-10,2009-02-10,,,32020,,,16603,0,15777000,40316773,,0,Pré-diabetes
4068,582,40481087,2016-01-04,2016-01-04,2016-01-25,2016-01-25,32020,,,16646,0,444814009,40481087,,0,Infecção viral das vias aéreas superiores
4069,582,4156265,2015-05-20,2015-05-20,2015-06-10,2015-06-10,32020,,,16647,0,370247008,4156265,,0,Lesão facial
4070,582,4311629,2014-07-26,2014-07-26,,,32020,,,16645,0,15777000,40316773,,0,Pré-diabetes
4071,582,260139,2011-07-14,2011-07-14,2011-07-28,2011-07-28,32020,,,16644,0,10509002,260139,,0,Bronquite aguda
4072,583,260139,2018-04-09,2018-04-09,2018-04-16,2018-04-16,32020,,,16655,0,10509002,260139,,0,Bronquite aguda
4073,583,4112343,2017-07-04,2017-07-04,2017-07-12,2017-07-12,32020,,,16658,0,195662009,4112343,,0,Faringite viral aguda
4074,583,260139,2014-02-21,2014-02-21,2014-02-28,2014-02-28,32020,,,16649,0,10509002,260139,,0,Bronquite aguda
4075,583,0,2006-12-03,2006-12-03,,,32020,,,16651,0,162864005,4060985,,0,IMC 30+ - obesidade
4076,583,316866,1987-11-08,1987-11-08,,,32020,,,16648,0,38341003,316866,,0,Hipertensão arterial
4077,584,4155034,2017-09-21,2017-09-21,2017-10-12,2017-10-12,32020,,,16662,0,283371005,4155034,,0,Laceração de antebraço
4078,584,4112343,2014-08-12,2014-08-12,2014-08-25,2014-08-25,32020,,,16664,0,195662009,4112343,,0,Faringite viral aguda
4079,585,257012,2018-07-19,2018-07-19,,,32020,,,16676,0,40055000,257012,,0,Sinusite crônica
4080,585,4283893,2018-04-26,2018-04-26,2018-09-06,2018-09-06,32020,,,16687,0,36971009,4283893,,0,Sinusite
4081,585,260139,2017-11-30,2017-11-30,2017-12-14,2017-12-14,32020,,,16683,0,10509002,260139,,0,Bronquite aguda
4082,585,78272,2017-05-22,2017-05-22,2017-06-12,2017-06-12,32020,,,16670,0,70704007,78272,,0,Entorse de punho
4083,585,260139,2015-12-07,2015-12-07,2015-12-14,2015-12-14,32020,,,16665,0,10509002,260139,,0,Bronquite aguda
4084,585,78272,2015-07-11,2015-07-11,2015-08-01,2015-08-01,32020,,,16672,0,70704007,78272,,0,Entorse de punho
4085,585,40481087,2013-11-21,2013-11-21,2013-12-12,2013-12-12,32020,,,16692,0,444814009,40481087,,0,Infecção viral das vias aéreas superiores
4086,585,4112343,2012-02-16,2012-02-16,2012-02-23,2012-02-23,32020,,,16680,0,195662009,4112343,,0,Faringite viral aguda
4087,585,40481087,2010-04-29,2010-04-29,2010-05-06,2010-05-06,32020,,,16690,0,444814009,40481087,,0,Infecção viral das vias aéreas superiores
4088,585,436096,1993-09-01,1993-09-01,,,32020,,,16688,0,82423001,436096,,0,Dor crônica
4089,585,4311629,1972-12-25,1972-12-25,,,32020,,,16691,0,15777000,40316773,,0,Pré-diabetes
4090,585,316866,1968-12-16,1968-12-16,,,32020,,,16682,0,38341003,316866,,0,Hipertensão arterial
4091,585,0,1960-10-31,1960-10-31,,,32020,,,16686,0,162864005,4060985,,0,IMC 30+ - obesidade
4092,586,0,2005-05-07,2005-05-07,,,32020,,,16696,0,162864005,4060985,,0,IMC 30+ - obesidade
4093,586,316866,1989-05-13,1989-05-13,,,32020,,,16698,0,38341003,316866,,0,Hipertensão arterial
4094,587,4294548,2012-10-01,2012-10-01,2012-10-15,2012-10-15,32020,,,16713,0,75498004,4294548,,0,Infecção bacteriana aguda
4095,587,432867,2012-04-21,2012-04-21,,,32020,,,16711,0,55822004,432867,,0,Hiperlipidemia
4096,587,260139,2009-06-09,2009-06-09,2009-06-16,2009-06-16,32020,,,16716,0,10509002,260139,,0,Bronquite aguda
4097,587,4311629,1995-07-01,1995-07-01,,,32020,,,16714,0,15777000,40316773,,0,Pré-diabetes
4098,588,4278672,2013-03-15,2013-03-15,2013-06-13,2013-06-13,32020,,,16728,0,65966004,4278672,,0,Fratura do fêmur
4099,588,40481087,2012-08-23,2012-08-23,2012-09-13,2012-09-13,32020,,,16739,0,444814009,40481087,,0,Infecção viral das vias aéreas superiores
4100,589,4112343,2018-12-08,2018-12-08,2018-12-16,2018-12-16,32020,,,16788,0,195662009,4112343,,0,Faringite viral aguda
4101,589,4035415,2012-03-13,2012-03-13,2012-05-12,2012-05-12,32020,,,16758,0,239720000,4035415,,0,Tendinite do manguito rotador
4102,589,0,2006-12-09,2006-12-09,,,32020,,,16763,0,703151001,45766064,,0,Histórico de artroplastia de joelho
4103,589,4029498,2006-12-09,2006-12-09,,,32020,,,16763,0,128613002,4029498,,0,Transtorno convulsivo
4104,589,4208104,2006-01-09,2006-01-09,,,32020,,,16764,0,55680006,4208104,,0,Overdose de droga
4105,589,4311629,2004-08-06,2004-08-06,,,32020,,,16777,0,15777000,40316773,,0,Pré-diabetes
4106,589,43530652,2001-02-23,2001-02-23,,,32020,,,16759,0,124171000119105,43530652,,0,Nefropatia diabética crônica
4107,589,436096,1999-06-14,1999-06-14,,,32020,,,16768,0,82423001,436096,,0,Dor crônica
4108,589,4055754,1999-04-17,1999-04-17,,,32020,,,16761,0,196416002,4055754,,0,Esofagite por refluxo
4109,590,78272,2017-07-01,2017-07-01,2017-07-29,2017-07-29,32020,,,16793,0,70704007,78272,,0,Entorse de punho
4110,590,4112343,2016-08-07,2016-08-07,2016-08-19,2016-08-19,32020,,,16801,0,195662009,4112343,,0,Faringite viral aguda
4111,590,40481087,2015-05-19,2015-05-19,2015-06-02,2015-06-02,32020,,,16807,0,444814009,40481087,,0,Infecção viral das vias aéreas superiores
4112,590,40481087,2014-10-08,2014-10-08,2014-10-15,2014-10-15,32020,,,16799,0,444814009,40481087,,0,Infecção viral das vias aéreas superiores
4113,590,260139,2013-03-25,2013-03-25,2013-04-01,2013-04-01,32020,,,16794,0,10509002,260139,,0,Bronquite aguda
4114,590,378001,2011-11-30,2011-11-30,2011-12-30,2011-12-30,32020,,,16804,0,62106007,378001,,0,Concussão com perda de consciência
4115,591,40481087,2014-06-01,2014-06-01,2014-06-15,2014-06-15,32020,,,16814,0,444814009,40481087,,0,Infecção viral das vias aéreas superiores
4116,591,260139,2014-02-24,2014-02-24,2014-03-10,2014-03-10,32020,,,16816,0,10509002,260139,,0,Bronquite aguda
4117,591,4109685,2012-02-24,2012-02-24,2012-03-09,2012-03-09,32020,,,16823,0,284551006,4109685,,0,Laceração de pé
4118,591,260139,2010-06-19,2010-06-19,2010-07-03,2010-07-03,32020,,,16813,0,10509002,260139,,0,Bronquite aguda
4119,591,4311629,1997-02-13,1997-02-13,,,32020,,,16809,0,15777000,40316773,,0,Pré-diabetes
4120,591,313217,1995-02-09,1995-02-09,,,32020,,,16819,0,49436004,313217,,0,Fibrilação atrial
4121,591,0,1993-02-04,1993-02-04,,,32020,,,16820,0,162864005,4060985,,0,IMC 30+ - obesidade
4122,591,316866,1967-03-16,1967-03-16,,,32020,,,16815,0,38341003,316866,,0,Hipertensão arterial
4123,591,257012,1956-10-18,1956-10-18,,,32020,,,16824,0,40055000,257012,,0,Sinusite crônica
4124,592,4112343,2016-03-25,2016-03-25,2016-04-05,2016-04-05,32020,,,16835,0,195662009,4112343,,0,Faringite viral aguda
4125,592,257012,2002-06-01,2002-06-01,,,32020,,,16834,0,40055000,257012,,0,Sinusite crônica
4126,592,4311629,1997-09-14,1997-09-14,,,32020,,,16828,0,15777000,40316773,,0,Pré-diabetes
4127,592,316866,1996-09-08,1996-09-08,,,32020,,,16832,0,38341003,316866,,0,Hipertensão arterial
4128,593,40481087,2018-07-29,2018-07-29,2018-08-05,2018-08-05,32020,,,16851,0,444814009,40481087,,0,Infecção viral das vias aéreas superiores
4129,593,4285898,2017-09-14,2017-09-14,2018-10-09,2018-10-09,32020,,,16852,0,68496003,4285898,,0,Pólipo do cólon
4130,593,43530652,2016-08-17,2016-08-17,,,32020,,,16854,0,124171000119105,43530652,,0,Nefropatia diabética crônica
4131,593,4311629,2008-08-23,2008-08-23,,,32020,,,16840,0,15777000,40316773,,0,Pré-diabetes
4132,593,0,2006-08-19,2006-08-19,,,32020,,,16847,0,162864005,4060985,,0,IMC 30+ - obesidade
4133,593,0,1992-01-04,1992-01-04,,,32020,,,16842,0,429007001,4324181,,0,Histórico de infarto
4134,593,321042,1992-01-04,1992-01-04,,,32020,,,16842,0,410429000,321042,,0,Parada cardíaca
4135,593,316866,1980-11-08,1980-11-08,,,32020,,,16848,0,38341003,316866,,0,Hipertensão arterial
4136,594,4230399,2017-10-11,2017-10-11,2017-12-10,2017-12-10,32020,,,16870,0,359817006,4230399,,0,Doença renal crônica estágio 2
4137,594,40481087,2015-06-15,2015-06-15,2015-06-22,2015-06-22,32020,,,16867,0,444814009,40481087,,0,Infecção viral das vias aéreas superiores
4138,594,4285898,2013-06-21,2013-06-21,2014-10-14,2014-10-14,32020,,,16862,0,68496003,4285898,,0,Pólipo do cólon
4139,594,0,1987-01-22,1987-01-22,,,32020,,,16855,0,162864005,4060985,,0,IMC 30+ - obesidade
4140,594,257012,1962-11-27,1962-11-27,,,32020,,,16860,0,40055000,257012,,0,Sinusite crônica
4141,595,4218389,2017-12-26,2017-12-26,2018-01-16,2018-01-16,32020,,,16894,0,39848009,4218389,,0,Lesão em chicote do pescoço
4142,595,4112343,2017-11-10,2017-11-10,2017-11-21,2017-11-21,32020,,,16881,0,195662009,4112343,,0,Faringite viral aguda
4143,595,40318618,2011-02-04,2011-02-04,2011-02-18,2011-02-18,32020,,,16886,0,156073000,40318618,,0,Obesidade
4144,595,199076,2011-02-04,2011-02-04,,,32020,,,16886,0,79586000,199076,,0,Gravidez tubária
4145,595,4217975,2011-02-04,2011-02-04,2011-02-18,2011-02-18,32020,,,16886,0,72892002,4217975,,0,Otite média não supurativa
4146,595,4152936,2010-12-12,2010-12-12,2011-01-02,2011-01-02,32020,,,16892,0,283385000,4152936,,0,Laceração de ombro
4147,595,4078393,2009-01-16,2009-01-16,,,32020,,,16872,0,19169002,4078393,,0,Aborto espontâneo na gravidez
4148,595,4217975,2009-01-16,2009-01-16,2009-02-06,2009-02-06,32020,,,16872,0,72892002,4217975,,0,Otite média não supurativa
4149,595,258780,2007-12-21,2007-12-21,,,32020,,,16888,0,185086009,258780,,0,DPOC exacerbada
4150,595,4311629,2003-01-24,2003-01-24,,,32020,,,16875,0,15777000,40316773,,0,Pré-diabetes
4151,595,0,1985-02-15,1985-02-15,,,32020,,,16880,0,162864005,4060985,,0,IMC 30+ - obesidade
4152,595,316866,1981-02-06,1981-02-06,,,32020,,,16873,0,38341003,316866,,0,Hipertensão arterial
4153,596,260139,2014-07-15,2014-07-15,2014-07-22,2014-07-22,32020,,,16901,0,10509002,260139,,0,Bronquite aguda
4154,596,4311629,1996-11-09,1996-11-09,,,32020,,,16897,0,15777000,40316773,,0,Pré-diabetes
4155,597,40481087,2018-12-29,2018-12-29,,,32020,,,16924,0,444814009,40481087,,0,Infecção viral das vias aéreas superiores
4156,597,40481087,2017-04-17,2017-04-17,2017-05-01,2017-05-01,32020,,,16939,0,444814009,40481087,,0,Infecção viral das vias aéreas superiores
4157,597,4112343,2012-12-05,2012-12-05,2012-12-15,2012-12-15,32020,,,16904,0,195662009,4112343,,0,Faringite viral aguda
4158,597,4311629,2012-12-09,2012-12-09,,,32020,,,16944,0,15777000,40316773,,0,Pré-diabetes
4159,597,4208104,2007-04-21,2007-04-21,,,32020,,,16909,0,55680006,4208104,,0,Overdose de droga
4160,597,43530652,2005-08-31,2005-08-31,,,32020,,,16947,0,124171000119105,43530652,,0,Nefropatia diabética crônica
4161,597,4055754,2004-12-26,2004-12-26,,,32020,,,16922,0,196416002,4055754,,0,Esofagite por refluxo
4162,597,436096,2004-05-04,2004-05-04,,,32020,,,16926,0,82423001,436096,,0,Dor crônica
4163,597,40481087,1995-08-12,1995-08-12,1995-09-02,1995-09-02,32020,,,16936,0,444814009,40481087,,0,Infecção viral das vias aéreas superiores
4164,598,375671,2012-12-22,2012-12-22,2013-01-21,2013-01-21,32020,,,16965,0,62564004,375671,,0,Concussão sem perda de consciência
4165,598,4112343,2012-04-29,2012-04-29,2012-05-09,2012-05-09,32020,,,16974,0,195662009,4112343,,0,Faringite viral aguda
4166,598,257012,1985-12-06,1985-12-06,,,32020,,,16973,0,40055000,257012,,0,Sinusite crônica
4167,598,4311629,1972-01-26,1972-01-26,,,32020,,,16971,0,15777000,40316773,,0,Pré-diabetes
4168,598,0,1952-05-28,1952-05-28,,,32020,,,16968,0,162864005,4060985,,0,IMC 30+ - obesidade
4169,599,4059173,2007-11-23,2007-11-23,2008-01-22,2008-01-22,32020,,,16982,0,16114001,4059173,,0,Fratura de tornozelo
4170,599,200970,2005-10-22,2005-10-22,,,32020,,,16995,0,92691004,200970,,0,Carcinoma in situ de próstata
4171,599,4129902,2005-10-22,2005-10-22,,,32020,,,16995,0,126906006,4129902,,0,Neoplasia de bexiga
4172,599,4059173,2002-12-19,2002-12-19,2003-03-19,2003-03-19,32020,,,16987,0,16114001,4059173,,0,Fratura de tornozelo
4173,599,0,1984-02-24,1984-02-24,,,32020,,,16980,0,449868002,42709996,,0,Fumante atual de cigarro
4174,599,4311629,1962-07-06,1962-07-06,,,32020,,,16990,0,15777000,40316773,,0,Pré-diabetes
4175,599,0,1959-07-03,1959-07-03,,,32020,,,16994,0,162864005,4060985,,0,IMC 30+ - obesidade
4176,600,4217975,2018-05-01,2018-05-01,2018-12-04,2018-12-04,32020,,,17011,0,72892002,4217975,,0,Otite média não supurativa
4177,600,40481087,2009-11-04,2009-11-04,2009-11-18,2009-11-18,32020,,,17004,0,444814009,40481087,,0,Infecção viral das vias aéreas superiores
4178,601,40481087,2017-03-09,2017-03-09,2017-03-30,2017-03-30,32020,,,17032,0,444814009,40481087,,0,Infecção viral das vias aéreas superiores
4179,601,40481087,2014-11-20,2014-11-20,2014-12-11,2014-12-11,32020,,,17022,0,444814009,40481087,,0,Infecção viral das vias aéreas superiores
4180,601,40318618,2010-10-14,2010-10-14,2010-10-28,2010-10-28,32020,,,17035,0,156073000,40318618,,0,Obesidade
4181,601,4217975,2010-10-14,2010-10-14,2010-10-28,2010-10-28,32020,,,17035,0,72892002,4217975,,0,Otite média não supurativa
4182,601,4311629,2007-10-25,2007-10-25,,,32020,,,17023,0,15777000,40316773,,0,Pré-diabetes
4183,601,4078393,2006-09-07,2006-09-07,,,32020,,,17029,0,19169002,4078393,,0,Aborto espontâneo na gravidez
4184,601,0,1993-12-16,1993-12-16,,,32020,,,17026,0,162864005,4060985,,0,IMC 30+ - obesidade
4185,601,316866,1977-11-24,1977-11-24,,,32020,,,17031,0,38341003,316866,,0,Hipertensão arterial
4186,602,260139,2017-11-26,2017-11-26,2017-12-10,2017-12-10,32020,,,17048,0,10509002,260139,,0,Bronquite aguda
4187,602,4278672,2016-03-05,2016-03-05,2016-05-04,2016-05-04,32020,,,17050,0,65966004,4278672,,0,Fratura do fêmur
4188,602,372328,2009-12-07,2009-12-07,2010-05-01,2010-05-01,32020,,,17054,0,65363002,372328,,0,Otite média
4189,603,381316,2016-07-14,2016-07-14,,,32020,,,17082,0,230690007,381316,,0,Acidente vascular cerebral
4190,603,4134304,2014-04-16,2014-04-16,2014-06-15,2014-06-15,32020,,,17066,0,263102004,4134304,,0,Ruptura de menisco
4191,603,260139,2012-12-28,2012-12-28,2013-01-04,2013-01-04,32020,,,17071,0,10509002,260139,,0,Bronquite aguda
4192,603,40481087,2012-12-17,2012-12-17,2013-01-07,2013-01-07,32020,,,17058,0,444814009,40481087,,0,Infecção viral das vias aéreas superiores
4193,603,4218389,2012-05-05,2012-05-05,2012-05-26,2012-05-26,32020,,,17064,0,39848009,4218389,,0,Lesão em chicote do pescoço
4194,603,378001,2010-04-16,2010-04-16,2010-06-15,2010-06-15,32020,,,17063,0,62106007,378001,,0,Concussão com perda de consciência
4195,603,317576,2008-02-21,2008-02-21,,,32020,,,17080,0,53741008,317576,,0,Doença arterial coronariana
4196,603,40481087,2007-09-25,2007-09-25,2007-10-09,2007-10-09,32020,,,17060,0,444814009,40481087,,0,Infecção viral das vias aéreas superiores
4197,603,4112343,2007-02-08,2007-02-08,2007-02-20,2007-02-20,32020,,,17075,0,195662009,4112343,,0,Faringite viral aguda
4198,603,4079750,1985-03-10,1985-03-10,,,32020,,,17079,0,239873007,4079750,,0,Osteoartrite do joelho
4199,603,4311629,1972-09-21,1972-09-21,,,32020,,,17073,0,15777000,40316773,,0,Pré-diabetes
4200,604,260139,2018-11-20,2018-11-20,2018-12-04,2018-12-04,32020,,,17089,0,10509002,260139,,0,Bronquite aguda
4201,604,40481087,2014-08-06,2014-08-06,2014-08-13,2014-08-13,32020,,,17093,0,444814009,40481087,,0,Infecção viral das vias aéreas superiores
4202,604,4112343,2012-02-08,2012-02-08,2012-02-17,2012-02-17,32020,,,17114,0,195662009,4112343,,0,Faringite viral aguda
4203,604,40481087,2011-03-11,2011-03-11,2011-03-18,2011-03-18,32020,,,17094,0,444814009,40481087,,0,Infecção viral das vias aéreas superiores
4204,604,137613,2010-08-22,2010-08-22,2010-09-19,2010-09-19,32020,,,17113,0,198992004,137613,,0,Pré-eclâmpsia leve
4205,604,4217975,2010-02-07,2010-02-07,2010-09-19,2010-09-19,32020,,,17090,0,72892002,4217975,,0,Otite média não supurativa
4206,604,0,2008-11-23,2008-11-23,,,32020,,,17095,0,408512008,4256640,,0,Alcoolismo relatado pelo paciente
4207,604,316866,1993-07-18,1993-07-18,,,32020,,,17101,0,38341003,316866,,0,Hipertensão arterial
4208,604,0,1992-07-12,1992-07-12,,,32020,,,17104,0,162864005,4060985,,0,IMC 30+ - obesidade
4209,604,257012,1976-05-23,1976-05-23,,,32020,,,17100,0,40055000,257012,,0,Sinusite crônica
4210,605,0,1978-07-16,1978-07-16,,,32020,,,17117,0,399211009,4163874,,0,Histórico de infarto do miocárdio
4211,605,4329847,1978-07-16,1978-07-16,,,32020,,,17117,0,22298006,4329847,,0,Infarto do miocárdio
4212,605,4283893,1978-07-11,1978-07-11,,,32020,,,17119,0,36971009,4283893,,0,Sinusite
4213,605,317576,1977-07-03,1977-07-03,,,32020,,,17127,0,53741008,317576,,0,Doença arterial coronariana
4214,605,78272,1977-01-15,1977-01-15,1977-02-19,1977-02-19,32020,,,17121,0,70704007,78272,,0,Entorse de punho
4215,605,40481087,1976-07-25,1976-07-25,1976-08-15,1976-08-15,32020,,,17118,0,444814009,40481087,,0,Infecção viral das vias aéreas superiores
4216,605,372328,1975-07-25,1975-07-25,1975-10-05,1975-10-05,32020,,,17133,0,65363002,372328,,0,Otite média
4217,606,4113008,2018-07-16,2018-07-16,2018-07-30,2018-07-30,32020,,,17134,0,284549007,4113008,,0,Laceração de mão
4218,606,40481087,2014-10-20,2014-10-20,2014-11-10,2014-11-10,32020,,,17135,0,444814009,40481087,,0,Infecção viral das vias aéreas superiores
4219,606,40481087,2013-10-29,2013-10-29,2013-11-19,2013-11-19,32020,,,17145,0,444814009,40481087,,0,Infecção viral das vias aéreas superiores
4220,606,260139,2011-09-02,2011-09-02,2011-09-16,2011-09-16,32020,,,17142,0,10509002,260139,,0,Bronquite aguda
4221,606,0,2003-07-27,2003-07-27,,,32020,,,17141,0,162864005,4060985,,0,IMC 30+ - obesidade
4222,606,316866,1984-07-01,1984-07-01,,,32020,,,17147,0,38341003,316866,,0,Hipertensão arterial
4223,607,260139,2018-01-01,2018-01-01,2018-01-15,2018-01-15,32020,,,17155,0,10509002,260139,,0,Bronquite aguda
4224,607,81151,2014-08-15,2014-08-15,2014-08-29,2014-08-29,32020,,,17170,0,44465007,81151,,0,Entorse de tornozelo
4225,607,4278672,2012-09-24,2012-09-24,2012-12-23,2012-12-23,32020,,,17152,0,65966004,4278672,,0,Fratura do fêmur
4226,607,4285898,2010-07-09,2010-07-09,2011-09-02,2011-09-02,32020,,,17160,0,68496003,4285898,,0,Pólipo do cólon
4227,607,4311629,1988-09-30,1988-09-30,,,32020,,,17175,0,15777000,40316773,,0,Pré-diabetes
4228,607,0,1980-10-10,1980-10-10,,,32020,,,17157,0,429007001,4324181,,0,Histórico de infarto
4229,607,321042,1980-10-10,1980-10-10,,,32020,,,17157,0,410429000,321042,,0,Parada cardíaca
4230,607,316866,1978-09-15,1978-09-15,,,32020,,,17164,0,38341003,316866,,0,Hipertensão arterial
4231,608,80502,2018-12-27,2018-12-27,,,32020,,,17196,0,64859006,80502,,0,Osteoporose
4232,608,260139,2017-12-15,2017-12-15,2017-12-22,2017-12-22,32020,,,17186,0,10509002,260139,,0,Bronquite aguda
4233,608,40481087,2017-06-12,2017-06-12,2017-06-26,2017-06-26,32020,,,17189,0,444814009,40481087,,0,Infecção viral das vias aéreas superiores
4234,608,4134304,2011-08-26,2011-08-26,2011-11-24,2011-11-24,32020,,,17205,0,263102004,4134304,,0,Ruptura de menisco
4235,608,432867,1999-09-09,1999-09-09,,,32020,,,17188,0,55822004,432867,,0,Hiperlipidemia
4236,608,313217,1997-08-07,1997-08-07,,,32020,,,17190,0,49436004,313217,,0,Fibrilação atrial
4237,608,4079750,1989-08-26,1989-08-26,,,32020,,,17192,0,239873007,4079750,,0,Osteoartrite do joelho
4238,608,0,1980-10-02,1980-10-02,,,32020,,,17181,0,162864005,4060985,,0,IMC 30+ - obesidade
4239,609,4112343,2014-03-06,2014-03-06,2014-03-18,2014-03-18,32020,,,17222,0,195662009,4112343,,0,Faringite viral aguda
4240,609,40481087,2012-09-02,2012-09-02,2012-09-09,2012-09-09,32020,,,17217,0,444814009,40481087,,0,Infecção viral das vias aéreas superiores
4241,609,81151,2011-10-02,2011-10-02,2011-10-16,2011-10-16,32020,,,17216,0,44465007,81151,,0,Entorse de tornozelo
4242,610,378419,1991-04-22,1991-04-22,,,32020,,,17246,0,26929004,378419,,0,Doença de Alzheimer
4243,610,260139,1991-03-31,1991-03-31,1991-04-14,1991-04-14,32020,,,17283,0,10509002,260139,,0,Bronquite aguda
4244,610,317576,1953-08-10,1953-08-10,,,32020,,,17311,0,53741008,317576,,0,Doença arterial coronariana
4245,610,0,1947-07-28,1947-07-28,,,32020,,,17254,0,162864005,4060985,,0,IMC 30+ - obesidade
4246,610,4078393,1943-01-11,1943-01-11,,,32020,,,17304,0,19169002,4078393,,0,Aborto espontâneo na gravidez
4247,610,440674,1935-08-11,1935-08-11,,,32020,,,17249,0,90560007,440674,,0,Gota
4248,610,316866,1927-07-11,1927-07-11,,,32020,,,17270,0,38341003,316866,,0,Hipertensão arterial
4249,610,257012,1912-06-04,1912-06-04,,,32020,,,17272,0,40055000,257012,,0,Sinusite crônica
4250,611,432867,2017-08-06,2017-08-06,,,32020,,,17316,0,55822004,432867,,0,Hiperlipidemia
4251,611,260139,2016-06-01,2016-06-01,2016-06-08,2016-06-08,32020,,,17325,0,10509002,260139,,0,Bronquite aguda
4252,611,28060,2014-05-16,2014-05-16,2014-05-23,2014-05-23,32020,,,17324,0,43878008,28060,,0,Faringite estreptocócica
4253,611,257012,2008-09-22,2008-09-22,,,32020,,,17319,0,40055000,257012,,0,Sinusite crônica
4254,611,4079750,2008-07-08,2008-07-08,,,32020,,,17323,0,239873007,4079750,,0,Osteoartrite do joelho
4255,611,4311629,2005-09-25,2005-09-25,,,32020,,,17321,0,15777000,40316773,,0,Pré-diabetes
4256,612,4311629,2016-09-16,2016-09-16,,,32020,,,17329,0,15777000,40316773,,0,Pré-diabetes
4257,612,40481087,2016-01-05,2016-01-05,2016-01-26,2016-01-26,32020,,,17331,0,444814009,40481087,,0,Infecção viral das vias aéreas superiores
4258,612,0,2008-09-19,2008-09-19,,,32020,,,17330,0,162864005,4060985,,0,IMC 30+ - obesidade
4259,612,316866,1993-09-03,1993-09-03,,,32020,,,17332,0,38341003,316866,,0,Hipertensão arterial
4260,613,4217975,2018-09-13,2018-09-13,,,32020,,,17334,0,72892002,4217975,,0,Otite média não supurativa
4261,613,4079750,2018-07-19,2018-07-19,,,32020,,,17378,0,239873007,4079750,,0,Osteoartrite do joelho
4262,613,4112343,2017-09-03,2017-09-03,2017-09-15,2017-09-15,32020,,,17350,0,195662009,4112343,,0,Faringite viral aguda
4263,613,4218389,2015-10-04,2015-10-04,2015-11-01,2015-11-01,32020,,,17359,0,39848009,4218389,,0,Lesão em chicote do pescoço
4264,613,4217975,2015-07-30,2015-07-30,2016-02-25,2016-02-25,32020,,,17361,0,72892002,4217975,,0,Otite média não supurativa
4265,613,0,2014-06-12,2014-06-12,,,32020,,,17341,0,162864005,4060985,,0,IMC 30+ - obesidade
4266,613,260139,2014-05-31,2014-05-31,2014-06-14,2014-06-14,32020,,,17336,0,10509002,260139,,0,Bronquite aguda
4267,613,4217975,2012-11-08,2012-11-08,2013-05-23,2013-05-23,32020,,,17339,0,72892002,4217975,,0,Otite média não supurativa
4268,613,316866,2002-06-13,2002-06-13,,,32020,,,17343,0,38341003,316866,,0,Hipertensão arterial
4269,613,0,2001-09-13,2001-09-13,,,32020,,,17369,0,429007001,4324181,,0,Histórico de infarto
4270,613,321042,2001-09-13,2001-09-13,,,32020,,,17369,0,410429000,321042,,0,Parada cardíaca
4271,614,81151,2017-09-21,2017-09-21,2017-10-05,2017-10-05,32020,,,17384,0,44465007,81151,,0,Entorse de tornozelo
4272,614,40481087,2016-03-19,2016-03-19,2016-04-02,2016-04-02,32020,,,17387,0,444814009,40481087,,0,Infecção viral das vias aéreas superiores
4273,614,4112343,2015-08-08,2015-08-08,2015-08-21,2015-08-21,32020,,,17388,0,195662009,4112343,,0,Faringite viral aguda
4274,614,375671,2010-05-31,2010-05-31,2010-07-30,2010-07-30,32020,,,17381,0,62564004,375671,,0,Concussão sem perda de consciência
4275,614,0,2009-08-21,2009-08-21,,,32020,,,17389,0,162864005,4060985,,0,IMC 30+ - obesidade
4276,614,257012,1984-04-22,1984-04-22,,,32020,,,17382,0,40055000,257012,,0,Sinusite crônica
4277,615,40481087,2012-12-20,2012-12-20,2013-01-10,2013-01-10,32020,,,17390,0,444814009,40481087,,0,Infecção viral das vias aéreas superiores
4278,615,4112343,2011-04-13,2011-04-13,2011-04-25,2011-04-25,32020,,,17395,0,195662009,4112343,,0,Faringite viral aguda
4279,616,40481087,2017-10-01,2017-10-01,2017-10-08,2017-10-08,32020,,,17416,0,444814009,40481087,,0,Infecção viral das vias aéreas superiores
4280,616,4155034,2015-09-15,2015-09-15,2015-09-29,2015-09-29,32020,,,17407,0,283371005,4155034,,0,Laceração de antebraço
4281,616,40481087,2013-10-31,2013-10-31,2013-11-14,2013-11-14,32020,,,17403,0,444814009,40481087,,0,Infecção viral das vias aéreas superiores
4282,616,40481087,2011-08-15,2011-08-15,2011-09-05,2011-09-05,32020,,,17406,0,444814009,40481087,,0,Infecção viral das vias aéreas superiores
4283,616,0,1995-03-19,1995-03-19,,,32020,,,17413,0,408512008,4256640,,0,Alcoolismo relatado pelo paciente
4284,616,0,1976-03-28,1976-03-28,,,32020,,,17411,0,162864005,4060985,,0,IMC 30+ - obesidade
4285,617,40481087,2018-04-24,2018-04-24,2018-05-15,2018-05-15,32020,,,17426,0,444814009,40481087,,0,Infecção viral das vias aéreas superiores
4286,617,78272,2016-11-01,2016-11-01,2016-12-06,2016-12-06,32020,,,17437,0,70704007,78272,,0,Entorse de punho
4287,617,4112343,2015-05-11,2015-05-11,2015-05-24,2015-05-24,32020,,,17444,0,195662009,4112343,,0,Faringite viral aguda
4288,617,40481087,2015-04-10,2015-04-10,2015-05-01,2015-05-01,32020,,,17420,0,444814009,40481087,,0,Infecção viral das vias aéreas superiores
4289,617,78272,2012-05-12,2012-05-12,2012-05-26,2012-05-26,32020,,,17436,0,70704007,78272,,0,Entorse de punho
4290,617,0,1998-09-13,1998-09-13,,,32020,,,17425,0,162864005,4060985,,0,IMC 30+ - obesidade
4291,617,432867,1998-09-13,1998-09-13,,,32020,,,17425,0,55822004,432867,,0,Hiperlipidemia
4292,617,316866,1975-03-02,1975-03-02,,,32020,,,17452,0,38341003,316866,,0,Hipertensão arterial
4293,618,260139,2010-01-25,2010-01-25,2010-02-08,2010-02-08,32020,,,17456,0,10509002,260139,,0,Bronquite aguda
4294,618,257012,2004-10-09,2004-10-09,,,32020,,,17461,0,40055000,257012,,0,Sinusite crônica
4295,618,0,2002-05-30,2002-05-30,,,32020,,,17457,0,162864005,4060985,,0,IMC 30+ - obesidade
4296,618,0,1985-11-24,1985-11-24,,,32020,,,17464,0,428251008,4323208,,0,Histórico de apendicectomia
4297,618,440448,1985-11-24,1985-11-24,,,32020,,,17462,0,74400008,440448,,0,Apendicite
4298,619,378001,2017-10-31,2017-10-31,2017-12-30,2017-12-30,32020,,,17512,0,62106007,378001,,0,Concussão com perda de consciência
4299,619,4116491,2011-09-28,2011-09-28,2011-11-03,2011-11-03,32020,,,17465,0,301011002,4116491,,0,Infecção do trato urinário por E. coli
4300,619,4217975,2010-03-23,2010-03-23,2010-11-09,2010-11-09,32020,,,17502,0,72892002,4217975,,0,Otite média não supurativa
4301,619,40481087,2009-08-25,2009-08-25,2009-09-01,2009-09-01,32020,,,17481,0,444814009,40481087,,0,Infecção viral das vias aéreas superiores
4302,619,4311629,2006-12-19,2006-12-19,,,32020,,,17510,0,15777000,40316773,,0,Pré-diabetes
4303,620,0,2017-04-18,2017-04-18,,,32020,,,17575,0,399211009,4163874,,0,Histórico de infarto do miocárdio
4304,620,4329847,2017-04-18,2017-04-18,,,32020,,,17575,0,22298006,4329847,,0,Infarto do miocárdio
4305,620,4217975,2016-11-01,2016-11-01,,,32020,,,17547,0,72892002,4217975,,0,Otite média não supurativa
4306,620,0,2015-09-22,2015-09-22,,,32020,,,17532,0,408512008,4256640,,0,Alcoolismo relatado pelo paciente
4307,620,317576,2015-09-22,2015-09-22,,,32020,,,17532,0,53741008,317576,,0,Doença arterial coronariana
4308,620,4217975,2013-08-06,2013-08-06,2014-03-11,2014-03-11,32020,,,17558,0,72892002,4217975,,0,Otite média não supurativa
4309,620,4217975,2011-05-31,2011-05-31,2012-01-03,2012-01-03,32020,,,17581,0,72892002,4217975,,0,Otite média não supurativa
4310,620,4217975,2009-06-02,2009-06-02,2009-12-29,2009-12-29,32020,,,17540,0,72892002,4217975,,0,Otite média não supurativa
4311,620,4217975,2009-01-20,2009-01-20,2009-02-03,2009-02-03,32020,,,17552,0,72892002,4217975,,0,Otite média não supurativa
4312,620,4262136,2008-09-16,2008-09-16,2008-09-30,2008-09-30,32020,,,17542,0,35999006,4262136,,0,Cegueira
4313,620,4217975,2008-09-16,2008-09-16,2008-09-30,2008-09-30,32020,,,17542,0,72892002,4217975,,0,Otite média não supurativa
4314,620,4217975,2005-11-15,2005-11-15,2005-11-29,2005-11-29,32020,,,17586,0,72892002,4217975,,0,Otite média não supurativa
4315,620,4078393,2002-06-04,2002-06-04,,,32020,,,17591,0,19169002,4078393,,0,Aborto espontâneo na gravidez
4316,620,4217975,2002-06-04,2002-06-04,2002-06-11,2002-06-11,32020,,,17591,0,72892002,4217975,,0,Otite média não supurativa
4317,620,4217975,2001-05-15,2001-05-15,2001-05-29,2001-05-29,32020,,,17528,0,72892002,4217975,,0,Otite média não supurativa
4318,620,439777,2000-07-19,2000-07-19,,,32020,,,17550,0,271737000,439777,,0,Anemia
4319,620,0,1994-08-16,1994-08-16,,,32020,,,17535,0,162864005,4060985,,0,IMC 30+ - obesidade
4320,621,40481087,2015-05-20,2015-05-20,2015-06-03,2015-06-03,32020,,,17595,0,444814009,40481087,,0,Infecção viral das vias aéreas superiores
4321,621,378419,2014-03-19,2014-03-19,,,32020,,,17602,0,26929004,378419,,0,Doença de Alzheimer
4322,621,257012,2005-11-27,2005-11-27,,,32020,,,17601,0,40055000,257012,,0,Sinusite crônica
4323,621,4311629,1990-04-25,1990-04-25,,,32020,,,17611,0,15777000,40316773,,0,Pré-diabetes
4324,621,0,1985-03-23,1985-03-23,,,32020,,,17594,0,428251008,4323208,,0,Histórico de apendicectomia
4325,621,440448,1985-03-23,1985-03-23,,,32020,,,17596,0,74400008,440448,,0,Apendicite
4326,621,4166224,1985-03-23,1985-03-23,,,32020,,,17596,0,47693006,4166224,,0,Ruptura de apêndice
4327,621,0,1950-03-29,1950-03-29,,,32020,,,17604,0,408512008,4256640,,0,Alcoolismo relatado pelo paciente
4328,621,0,1948-03-17,1948-03-17,,,32020,,,17612,0,162864005,4060985,,0,IMC 30+ - obesidade
4329,622,4156265,2018-03-05,2018-03-05,2018-03-26,2018-03-26,32020,,,17618,0,370247008,4156265,,0,Lesão facial
4330,622,40481087,2016-03-30,2016-03-30,2016-04-20,2016-04-20,32020,,,17617,0,444814009,40481087,,0,Infecção viral das vias aéreas superiores
4331,622,40481087,2014-06-23,2014-06-23,2014-06-30,2014-06-30,32020,,,17624,0,444814009,40481087,,0,Infecção viral das vias aéreas superiores
4332,622,40481087,2014-04-10,2014-04-10,2014-04-17,2014-04-17,32020,,,17620,0,444814009,40481087,,0,Infecção viral das vias aéreas superiores
4333,622,40481087,2013-11-26,2013-11-26,2013-12-03,2013-12-03,32020,,,17615,0,444814009,40481087,,0,Infecção viral das vias aéreas superiores
4334,622,40481087,2013-03-08,2013-03-08,2013-03-22,2013-03-22,32020,,,17619,0,444814009,40481087,,0,Infecção viral das vias aéreas superiores
4335,622,260139,2009-06-24,2009-06-24,2009-07-08,2009-07-08,32020,,,17623,0,10509002,260139,,0,Bronquite aguda
4336,622,316866,2006-04-08,2006-04-08,,,32020,,,17616,0,38341003,316866,,0,Hipertensão arterial
4337,622,257012,1994-04-18,1994-04-18,,,32020,,,17621,0,40055000,257012,,0,Sinusite crônica
4338,623,40481087,2015-06-19,2015-06-19,2015-07-10,2015-07-10,32020,,,17630,0,444814009,40481087,,0,Infecção viral das vias aéreas superiores
4339,623,257012,2013-07-27,2013-07-27,,,32020,,,17646,0,40055000,257012,,0,Sinusite crônica
4340,623,4283893,2013-06-22,2013-06-22,2013-10-19,2013-10-19,32020,,,17626,0,36971009,4283893,,0,Sinusite
4341,623,381316,2004-03-15,2004-03-15,,,32020,,,17650,0,230690007,381316,,0,Acidente vascular cerebral
4342,623,4078393,1997-02-03,1997-02-03,,,32020,,,17644,0,19169002,4078393,,0,Aborto espontâneo na gravidez
4343,623,4311629,1986-12-01,1986-12-01,,,32020,,,17639,0,15777000,40316773,,0,Pré-diabetes
4344,623,316866,1982-11-22,1982-11-22,,,32020,,,17635,0,38341003,316866,,0,Hipertensão arterial
4345,623,0,1977-10-24,1977-10-24,,,32020,,,17631,0,162864005,4060985,,0,IMC 30+ - obesidade
4346,624,40481087,2018-08-01,2018-08-01,2018-08-08,2018-08-08,32020,,,17658,0,444814009,40481087,,0,Infecção viral das vias aéreas superiores
4347,624,4109685,2018-07-18,2018-07-18,2018-08-01,2018-08-01,32020,,,17668,0,284551006,4109685,,0,Laceração de pé
4348,624,4112343,2014-01-19,2014-01-19,2014-01-29,2014-01-29,32020,,,17652,0,195662009,4112343,,0,Faringite viral aguda
4349,624,4237458,2010-10-28,2010-10-28,2010-11-27,2010-11-27,32020,,,17663,0,58150001,4237458,,0,Fratura de clavícula
4350,624,378001,2009-09-03,2009-09-03,2009-10-03,2009-10-03,32020,,,17664,0,62106007,378001,,0,Concussão com perda de consciência
4351,625,260139,2015-07-29,2015-07-29,2015-08-12,2015-08-12,32020,,,17679,0,10509002,260139,,0,Bronquite aguda
4352,625,0,2001-10-09,2001-10-09,,,32020,,,17693,0,162864005,4060985,,0,IMC 30+ - obesidade
4353,625,4078393,1992-12-29,1992-12-29,,,32020,,,17692,0,19169002,4078393,,0,Aborto espontâneo na gravidez
4354,625,436096,1990-03-08,1990-03-08,,,32020,,,17701,0,82423001,436096,,0,Dor crônica
4355,626,0,2016-06-11,2016-06-11,,,32020,,,17732,0,399211009,4163874,,0,Histórico de infarto do miocárdio
4356,626,4329847,2016-06-11,2016-06-11,,,32020,,,17732,0,22298006,4329847,,0,Infarto do miocárdio
4357,626,40481087,2014-12-02,2014-12-02,2014-12-09,2014-12-09,32020,,,17737,0,444814009,40481087,,0,Infecção viral das vias aéreas superiores
4358,626,40481087,2014-08-08,2014-08-08,2014-08-29,2014-08-29,32020,,,17741,0,444814009,40481087,,0,Infecção viral das vias aéreas superiores
4359,626,4112343,2011-05-01,2011-05-01,2011-05-14,2011-05-14,32020,,,17736,0,195662009,4112343,,0,Faringite viral aguda
4360,626,317576,2010-11-13,2010-11-13,,,32020,,,17743,0,53741008,317576,,0,Doença arterial coronariana
4361,626,40480160,2010-07-17,2010-07-17,2010-08-16,2010-08-16,32020,,,17727,0,443165006,40480160,,0,Faringite aguda
4362,626,4278672,2010-07-17,2010-07-17,2010-08-16,2010-08-16,32020,,,17727,0,65966004,4278672,,0,Fratura do fêmur
4363,626,80502,2006-04-22,2006-04-22,,,32020,,,17745,0,64859006,80502,,0,Osteoporose
4364,626,199076,1985-08-24,1985-08-24,,,32020,,,17747,0,79586000,199076,,0,Gravidez tubária
4365,626,4078393,1984-05-05,1984-05-05,,,32020,,,17739,0,19169002,4078393,,0,Aborto espontâneo na gravidez
4366,626,4079749,1979-04-08,1979-04-08,,,32020,,,17728,0,239872002,4079749,,0,Osteoartrite do quadril
4367,626,0,1970-02-28,1970-02-28,,,32020,,,17742,0,162864005,4060985,,0,IMC 30+ - obesidade
4368,626,316866,1954-06-12,1954-06-12,,,32020,,,17731,0,38341003,316866,,0,Hipertensão arterial
4369,626,380378,1947-04-16,1947-04-16,,,32020,,,17746,0,84757009,380378,,0,Epilepsia
4370,626,0,1947-04-16,1947-04-16,,,32020,,,17746,0,703151001,45766064,,0,Histórico de artroplastia de joelho
4371,626,4029498,1947-04-16,1947-04-16,,,32020,,,17746,0,128613002,4029498,,0,Transtorno convulsivo
4372,626,4048171,1939-04-25,1939-04-25,,,32020,,,17733,0,232353008,4048171,,0,Perfuração do tímpano
4373,627,4294548,2002-07-29,2002-07-29,2002-08-12,2002-08-12,32020,,,17766,0,75498004,4294548,,0,Infecção bacteriana aguda
4374,627,260139,2001-01-21,2001-01-21,2001-02-04,2001-02-04,32020,,,17802,0,10509002,260139,,0,Bronquite aguda
4375,627,40481087,1995-07-23,1995-07-23,1995-07-30,1995-07-30,32020,,,17789,0,444814009,40481087,,0,Infecção viral das vias aéreas superiores
4376,627,378419,1994-02-25,1994-02-25,,,32020,,,17796,0,26929004,378419,,0,Doença de Alzheimer
4377,627,40481087,1993-02-05,1993-02-05,1993-02-26,1993-02-26,32020,,,17772,0,444814009,40481087,,0,Infecção viral das vias aéreas superiores
4378,627,381316,1989-09-08,1989-09-08,,,32020,,,17787,0,230690007,381316,,0,Acidente vascular cerebral
4379,627,37017023,1982-05-15,1982-05-15,,,32020,,,17749,0,713197008,37017023,,0,Fibrose cística recorrente
4380,627,4285898,1981-02-19,1981-02-19,,,32020,,,17773,0,68496003,4285898,,0,Pólipo do cólon
4381,627,432867,1959-03-20,1959-03-20,,,32020,,,17803,0,55822004,432867,,0,Hiperlipidemia
4382,627,4311629,1945-09-28,1945-09-28,,,32020,,,17804,0,15777000,40316773,,0,Pré-diabetes
4383,627,316866,1929-03-22,1929-03-22,,,32020,,,17819,0,38341003,316866,,0,Hipertensão arterial
4384,627,0,1926-02-21,1926-02-21,,,32020,,,17817,0,428251008,4323208,,0,Histórico de apendicectomia
4385,627,440448,1926-02-21,1926-02-21,,,32020,,,17765,0,74400008,440448,,0,Apendicite
4386,627,4166224,1926-02-21,1926-02-21,,,32020,,,17765,0,47693006,4166224,,0,Ruptura de apêndice
4387,628,4146173,2018-01-23,2018-01-23,2018-03-31,2018-03-31,32020,,,17828,0,307731004,4146173,,0,Fibrilação atrial de início recente
4388,629,4120314,2017-10-18,2017-10-18,,,32020,,,17841,0,302870006,4120314,,0,Hipertrigliceridemia
4389,629,40481087,2017-05-05,2017-05-05,2017-05-12,2017-05-12,32020,,,17852,0,444814009,40481087,,0,Infecção viral das vias aéreas superiores
4390,629,4112343,2016-03-28,2016-03-28,2016-04-04,2016-04-04,32020,,,17847,0,195662009,4112343,,0,Faringite viral aguda
4391,629,201826,2014-10-15,2014-10-15,,,32020,,,17834,0,44054006,201826,,0,Diabetes mellitus tipo 2
4392,629,316866,2014-10-15,2014-10-15,,,32020,,,17834,0,38341003,316866,,0,Hipertensão arterial
4393,629,4217975,2014-04-30,2014-04-30,2014-05-14,2014-05-14,32020,,,17831,0,72892002,4217975,,0,Otite média não supurativa
4394,629,260139,2011-10-04,2011-10-04,2011-10-18,2011-10-18,32020,,,17833,0,10509002,260139,,0,Bronquite aguda
4395,629,40481087,2011-04-23,2011-04-23,2011-04-30,2011-04-30,32020,,,17850,0,444814009,40481087,,0,Infecção viral das vias aéreas superiores
4396,629,40318618,2009-02-18,2009-02-18,2009-03-04,2009-03-04,32020,,,17848,0,156073000,40318618,,0,Obesidade
4397,629,4078393,2009-02-18,2009-02-18,,,32020,,,17848,0,19169002,4078393,,0,Aborto espontâneo na gravidez
4398,629,4217975,2009-02-18,2009-02-18,2009-03-04,2009-03-04,32020,,,17848,0,72892002,4217975,,0,Otite média não supurativa
4399,629,439777,2006-06-15,2006-06-15,,,32020,,,17849,0,271737000,439777,,0,Anemia
4400,630,0,2008-08-13,2008-08-13,,,32020,,,17856,0,48333001,4168004,,0,Queimadura de primeiro grau
4401,630,0,2006-03-18,2006-03-18,,,32020,,,17868,0,408512008,4256640,,0,Alcoolismo relatado pelo paciente
4402,630,260139,2004-03-04,2004-03-04,2004-03-18,2004-03-18,32020,,,17859,0,10509002,260139,,0,Bronquite aguda
4403,630,0,1990-05-05,1990-05-05,,,32020,,,17858,0,162864005,4060985,,0,IMC 30+ - obesidade
4404,630,257012,1974-02-18,1974-02-18,,,32020,,,17855,0,40055000,257012,,0,Sinusite crônica
4405,631,4109685,2017-08-15,2017-08-15,2017-09-05,2017-09-05,32020,,,17886,0,284551006,4109685,,0,Laceração de pé
4406,631,4112343,2017-08-07,2017-08-07,2017-08-17,2017-08-17,32020,,,17883,0,195662009,4112343,,0,Faringite viral aguda
4407,631,4112343,2017-06-27,2017-06-27,2017-07-04,2017-07-04,32020,,,17874,0,195662009,4112343,,0,Faringite viral aguda
4408,631,78272,2016-08-22,2016-08-22,2016-09-19,2016-09-19,32020,,,17887,0,70704007,78272,,0,Entorse de punho
4409,631,4142905,2012-09-12,2012-09-12,2012-11-11,2012-11-11,32020,,,17871,0,33737001,4142905,,0,Fratura de rádio
4410,631,4112343,2012-02-13,2012-02-13,2012-02-22,2012-02-22,32020,,,17878,0,195662009,4112343,,0,Faringite viral aguda
4411,631,28060,2010-10-08,2010-10-08,2010-10-19,2010-10-19,32020,,,17884,0,43878008,28060,,0,Faringite estreptocócica
4412,631,40481087,2010-07-30,2010-07-30,2010-08-13,2010-08-13,32020,,,17870,0,444814009,40481087,,0,Infecção viral das vias aéreas superiores
4413,631,372328,2009-06-14,2009-06-14,2010-04-13,2010-04-13,32020,,,17882,0,65363002,372328,,0,Otite média
4414,632,260139,2018-12-11,2018-12-11,2018-12-25,2018-12-25,32020,,,17907,0,10509002,260139,,0,Bronquite aguda
4415,632,378001,2015-12-15,2015-12-15,2016-01-14,2016-01-14,32020,,,17905,0,62106007,378001,,0,Concussão com perda de consciência
4416,632,432867,2012-10-16,2012-10-16,,,32020,,,17894,0,55822004,432867,,0,Hiperlipidemia
4417,632,0,2010-07-13,2010-07-13,,,32020,,,17906,0,162864005,4060985,,0,IMC 30+ - obesidade
4418,632,0,2001-10-05,2001-10-05,,,32020,,,17900,0,428251008,4323208,,0,Histórico de apendicectomia
4419,632,440448,2001-10-05,2001-10-05,,,32020,,,17892,0,74400008,440448,,0,Apendicite
4420,632,4078393,1995-01-24,1995-01-24,,,32020,,,17895,0,19169002,4078393,,0,Aborto espontâneo na gravidez
4421,634,28060,2012-10-23,2012-10-23,2012-11-02,2012-11-02,32020,,,17917,0,43878008,28060,,0,Faringite estreptocócica
4422,634,40481087,2010-03-01,2010-03-01,2010-03-22,2010-03-22,32020,,,17940,0,444814009,40481087,,0,Infecção viral das vias aéreas superiores
4423,634,4055754,1991-01-06,1991-01-06,,,32020,,,17918,0,196416002,4055754,,0,Esofagite por refluxo
4424,634,43530652,1990-06-12,1990-06-12,,,32020,,,17952,0,124171000119105,43530652,,0,Nefropatia diabética crônica
4425,634,436096,1990-04-06,1990-04-06,,,32020,,,17920,0,82423001,436096,,0,Dor crônica
4426,634,4311629,1988-05-07,1988-05-07,,,32020,,,17914,0,15777000,40316773,,0,Pré-diabetes
4427,634,257012,1970-06-28,1970-06-28,,,32020,,,17953,0,40055000,257012,,0,Sinusite crônica
4428,635,4285898,2018-07-31,2018-07-31,,,32020,,,17974,0,68496003,4285898,,0,Pólipo do cólon
4429,635,40480160,2018-06-28,2018-06-28,2018-08-27,2018-08-27,32020,,,17976,0,443165006,40480160,,0,Faringite aguda
4430,635,4230399,2018-06-28,2018-06-28,2018-08-27,2018-08-27,32020,,,17976,0,359817006,4230399,,0,Doença renal crônica estágio 2
4431,635,260139,2017-09-29,2017-09-29,2017-10-06,2017-10-06,32020,,,17978,0,10509002,260139,,0,Bronquite aguda
4432,635,40481087,2016-03-27,2016-03-27,2016-04-03,2016-04-03,32020,,,17983,0,444814009,40481087,,0,Infecção viral das vias aéreas superiores
4433,635,260139,2012-06-03,2012-06-03,2012-06-10,2012-06-10,32020,,,17979,0,10509002,260139,,0,Bronquite aguda
4434,635,40481087,2011-12-26,2011-12-26,2012-01-09,2012-01-09,32020,,,17985,0,444814009,40481087,,0,Infecção viral das vias aéreas superiores
4435,635,40481087,2009-09-17,2009-09-17,2009-10-01,2009-10-01,32020,,,17962,0,444814009,40481087,,0,Infecção viral das vias aéreas superiores
4436,635,80502,2008-10-01,2008-10-01,,,32020,,,17969,0,64859006,80502,,0,Osteoporose
4437,635,257012,2004-03-27,2004-03-27,,,32020,,,17963,0,40055000,257012,,0,Sinusite crônica
4438,635,436096,2003-03-31,2003-03-31,,,32020,,,17984,0,82423001,436096,,0,Dor crônica
4439,635,4311629,1996-08-28,1996-08-28,,,32020,,,17968,0,15777000,40316773,,0,Pré-diabetes
4440,635,0,1988-08-10,1988-08-10,,,32020,,,17980,0,162864005,4060985,,0,IMC 30+ - obesidade
4441,635,4078393,1983-01-26,1983-01-26,,,32020,,,17972,0,19169002,4078393,,0,Aborto espontâneo na gravidez
4442,636,4112343,2018-11-25,2018-11-25,2018-12-06,2018-12-06,32020,,,18017,0,195662009,4112343,,0,Faringite viral aguda
4443,636,4217975,2018-02-27,2018-02-27,2018-10-02,2018-10-02,32020,,,17994,0,72892002,4217975,,0,Otite média não supurativa
4444,636,137613,2017-08-01,2017-08-01,2017-08-22,2017-08-22,32020,,,18046,0,198992004,137613,,0,Pré-eclâmpsia leve
4445,636,4217975,2017-01-17,2017-01-17,2017-08-22,2017-08-22,32020,,,18001,0,72892002,4217975,,0,Otite média não supurativa
4446,636,257012,2015-12-20,2015-12-20,,,32020,,,18009,0,40055000,257012,,0,Sinusite crônica
4447,636,4217975,2015-11-24,2015-11-24,2015-12-15,2015-12-15,32020,,,17992,0,72892002,4217975,,0,Otite média não supurativa
4448,636,4294548,2015-11-08,2015-11-08,2016-03-20,2016-03-20,32020,,,18060,0,75498004,4294548,,0,Infecção bacteriana aguda
4449,636,4217975,2012-01-17,2012-01-17,2012-08-21,2012-08-21,32020,,,18012,0,72892002,4217975,,0,Otite média não supurativa
4450,636,260139,2011-05-05,2011-05-05,2011-05-12,2011-05-12,32020,,,18044,0,10509002,260139,,0,Bronquite aguda
4451,636,316866,2005-03-01,2005-03-01,,,32020,,,18037,0,38341003,316866,,0,Hipertensão arterial
4452,637,40481087,2013-03-10,2013-03-10,2013-03-24,2013-03-24,32020,,,18090,0,444814009,40481087,,0,Infecção viral das vias aéreas superiores
4453,637,79740,2009-11-18,2009-11-18,2012-03-22,2012-03-22,32020,,,18083,0,109838007,79740,,0,Carcinoma de cólon
4454,637,4285898,2009-11-10,2009-11-10,,,32020,,,18082,0,68496003,4285898,,0,Pólipo do cólon
4455,637,4285898,2003-11-17,2003-11-17,2004-11-11,2004-11-11,32020,,,18095,0,68496003,4285898,,0,Pólipo do cólon
4456,637,4285898,1992-10-25,1992-10-25,1993-11-19,1993-11-19,32020,,,18071,0,68496003,4285898,,0,Pólipo do cólon
4457,637,75036,1986-10-14,1986-10-14,,,32020,,,18096,0,201834006,75036,,0,Dermatite perioral
4458,637,4311629,1983-06-26,1983-06-26,,,32020,,,18072,0,15777000,40316773,,0,Pré-diabetes
4459,637,0,1977-02-13,1977-02-13,,,32020,,,18068,0,162864005,4060985,,0,IMC 30+ - obesidade
4460,637,257012,1948-12-23,1948-12-23,,,32020,,,18093,0,40055000,257012,,0,Sinusite crônica
4461,638,0,1986-05-19,1986-05-19,,,32020,,,18105,0,429007001,4324181,,0,Histórico de infarto
4462,638,321042,1986-05-19,1986-05-19,,,32020,,,18105,0,410429000,321042,,0,Parada cardíaca
4463,638,40481087,1984-10-18,1984-10-18,1984-11-08,1984-11-08,32020,,,18123,0,444814009,40481087,,0,Infecção viral das vias aéreas superiores
4464,638,4112343,1983-10-31,1983-10-31,1983-11-13,1983-11-13,32020,,,18112,0,195662009,4112343,,0,Faringite viral aguda
4465,638,40481087,1982-07-04,1982-07-04,1982-07-25,1982-07-25,32020,,,18107,0,444814009,40481087,,0,Infecção viral das vias aéreas superiores
4466,638,40481087,1981-07-20,1981-07-20,1981-08-03,1981-08-03,32020,,,18106,0,444814009,40481087,,0,Infecção viral das vias aéreas superiores
4467,638,40481087,1981-06-06,1981-06-06,1981-06-13,1981-06-13,32020,,,18114,0,444814009,40481087,,0,Infecção viral das vias aéreas superiores
4468,638,317576,1980-12-22,1980-12-22,,,32020,,,18103,0,53741008,317576,,0,Doença arterial coronariana
4469,638,4112343,1979-10-09,1979-10-09,1979-10-18,1979-10-18,32020,,,18116,0,195662009,4112343,,0,Faringite viral aguda
4470,638,4229440,1976-07-31,1976-07-31,,,32020,,,18130,0,88805009,4229440,,0,Cardiomiopatia isquêmica crônica
4471,638,80502,1968-10-14,1968-10-14,,,32020,,,18108,0,64859006,80502,,0,Osteoporose
4472,638,0,1949-03-14,1949-03-14,,,32020,,,18128,0,408512008,4256640,,0,Alcoolismo relatado pelo paciente
4473,638,0,1948-08-09,1948-08-09,,,32020,,,18120,0,428251008,4323208,,0,Histórico de apendicectomia
4474,638,440448,1948-08-09,1948-08-09,,,32020,,,18133,0,74400008,440448,,0,Apendicite
4475,638,4166224,1948-08-09,1948-08-09,,,32020,,,18133,0,47693006,4166224,,0,Ruptura de apêndice
4476,638,439777,1936-08-10,1936-08-10,,,32020,,,18104,0,271737000,439777,,0,Anemia
4477,638,0,1934-04-30,1934-04-30,,,32020,,,18121,0,162864005,4060985,,0,IMC 30+ - obesidade
4478,638,4078393,1932-12-26,1932-12-26,,,32020,,,18122,0,19169002,4078393,,0,Aborto espontâneo na gravidez
4479,639,372328,2016-09-23,2016-09-23,2018-10-09,2018-10-09,32020,,,18138,0,65363002,372328,,0,Otite média
4480,639,40481087,2010-10-18,2010-10-18,2010-11-08,2010-11-08,32020,,,18137,0,444814009,40481087,,0,Infecção viral das vias aéreas superiores
4481,640,4112343,2017-08-21,2017-08-21,2017-08-31,2017-08-31,32020,,,18172,0,195662009,4112343,,0,Faringite viral aguda
4482,640,260139,2013-11-18,2013-11-18,2013-11-25,2013-11-25,32020,,,18170,0,10509002,260139,,0,Bronquite aguda
4483,640,4218389,2012-02-01,2012-02-01,2012-03-07,2012-03-07,32020,,,18194,0,39848009,4218389,,0,Lesão em chicote do pescoço
4484,640,81151,2009-03-04,2009-03-04,2009-03-18,2009-03-18,32020,,,18195,0,44465007,81151,,0,Entorse de tornozelo
4485,640,0,2008-03-05,2008-03-05,,,32020,,,18152,0,162864005,4060985,,0,IMC 30+ - obesidade
4486,640,4208104,1997-09-08,1997-09-08,,,32020,,,18196,0,55680006,4208104,,0,Overdose de droga
4487,640,257012,1991-06-04,1991-06-04,,,32020,,,18183,0,40055000,257012,,0,Sinusite crônica
4488,640,43530652,1990-12-16,1990-12-16,,,32020,,,18150,0,124171000119105,43530652,,0,Nefropatia diabética crônica
4489,640,436096,1990-03-25,1990-03-25,,,32020,,,18151,0,82423001,436096,,0,Dor crônica
4490,640,4055754,1990-02-02,1990-02-02,,,32020,,,18184,0,196416002,4055754,,0,Esofagite por refluxo
4491,640,4280726,1975-05-23,1975-05-23,,,32020,,,18162,0,367498001,4280726,,0,Gripe sazonal
4492,641,260139,2017-07-11,2017-07-11,2017-07-25,2017-07-25,32020,,,18207,0,10509002,260139,,0,Bronquite aguda
4493,641,40481087,2015-06-20,2015-06-20,2015-07-04,2015-07-04,32020,,,18210,0,444814009,40481087,,0,Infecção viral das vias aéreas superiores
4494,641,0,1971-07-02,1971-07-02,,,32020,,,18212,0,408512008,4256640,,0,Alcoolismo relatado pelo paciente
4495,641,0,1956-02-10,1956-02-10,,,32020,,,18206,0,162864005,4060985,,0,IMC 30+ - obesidade
4496,641,257012,1949-10-10,1949-10-10,,,32020,,,18214,0,40055000,257012,,0,Sinusite crônica
4497,641,4078393,1946-03-01,1946-03-01,,,32020,,,18204,0,19169002,4078393,,0,Aborto espontâneo na gravidez
4498,642,40481087,2017-09-05,2017-09-05,2017-09-26,2017-09-26,32020,,,18230,0,444814009,40481087,,0,Infecção viral das vias aéreas superiores
4499,642,40481087,2017-07-09,2017-07-09,2017-07-30,2017-07-30,32020,,,18234,0,444814009,40481087,,0,Infecção viral das vias aéreas superiores
4500,642,260139,2015-11-15,2015-11-15,2015-11-29,2015-11-29,32020,,,18220,0,10509002,260139,,0,Bronquite aguda
4501,642,378419,2014-08-21,2014-08-21,,,32020,,,18219,0,26929004,378419,,0,Doença de Alzheimer
4502,642,4112343,2014-05-21,2014-05-21,2014-05-30,2014-05-30,32020,,,18241,0,195662009,4112343,,0,Faringite viral aguda
4503,642,260139,2013-11-11,2013-11-11,2013-11-25,2013-11-25,32020,,,18225,0,10509002,260139,,0,Bronquite aguda
4504,642,40481087,2009-11-26,2009-11-26,2009-12-10,2009-12-10,32020,,,18227,0,444814009,40481087,,0,Infecção viral das vias aéreas superiores
4505,642,4285898,2004-03-14,2004-03-14,,,32020,,,18237,0,68496003,4285898,,0,Pólipo do cólon
4506,642,4055754,2003-05-01,2003-05-01,,,32020,,,18239,0,196416002,4055754,,0,Esofagite por refluxo
4507,642,0,1993-06-17,1993-06-17,,,32020,,,18233,0,408512008,4256640,,0,Alcoolismo relatado pelo paciente
4508,642,0,1977-11-17,1977-11-17,,,32020,,,18217,0,162864005,4060985,,0,IMC 30+ - obesidade
4509,643,4180790,1993-09-01,1993-09-01,,,32020,,,18264,0,363406005,4180790,,0,Neoplasia maligna do cólon
4510,643,4341247,1993-08-25,1993-08-25,,,32020,,,18242,0,236077008,4341247,,0,Prostatite crônica
4511,643,4245614,1993-08-25,1993-08-25,,,32020,,,18242,0,6072007,4245614,,0,Prolapso de válvula mitral
4512,643,40481087,1991-05-18,1991-05-18,1991-06-01,1991-06-01,32020,,,18247,0,444814009,40481087,,0,Infecção viral das vias aéreas superiores
4513,643,0,1982-09-23,1982-09-23,,,32020,,,18263,0,162864005,4060985,,0,IMC 30+ - obesidade
4514,644,4059173,2015-12-22,2015-12-22,2016-02-20,2016-02-20,32020,,,18278,0,16114001,4059173,,0,Fratura de tornozelo
4515,644,260139,2014-03-28,2014-03-28,2014-04-04,2014-04-04,32020,,,18269,0,10509002,260139,,0,Bronquite aguda
4516,644,375671,2012-05-11,2012-05-11,2012-07-10,2012-07-10,32020,,,18282,0,62564004,375671,,0,Concussão sem perda de consciência
4517,644,40318618,2010-09-01,2010-09-01,2010-09-08,2010-09-08,32020,,,18289,0,156073000,40318618,,0,Obesidade
4518,644,4078393,2010-09-01,2010-09-01,,,32020,,,18289,0,19169002,4078393,,0,Aborto espontâneo na gravidez
4519,644,4217975,2010-09-01,2010-09-01,2010-09-08,2010-09-08,32020,,,18289,0,72892002,4217975,,0,Otite média não supurativa
4520,644,4217975,2009-10-07,2009-10-07,2010-04-21,2010-04-21,32020,,,18273,0,72892002,4217975,,0,Otite média não supurativa
4521,644,4311629,2002-09-25,2002-09-25,,,32020,,,18267,0,15777000,40316773,,0,Pré-diabetes
4522,644,316866,2002-09-25,2002-09-25,,,32020,,,18267,0,38341003,316866,,0,Hipertensão arterial
4523,645,255848,1996-06-18,1996-06-18,,,32020,,,18308,0,233604007,255848,,0,Pneumonia
4524,645,381316,1992-09-25,1992-09-25,,,32020,,,18317,0,230690007,381316,,0,Acidente vascular cerebral
4525,645,4285898,1990-11-25,1990-11-25,1992-04-18,1992-04-18,32020,,,18303,0,68496003,4285898,,0,Pólipo do cólon
4526,645,378419,1987-09-04,1987-09-04,,,32020,,,18305,0,26929004,378419,,0,Doença de Alzheimer
4527,645,260139,1987-02-03,1987-02-03,1987-02-10,1987-02-10,32020,,,18304,0,10509002,260139,,0,Bronquite aguda
4528,645,80502,1971-01-29,1971-01-29,,,32020,,,18302,0,64859006,80502,,0,Osteoporose
4529,645,257012,1970-03-31,1970-03-31,,,32020,,,18314,0,40055000,257012,,0,Sinusite crônica
4530,645,75036,1961-11-19,1961-11-19,,,32020,,,18300,0,201834006,75036,,0,Dermatite perioral
4531,645,4311629,1948-01-02,1948-01-02,,,32020,,,18312,0,15777000,40316773,,0,Pré-diabetes
4532,645,4078393,1935-05-31,1935-05-31,,,32020,,,18299,0,19169002,4078393,,0,Aborto espontâneo na gravidez
4533,646,4217975,2016-03-22,2016-03-22,2016-10-25,2016-10-25,32020,,,18335,0,72892002,4217975,,0,Otite média não supurativa
4534,646,4112343,2014-07-10,2014-07-10,2014-07-19,2014-07-19,32020,,,18342,0,195662009,4112343,,0,Faringite viral aguda
4535,646,260139,2014-01-30,2014-01-30,2014-02-13,2014-02-13,32020,,,18328,0,10509002,260139,,0,Bronquite aguda
4536,646,40481087,2011-09-18,2011-09-18,2011-10-09,2011-10-09,32020,,,18339,0,444814009,40481087,,0,Infecção viral das vias aéreas superiores
4537,646,81151,2011-03-29,2011-03-29,2011-04-26,2011-04-26,32020,,,18346,0,44465007,81151,,0,Entorse de tornozelo
4538,646,28060,2009-11-21,2009-11-21,2009-11-29,2009-11-29,32020,,,18323,0,43878008,28060,,0,Faringite estreptocócica
4539,647,4059173,2017-03-23,2017-03-23,2017-04-22,2017-04-22,32020,,,18372,0,16114001,4059173,,0,Fratura de tornozelo
4540,647,40481087,2011-12-26,2011-12-26,2012-01-09,2012-01-09,32020,,,18358,0,444814009,40481087,,0,Infecção viral das vias aéreas superiores
4541,647,4296204,2010-12-20,2010-12-20,2011-01-24,2011-01-24,32020,,,18382,0,403190006,4296204,,0,Queimadura solar de primeiro grau
4542,647,260139,2010-08-09,2010-08-09,2010-08-23,2010-08-23,32020,,,18375,0,10509002,260139,,0,Bronquite aguda
4543,647,432867,2003-05-24,2003-05-24,,,32020,,,18348,0,55822004,432867,,0,Hiperlipidemia
4544,647,4311629,1988-05-21,1988-05-21,,,32020,,,18366,0,15777000,40316773,,0,Pré-diabetes
4545,647,4079750,1985-05-01,1985-05-01,,,32020,,,18354,0,239873007,4079750,,0,Osteoartrite do joelho
4546,647,0,1977-08-20,1977-08-20,,,32020,,,18370,0,162864005,4060985,,0,IMC 30+ - obesidade
4547,648,40481087,2013-10-18,2013-10-18,2013-11-08,2013-11-08,32020,,,18388,0,444814009,40481087,,0,Infecção viral das vias aéreas superiores
4548,648,260139,2011-07-22,2011-07-22,2011-07-29,2011-07-29,32020,,,18397,0,10509002,260139,,0,Bronquite aguda
4549,648,4280726,2000-08-08,2000-08-08,2016-08-06,2016-08-06,32020,,,18396,0,367498001,4280726,,0,Gripe sazonal
4550,649,260139,2018-10-14,2018-10-14,2018-10-28,2018-10-28,32020,,,18408,0,10509002,260139,,0,Bronquite aguda
4551,649,40481087,2016-06-02,2016-06-02,2016-06-16,2016-06-16,32020,,,18414,0,444814009,40481087,,0,Infecção viral das vias aéreas superiores
4552,649,40481087,2013-09-17,2013-09-17,2013-10-08,2013-10-08,32020,,,18415,0,444814009,40481087,,0,Infecção viral das vias aéreas superiores
4553,649,4051466,2012-09-30,2012-09-30,,,32020,,,18417,0,233678006,4051466,,0,Asma na infância
4554,649,4280726,2012-09-30,2012-09-30,,,32020,,,18417,0,367498001,4280726,,0,Gripe sazonal
4555,649,4084167,2011-10-19,2011-10-19,2011-10-19,2011-10-19,32020,,,18418,0,241929008,4084167,,0,Reação alérgica a alimento
4556,649,4112343,2011-06-24,2011-06-24,2011-07-05,2011-07-05,32020,,,18424,0,195662009,4112343,,0,Faringite viral aguda
4557,650,40481087,2018-12-30,2018-12-30,,,32020,,,18446,0,444814009,40481087,,0,Infecção viral das vias aéreas superiores
4558,650,81151,2015-04-29,2015-04-29,2015-06-03,2015-06-03,32020,,,18507,0,44465007,81151,,0,Entorse de tornozelo
4559,650,80502,2008-12-29,2008-12-29,,,32020,,,18512,0,64859006,80502,,0,Osteoporose
4560,650,37016354,1990-01-29,1990-01-29,,,32020,,,18479,0,368581000119106,37016354,,0,Neuropatia por diabetes tipo 2
4561,650,43530656,1990-01-29,1990-01-29,,,32020,,,18479,0,1551000119108,43530656,,0,Retinopatia diabética não proliferativa
4562,650,4226121,1990-01-29,1990-01-29,,,32020,,,18479,0,422034002,4226121,,0,Retinopatia diabética proliferativa
4563,650,45769905,1990-01-29,1990-01-29,,,32020,,,18479,0,90781000119102,45769905,,0,Doença renal crônica por diabetes
4564,650,443601,1990-01-29,1990-01-29,,,32020,,,18479,0,431856006,443601,,0,Doença renal crônica estágio 4
4565,650,4311629,1990-01-29,1990-01-29,,,32020,,,18479,0,15777000,40316773,,0,Pré-diabetes
4566,650,192279,1974-03-04,1974-03-04,,,32020,,,18477,0,127013003,192279,,0,Nefropatia diabética
4567,650,443614,1974-03-04,1974-03-04,,,32020,,,18477,0,431855005,443614,,0,Doença renal crônica estágio 1
4568,650,436940,1974-03-04,1974-03-04,,,32020,,,18477,0,237602007,436940,,0,Síndrome metabólica
4569,650,4120314,1974-03-04,1974-03-04,,,32020,,,18477,0,302870006,4120314,,0,Hipertrigliceridemia
4570,650,201826,1971-03-01,1971-03-01,,,32020,,,18448,0,44054006,201826,,0,Diabetes mellitus tipo 2
4571,650,4152280,1968-02-12,1968-02-12,,,32020,,,18436,0,370143000,4152280,,0,Transtorno depressivo maior
4572,650,40481087,1954-02-26,1954-02-26,1954-03-05,1954-03-05,32020,,,18505,0,444814009,40481087,,0,Infecção viral das vias aéreas superiores
4573,650,40481087,1953-02-09,1953-02-09,1953-02-23,1953-02-23,32020,,,18506,0,444814009,40481087,,0,Infecção viral das vias aéreas superiores
4574,652,40481087,2010-07-14,2010-07-14,2010-07-21,2010-07-21,32020,,,18534,0,444814009,40481087,,0,Infecção viral das vias aéreas superiores
4575,652,80502,1996-12-29,1996-12-29,,,32020,,,18527,0,64859006,80502,,0,Osteoporose
4576,652,257012,1988-12-27,1988-12-27,,,32020,,,18529,0,40055000,257012,,0,Sinusite crônica
4577,652,4056621,1984-02-03,1984-02-03,,,32020,,,18542,0,197927001,4056621,,0,Uretrite recorrente
4578,652,381316,1983-10-16,1983-10-16,,,32020,,,18536,0,230690007,381316,,0,Acidente vascular cerebral
4579,652,4311629,1982-06-27,1982-06-27,,,32020,,,18536,0,15777000,40316773,,0,Pré-diabetes
4580,652,0,1973-06-10,1973-06-10,,,32020,,,18530,0,162864005,4060985,,0,IMC 30+ - obesidade
4581,653,4146173,2016-03-03,2016-03-03,2016-05-02,2016-05-02,32020,,,18556,0,307731004,4146173,,0,Fibrilação atrial de início recente
4582,653,81151,2011-07-07,2011-07-07,2011-07-28,2011-07-28,32020,,,18553,0,44465007,81151,,0,Entorse de tornozelo
4583,653,372328,2009-10-15,2009-10-15,2009-12-28,2009-12-28,32020,,,18555,0,65363002,372328,,0,Otite média
4584,654,4278672,2018-10-29,2018-10-29,2018-12-28,2018-12-28,32020,,,18567,0,65966004,4278672,,0,Fratura do fêmur
4585,654,4112343,2016-10-24,2016-10-24,2016-11-06,2016-11-06,32020,,,18590,0,195662009,4112343,,0,Faringite viral aguda
4586,654,432867,1996-08-06,1996-08-06,,,32020,,,18594,0,55822004,432867,,0,Hiperlipidemia
4587,654,0,1988-08-02,1988-08-02,,,32020,,,18588,0,408512008,4256640,,0,Alcoolismo relatado pelo paciente
4588,654,0,1971-06-29,1971-06-29,,,32020,,,18591,0,162864005,4060985,,0,IMC 30+ - obesidade
4589,656,40481087,2018-01-17,2018-01-17,2018-02-07,2018-02-07,32020,,,18655,0,444814009,40481087,,0,Infecção viral das vias aéreas superiores
4590,656,260139,2017-09-08,2017-09-08,2017-09-22,2017-09-22,32020,,,18666,0,10509002,260139,,0,Bronquite aguda
4591,656,40481087,2016-07-12,2016-07-12,2016-07-19,2016-07-19,32020,,,18639,0,444814009,40481087,,0,Infecção viral das vias aéreas superiores
4592,656,4112343,2014-08-12,2014-08-12,2014-08-19,2014-08-19,32020,,,18646,0,195662009,4112343,,0,Faringite viral aguda
4593,656,40481087,2011-03-14,2011-03-14,2011-04-04,2011-04-04,32020,,,18630,0,444814009,40481087,,0,Infecção viral das vias aéreas superiores
4594,656,0,2002-02-09,2002-02-09,,,32020,,,18610,0,162864005,4060985,,0,IMC 30+ - obesidade
4595,656,4208104,1998-04-19,1998-04-19,,,32020,,,18624,0,55680006,4208104,,0,Overdose de droga
4596,656,4055754,1990-12-13,1990-12-13,,,32020,,,18613,0,196416002,4055754,,0,Esofagite por refluxo
4597,656,43530652,1990-10-09,1990-10-09,,,32020,,,18633,0,124171000119105,43530652,,0,Nefropatia diabética crônica
4598,656,436096,1990-06-20,1990-06-20,,,32020,,,18645,0,82423001,436096,,0,Dor crônica
4599,656,316866,1989-01-21,1989-01-21,,,32020,,,18664,0,38341003,316866,,0,Hipertensão arterial
4600,657,4217975,2018-07-18,2018-07-18,,,32020,,,18671,0,72892002,4217975,,0,Otite média não supurativa
4601,657,40481087,2017-12-30,2017-12-30,2018-01-13,2018-01-13,32020,,,18672,0,444814009,40481087,,0,Infecção viral das vias aéreas superiores
4602,657,4112343,2014-08-04,2014-08-04,2014-08-17,2014-08-17,32020,,,18670,0,195662009,4112343,,0,Faringite viral aguda
4603,657,316866,2013-11-27,2013-11-27,,,32020,,,18675,0,38341003,316866,,0,Hipertensão arterial
4604,657,4217975,2013-02-27,2013-02-27,2013-10-09,2013-10-09,32020,,,18674,0,72892002,4217975,,0,Otite média não supurativa
4605,657,40481087,2012-11-13,2012-11-13,2012-11-20,2012-11-20,32020,,,18683,0,444814009,40481087,,0,Infecção viral das vias aéreas superiores
4606,657,260139,2012-05-27,2012-05-27,2012-06-03,2012-06-03,32020,,,18704,0,10509002,260139,,0,Bronquite aguda
4607,657,40481087,2011-04-03,2011-04-03,2011-04-17,2011-04-17,32020,,,18691,0,444814009,40481087,,0,Infecção viral das vias aéreas superiores
4608,657,4112343,2010-11-08,2010-11-08,2010-11-21,2010-11-21,32020,,,18701,0,195662009,4112343,,0,Faringite viral aguda
4609,658,260139,2014-02-25,2014-02-25,2014-03-11,2014-03-11,32020,,,18719,0,10509002,260139,,0,Bronquite aguda
4610,658,4156265,2009-11-14,2009-11-14,2009-12-05,2009-12-05,32020,,,18733,0,370247008,4156265,,0,Lesão facial
4611,658,432867,2000-01-25,2000-01-25,,,32020,,,18708,0,55822004,432867,,0,Hiperlipidemia
4612,658,0,1994-09-27,1994-09-27,,,32020,,,18711,0,408512008,4256640,,0,Alcoolismo relatado pelo paciente
4613,658,0,1975-02-18,1975-02-18,,,32020,,,18726,0,162864005,4060985,,0,IMC 30+ - obesidade
4614,658,316866,1971-02-09,1971-02-09,,,32020,,,18737,0,38341003,316866,,0,Hipertensão arterial
4615,658,4048171,1956-09-22,1956-09-22,,,32020,,,18738,0,232353008,4048171,,0,Perfuração do tímpano
4616,659,40481087,2017-03-07,2017-03-07,2017-03-21,2017-03-21,32020,,,18756,0,444814009,40481087,,0,Infecção viral das vias aéreas superiores
4617,659,40481087,2014-09-22,2014-09-22,2014-10-13,2014-10-13,32020,,,18750,0,444814009,40481087,,0,Infecção viral das vias aéreas superiores
4618,659,40481087,2010-08-29,2010-08-29,2010-09-05,2010-09-05,32020,,,18759,0,444814009,40481087,,0,Infecção viral das vias aéreas superiores
4619,659,81151,2010-07-31,2010-07-31,2010-08-28,2010-08-28,32020,,,18749,0,44465007,81151,,0,Entorse de tornozelo
4620,659,0,2004-05-23,2004-05-23,,,32020,,,18753,0,428251008,4323208,,0,Histórico de apendicectomia
4621,659,440448,2004-05-23,2004-05-23,,,32020,,,18754,0,74400008,440448,,0,Apendicite
4622,660,0,2000-01-22,2000-01-22,,,32020,,,18766,0,399211009,4163874,,0,Histórico de infarto do miocárdio
4623,660,4329847,2000-01-22,2000-01-22,,,32020,,,18766,0,22298006,4329847,,0,Infarto do miocárdio
4624,660,260139,1999-06-07,1999-06-07,1999-06-21,1999-06-21,32020,,,18764,0,10509002,260139,,0,Bronquite aguda
4625,660,4311629,1993-04-24,1993-04-24,,,32020,,,18763,0,15777000,40316773,,0,Pré-diabetes
4626,660,81151,1993-03-21,1993-03-21,1993-04-18,1993-04-18,32020,,,18760,0,44465007,81151,,0,Entorse de tornozelo
4627,660,4112343,1992-06-08,1992-06-08,1992-06-19,1992-06-19,32020,,,18768,0,195662009,4112343,,0,Faringite viral aguda
4628,660,40481087,1992-03-30,1992-03-30,1992-04-13,1992-04-13,32020,,,18772,0,444814009,40481087,,0,Infecção viral das vias aéreas superiores
4629,660,317576,1987-04-18,1987-04-18,,,32020,,,18761,0,53741008,317576,,0,Doença arterial coronariana
4630,661,4134304,2018-07-23,2018-07-23,2018-10-21,2018-10-21,32020,,,18778,0,263102004,4134304,,0,Ruptura de menisco
4631,661,40481087,2016-11-02,2016-11-02,2016-11-09,2016-11-09,32020,,,18784,0,444814009,40481087,,0,Infecção viral das vias aéreas superiores
4632,661,4113008,2016-07-12,2016-07-12,2016-08-02,2016-08-02,32020,,,18791,0,284549007,4113008,,0,Laceração de mão
4633,661,4152936,2015-05-28,2015-05-28,2015-06-18,2015-06-18,32020,,,18782,0,283385000,4152936,,0,Laceração de ombro
4634,661,40481087,2012-08-10,2012-08-10,2012-08-17,2012-08-17,32020,,,18781,0,444814009,40481087,,0,Infecção viral das vias aéreas superiores
4635,661,40479768,2011-03-13,2011-03-13,2011-05-19,2011-05-19,32020,,,18786,0,444470001,40479768,,0,Lesão do nervo ulnar
4636,661,4294548,2009-05-28,2009-05-28,2009-06-18,2009-06-18,32020,,,18789,0,75498004,4294548,,0,Infecção bacteriana aguda
4637,662,40481087,2013-04-12,2013-04-12,2013-04-19,2013-04-19,32020,,,18803,0,444814009,40481087,,0,Infecção viral das vias aéreas superiores
4638,662,81151,2012-11-09,2012-11-09,2012-12-07,2012-12-07,32020,,,18794,0,44465007,81151,,0,Entorse de tornozelo
4639,662,0,1998-07-11,1998-07-11,,,32020,,,18799,0,162864005,4060985,,0,IMC 30+ - obesidade
4640,662,316866,1982-06-19,1982-06-19,,,32020,,,18798,0,38341003,316866,,0,Hipertensão arterial
4641,663,4311629,2016-11-27,2016-11-27,,,32020,,,18826,0,15777000,40316773,,0,Pré-diabetes
4642,663,4262136,2016-09-11,2016-09-11,2016-09-18,2016-09-18,32020,,,18809,0,35999006,4262136,,0,Cegueira
4643,663,4078393,2016-09-11,2016-09-11,,,32020,,,18809,0,19169002,4078393,,0,Aborto espontâneo na gravidez
4644,663,4217975,2016-09-11,2016-09-11,2016-09-18,2016-09-18,32020,,,18809,0,72892002,4217975,,0,Otite média não supurativa
4645,663,4112343,2016-06-23,2016-06-23,2016-07-04,2016-07-04,32020,,,18816,0,195662009,4112343,,0,Faringite viral aguda
4646,663,4217975,2015-08-30,2015-08-30,2015-09-13,2015-09-13,32020,,,18823,0,72892002,4217975,,0,Otite média não supurativa
4647,663,4217975,2012-05-06,2012-05-06,2012-12-23,2012-12-23,32020,,,18822,0,72892002,4217975,,0,Otite média não supurativa
4648,664,260139,2004-12-24,2004-12-24,2005-01-07,2005-01-07,32020,,,18836,0,10509002,260139,,0,Bronquite aguda
4649,664,4294548,2002-09-09,2002-09-09,2003-05-26,2003-05-26,32020,,,18950,0,75498004,4294548,,0,Infecção bacteriana aguda
4650,664,79740,2001-03-12,2001-03-12,,,32020,,,18936,0,109838007,79740,,0,Carcinoma de cólon
4651,664,37017023,2001-03-08,2001-03-08,,,32020,,,18858,0,713197008,37017023,,0,Fibrose cística recorrente
4652,664,4285898,2000-02-12,2000-02-12,,,32020,,,18897,0,68496003,4285898,,0,Pólipo do cólon
4653,664,260139,1999-07-24,1999-07-24,1999-08-07,1999-08-07,32020,,,18887,0,10509002,260139,,0,Bronquite aguda
4654,664,4208104,1999-03-08,1999-03-08,,,32020,,,18886,0,55680006,4208104,,0,Overdose de droga
4655,664,4217975,1996-06-22,1996-06-22,1997-01-25,1997-01-25,32020,,,18932,0,72892002,4217975,,0,Otite média não supurativa
4656,664,436096,1990-10-01,1990-10-01,,,32020,,,18958,0,82423001,436096,,0,Dor crônica
4657,664,257012,1990-08-31,1990-08-31,,,32020,,,18843,0,40055000,257012,,0,Sinusite crônica
4658,664,43530652,1990-03-07,1990-03-07,,,32020,,,18905,0,124171000119105,43530652,,0,Nefropatia diabética crônica
4659,664,0,1989-10-28,1989-10-28,,,32020,,,18847,0,162864005,4060985,,0,IMC 30+ - obesidade
4660,664,4079749,1984-02-03,1984-02-03,,,32020,,,18851,0,239872002,4079749,,0,Osteoartrite do quadril
4661,665,4059173,2014-01-31,2014-01-31,2014-04-01,2014-04-01,32020,,,18977,0,16114001,4059173,,0,Fratura de tornozelo
4662,665,40481087,2013-09-12,2013-09-12,2013-10-03,2013-10-03,32020,,,18973,0,444814009,40481087,,0,Infecção viral das vias aéreas superiores
4663,665,372328,2012-11-07,2012-11-07,2013-06-13,2013-06-13,32020,,,18972,0,65363002,372328,,0,Otite média
4664,665,260139,2009-08-27,2009-08-27,2009-09-10,2009-09-10,32020,,,18981,0,10509002,260139,,0,Bronquite aguda
4665,665,4112343,2009-07-28,2009-07-28,2009-08-10,2009-08-10,32020,,,18964,0,195662009,4112343,,0,Faringite viral aguda
4666,666,4217975,2018-05-06,2018-05-06,2018-12-09,2018-12-09,32020,,,19016,0,72892002,4217975,,0,Otite média não supurativa
4667,666,4217975,2016-08-28,2016-08-28,2017-04-09,2017-04-09,32020,,,19014,0,72892002,4217975,,0,Otite média não supurativa
4668,666,4112343,2016-08-18,2016-08-18,2016-08-27,2016-08-27,32020,,,18995,0,195662009,4112343,,0,Faringite viral aguda
4669,666,4146173,2014-10-02,2014-10-02,2014-12-01,2014-12-01,32020,,,19010,0,307731004,4146173,,0,Fibrilação atrial de início recente
4670,666,260139,2013-08-19,2013-08-19,2013-08-26,2013-08-26,32020,,,19007,0,10509002,260139,,0,Bronquite aguda
4671,666,40481087,2012-07-29,2012-07-29,2012-08-05,2012-08-05,32020,,,19013,0,444814009,40481087,,0,Infecção viral das vias aéreas superiores
4672,666,4155034,2011-10-27,2011-10-27,2011-11-17,2011-11-17,32020,,,19011,0,283371005,4155034,,0,Laceração de antebraço
4673,667,4217975,2018-06-30,2018-06-30,,,32020,,,19047,0,72892002,4217975,,0,Otite média não supurativa
4674,667,40481087,2018-06-02,2018-06-02,2018-06-16,2018-06-16,32020,,,19050,0,444814009,40481087,,0,Infecção viral das vias aéreas superiores
4675,667,4217975,2017-04-15,2017-04-15,2017-11-25,2017-11-25,32020,,,19056,0,72892002,4217975,,0,Otite média não supurativa
4676,667,4296204,2014-02-01,2014-02-01,2014-02-22,2014-02-22,32020,,,19051,0,403190006,4296204,,0,Queimadura solar de primeiro grau
4677,668,4152936,2018-09-23,2018-09-23,2018-10-14,2018-10-14,32020,,,19062,0,283385000,4152936,,0,Laceração de ombro
4678,668,28060,2017-12-13,2017-12-13,2017-12-23,2017-12-23,32020,,,19065,0,43878008,28060,,0,Faringite estreptocócica
4679,668,40481087,2017-01-31,2017-01-31,2017-02-14,2017-02-14,32020,,,19068,0,444814009,40481087,,0,Infecção viral das vias aéreas superiores
4680,668,4155034,2014-11-22,2014-11-22,2014-12-13,2014-12-13,32020,,,19072,0,283371005,4155034,,0,Laceração de antebraço
4681,668,40481087,2014-06-17,2014-06-17,2014-07-08,2014-07-08,32020,,,19066,0,444814009,40481087,,0,Infecção viral das vias aéreas superiores
4682,668,28060,2014-04-22,2014-04-22,2014-04-29,2014-04-29,32020,,,19063,0,43878008,28060,,0,Faringite estreptocócica
4683,668,40481087,2013-09-28,2013-09-28,2013-10-12,2013-10-12,32020,,,19071,0,444814009,40481087,,0,Infecção viral das vias aéreas superiores
4684,668,4218389,2012-10-28,2012-10-28,2012-12-02,2012-12-02,32020,,,19084,0,39848009,4218389,,0,Lesão em chicote do pescoço
4685,669,40481087,2017-11-01,2017-11-01,2017-11-08,2017-11-08,32020,,,19104,0,444814009,40481087,,0,Infecção viral das vias aéreas superiores
4686,669,40481087,2017-07-14,2017-07-14,2017-07-28,2017-07-28,32020,,,19117,0,444814009,40481087,,0,Infecção viral das vias aéreas superiores
4687,669,4134304,2017-05-08,2017-05-08,2017-06-07,2017-06-07,32020,,,19092,0,263102004,4134304,,0,Ruptura de menisco
4688,669,260139,2016-07-22,2016-07-22,2016-07-29,2016-07-29,32020,,,19099,0,10509002,260139,,0,Bronquite aguda
4689,669,4217975,2015-01-09,2015-01-09,2015-08-07,2015-08-07,32020,,,19115,0,72892002,4217975,,0,Otite média não supurativa
4690,669,4112343,2014-03-19,2014-03-19,2014-03-26,2014-03-26,32020,,,19109,0,195662009,4112343,,0,Faringite viral aguda
4691,669,4217975,2012-06-29,2012-06-29,2013-01-25,2013-01-25,32020,,,19093,0,72892002,4217975,,0,Otite média não supurativa
4692,669,40318618,2009-02-20,2009-02-20,2009-02-27,2009-02-27,32020,,,19110,0,156073000,40318618,,0,Obesidade
4693,669,4078393,2009-02-20,2009-02-20,,,32020,,,19110,0,19169002,4078393,,0,Aborto espontâneo na gravidez
4694,669,4217975,2009-02-20,2009-02-20,2009-02-27,2009-02-27,32020,,,19110,0,72892002,4217975,,0,Otite média não supurativa
4695,670,40481087,2018-01-16,2018-01-16,2018-02-06,2018-02-06,32020,,,19140,0,444814009,40481087,,0,Infecção viral das vias aéreas superiores
4696,670,80502,2013-12-14,2013-12-14,,,32020,,,19139,0,64859006,80502,,0,Osteoporose
4697,670,81151,2013-07-30,2013-07-30,2013-08-20,2013-08-20,32020,,,19127,0,44465007,81151,,0,Entorse de tornozelo
4698,670,4112343,2013-03-12,2013-03-12,2013-03-25,2013-03-25,32020,,,19125,0,195662009,4112343,,0,Faringite viral aguda
4699,670,43530652,2001-11-29,2001-11-29,,,32020,,,19141,0,124171000119105,43530652,,0,Nefropatia diabética crônica
4700,670,317576,1999-01-23,1999-01-23,,,32020,,,19142,0,53741008,317576,,0,Doença arterial coronariana
4701,670,381316,1988-12-17,1988-12-17,,,32020,,,19136,0,230690007,381316,,0,Acidente vascular cerebral
4702,670,4079750,1982-07-03,1982-07-03,,,32020,,,19131,0,239873007,4079750,,0,Osteoartrite do joelho
4703,670,4311629,1972-09-30,1972-09-30,,,32020,,,19133,0,15777000,40316773,,0,Pré-diabetes
4704,670,0,1963-09-21,1963-09-21,,,32020,,,19128,0,162864005,4060985,,0,IMC 30+ - obesidade
4705,670,316866,1952-02-09,1952-02-09,,,32020,,,19123,0,38341003,316866,,0,Hipertensão arterial
4706,672,40481087,2018-04-21,2018-04-21,2018-04-28,2018-04-28,32020,,,19168,0,444814009,40481087,,0,Infecção viral das vias aéreas superiores
4707,672,4112343,2017-03-11,2017-03-11,2017-03-18,2017-03-18,32020,,,19173,0,195662009,4112343,,0,Faringite viral aguda
4708,672,40481087,2015-02-21,2015-02-21,2015-02-28,2015-02-28,32020,,,19172,0,444814009,40481087,,0,Infecção viral das vias aéreas superiores
4709,672,260139,2013-02-15,2013-02-15,2013-03-01,2013-03-01,32020,,,19166,0,10509002,260139,,0,Bronquite aguda
4710,672,40481087,2011-05-31,2011-05-31,2011-06-07,2011-06-07,32020,,,19150,0,444814009,40481087,,0,Infecção viral das vias aéreas superiores
4711,672,4112343,2011-03-01,2011-03-01,2011-03-11,2011-03-11,32020,,,19156,0,195662009,4112343,,0,Faringite viral aguda
4712,673,4142905,2015-01-20,2015-01-20,2015-03-21,2015-03-21,32020,,,19174,0,33737001,4142905,,0,Fratura de rádio
4713,673,40481087,2013-09-12,2013-09-12,2013-09-26,2013-09-26,32020,,,19184,0,444814009,40481087,,0,Infecção viral das vias aéreas superiores
4714,673,4059173,2012-11-01,2012-11-01,2013-01-30,2013-01-30,32020,,,19188,0,16114001,4059173,,0,Fratura de tornozelo
4715,673,260139,2011-11-30,2011-11-30,2011-12-07,2011-12-07,32020,,,19192,0,10509002,260139,,0,Bronquite aguda
4716,673,4112343,2010-11-12,2010-11-12,2010-11-21,2010-11-21,32020,,,19195,0,195662009,4112343,,0,Faringite viral aguda
4717,673,40481087,2009-05-15,2009-05-15,2009-05-29,2009-05-29,32020,,,19185,0,444814009,40481087,,0,Infecção viral das vias aéreas superiores
4718,673,37017023,2000-04-23,2000-04-23,,,32020,,,19183,0,713197008,37017023,,0,Fibrose cística recorrente
4719,673,4285898,1999-03-30,1999-03-30,,,32020,,,19177,0,68496003,4285898,,0,Pólipo do cólon
4720,673,4079750,1995-03-18,1995-03-18,,,32020,,,19182,0,239873007,4079750,,0,Osteoartrite do joelho
4721,673,4078393,1991-06-27,1991-06-27,,,32020,,,19190,0,19169002,4078393,,0,Aborto espontâneo na gravidez
4722,673,0,1991-01-17,1991-01-17,,,32020,,,19191,0,408512008,4256640,,0,Alcoolismo relatado pelo paciente
4723,673,0,1972-12-14,1972-12-14,,,32020,,,19196,0,162864005,4060985,,0,IMC 30+ - obesidade
4724,675,137613,2017-04-25,2017-04-25,2017-05-23,2017-05-23,32020,,,19205,0,198992004,137613,,0,Pré-eclâmpsia leve
4725,675,4217975,2016-10-11,2016-10-11,2017-05-23,2017-05-23,32020,,,19263,0,72892002,4217975,,0,Otite média não supurativa
4726,675,4217975,2016-02-09,2016-02-09,2016-02-23,2016-02-23,32020,,,19288,0,72892002,4217975,,0,Otite média não supurativa
4727,675,0,2015-07-07,2015-07-07,,,32020,,,19238,0,162864005,4060985,,0,IMC 30+ - obesidade
4728,675,40481087,2015-07-02,2015-07-02,2015-07-23,2015-07-23,32020,,,19238,0,444814009,40481087,,0,Infecção viral das vias aéreas superiores
4729,675,4217975,2015-02-24,2015-02-24,2015-09-29,2015-09-29,32020,,,19244,0,72892002,4217975,,0,Otite média não supurativa
4730,675,4217975,2011-12-13,2011-12-13,2012-07-10,2012-07-10,32020,,,19219,0,72892002,4217975,,0,Otite média não supurativa
4731,675,4278672,2010-09-30,2010-09-30,2010-12-29,2010-12-29,32020,,,19210,0,65966004,4278672,,0,Fratura do fêmur
4732,675,40481087,2009-09-12,2009-09-12,2009-09-26,2009-09-26,32020,,,19209,0,444814009,40481087,,0,Infecção viral das vias aéreas superiores
4733,675,4208104,2005-07-23,2005-07-23,,,32020,,,19255,0,55680006,4208104,,0,Overdose de droga
4734,675,316866,2000-08-01,2000-08-01,,,32020,,,19270,0,38341003,316866,,0,Hipertensão arterial
4735,675,43530652,1997-02-11,1997-02-11,,,32020,,,19241,0,124171000119105,43530652,,0,Nefropatia diabética crônica
4736,675,4055754,1996-12-15,1996-12-15,,,32020,,,19230,0,196416002,4055754,,0,Esofagite por refluxo
4737,675,436096,1996-10-02,1996-10-02,,,32020,,,19280,0,82423001,436096,,0,Dor crônica
4738,676,81151,2017-06-14,2017-06-14,2017-06-28,2017-06-28,32020,,,19318,0,44465007,81151,,0,Entorse de tornozelo
4739,676,0,2014-02-21,2014-02-21,,,32020,,,19326,0,408512008,4256640,,0,Alcoolismo relatado pelo paciente
4740,676,40481087,2014-02-13,2014-02-13,2014-02-27,2014-02-27,32020,,,19297,0,444814009,40481087,,0,Infecção viral das vias aéreas superiores
4741,676,4217975,2012-11-02,2012-11-02,2013-06-07,2013-06-07,32020,,,19308,0,72892002,4217975,,0,Otite média não supurativa
4742,676,40481087,2012-04-05,2012-04-05,2012-04-19,2012-04-19,32020,,,19327,0,444814009,40481087,,0,Infecção viral das vias aéreas superiores
4743,676,137613,2010-02-05,2010-02-05,2010-02-19,2010-02-19,32020,,,19317,0,198992004,137613,,0,Pré-eclâmpsia leve
4744,676,4112343,2009-07-28,2009-07-28,2009-08-05,2009-08-05,32020,,,19299,0,195662009,4112343,,0,Faringite viral aguda
4745,676,4217975,2009-07-24,2009-07-24,2010-02-19,2010-02-19,32020,,,19324,0,72892002,4217975,,0,Otite média não supurativa
4746,676,316866,1998-09-25,1998-09-25,,,32020,,,19305,0,38341003,316866,,0,Hipertensão arterial
4747,676,0,1997-09-19,1997-09-19,,,32020,,,19296,0,162864005,4060985,,0,IMC 30+ - obesidade
4748,676,0,1993-02-19,1993-02-19,,,32020,,,19309,0,429007001,4324181,,0,Histórico de infarto
4749,676,321042,1993-02-19,1993-02-19,,,32020,,,19309,0,410429000,321042,,0,Parada cardíaca
4750,677,260139,1991-07-25,1991-07-25,1991-08-08,1991-08-08,32020,,,19338,0,10509002,260139,,0,Bronquite aguda
4751,677,380378,1991-03-30,1991-03-30,,,32020,,,19333,0,84757009,380378,,0,Epilepsia
4752,677,0,1991-03-30,1991-03-30,,,32020,,,19333,0,703151001,45766064,,0,Histórico de artroplastia de joelho
4753,677,4029498,1991-03-30,1991-03-30,,,32020,,,19333,0,128613002,4029498,,0,Transtorno convulsivo
4754,677,372328,1990-10-26,1990-10-26,1990-12-07,1990-12-07,32020,,,19332,0,65363002,372328,,0,Otite média
4755,678,4112343,2014-12-31,2014-12-31,2015-01-10,2015-01-10,32020,,,19358,0,195662009,4112343,,0,Faringite viral aguda
4756,678,81151,2012-07-02,2012-07-02,2012-08-06,2012-08-06,32020,,,19350,0,44465007,81151,,0,Entorse de tornozelo
4757,678,0,2010-05-12,2010-05-12,,,32020,,,19351,0,162864005,4060985,,0,IMC 30+ - obesidade
4758,678,40481087,2009-09-23,2009-09-23,2009-10-14,2009-10-14,32020,,,19354,0,444814009,40481087,,0,Infecção viral das vias aéreas superiores
4759,678,317576,1975-08-06,1975-08-06,,,32020,,,19347,0,53741008,317576,,0,Doença arterial coronariana
4760,680,378001,2015-12-27,2015-12-27,2016-01-26,2016-01-26,32020,,,19385,0,62106007,378001,,0,Concussão com perda de consciência
4761,680,78272,2014-10-28,2014-10-28,2014-12-02,2014-12-02,32020,,,19384,0,70704007,78272,,0,Entorse de punho
4762,680,40481087,2012-03-17,2012-03-17,2012-03-31,2012-03-31,32020,,,19382,0,444814009,40481087,,0,Infecção viral das vias aéreas superiores
4763,680,4112343,2010-11-20,2010-11-20,2010-11-29,2010-11-29,32020,,,19387,0,195662009,4112343,,0,Faringite viral aguda
4764,681,260139,2018-12-22,2018-12-22,2018-12-29,2018-12-29,32020,,,19422,0,10509002,260139,,0,Bronquite aguda
4765,681,4310703,2018-02-13,2018-02-13,,,32020,,,19413,0,424132000,4310703,,0,Carcinoma de células escamosas da pele
4766,681,4115276,2018-02-11,2018-02-11,,,32020,,,19406,0,254637007,4115276,,0,Câncer de pulmão não pequenas células
4767,681,0,2018-02-01,2018-02-01,,,32020,,,19398,0,162573006,4038238,,0,Suspeita de abuso de álcool
4768,681,260139,2016-04-14,2016-04-14,2016-04-28,2016-04-28,32020,,,19399,0,10509002,260139,,0,Bronquite aguda
4769,681,40481087,2015-07-08,2015-07-08,2015-07-22,2015-07-22,32020,,,19402,0,444814009,40481087,,0,Infecção viral das vias aéreas superiores
4770,681,200970,2013-01-30,2013-01-30,,,32020,,,19401,0,92691004,200970,,0,Carcinoma in situ de próstata
4771,681,4129902,2013-01-30,2013-01-30,,,32020,,,19401,0,126906006,4129902,,0,Neoplasia de bexiga
4772,681,0,2008-10-27,2008-10-27,,,32020,,,19407,0,428251008,4323208,,0,Histórico de apendicectomia
4773,681,440448,2008-10-27,2008-10-27,,,32020,,,19395,0,74400008,440448,,0,Apendicite
4774,681,4166224,2008-10-27,2008-10-27,,,32020,,,19395,0,47693006,4166224,,0,Ruptura de apêndice
4775,681,0,1947-11-11,1947-11-11,,,32020,,,19390,0,703151001,45766064,,0,Histórico de artroplastia de joelho
4776,681,4029498,1947-11-11,1947-11-11,,,32020,,,19390,0,128613002,4029498,,0,Transtorno convulsivo
4777,682,4278672,2018-11-30,2018-11-30,2018-12-30,2018-12-30,32020,,,19466,0,65966004,4278672,,0,Fratura do fêmur
4778,682,4217975,2018-03-25,2018-03-25,2018-10-28,2018-10-28,32020,,,19447,0,72892002,4217975,,0,Otite média não supurativa
4779,682,4311629,2016-01-31,2016-01-31,,,32020,,,19439,0,15777000,40316773,,0,Pré-diabetes
4780,682,40481087,2009-09-30,2009-09-30,2009-10-14,2009-10-14,32020,,,19435,0,444814009,40481087,,0,Infecção viral das vias aéreas superiores
4781,683,4311629,2008-10-20,2008-10-20,,,32020,,,19487,0,15777000,40316773,,0,Pré-diabetes
4782,683,4078393,1996-09-23,1996-09-23,,,32020,,,19492,0,19169002,4078393,,0,Aborto espontâneo na gravidez
4783,683,0,1984-11-05,1984-11-05,,,32020,,,19494,0,408512008,4256640,,0,Alcoolismo relatado pelo paciente
4784,683,0,1978-10-02,1978-10-02,,,32020,,,19489,0,162864005,4060985,,0,IMC 30+ - obesidade
4785,684,432867,2016-09-02,2016-09-02,,,32020,,,19508,0,55822004,432867,,0,Hiperlipidemia
4786,684,4311629,2015-08-28,2015-08-28,,,32020,,,19503,0,15777000,40316773,,0,Pré-diabetes
4787,684,4214376,2015-08-28,2015-08-28,,,32020,,,19503,0,80394007,4214376,,0,Hiperglicemia
4788,684,4112343,2015-03-09,2015-03-09,2015-03-22,2015-03-22,32020,,,19499,0,195662009,4112343,,0,Faringite viral aguda
4789,684,436940,2011-09-16,2011-09-16,,,32020,,,19507,0,237602007,436940,,0,Síndrome metabólica
4790,684,4120314,2011-09-16,2011-09-16,,,32020,,,19507,0,302870006,4120314,,0,Hipertrigliceridemia
4791,684,201826,2009-09-11,2009-09-11,,,32020,,,19500,0,44054006,201826,,0,Diabetes mellitus tipo 2
4792,684,316866,2009-09-11,2009-09-11,,,32020,,,19500,0,38341003,316866,,0,Hipertensão arterial
4793,684,257012,1968-01-24,1968-01-24,,,32020,,,19506,0,40055000,257012,,0,Sinusite crônica
4794,685,372328,2017-12-20,2017-12-20,2018-09-22,2018-09-22,32020,,,19520,0,65363002,372328,,0,Otite média
4795,685,28060,2016-01-01,2016-01-01,2016-01-10,2016-01-10,32020,,,19526,0,43878008,28060,,0,Faringite estreptocócica
4796,685,380378,2013-10-12,2013-10-12,,,32020,,,19522,0,84757009,380378,,0,Epilepsia
4797,685,0,2013-10-12,2013-10-12,,,32020,,,19522,0,703151001,45766064,,0,Histórico de artroplastia de joelho
4798,685,4029498,2013-10-12,2013-10-12,,,32020,,,19522,0,128613002,4029498,,0,Transtorno convulsivo
4799,686,4113008,2018-11-12,2018-11-12,2018-11-26,2018-11-26,32020,,,19540,0,284549007,4113008,,0,Laceração de mão
4800,686,4112343,2018-09-30,2018-09-30,2018-10-11,2018-10-11,32020,,,19527,0,195662009,4112343,,0,Faringite viral aguda
4801,686,28060,2016-07-29,2016-07-29,2016-08-07,2016-08-07,32020,,,19530,0,43878008,28060,,0,Faringite estreptocócica
4802,686,372328,2016-06-25,2016-06-25,2016-07-09,2016-07-09,32020,,,19534,0,65363002,372328,,0,Otite média
4803,686,40481087,2011-08-29,2011-08-29,2011-09-05,2011-09-05,32020,,,19543,0,444814009,40481087,,0,Infecção viral das vias aéreas superiores
4804,687,440086,2016-07-17,2016-07-17,,,32020,,,19561,0,192127007,440086,,0,Transtorno do espectro autista infantil
4805,687,378001,2016-05-08,2016-05-08,2016-07-07,2016-07-07,32020,,,19553,0,62106007,378001,,0,Concussão com perda de consciência
4806,687,4112343,2016-02-01,2016-02-01,2016-02-14,2016-02-14,32020,,,19563,0,195662009,4112343,,0,Faringite viral aguda
4807,687,28060,2013-12-05,2013-12-05,2013-12-12,2013-12-12,32020,,,19560,0,43878008,28060,,0,Faringite estreptocócica
4808,687,260139,2013-03-26,2013-03-26,2013-04-02,2013-04-02,32020,,,19549,0,10509002,260139,,0,Bronquite aguda
4809,687,40481087,2009-11-15,2009-11-15,2009-11-22,2009-11-22,32020,,,19565,0,444814009,40481087,,0,Infecção viral das vias aéreas superiores
4810,688,4112343,2015-03-11,2015-03-11,2015-03-18,2015-03-18,32020,,,19571,0,195662009,4112343,,0,Faringite viral aguda
4811,688,4112343,2012-07-11,2012-07-11,2012-07-21,2012-07-21,32020,,,19567,0,195662009,4112343,,0,Faringite viral aguda
4812,688,4112343,2011-10-03,2011-10-03,2011-10-12,2011-10-12,32020,,,19578,0,195662009,4112343,,0,Faringite viral aguda
4813,688,378001,2011-03-16,2011-03-16,2011-05-15,2011-05-15,32020,,,19586,0,62106007,378001,,0,Concussão com perda de consciência
4814,688,40481087,2009-05-11,2009-05-11,2009-05-18,2009-05-18,32020,,,19583,0,444814009,40481087,,0,Infecção viral das vias aéreas superiores
4815,688,0,2006-01-09,2006-01-09,,,32020,,,19585,0,399211009,4163874,,0,Histórico de infarto do miocárdio
4816,688,4329847,2006-01-09,2006-01-09,,,32020,,,19585,0,22298006,4329847,,0,Infarto do miocárdio
4817,688,317576,2005-11-14,2005-11-14,,,32020,,,19575,0,53741008,317576,,0,Doença arterial coronariana
4818,688,0,1983-08-15,1983-08-15,,,32020,,,19568,0,162864005,4060985,,0,IMC 30+ - obesidade
4819,688,316866,1962-07-30,1962-07-30,,,32020,,,19573,0,38341003,316866,,0,Hipertensão arterial
4820,689,4112343,2018-02-27,2018-02-27,2018-03-06,2018-03-06,32020,,,19607,0,195662009,4112343,,0,Faringite viral aguda
4821,689,4152936,2017-03-15,2017-03-15,2017-03-29,2017-03-29,32020,,,19595,0,283385000,4152936,,0,Laceração de ombro
4822,689,37017023,2017-02-28,2017-02-28,2018-06-23,2018-06-23,32020,,,19608,0,713197008,37017023,,0,Fibrose cística recorrente
4823,689,4285898,2015-12-06,2015-12-06,2018-06-23,2018-06-23,32020,,,19596,0,68496003,4285898,,0,Pólipo do cólon
4824,689,4112343,2015-04-02,2015-04-02,2015-04-13,2015-04-13,32020,,,19593,0,195662009,4112343,,0,Faringite viral aguda
4825,689,4294548,2014-12-20,2014-12-20,2015-01-10,2015-01-10,32020,,,19591,0,75498004,4294548,,0,Infecção bacteriana aguda
4826,689,40479422,2011-04-09,2011-04-09,2011-05-16,2011-05-16,32020,,,19602,0,444448004,40479422,,0,Neuropatia diabética
4827,689,260139,2009-03-08,2009-03-08,2009-03-22,2009-03-22,32020,,,19589,0,10509002,260139,,0,Bronquite aguda
4828,689,0,2006-08-08,2006-08-08,,,32020,,,19604,0,162864005,4060985,,0,IMC 30+ - obesidade
4829,690,260139,2017-04-25,2017-04-25,2017-05-02,2017-05-02,32020,,,19612,0,10509002,260139,,0,Bronquite aguda
4830,690,4311629,2016-12-11,2016-12-11,,,32020,,,19616,0,15777000,40316773,,0,Pré-diabetes
4831,690,4112343,2014-11-19,2014-11-19,2014-11-30,2014-11-30,32020,,,19613,0,195662009,4112343,,0,Faringite viral aguda
4832,690,0,2013-12-08,2013-12-08,,,32020,,,19611,0,162864005,4060985,,0,IMC 30+ - obesidade
4833,690,316866,2004-11-28,2004-11-28,,,32020,,,19614,0,38341003,316866,,0,Hipertensão arterial
4834,691,313217,2005-01-06,2005-01-06,,,32020,,,19628,0,49436004,313217,,0,Fibrilação atrial
4835,691,80502,1985-09-19,1985-09-19,,,32020,,,19632,0,64859006,80502,,0,Osteoporose
4836,691,4311629,1946-08-01,1946-08-01,,,32020,,,19617,0,15777000,40316773,,0,Pré-diabetes
4837,691,257012,1937-11-29,1937-11-29,,,32020,,,19630,0,40055000,257012,,0,Sinusite crônica
4838,691,0,1934-10-05,1934-10-05,,,32020,,,19618,0,428251008,4323208,,0,Histórico de apendicectomia
4839,691,440448,1934-10-05,1934-10-05,,,32020,,,19624,0,74400008,440448,,0,Apendicite
4840,692,0,2012-06-17,2012-06-17,,,32020,,,19639,0,399211009,4163874,,0,Histórico de infarto do miocárdio
4841,692,4329847,2012-06-17,2012-06-17,,,32020,,,19639,0,22298006,4329847,,0,Infarto do miocárdio
4842,692,40481087,2012-02-12,2012-02-12,2012-02-26,2012-02-26,32020,,,19640,0,444814009,40481087,,0,Infecção viral das vias aéreas superiores
4843,692,317576,2011-10-16,2011-10-16,,,32020,,,19641,0,53741008,317576,,0,Doença arterial coronariana
4844,692,4112343,2007-09-01,2007-09-01,2007-09-13,2007-09-13,32020,,,19643,0,195662009,4112343,,0,Faringite viral aguda
4845,692,260139,2003-09-22,2003-09-22,2003-09-29,2003-09-29,32020,,,19633,0,10509002,260139,,0,Bronquite aguda
4846,692,78272,2002-11-09,2002-11-09,2002-11-30,2002-11-30,32020,,,19637,0,70704007,78272,,0,Entorse de punho
4847,693,40481087,2017-01-22,2017-01-22,2017-02-12,2017-02-12,32020,,,19648,0,444814009,40481087,,0,Infecção viral das vias aéreas superiores
4848,693,40481087,2016-08-13,2016-08-13,2016-08-20,2016-08-20,32020,,,19646,0,444814009,40481087,,0,Infecção viral das vias aéreas superiores
4849,693,260139,2015-08-11,2015-08-11,2015-08-25,2015-08-25,32020,,,19645,0,10509002,260139,,0,Bronquite aguda
4850,694,260139,2015-02-14,2015-02-14,2015-02-21,2015-02-21,32020,,,19652,0,10509002,260139,,0,Bronquite aguda
4851,694,40481087,2013-06-30,2013-06-30,2013-07-21,2013-07-21,32020,,,19655,0,444814009,40481087,,0,Infecção viral das vias aéreas superiores
4852,695,40481087,2012-06-19,2012-06-19,2012-06-26,2012-06-26,32020,,,19671,0,444814009,40481087,,0,Infecção viral das vias aéreas superiores
4853,695,37395648,2010-10-10,2010-10-10,,,32020,,,19709,0,67811000119102,37395648,,0,Câncer de pulmão de pequenas células primário
4854,695,4110591,2010-10-09,2010-10-09,,,32020,,,19693,0,254632001,4110591,,0,Câncer de pulmão de pequenas células
4855,695,0,2010-09-25,2010-09-25,,,32020,,,19687,0,162573006,4038238,,0,Suspeita de abuso de álcool
4856,695,260139,2010-05-21,2010-05-21,2010-06-04,2010-06-04,32020,,,19711,0,10509002,260139,,0,Bronquite aguda
4857,695,260139,2008-12-18,2008-12-18,2008-12-25,2008-12-25,32020,,,19677,0,10509002,260139,,0,Bronquite aguda
4858,695,260139,2007-08-05,2007-08-05,2007-08-19,2007-08-19,32020,,,19665,0,10509002,260139,,0,Bronquite aguda
4859,695,4311629,2007-07-17,2007-07-17,,,32020,,,19689,0,15777000,40316773,,0,Pré-diabetes
4860,695,4285898,2006-07-11,2006-07-11,2007-08-05,2007-08-05,32020,,,19681,0,68496003,4285898,,0,Pólipo do cólon
4861,695,4079749,2005-06-28,2005-06-28,,,32020,,,19678,0,239872002,4079749,,0,Osteoartrite do quadril
4862,695,0,1991-12-10,1991-12-10,,,32020,,,19712,0,162864005,4060985,,0,IMC 30+ - obesidade
4863,696,378001,2017-12-10,2017-12-10,2018-01-09,2018-01-09,32020,,,19763,0,62106007,378001,,0,Concussão com perda de consciência
4864,696,4180790,2016-07-21,2016-07-21,2018-09-16,2018-09-16,32020,,,19740,0,363406005,4180790,,0,Neoplasia maligna do cólon
4865,696,37017023,2016-07-17,2016-07-17,,,32020,,,19762,0,713197008,37017023,,0,Fibrose cística recorrente
4866,696,4285898,2015-07-23,2015-07-23,,,32020,,,19722,0,68496003,4285898,,0,Pólipo do cólon
4867,696,432867,2001-08-27,2001-08-27,,,32020,,,19734,0,55822004,432867,,0,Hiperlipidemia
4868,696,0,1997-08-18,1997-08-18,,,32020,,,19720,0,408512008,4256640,,0,Alcoolismo relatado pelo paciente
4869,696,0,1981-07-27,1981-07-27,,,32020,,,19733,0,162864005,4060985,,0,IMC 30+ - obesidade
4870,696,4078393,1979-01-15,1979-01-15,,,32020,,,19737,0,19169002,4078393,,0,Aborto espontâneo na gravidez
4871,697,40481087,2018-04-30,2018-04-30,2018-05-21,2018-05-21,32020,,,19773,0,444814009,40481087,,0,Infecção viral das vias aéreas superiores
4872,697,4217975,2018-03-04,2018-03-04,2018-10-07,2018-10-07,32020,,,19779,0,72892002,4217975,,0,Otite média não supurativa
4873,697,78272,2016-08-30,2016-08-30,2016-09-20,2016-09-20,32020,,,19777,0,70704007,78272,,0,Entorse de punho
4874,697,375671,2013-05-18,2013-05-18,2013-07-17,2013-07-17,32020,,,19782,0,62564004,375671,,0,Concussão sem perda de consciência
4875,697,316866,2009-02-08,2009-02-08,,,32020,,,19765,0,38341003,316866,,0,Hipertensão arterial
4876,698,40481087,2018-06-25,2018-06-25,2018-07-09,2018-07-09,32020,,,19795,0,444814009,40481087,,0,Infecção viral das vias aéreas superiores
4877,698,40481087,2015-01-13,2015-01-13,2015-02-03,2015-02-03,32020,,,19797,0,444814009,40481087,,0,Infecção viral das vias aéreas superiores
4878,698,40481087,2012-10-06,2012-10-06,2012-10-20,2012-10-20,32020,,,19791,0,444814009,40481087,,0,Infecção viral das vias aéreas superiores
4879,698,260139,2011-03-14,2011-03-14,2011-03-21,2011-03-21,32020,,,19792,0,10509002,260139,,0,Bronquite aguda
4880,699,78272,2018-11-30,2018-11-30,2018-12-21,2018-12-21,32020,,,19814,0,70704007,78272,,0,Entorse de punho
4881,699,40481087,2017-12-28,2017-12-28,2018-01-04,2018-01-04,32020,,,19813,0,444814009,40481087,,0,Infecção viral das vias aéreas superiores
4882,699,380378,2017-04-14,2017-04-14,,,32020,,,19815,0,84757009,380378,,0,Epilepsia
4883,699,0,2017-04-14,2017-04-14,,,32020,,,19815,0,703151001,45766064,,0,Histórico de artroplastia de joelho
4884,699,4029498,2017-04-14,2017-04-14,,,32020,,,19815,0,128613002,4029498,,0,Transtorno convulsivo
4885,699,317576,2012-10-07,2012-10-07,,,32020,,,19806,0,53741008,317576,,0,Doença arterial coronariana
4886,699,4311629,1998-05-10,1998-05-10,,,32020,,,19808,0,15777000,40316773,,0,Pré-diabetes
4887,699,0,1987-06-14,1987-06-14,,,32020,,,19810,0,162864005,4060985,,0,IMC 30+ - obesidade
4888,700,4310703,1984-08-27,1984-08-27,,,32020,,,19844,0,424132000,4310703,,0,Carcinoma de células escamosas da pele
4889,700,4115276,1984-08-26,1984-08-26,,,32020,,,19841,0,254637007,4115276,,0,Câncer de pulmão não pequenas células
4890,700,0,1984-08-16,1984-08-16,,,32020,,,19830,0,162573006,4038238,,0,Suspeita de abuso de álcool
4891,700,40481087,1984-03-13,1984-03-13,1984-03-27,1984-03-27,32020,,,19849,0,444814009,40481087,,0,Infecção viral das vias aéreas superiores
4892,700,260139,1977-05-04,1977-05-04,1977-05-11,1977-05-11,32020,,,19831,0,10509002,260139,,0,Bronquite aguda
4893,700,4311629,1972-01-11,1972-01-11,,,32020,,,19818,0,15777000,40316773,,0,Pré-diabetes
4894,701,40481087,2016-04-17,2016-04-17,2016-05-01,2016-05-01,32020,,,19857,0,444814009,40481087,,0,Infecção viral das vias aéreas superiores
4895,701,4142905,2014-02-17,2014-02-17,2014-05-18,2014-05-18,32020,,,19855,0,33737001,4142905,,0,Fratura de rádio
4896,701,140673,2012-07-24,2012-07-24,,,32020,,,19862,0,40930008,140673,,0,Hipotireoidismo
4897,701,260139,2011-07-19,2011-07-19,2011-07-26,2011-07-26,32020,,,19856,0,10509002,260139,,0,Bronquite aguda
4898,701,4113008,2011-03-14,2011-03-14,2011-04-04,2011-04-04,32020,,,19868,0,284549007,4113008,,0,Laceração de mão
4899,701,4055754,2007-04-03,2007-04-03,,,32020,,,19858,0,196416002,4055754,,0,Esofagite por refluxo
4900,701,4311629,1981-05-14,1981-05-14,,,32020,,,19873,0,15777000,40316773,,0,Pré-diabetes
4901,702,40481087,2016-09-14,2016-09-14,2016-09-28,2016-09-28,32020,,,19875,0,444814009,40481087,,0,Infecção viral das vias aéreas superiores
4902,702,260139,2012-09-03,2012-09-03,2012-09-10,2012-09-10,32020,,,19883,0,10509002,260139,,0,Bronquite aguda
4903,702,40481087,2011-10-18,2011-10-18,2011-11-01,2011-11-01,32020,,,19890,0,444814009,40481087,,0,Infecção viral das vias aéreas superiores
4904,702,0,2011-06-13,2011-06-13,,,32020,,,19882,0,429007001,4324181,,0,Histórico de infarto
4905,702,321042,2011-06-13,2011-06-13,,,32020,,,19882,0,410429000,321042,,0,Parada cardíaca
4906,702,40481087,2011-05-05,2011-05-05,2011-05-12,2011-05-12,32020,,,19877,0,444814009,40481087,,0,Infecção viral das vias aéreas superiores
4907,702,4112343,2010-01-28,2010-01-28,2010-02-06,2010-02-06,32020,,,19876,0,195662009,4112343,,0,Faringite viral aguda
4908,702,40486433,1999-08-14,1999-08-14,,,32020,,,19884,0,446096008,40486433,,0,Esteatose hepática perivenular
4909,703,260139,2016-02-21,2016-02-21,2016-03-06,2016-03-06,32020,,,19894,0,10509002,260139,,0,Bronquite aguda
4910,703,78272,2011-07-20,2011-07-20,2011-08-17,2011-08-17,32020,,,19893,0,70704007,78272,,0,Entorse de punho
4911,703,4112343,2009-07-10,2009-07-10,2009-07-22,2009-07-22,32020,,,19898,0,195662009,4112343,,0,Faringite viral aguda
4912,704,0,2013-08-02,2013-08-02,,,32020,,,19911,0,399211009,4163874,,0,Histórico de infarto do miocárdio
4913,704,4329847,2013-08-02,2013-08-02,,,32020,,,19911,0,22298006,4329847,,0,Infarto do miocárdio
4914,704,317576,2013-04-26,2013-04-26,,,32020,,,19907,0,53741008,317576,,0,Doença arterial coronariana
4915,704,4285898,2012-10-06,2012-10-06,,,32020,,,19902,0,68496003,4285898,,0,Pólipo do cólon
4916,704,81151,2012-09-11,2012-09-11,2012-09-25,2012-09-25,32020,,,19919,0,44465007,81151,,0,Entorse de tornozelo
4917,704,40481087,2011-11-22,2011-11-22,2011-12-06,2011-12-06,32020,,,19914,0,444814009,40481087,,0,Infecção viral das vias aéreas superiores
4918,704,40481087,2011-06-29,2011-06-29,2011-07-20,2011-07-20,32020,,,19899,0,444814009,40481087,,0,Infecção viral das vias aéreas superiores
4919,704,40481087,2009-04-14,2009-04-14,2009-05-05,2009-05-05,32020,,,19918,0,444814009,40481087,,0,Infecção viral das vias aéreas superiores
4920,704,260139,2008-03-19,2008-03-19,2008-03-26,2008-03-26,32020,,,19917,0,10509002,260139,,0,Bronquite aguda
4921,704,4112343,2005-06-30,2005-06-30,2005-07-07,2005-07-07,32020,,,19920,0,195662009,4112343,,0,Faringite viral aguda
4922,704,4152936,2004-03-06,2004-03-06,2004-03-27,2004-03-27,32020,,,19913,0,283385000,4152936,,0,Laceração de ombro
4923,704,0,1998-09-28,1998-09-28,,,32020,,,19903,0,428251008,4323208,,0,Histórico de apendicectomia
4924,704,440448,1998-09-28,1998-09-28,,,32020,,,19908,0,74400008,440448,,0,Apendicite
4925,704,4079750,1998-09-27,1998-09-27,,,32020,,,19906,0,239873007,4079750,,0,Osteoartrite do joelho
4926,704,4311629,1993-02-12,1993-02-12,,,32020,,,19922,0,15777000,40316773,,0,Pré-diabetes
4927,704,0,1987-01-30,1987-01-30,,,32020,,,19900,0,162864005,4060985,,0,IMC 30+ - obesidade
4928,705,4120314,2018-04-09,2018-04-09,,,32020,,,19945,0,302870006,4120314,,0,Hipertrigliceridemia
4929,705,4217975,2017-09-11,2017-09-11,2018-04-16,2018-04-16,32020,,,19938,0,72892002,4217975,,0,Otite média não supurativa
4930,705,201826,2015-04-06,2015-04-06,,,32020,,,19946,0,44054006,201826,,0,Diabetes mellitus tipo 2
4931,705,137613,2012-12-10,2012-12-10,2012-12-24,2012-12-24,32020,,,19939,0,198992004,137613,,0,Pré-eclâmpsia leve
4932,705,4217975,2012-05-28,2012-05-28,2012-12-24,2012-12-24,32020,,,19965,0,72892002,4217975,,0,Otite média não supurativa
4933,705,260139,2009-02-27,2009-02-27,2009-03-13,2009-03-13,32020,,,19955,0,10509002,260139,,0,Bronquite aguda
4934,706,40481087,2017-12-01,2017-12-01,2017-12-15,2017-12-15,32020,,,20001,0,444814009,40481087,,0,Infecção viral das vias aéreas superiores
4935,706,4079750,2017-11-04,2017-11-04,,,32020,,,19987,0,239873007,4079750,,0,Osteoartrite do joelho
4936,706,257012,2017-07-13,2017-07-13,,,32020,,,19989,0,40055000,257012,,0,Sinusite crônica
4937,706,4283893,2017-06-08,2017-06-08,2017-08-24,2017-08-24,32020,,,19976,0,36971009,4283893,,0,Sinusite
4938,706,260139,2016-08-11,2016-08-11,2016-08-25,2016-08-25,32020,,,20007,0,10509002,260139,,0,Bronquite aguda
4939,706,4112343,2013-10-20,2013-10-20,2013-10-27,2013-10-27,32020,,,20006,0,195662009,4112343,,0,Faringite viral aguda
4940,706,432867,2011-12-27,2011-12-27,,,32020,,,19985,0,55822004,432867,,0,Hiperlipidemia
4941,706,40481087,2011-04-29,2011-04-29,2011-05-06,2011-05-06,32020,,,19999,0,444814009,40481087,,0,Infecção viral das vias aéreas superiores
4942,706,40481087,2009-12-09,2009-12-09,2009-12-30,2009-12-30,32020,,,19992,0,444814009,40481087,,0,Infecção viral das vias aéreas superiores
4943,706,4311629,1986-01-28,1986-01-28,,,32020,,,19986,0,15777000,40316773,,0,Pré-diabetes
4944,706,316866,1976-01-13,1976-01-13,,,32020,,,20000,0,38341003,316866,,0,Hipertensão arterial
4945,707,40318618,2015-10-04,2015-10-04,2015-10-18,2015-10-18,32020,,,20028,0,156073000,40318618,,0,Obesidade
4946,707,4078393,2015-10-04,2015-10-04,,,32020,,,20028,0,19169002,4078393,,0,Aborto espontâneo na gravidez
4947,707,4217975,2015-10-04,2015-10-04,2015-10-18,2015-10-18,32020,,,20028,0,72892002,4217975,,0,Otite média não supurativa
4948,707,4112343,2014-03-17,2014-03-17,2014-03-27,2014-03-27,32020,,,20021,0,195662009,4112343,,0,Faringite viral aguda
4949,707,40481087,2013-09-20,2013-09-20,2013-10-11,2013-10-11,32020,,,20009,0,444814009,40481087,,0,Infecção viral das vias aéreas superiores
4950,707,4217975,2012-11-04,2012-11-04,2013-06-09,2013-06-09,32020,,,20027,0,72892002,4217975,,0,Otite média não supurativa
4951,707,439777,2012-09-24,2012-09-24,,,32020,,,20032,0,271737000,439777,,0,Anemia
4952,707,4311629,2009-11-29,2009-11-29,,,32020,,,20039,0,15777000,40316773,,0,Pré-diabetes
4953,707,316866,2008-11-23,2008-11-23,,,32020,,,20031,0,38341003,316866,,0,Hipertensão arterial
4954,708,381316,2013-10-11,2013-10-11,,,32020,,,20059,0,230690007,381316,,0,Acidente vascular cerebral
4955,708,313217,2013-05-17,2013-05-17,,,32020,,,20059,0,49436004,313217,,0,Fibrilação atrial
4956,708,40481087,2011-07-25,2011-07-25,2011-08-15,2011-08-15,32020,,,20058,0,444814009,40481087,,0,Infecção viral das vias aéreas superiores
4957,708,40480160,2006-01-31,2006-01-31,2006-05-01,2006-05-01,32020,,,20041,0,443165006,40480160,,0,Faringite aguda
4958,708,4278672,2006-01-31,2006-01-31,2006-05-01,2006-05-01,32020,,,20041,0,65966004,4278672,,0,Fratura do fêmur
4959,708,4146173,2005-02-05,2005-02-05,2005-04-06,2005-04-06,32020,,,20046,0,307731004,4146173,,0,Fibrilação atrial de início recente
4960,708,80502,1991-01-11,1991-01-11,,,32020,,,20044,0,64859006,80502,,0,Osteoporose
4961,708,0,1955-03-04,1955-03-04,,,32020,,,20042,0,162864005,4060985,,0,IMC 30+ - obesidade
4962,708,4078393,1933-02-10,1933-02-10,,,32020,,,20047,0,19169002,4078393,,0,Aborto espontâneo na gravidez
4963,708,316866,1929-04-19,1929-04-19,,,32020,,,20043,0,38341003,316866,,0,Hipertensão arterial
4964,709,28060,2014-11-04,2014-11-04,2014-11-13,2014-11-13,32020,,,20075,0,43878008,28060,,0,Faringite estreptocócica
4965,709,260139,2009-12-14,2009-12-14,2009-12-21,2009-12-21,32020,,,20077,0,10509002,260139,,0,Bronquite aguda
4966,709,80502,2004-09-07,2004-09-07,,,32020,,,20067,0,64859006,80502,,0,Osteoporose
4967,709,0,1988-07-26,1988-07-26,,,32020,,,20064,0,162864005,4060985,,0,IMC 30+ - obesidade
4968,709,316866,1962-09-04,1962-09-04,,,32020,,,20068,0,38341003,316866,,0,Hipertensão arterial
4969,710,4109685,2014-10-03,2014-10-03,2014-10-24,2014-10-24,32020,,,20087,0,284551006,4109685,,0,Laceração de pé
4970,710,40481087,2011-02-25,2011-02-25,2011-03-11,2011-03-11,32020,,,20088,0,444814009,40481087,,0,Infecção viral das vias aéreas superiores
4971,710,40481087,2011-01-07,2011-01-07,2011-01-21,2011-01-21,32020,,,20093,0,444814009,40481087,,0,Infecção viral das vias aéreas superiores
4972,710,4079750,2005-04-09,2005-04-09,,,32020,,,20089,0,239873007,4079750,,0,Osteoartrite do joelho
4973,710,0,2000-05-06,2000-05-06,,,32020,,,20096,0,408512008,4256640,,0,Alcoolismo relatado pelo paciente
4974,710,432867,1998-05-02,1998-05-02,,,32020,,,20115,0,55822004,432867,,0,Hiperlipidemia
4975,710,0,1984-06-30,1984-06-30,,,32020,,,20116,0,162864005,4060985,,0,IMC 30+ - obesidade
4976,710,316866,1974-06-15,1974-06-15,,,32020,,,20082,0,38341003,316866,,0,Hipertensão arterial
4977,711,4311629,2014-08-30,2014-08-30,,,32020,,,20120,0,15777000,40316773,,0,Pré-diabetes
4978,711,40481087,2013-12-29,2013-12-29,2014-01-19,2014-01-19,32020,,,20121,0,444814009,40481087,,0,Infecção viral das vias aéreas superiores
4979,711,4113008,2013-06-13,2013-06-13,2013-07-04,2013-07-04,32020,,,20118,0,284549007,4113008,,0,Laceração de mão
4980,711,316866,1997-05-17,1997-05-17,,,32020,,,20123,0,38341003,316866,,0,Hipertensão arterial
4981,711,0,1996-05-11,1996-05-11,,,32020,,,20124,0,162864005,4060985,,0,IMC 30+ - obesidade
4982,712,40481087,2017-04-17,2017-04-17,2017-05-01,2017-05-01,32020,,,20169,0,444814009,40481087,,0,Infecção viral das vias aéreas superiores
4983,712,4113008,2014-09-04,2014-09-04,2014-09-18,2014-09-18,32020,,,20208,0,284549007,4113008,,0,Laceração de mão
4984,712,4051466,2002-06-30,2002-06-30,,,32020,,,20216,0,233678006,4051466,,0,Asma na infância
4985,712,40486433,2002-06-30,2002-06-30,,,32020,,,20216,0,446096008,40486433,,0,Esteatose hepática perivenular
4986,713,40481087,2016-12-27,2016-12-27,2017-01-10,2017-01-10,32020,,,20227,0,444814009,40481087,,0,Infecção viral das vias aéreas superiores
4987,713,4112343,2016-02-14,2016-02-14,2016-02-25,2016-02-25,32020,,,20229,0,195662009,4112343,,0,Faringite viral aguda
4988,713,260139,2014-10-28,2014-10-28,2014-11-11,2014-11-11,32020,,,20225,0,10509002,260139,,0,Bronquite aguda
4989,713,260139,2012-06-21,2012-06-21,2012-07-05,2012-07-05,32020,,,20228,0,10509002,260139,,0,Bronquite aguda
4990,713,4112343,2011-08-26,2011-08-26,2011-09-06,2011-09-06,32020,,,20217,0,195662009,4112343,,0,Faringite viral aguda
4991,713,28060,2010-02-16,2010-02-16,2010-03-01,2010-03-01,32020,,,20224,0,43878008,28060,,0,Faringite estreptocócica
4992,713,0,2003-10-05,2003-10-05,,,32020,,,20230,0,703151001,45766064,,0,Histórico de artroplastia de joelho
4993,713,4029498,2003-10-05,2003-10-05,,,32020,,,20230,0,128613002,4029498,,0,Transtorno convulsivo
4994,714,4217975,2017-08-28,2017-08-28,2017-09-18,2017-09-18,32020,,,20333,0,72892002,4217975,,0,Otite média não supurativa
4995,714,4217975,2017-02-20,2017-02-20,2017-03-13,2017-03-13,32020,,,20250,0,72892002,4217975,,0,Otite média não supurativa
4996,714,261325,2016-06-13,2016-06-13,,,32020,,,20298,0,87433001,261325,,0,Enfisema pulmonar
4997,714,134438,2015-04-13,2015-04-13,2017-05-08,2017-05-08,32020,,,20268,0,40275004,134438,,0,Dermatite de contato
4998,714,260139,2015-02-21,2015-02-21,2015-03-07,2015-03-07,32020,,,20304,0,10509002,260139,,0,Bronquite aguda
4999,714,4112343,2014-10-09,2014-10-09,2014-10-17,2014-10-17,32020,,,20334,0,195662009,4112343,,0,Faringite viral aguda
5000,714,40481087,2014-02-18,2014-02-18,2014-03-11,2014-03-11,32020,,,20271,0,444814009,40481087,,0,Infecção viral das vias aéreas superiores
5001,714,4217975,2012-07-30,2012-07-30,2013-03-04,2013-03-04,32020,,,20325,0,72892002,4217975,,0,Otite média não supurativa
5002,714,316866,2012-06-04,2012-06-04,,,32020,,,20289,0,38341003,316866,,0,Hipertensão arterial
5003,714,4237458,2011-07-18,2011-07-18,2011-10-16,2011-10-16,32020,,,20257,0,58150001,4237458,,0,Fratura de clavícula
5004,714,4217975,2010-10-11,2010-10-11,2011-05-16,2011-05-16,32020,,,20288,0,72892002,4217975,,0,Otite média não supurativa
5005,714,0,2010-04-09,2010-04-09,,,32020,,,20277,0,428251008,4323208,,0,Histórico de apendicectomia
5006,714,440448,2010-04-09,2010-04-09,,,32020,,,20252,0,74400008,440448,,0,Apendicite
5007,714,4112343,2009-11-22,2009-11-22,2009-12-01,2009-12-01,32020,,,20346,0,195662009,4112343,,0,Faringite viral aguda
5008,715,381316,2014-07-21,2014-07-21,,,32020,,,,0,230690007,381316,,0,Acidente vascular cerebral
5009,715,260139,2011-03-22,2011-03-22,2011-04-05,2011-04-05,32020,,,20387,0,10509002,260139,,0,Bronquite aguda
5010,715,4112343,2011-03-28,2011-03-28,2011-04-07,2011-04-07,32020,,,20357,0,195662009,4112343,,0,Faringite viral aguda
5011,715,78272,2008-01-31,2008-01-31,2008-02-14,2008-02-14,32020,,,20410,0,70704007,78272,,0,Entorse de punho
5012,715,432867,2002-08-05,2002-08-05,,,32020,,,20382,0,55822004,432867,,0,Hiperlipidemia
5013,715,192279,1992-08-24,1992-08-24,,,32020,,,20358,0,127013003,192279,,0,Nefropatia diabética
5014,715,443614,1992-08-24,1992-08-24,,,32020,,,20358,0,431855005,443614,,0,Doença renal crônica estágio 1
5015,715,436940,1988-05-16,1988-05-16,,,32020,,,20385,0,237602007,436940,,0,Síndrome metabólica
5016,715,4120314,1988-05-16,1988-05-16,,,32020,,,20385,0,302870006,4120314,,0,Hipertrigliceridemia
5017,715,4214376,1988-05-16,1988-05-16,,,32020,,,20385,0,80394007,4214376,,0,Hiperglicemia
5018,715,201826,1986-05-12,1986-05-12,,,32020,,,20388,0,44054006,201826,,0,Diabetes mellitus tipo 2
5019,715,316866,1986-05-12,1986-05-12,,,32020,,,20388,0,38341003,316866,,0,Hipertensão arterial
5020,715,0,1984-05-07,1984-05-07,,,32020,,,20350,0,162864005,4060985,,0,IMC 30+ - obesidade
5021,715,4079750,1981-04-12,1981-04-12,,,32020,,,20398,0,239873007,4079750,,0,Osteoartrite do joelho
5022,715,4078393,1965-08-02,1965-08-02,,,32020,,,20376,0,19169002,4078393,,0,Aborto espontâneo na gravidez
5023,716,0,2011-12-24,2011-12-24,,,32020,,,20429,0,399211009,4163874,,0,Histórico de infarto do miocárdio
5024,716,4329847,2011-12-24,2011-12-24,,,32020,,,20429,0,22298006,4329847,,0,Infarto do miocárdio
5025,716,4134304,2010-07-14,2010-07-14,2010-10-12,2010-10-12,32020,,,20439,0,263102004,4134304,,0,Ruptura de menisco
5026,716,4112343,2003-08-21,2003-08-21,2003-09-02,2003-09-02,32020,,,20426,0,195662009,4112343,,0,Faringite viral aguda
5027,716,4112343,2003-03-14,2003-03-14,2003-03-23,2003-03-23,32020,,,20427,0,195662009,4112343,,0,Faringite viral aguda
5028,716,372328,2002-10-30,2002-10-30,2003-08-30,2003-08-30,32020,,,20433,0,65363002,372328,,0,Otite média
5029,716,28060,2002-09-01,2002-09-01,2002-09-12,2002-09-12,32020,,,20442,0,43878008,28060,,0,Faringite estreptocócica
5030,716,0,1998-01-24,1998-01-24,,,32020,,,20430,0,162864005,4060985,,0,IMC 30+ - obesidade
5031,716,317576,1992-01-18,1992-01-18,,,32020,,,20436,0,53741008,317576,,0,Doença arterial coronariana
5032,716,316866,1982-01-02,1982-01-02,,,32020,,,20431,0,38341003,316866,,0,Hipertensão arterial
5033,717,4217975,2016-07-29,2016-07-29,2017-02-24,2017-02-24,32020,,,20471,0,72892002,4217975,,0,Otite média não supurativa
5034,717,316866,2015-10-16,2015-10-16,,,32020,,,20456,0,38341003,316866,,0,Hipertensão arterial
5035,717,4217975,2013-09-06,2013-09-06,2014-04-18,2014-04-18,32020,,,20454,0,72892002,4217975,,0,Otite média não supurativa
5036,717,4084167,2013-06-04,2013-06-04,2013-06-04,2013-06-04,32020,,,20517,0,241929008,4084167,,0,Reação alérgica a alimento
5037,717,40481087,2011-09-22,2011-09-22,2011-09-29,2011-09-29,32020,,,20480,0,444814009,40481087,,0,Infecção viral das vias aéreas superiores
5038,717,4048171,2000-03-06,2000-03-06,2016-03-04,2016-03-04,32020,,,20505,0,232353008,4048171,,0,Perfuração do tímpano
5039,718,40481087,2014-12-06,2014-12-06,2014-12-27,2014-12-27,32020,,,20546,0,444814009,40481087,,0,Infecção viral das vias aéreas superiores
5040,718,4112343,2014-10-07,2014-10-07,2014-10-16,2014-10-16,32020,,,20570,0,195662009,4112343,,0,Faringite viral aguda
5041,718,40481087,2012-07-05,2012-07-05,2012-07-12,2012-07-12,32020,,,20568,0,444814009,40481087,,0,Infecção viral das vias aéreas superiores
5042,718,28060,2012-04-05,2012-04-05,2012-04-18,2012-04-18,32020,,,20569,0,43878008,28060,,0,Faringite estreptocócica
5043,718,40481087,2011-09-17,2011-09-17,2011-10-01,2011-10-01,32020,,,20575,0,444814009,40481087,,0,Infecção viral das vias aéreas superiores
5044,718,260139,2011-05-04,2011-05-04,2011-05-11,2011-05-11,32020,,,20549,0,10509002,260139,,0,Bronquite aguda
5045,718,4112343,2010-05-07,2010-05-07,2010-05-15,2010-05-15,32020,,,20558,0,195662009,4112343,,0,Faringite viral aguda
5046,718,40481087,2010-02-09,2010-02-09,2010-02-16,2010-02-16,32020,,,20555,0,444814009,40481087,,0,Infecção viral das vias aéreas superiores
5047,718,4078393,1992-10-05,1992-10-05,,,32020,,,20559,0,19169002,4078393,,0,Aborto espontâneo na gravidez
5048,718,4311629,1992-02-03,1992-02-03,,,32020,,,20560,0,15777000,40316773,,0,Pré-diabetes
5049,718,257012,1983-06-10,1983-06-10,,,32020,,,20552,0,40055000,257012,,0,Sinusite crônica
5050,719,40481087,2016-12-15,2016-12-15,2017-01-05,2017-01-05,32020,,,20585,0,444814009,40481087,,0,Infecção viral das vias aéreas superiores
5051,719,4112343,2015-12-06,2015-12-06,2015-12-14,2015-12-14,32020,,,20603,0,195662009,4112343,,0,Faringite viral aguda
5052,719,40481087,2010-04-02,2010-04-02,2010-04-16,2010-04-16,32020,,,20591,0,444814009,40481087,,0,Infecção viral das vias aéreas superiores
5053,719,4084167,2009-11-08,2009-11-08,2009-11-09,2009-11-09,32020,,,20579,0,241929008,4084167,,0,Reação alérgica a alimento
5054,719,40481087,2009-04-15,2009-04-15,2009-04-29,2009-04-29,32020,,,20580,0,444814009,40481087,,0,Infecção viral das vias aéreas superiores
5055,719,4051466,2006-12-16,2006-12-16,,,32020,,,20582,0,233678006,4051466,,0,Asma na infância
5056,719,4280726,2006-12-16,2006-12-16,,,32020,,,20582,0,367498001,4280726,,0,Gripe sazonal
5057,720,4134304,2015-11-09,2015-11-09,2016-02-07,2016-02-07,32020,,,20608,0,263102004,4134304,,0,Ruptura de menisco
5058,720,81151,2012-10-20,2012-10-20,2012-11-24,2012-11-24,32020,,,20611,0,44465007,81151,,0,Entorse de tornozelo
5059,720,260139,2012-03-11,2012-03-11,2012-03-18,2012-03-18,32020,,,20616,0,10509002,260139,,0,Bronquite aguda
5060,720,260139,2009-03-04,2009-03-04,2009-03-18,2009-03-18,32020,,,20614,0,10509002,260139,,0,Bronquite aguda
5061,720,316866,2007-01-05,2007-01-05,,,32020,,,20617,0,38341003,316866,,0,Hipertensão arterial
5062,721,81151,2018-05-14,2018-05-14,2018-05-28,2018-05-28,32020,,,20627,0,44465007,81151,,0,Entorse de tornozelo
5063,721,260139,2016-02-15,2016-02-15,2016-02-22,2016-02-22,32020,,,20622,0,10509002,260139,,0,Bronquite aguda
5064,721,78272,2015-05-02,2015-05-02,2015-05-30,2015-05-30,32020,,,20625,0,70704007,78272,,0,Entorse de punho
5065,721,40481087,2014-10-21,2014-10-21,2014-11-11,2014-11-11,32020,,,20623,0,444814009,40481087,,0,Infecção viral das vias aéreas superiores
5066,721,78272,2011-07-01,2011-07-01,2011-07-22,2011-07-22,32020,,,20632,0,70704007,78272,,0,Entorse de punho
5067,721,372328,2011-02-20,2011-02-20,2011-08-03,2011-08-03,32020,,,20620,0,65363002,372328,,0,Otite média
5068,721,260139,2009-01-13,2009-01-13,2009-01-20,2009-01-20,32020,,,20628,0,10509002,260139,,0,Bronquite aguda
5069,722,81151,1970-11-04,1970-11-04,,,32020,,,20698,0,44465007,81151,,0,Entorse de tornozelo
5070,722,381316,1967-11-13,1967-11-13,,,32020,,,20674,0,230690007,381316,,0,Acidente vascular cerebral
5071,722,4109685,1966-12-04,1966-12-04,1966-12-25,1966-12-25,32020,,,20697,0,284551006,4109685,,0,Laceração de pé
5072,722,40481087,1966-06-28,1966-06-28,1966-07-05,1966-07-05,32020,,,20689,0,444814009,40481087,,0,Infecção viral das vias aéreas superiores
5073,722,4285898,1965-09-25,1965-09-25,1966-10-20,1966-10-20,32020,,,20681,0,68496003,4285898,,0,Pólipo do cólon
5074,722,313217,1964-07-06,1964-07-06,,,32020,,,,0,49436004,313217,,0,Fibrilação atrial
5075,722,317576,1957-04-15,1957-04-15,,,32020,,,20683,0,53741008,317576,,0,Doença arterial coronariana
5076,722,440674,1956-09-14,1956-09-14,,,32020,,,20648,0,90560007,440674,,0,Gota
5077,722,43530656,1956-01-23,1956-01-23,,,32020,,,20684,0,1551000119108,43530656,,0,Retinopatia diabética não proliferativa
5078,722,4226121,1956-01-23,1956-01-23,,,32020,,,20684,0,422034002,4226121,,0,Retinopatia diabética proliferativa
5079,722,45769905,1956-01-23,1956-01-23,,,32020,,,20684,0,90781000119102,45769905,,0,Doença renal crônica por diabetes
5080,722,443601,1956-01-23,1956-01-23,,,32020,,,20684,0,431856006,443601,,0,Doença renal crônica estágio 4
5081,722,4311629,1956-01-23,1956-01-23,,,32020,,,20684,0,15777000,40316773,,0,Pré-diabetes
5082,722,0,1947-07-28,1947-07-28,,,32020,,,20694,0,429007001,4324181,,0,Histórico de infarto
5083,722,321042,1947-07-28,1947-07-28,,,32020,,,20694,0,410429000,321042,,0,Parada cardíaca
5084,722,436940,1936-05-25,1936-05-25,,,32020,,,20690,0,237602007,436940,,0,Síndrome metabólica
5085,722,192279,1932-11-28,1932-11-28,,,32020,,,20636,0,127013003,192279,,0,Nefropatia diabética
5086,722,443614,1932-11-28,1932-11-28,,,32020,,,20636,0,431855005,443614,,0,Doença renal crônica estágio 1
5087,722,4120314,1932-11-28,1932-11-28,,,32020,,,20636,0,302870006,4120314,,0,Hipertrigliceridemia
5088,722,201826,1929-11-25,1929-11-25,,,32020,,,20637,0,44054006,201826,,0,Diabetes mellitus tipo 2
5089,722,316866,1929-11-25,1929-11-25,,,32020,,,20637,0,38341003,316866,,0,Hipertensão arterial
5090,723,40481087,2018-04-25,2018-04-25,2018-05-09,2018-05-09,32020,,,20722,0,444814009,40481087,,0,Infecção viral das vias aéreas superiores
5091,723,378001,2015-07-05,2015-07-05,2015-08-04,2015-08-04,32020,,,20732,0,62106007,378001,,0,Concussão com perda de consciência
5092,724,372328,2018-11-09,2018-11-09,,,32020,,,20742,0,65363002,372328,,0,Otite média
5093,724,4112343,2018-04-04,2018-04-04,2018-04-14,2018-04-14,32020,,,20743,0,195662009,4112343,,0,Faringite viral aguda
5094,724,372328,2017-10-03,2017-10-03,2018-01-13,2018-01-13,32020,,,20739,0,65363002,372328,,0,Otite média
5095,725,78272,2016-03-29,2016-03-29,2016-04-12,2016-04-12,32020,,,20757,0,70704007,78272,,0,Entorse de punho
5096,725,4218389,2012-03-22,2012-03-22,2012-04-19,2012-04-19,32020,,,20754,0,39848009,4218389,,0,Lesão em chicote do pescoço
5097,725,28060,2009-06-09,2009-06-09,2009-06-17,2009-06-17,32020,,,20750,0,43878008,28060,,0,Faringite estreptocócica
5098,725,4283893,2009-04-14,2009-04-14,2009-05-19,2009-05-19,32020,,,20752,0,36971009,4283893,,0,Sinusite
5099,725,378001,2009-04-07,2009-04-07,2009-06-06,2009-06-06,32020,,,20753,0,62106007,378001,,0,Concussão com perda de consciência
5100,726,378001,2018-10-19,2018-10-19,2018-12-18,2018-12-18,32020,,,20786,0,62106007,378001,,0,Concussão com perda de consciência
5101,726,40481087,2018-05-31,2018-05-31,2018-06-07,2018-06-07,32020,,,20777,0,444814009,40481087,,0,Infecção viral das vias aéreas superiores
5102,726,316866,2017-01-06,2017-01-06,,,32020,,,20802,0,38341003,316866,,0,Hipertensão arterial
5103,726,40318618,2016-05-13,2016-05-13,2016-05-20,2016-05-20,32020,,,20778,0,156073000,40318618,,0,Obesidade
5104,726,4078393,2016-05-13,2016-05-13,,,32020,,,20778,0,19169002,4078393,,0,Aborto espontâneo na gravidez
5105,726,4217975,2016-05-13,2016-05-13,2016-05-20,2016-05-20,32020,,,20778,0,72892002,4217975,,0,Otite média não supurativa
5106,726,4217975,2014-06-20,2014-06-20,2015-01-16,2015-01-16,32020,,,20800,0,72892002,4217975,,0,Otite média não supurativa
5107,726,40481087,2013-03-05,2013-03-05,2013-03-19,2013-03-19,32020,,,20792,0,444814009,40481087,,0,Infecção viral das vias aéreas superiores
5108,726,40481087,2012-12-15,2012-12-15,2012-12-29,2012-12-29,32020,,,20767,0,444814009,40481087,,0,Infecção viral das vias aéreas superiores
5109,726,257012,2010-09-19,2010-09-19,2011-01-16,2011-01-16,32020,,,20796,0,40055000,257012,,0,Sinusite crônica
5110,726,4294548,2010-08-29,2010-08-29,2011-01-16,2011-01-16,32020,,,20789,0,75498004,4294548,,0,Infecção bacteriana aguda
5111,726,260139,2009-06-09,2009-06-09,2009-06-16,2009-06-16,32020,,,20772,0,10509002,260139,,0,Bronquite aguda
5112,727,4217975,2015-09-18,2015-09-18,2016-04-01,2016-04-01,32020,,,20803,0,72892002,4217975,,0,Otite média não supurativa
5113,727,4214376,2013-11-22,2013-11-22,,,32020,,,20823,0,80394007,4214376,,0,Hiperglicemia
5114,727,192279,2010-11-19,2010-11-19,,,32020,,,20810,0,127013003,192279,,0,Nefropatia diabética
5115,727,443614,2010-11-19,2010-11-19,,,32020,,,20810,0,431855005,443614,,0,Doença renal crônica estágio 1
5116,727,4217975,2009-12-18,2009-12-18,2010-07-30,2010-07-30,32020,,,20825,0,72892002,4217975,,0,Otite média não supurativa
5117,727,436940,2009-07-24,2009-07-24,,,32020,,,20813,0,237602007,436940,,0,Síndrome metabólica
5118,727,4120314,2009-07-24,2009-07-24,,,32020,,,20813,0,302870006,4120314,,0,Hipertrigliceridemia
5119,727,201826,2006-07-21,2006-07-21,,,32020,,,20812,0,44054006,201826,,0,Diabetes mellitus tipo 2
5120,727,316866,2006-07-21,2006-07-21,,,32020,,,20812,0,38341003,316866,,0,Hipertensão arterial
5121,727,0,2000-07-14,2000-07-14,,,32020,,,20807,0,162864005,4060985,,0,IMC 30+ - obesidade
5122,727,257012,1982-03-28,1982-03-28,,,32020,,,20821,0,40055000,257012,,0,Sinusite crônica
5123,727,4311629,2015-09-25,2015-09-25,,,32020,,,20814,0,15777000,40316773,,0,Pré-diabetes
5124,728,28060,2018-04-28,2018-04-28,2018-05-06,2018-05-06,32020,,,20843,0,43878008,28060,,0,Faringite estreptocócica
5125,728,4278672,2017-12-20,2017-12-20,2018-01-19,2018-01-19,32020,,,20846,0,65966004,4278672,,0,Fratura do fêmur
5126,728,4311629,2017-07-30,2017-07-30,,,32020,,,20842,0,15777000,40316773,,0,Pré-diabetes
5127,728,4218389,2014-12-31,2014-12-31,2015-02-04,2015-02-04,32020,,,20849,0,39848009,4218389,,0,Lesão em chicote do pescoço
5128,728,260139,2009-06-25,2009-06-25,2009-07-09,2009-07-09,32020,,,20848,0,10509002,260139,,0,Bronquite aguda
5129,728,4048171,1997-02-07,1997-02-07,2011-02-06,2011-02-06,32020,,,20840,0,232353008,4048171,,0,Perfuração do tímpano
5130,729,80502,2018-12-04,2018-12-04,,,32020,,,20856,0,64859006,80502,,0,Osteoporose
5131,729,81151,2013-12-17,2013-12-17,2013-12-31,2013-12-31,32020,,,20862,0,44465007,81151,,0,Entorse de tornozelo
5132,729,4078393,1992-03-17,1992-03-17,,,32020,,,20857,0,19169002,4078393,,0,Aborto espontâneo na gravidez
5133,729,4311629,1977-03-15,1977-03-15,,,32020,,,20859,0,15777000,40316773,,0,Pré-diabetes
5134,730,317576,1977-11-12,1977-11-12,,,32020,,,20873,0,53741008,317576,,0,Doença arterial coronariana
5135,730,40481087,1977-03-29,1977-03-29,1977-04-12,1977-04-12,32020,,,20876,0,444814009,40481087,,0,Infecção viral das vias aéreas superiores
5136,730,372328,1972-04-02,1972-04-02,1972-10-14,1972-10-14,32020,,,20871,0,65363002,372328,,0,Otite média
5137,730,432867,1971-10-09,1971-10-09,,,32020,,,20868,0,55822004,432867,,0,Hiperlipidemia
5138,730,260139,1968-11-29,1968-11-29,1968-12-13,1968-12-13,32020,,,20881,0,10509002,260139,,0,Bronquite aguda
5139,730,0,1961-10-28,1961-10-28,,,32020,,,20889,0,162864005,4060985,,0,IMC 30+ - obesidade
5140,730,258780,1950-10-14,1950-10-14,,,32020,,,20880,0,185086009,258780,,0,DPOC exacerbada
5141,731,4113008,2016-10-24,2016-10-24,2016-11-07,2016-11-07,32020,,,20900,0,284549007,4113008,,0,Laceração de mão
5142,731,4112343,2016-03-03,2016-03-03,2016-03-12,2016-03-12,32020,,,20904,0,195662009,4112343,,0,Faringite viral aguda
5143,731,372328,2015-10-02,2015-10-02,2016-01-23,2016-01-23,32020,,,20906,0,65363002,372328,,0,Otite média
5144,731,260139,2011-12-23,2011-12-23,2011-12-30,2011-12-30,32020,,,20897,0,10509002,260139,,0,Bronquite aguda
5145,732,4285898,2017-12-23,2017-12-23,2018-12-18,2018-12-18,32020,,,20916,0,68496003,4285898,,0,Pólipo do cólon
5146,732,260139,2017-09-04,2017-09-04,2017-09-18,2017-09-18,32020,,,20924,0,10509002,260139,,0,Bronquite aguda
5147,732,257012,2017-06-28,2017-06-28,,,32020,,,20917,0,40055000,257012,,0,Sinusite crônica
5148,732,4294548,2017-05-31,2017-05-31,2017-07-12,2017-07-12,32020,,,20919,0,75498004,4294548,,0,Infecção bacteriana aguda
5149,732,260139,2015-08-24,2015-08-24,2015-08-31,2015-08-31,32020,,,20926,0,10509002,260139,,0,Bronquite aguda
5150,732,40481087,2014-04-03,2014-04-03,2014-04-10,2014-04-10,32020,,,20932,0,444814009,40481087,,0,Infecção viral das vias aéreas superiores
5151,732,4112343,2012-02-05,2012-02-05,2012-02-14,2012-02-14,32020,,,20915,0,195662009,4112343,,0,Faringite viral aguda
5152,732,0,2006-01-18,2006-01-18,,,32020,,,20927,0,162864005,4060985,,0,IMC 30+ - obesidade
5153,732,0,1967-12-23,1967-12-23,,,32020,,,20933,0,703151001,45766064,,0,Histórico de artroplastia de joelho
5154,732,4029498,1967-12-23,1967-12-23,,,32020,,,20933,0,128613002,4029498,,0,Transtorno convulsivo
5155,733,40481087,2018-05-30,2018-05-30,2018-06-20,2018-06-20,32020,,,20940,0,444814009,40481087,,0,Infecção viral das vias aéreas superiores
5156,733,4311629,2017-02-24,2017-02-24,,,32020,,,20943,0,15777000,40316773,,0,Pré-diabetes
5157,733,260139,2017-02-17,2017-02-17,2017-02-24,2017-02-24,32020,,,20944,0,10509002,260139,,0,Bronquite aguda
5158,733,4112343,2015-06-01,2015-06-01,2015-06-08,2015-06-08,32020,,,20938,0,195662009,4112343,,0,Faringite viral aguda
5159,733,40481087,2012-02-16,2012-02-16,2012-02-23,2012-02-23,32020,,,20941,0,444814009,40481087,,0,Infecção viral das vias aéreas superiores
5160,733,81151,2009-08-12,2009-08-12,2009-09-02,2009-09-02,32020,,,20935,0,44465007,81151,,0,Entorse de tornozelo
5161,734,28060,2016-02-19,2016-02-19,2016-03-01,2016-03-01,32020,,,20945,0,43878008,28060,,0,Faringite estreptocócica
5162,734,4237458,2015-03-31,2015-03-31,2015-06-29,2015-06-29,32020,,,20955,0,58150001,4237458,,0,Fratura de clavícula
5163,734,0,2014-04-17,2014-04-17,,,32020,,,20952,0,408512008,4256640,,0,Alcoolismo relatado pelo paciente
5164,734,4112343,2013-11-20,2013-11-20,2013-11-28,2013-11-28,32020,,,20948,0,195662009,4112343,,0,Faringite viral aguda
5165,734,0,2009-03-19,2009-03-19,,,32020,,,20951,0,162864005,4060985,,0,IMC 30+ - obesidade
5166,735,4217975,2017-12-20,2017-12-20,2018-08-08,2018-08-08,32020,,,20980,0,72892002,4217975,,0,Otite média não supurativa
5167,735,40481087,2016-11-12,2016-11-12,2016-11-26,2016-11-26,32020,,,20968,0,444814009,40481087,,0,Infecção viral das vias aéreas superiores
5168,735,4217975,2016-05-18,2016-05-18,2016-06-08,2016-06-08,32020,,,21011,0,72892002,4217975,,0,Otite média não supurativa
5169,735,316866,2012-11-28,2012-11-28,,,32020,,,20982,0,38341003,316866,,0,Hipertensão arterial
5170,736,4214376,1994-10-18,1994-10-18,,,32020,,,21066,0,80394007,4214376,,0,Hiperglicemia
5171,736,192279,1994-06-21,1994-06-21,,,32020,,,21033,0,127013003,192279,,0,Nefropatia diabética
5172,736,443614,1994-06-21,1994-06-21,,,32020,,,21033,0,431855005,443614,,0,Doença renal crônica estágio 1
5173,736,40481087,1992-03-28,1992-03-28,1992-04-04,1992-04-04,32020,,,21025,0,444814009,40481087,,0,Infecção viral das vias aéreas superiores
5174,736,4278672,1992-01-03,1992-01-03,1992-03-03,1992-03-03,32020,,,21059,0,65966004,4278672,,0,Fratura do fêmur
5175,736,4310703,1990-12-31,1990-12-31,,,32020,,,21062,0,424132000,4310703,,0,Carcinoma de células escamosas da pele
5176,736,4115276,1990-12-29,1990-12-29,,,32020,,,21057,0,254637007,4115276,,0,Câncer de pulmão não pequenas células
5177,736,0,1990-12-17,1990-12-17,,,32020,,,21072,0,162573006,4038238,,0,Suspeita de abuso de álcool
5178,736,40481087,1989-11-18,1989-11-18,1989-12-02,1989-12-02,32020,,,21034,0,444814009,40481087,,0,Infecção viral das vias aéreas superiores
5179,736,4112343,1985-10-08,1985-10-08,1985-10-16,1985-10-16,32020,,,21021,0,195662009,4112343,,0,Faringite viral aguda
5180,736,436940,1984-12-04,1984-12-04,,,32020,,,21018,0,237602007,436940,,0,Síndrome metabólica
5181,736,4120314,1982-11-23,1982-11-23,,,32020,,,21055,0,302870006,4120314,,0,Hipertrigliceridemia
5182,736,201826,1979-11-20,1979-11-20,,,32020,,,21065,0,44054006,201826,,0,Diabetes mellitus tipo 2
5183,736,316866,1979-11-20,1979-11-20,,,32020,,,21065,0,38341003,316866,,0,Hipertensão arterial
5184,736,4311629,1976-11-16,1976-11-16,,,32020,,,21039,0,15777000,40316773,,0,Pré-diabetes
5185,737,4112343,2018-01-20,2018-01-20,2018-01-27,2018-01-27,32020,,,21103,0,195662009,4112343,,0,Faringite viral aguda
5186,737,4278672,2017-07-02,2017-07-02,2017-08-31,2017-08-31,32020,,,21143,0,65966004,4278672,,0,Fratura do fêmur
5187,737,4217975,2017-03-02,2017-03-02,2017-10-12,2017-10-12,32020,,,21081,0,72892002,4217975,,0,Otite média não supurativa
5188,737,40481087,2015-12-13,2015-12-13,2015-12-20,2015-12-20,32020,,,21113,0,444814009,40481087,,0,Infecção viral das vias aéreas superiores
5189,737,4217975,2015-10-08,2015-10-08,2016-05-05,2016-05-05,32020,,,21144,0,72892002,4217975,,0,Otite média não supurativa
5190,737,40481087,2013-10-12,2013-10-12,2013-10-19,2013-10-19,32020,,,21142,0,444814009,40481087,,0,Infecção viral das vias aéreas superiores
5191,737,4217975,2013-08-15,2013-08-15,2014-03-20,2014-03-20,32020,,,21100,0,72892002,4217975,,0,Otite média não supurativa
5192,737,40481087,2012-07-04,2012-07-04,2012-07-11,2012-07-11,32020,,,21127,0,444814009,40481087,,0,Infecção viral das vias aéreas superiores
5193,737,4311629,2011-08-04,2011-08-04,,,32020,,,21132,0,15777000,40316773,,0,Pré-diabetes
5194,737,40481087,2011-06-25,2011-06-25,2011-07-02,2011-07-02,32020,,,21119,0,444814009,40481087,,0,Infecção viral das vias aéreas superiores
5195,737,4217975,2011-05-19,2011-05-19,2011-12-22,2011-12-22,32020,,,21138,0,72892002,4217975,,0,Otite média não supurativa
5196,737,4217975,2010-09-23,2010-09-23,2010-10-14,2010-10-14,32020,,,21120,0,72892002,4217975,,0,Otite média não supurativa
5197,737,4217975,2010-03-25,2010-03-25,2010-04-08,2010-04-08,32020,,,21104,0,72892002,4217975,,0,Otite média não supurativa
5198,738,260139,2015-11-28,2015-11-28,2015-12-05,2015-12-05,32020,,,21175,0,10509002,260139,,0,Bronquite aguda
5199,738,40481087,2014-03-07,2014-03-07,2014-03-21,2014-03-21,32020,,,21179,0,444814009,40481087,,0,Infecção viral das vias aéreas superiores
5200,738,40481087,2013-11-10,2013-11-10,2013-12-01,2013-12-01,32020,,,21177,0,444814009,40481087,,0,Infecção viral das vias aéreas superiores
5201,738,40481087,2010-03-16,2010-03-16,2010-03-23,2010-03-23,32020,,,21172,0,444814009,40481087,,0,Infecção viral das vias aéreas superiores
5202,738,432867,2007-07-28,2007-07-28,,,32020,,,21153,0,55822004,432867,,0,Hiperlipidemia
5203,738,4311629,1992-04-25,1992-04-25,,,32020,,,21178,0,15777000,40316773,,0,Pré-diabetes
5204,738,439777,1984-03-25,1984-03-25,,,32020,,,21152,0,271737000,439777,,0,Anemia
5205,738,316866,1980-05-24,1980-05-24,,,32020,,,21161,0,38341003,316866,,0,Hipertensão arterial
5206,739,40481087,2013-05-18,2013-05-18,2013-06-01,2013-06-01,32020,,,21182,0,444814009,40481087,,0,Infecção viral das vias aéreas superiores
5207,739,40481087,2011-11-25,2011-11-25,2011-12-16,2011-12-16,32020,,,21181,0,444814009,40481087,,0,Infecção viral das vias aéreas superiores
5208,739,4311629,2011-06-29,2011-06-29,,,32020,,,21188,0,15777000,40316773,,0,Pré-diabetes
5209,739,81151,2009-01-09,2009-01-09,2009-02-06,2009-02-06,32020,,,21185,0,44465007,81151,,0,Entorse de tornozelo
5210,739,316866,1996-08-21,1996-08-21,,,32020,,,21186,0,38341003,316866,,0,Hipertensão arterial
5211,739,257012,1983-11-30,1983-11-30,,,32020,,,21187,0,40055000,257012,,0,Sinusite crônica
5212,740,381316,2006-11-10,2006-11-10,,,32020,,,21204,0,230690007,381316,,0,Acidente vascular cerebral
5213,740,313217,2004-05-14,2004-05-14,,,32020,,,21206,0,49436004,313217,,0,Fibrilação atrial
5214,740,40481087,2003-12-02,2003-12-02,2003-12-16,2003-12-16,32020,,,21207,0,444814009,40481087,,0,Infecção viral das vias aéreas superiores
5215,740,4285898,2002-06-11,2002-06-11,2003-10-04,2003-10-04,32020,,,21197,0,68496003,4285898,,0,Pólipo do cólon
5216,740,378419,1999-04-16,1999-04-16,,,32020,,,21203,0,26929004,378419,,0,Doença de Alzheimer
5217,740,257012,1970-08-27,1970-08-27,,,32020,,,21200,0,40055000,257012,,0,Sinusite crônica
5218,740,316866,1945-08-10,1945-08-10,,,32020,,,21209,0,38341003,316866,,0,Hipertensão arterial
5219,740,0,1937-06-25,1937-06-25,,,32020,,,21191,0,408512008,4256640,,0,Alcoolismo relatado pelo paciente
5220,740,0,1933-06-02,1933-06-02,,,32020,,,21196,0,162864005,4060985,,0,IMC 30+ - obesidade
5221,741,0,1989-11-16,1989-11-16,,,32020,,,21213,0,399211009,4163874,,0,Histórico de infarto do miocárdio
5222,741,4329847,1989-11-16,1989-11-16,,,32020,,,21213,0,22298006,4329847,,0,Infarto do miocárdio
5223,741,4285898,1989-10-02,1989-10-02,,,32020,,,21232,0,68496003,4285898,,0,Pólipo do cólon
5224,741,317576,1988-08-04,1988-08-04,,,32020,,,21230,0,53741008,317576,,0,Doença arterial coronariana
5225,741,260139,1987-07-18,1987-07-18,1987-08-01,1987-08-01,32020,,,21244,0,10509002,260139,,0,Bronquite aguda
5226,741,81151,1985-03-25,1985-03-25,1985-04-15,1985-04-15,32020,,,21248,0,44465007,81151,,0,Entorse de tornozelo
5227,741,4112343,1983-01-25,1983-01-25,1983-02-01,1983-02-01,32020,,,21229,0,195662009,4112343,,0,Faringite viral aguda
5228,741,432867,1973-05-24,1973-05-24,,,32020,,,21246,0,55822004,432867,,0,Hiperlipidemia
5229,741,0,1943-10-14,1943-10-14,,,32020,,,21221,0,162864005,4060985,,0,IMC 30+ - obesidade
5230,741,380378,1915-07-22,1915-07-22,,,32020,,,21242,0,84757009,380378,,0,Epilepsia
5231,741,0,1914-10-08,1914-10-08,,,32020,,,21241,0,703151001,45766064,,0,Histórico de artroplastia de joelho
5232,741,4029498,1914-10-08,1914-10-08,,,32020,,,21241,0,128613002,4029498,,0,Transtorno convulsivo
5233,742,4051466,2016-02-20,2016-02-20,,,32020,,,21262,0,233678006,4051466,,0,Asma na infância
5234,742,372328,2015-06-08,2015-06-08,2015-07-23,2015-07-23,32020,,,21257,0,65363002,372328,,0,Otite média
5235,743,4156265,2016-12-07,2016-12-07,2016-12-28,2016-12-28,32020,,,21276,0,370247008,4156265,,0,Lesão facial
5236,743,375671,2016-01-12,2016-01-12,2016-02-11,2016-02-11,32020,,,21267,0,62564004,375671,,0,Concussão sem perda de consciência
5237,743,40481087,2014-10-12,2014-10-12,2014-10-19,2014-10-19,32020,,,21271,0,444814009,40481087,,0,Infecção viral das vias aéreas superiores
5238,743,4237458,2011-05-08,2011-05-08,2011-06-07,2011-06-07,32020,,,21269,0,58150001,4237458,,0,Fratura de clavícula
5239,744,4112343,2016-05-04,2016-05-04,2016-05-13,2016-05-13,32020,,,21285,0,195662009,4112343,,0,Faringite viral aguda
5240,744,372328,2012-06-02,2012-06-02,2013-04-15,2013-04-15,32020,,,21282,0,65363002,372328,,0,Otite média
5241,744,28060,2012-03-16,2012-03-16,2012-03-23,2012-03-23,32020,,,21292,0,43878008,28060,,0,Faringite estreptocócica
5242,744,28060,2009-08-18,2009-08-18,2009-08-26,2009-08-26,32020,,,21284,0,43878008,28060,,0,Faringite estreptocócica
5243,745,40481087,2018-10-04,2018-10-04,2018-10-11,2018-10-11,32020,,,21340,0,444814009,40481087,,0,Infecção viral das vias aéreas superiores
5244,745,40481087,2016-05-27,2016-05-27,2016-06-10,2016-06-10,32020,,,21302,0,444814009,40481087,,0,Infecção viral das vias aéreas superiores
5245,745,4217975,2015-09-17,2015-09-17,2016-04-28,2016-04-28,32020,,,21332,0,72892002,4217975,,0,Otite média não supurativa
5246,745,4217975,2011-11-10,2011-11-10,2012-06-14,2012-06-14,32020,,,21314,0,72892002,4217975,,0,Otite média não supurativa
5247,745,40481087,2009-12-03,2009-12-03,2009-12-24,2009-12-24,32020,,,21298,0,444814009,40481087,,0,Infecção viral das vias aéreas superiores
5248,745,0,2007-03-01,2007-03-01,,,32020,,,21315,0,162864005,4060985,,0,IMC 30+ - obesidade
5249,745,257012,1976-05-21,1976-05-21,,,32020,,,21323,0,40055000,257012,,0,Sinusite crônica
5250,746,28060,2017-03-11,2017-03-11,2017-03-19,2017-03-19,32020,,,21361,0,43878008,28060,,0,Faringite estreptocócica
5251,746,28060,2016-11-29,2016-11-29,2016-12-07,2016-12-07,32020,,,21350,0,43878008,28060,,0,Faringite estreptocócica
5252,746,260139,2013-01-10,2013-01-10,2013-01-17,2013-01-17,32020,,,21364,0,10509002,260139,,0,Bronquite aguda
5253,746,40481087,2012-04-13,2012-04-13,2012-04-27,2012-04-27,32020,,,21352,0,444814009,40481087,,0,Infecção viral das vias aéreas superiores
5254,746,0,1988-10-30,1988-10-30,,,32020,,,21357,0,408512008,4256640,,0,Alcoolismo relatado pelo paciente
5255,746,316866,1970-12-20,1970-12-20,,,32020,,,21356,0,38341003,316866,,0,Hipertensão arterial
5256,746,0,1967-11-26,1967-11-26,,,32020,,,21367,0,162864005,4060985,,0,IMC 30+ - obesidade
5257,746,257012,1955-11-26,1955-11-26,,,32020,,,21347,0,40055000,257012,,0,Sinusite crônica
5258,747,40481087,2012-02-11,2012-02-11,2012-02-18,2012-02-18,32020,,,21374,0,444814009,40481087,,0,Infecção viral das vias aéreas superiores
5259,748,40481087,2015-10-11,2015-10-11,2015-11-01,2015-11-01,32020,,,21388,0,444814009,40481087,,0,Infecção viral das vias aéreas superiores
5260,748,4112343,2014-12-07,2014-12-07,2014-12-16,2014-12-16,32020,,,21394,0,195662009,4112343,,0,Faringite viral aguda
5261,748,80502,2013-03-22,2013-03-22,,,32020,,,21386,0,64859006,80502,,0,Osteoporose
5262,748,28060,2009-08-23,2009-08-23,2009-09-01,2009-09-01,32020,,,21391,0,43878008,28060,,0,Faringite estreptocócica
5263,748,4311629,1992-07-10,1992-07-10,,,32020,,,21384,0,15777000,40316773,,0,Pré-diabetes
5264,748,0,1982-07-16,1982-07-16,,,32020,,,21392,0,408512008,4256640,,0,Alcoolismo relatado pelo paciente
5265,748,4078393,1976-06-11,1976-06-11,,,32020,,,21379,0,19169002,4078393,,0,Aborto espontâneo na gravidez
5266,748,0,1964-07-17,1964-07-17,,,32020,,,21389,0,162864005,4060985,,0,IMC 30+ - obesidade
5267,748,0,1963-07-07,1963-07-07,,,32020,,,21385,0,428251008,4323208,,0,Histórico de apendicectomia
5268,748,440448,1963-07-07,1963-07-07,,,32020,,,21393,0,74400008,440448,,0,Apendicite
5269,749,40481087,2018-06-07,2018-06-07,2018-06-28,2018-06-28,32020,,,21406,0,444814009,40481087,,0,Infecção viral das vias aéreas superiores
5270,749,260139,2016-08-16,2016-08-16,2016-08-30,2016-08-30,32020,,,21431,0,10509002,260139,,0,Bronquite aguda
5271,749,4311629,2016-06-05,2016-06-05,,,32020,,,21419,0,15777000,40316773,,0,Pré-diabetes
5272,749,4217975,2016-05-29,2016-05-29,2017-01-15,2017-01-15,32020,,,21402,0,72892002,4217975,,0,Otite média não supurativa
5273,749,4112343,2014-08-23,2014-08-23,2014-09-04,2014-09-04,32020,,,21399,0,195662009,4112343,,0,Faringite viral aguda
5274,749,4112343,2014-07-10,2014-07-10,2014-07-21,2014-07-21,32020,,,21414,0,195662009,4112343,,0,Faringite viral aguda
5275,749,4112343,2014-04-30,2014-04-30,2014-05-09,2014-05-09,32020,,,21433,0,195662009,4112343,,0,Faringite viral aguda
5276,749,4217975,2013-07-07,2013-07-07,2013-07-21,2013-07-21,32020,,,21422,0,72892002,4217975,,0,Otite média não supurativa
5277,749,260139,2011-05-28,2011-05-28,2011-06-04,2011-06-04,32020,,,21409,0,10509002,260139,,0,Bronquite aguda
5278,749,28060,2010-05-07,2010-05-07,2010-05-20,2010-05-20,32020,,,21417,0,43878008,28060,,0,Faringite estreptocócica
5279,749,4217975,2008-08-31,2008-08-31,2009-04-05,2009-04-05,32020,,,21434,0,72892002,4217975,,0,Otite média não supurativa
5280,750,4112343,2018-11-22,2018-11-22,2018-12-01,2018-12-01,32020,,,21445,0,195662009,4112343,,0,Faringite viral aguda
5281,750,40481087,2015-08-02,2015-08-02,2015-08-16,2015-08-16,32020,,,21451,0,444814009,40481087,,0,Infecção viral das vias aéreas superiores
5282,750,37017023,2013-06-05,2013-06-05,2014-07-30,2014-07-30,32020,,,21449,0,713197008,37017023,,0,Fibrose cística recorrente
5283,750,260139,2012-04-15,2012-04-15,2012-04-29,2012-04-29,32020,,,21460,0,10509002,260139,,0,Bronquite aguda
5284,750,4285898,2012-02-11,2012-02-11,2014-07-30,2014-07-30,32020,,,21452,0,68496003,4285898,,0,Pólipo do cólon
5285,750,4112343,2010-08-24,2010-08-24,2010-09-02,2010-09-02,32020,,,21454,0,195662009,4112343,,0,Faringite viral aguda
5286,750,4311629,1997-02-17,1997-02-17,,,32020,,,21443,0,15777000,40316773,,0,Pré-diabetes
5287,750,316866,1975-04-07,1975-04-07,,,32020,,,21442,0,38341003,316866,,0,Hipertensão arterial
5288,751,40481087,2014-11-14,2014-11-14,2014-11-21,2014-11-21,32020,,,21467,0,444814009,40481087,,0,Infecção viral das vias aéreas superiores
5289,751,372328,2011-12-21,2011-12-21,2012-02-20,2012-02-20,32020,,,21481,0,65363002,372328,,0,Otite média
5290,751,372328,2011-09-08,2011-09-08,2011-11-21,2011-11-21,32020,,,21474,0,65363002,372328,,0,Otite média
5291,751,28060,2011-08-12,2011-08-12,2011-08-24,2011-08-24,32020,,,21464,0,43878008,28060,,0,Faringite estreptocócica
5292,751,40481087,2011-03-20,2011-03-20,2011-03-27,2011-03-27,32020,,,21466,0,444814009,40481087,,0,Infecção viral das vias aéreas superiores
5293,752,4311629,2014-12-04,2014-12-04,,,32020,,,21487,0,15777000,40316773,,0,Pré-diabetes
5294,752,0,2011-12-01,2011-12-01,,,32020,,,21488,0,162864005,4060985,,0,IMC 30+ - obesidade
5295,752,257012,2007-05-07,2007-05-07,,,32020,,,21486,0,40055000,257012,,0,Sinusite crônica
5296,753,40481087,2017-10-05,2017-10-05,2017-10-12,2017-10-12,32020,,,21491,0,444814009,40481087,,0,Infecção viral das vias aéreas superiores
5297,753,372328,2011-06-01,2011-06-01,2011-11-07,2011-11-07,32020,,,21505,0,65363002,372328,,0,Otite média
5298,753,40481087,2009-09-18,2009-09-18,2009-10-09,2009-10-09,32020,,,21498,0,444814009,40481087,,0,Infecção viral das vias aéreas superiores
5299,754,4208104,1994-09-05,1994-09-05,,,32020,,,21524,0,55680006,4208104,,0,Overdose de droga
5300,754,0,1992-03-22,1992-03-22,,,32020,,,21526,0,408512008,4256640,,0,Alcoolismo relatado pelo paciente
5301,754,436096,1991-04-15,1991-04-15,,,32020,,,21521,0,82423001,436096,,0,Dor crônica
5302,754,4155034,1991-03-21,1991-03-21,1991-04-11,1991-04-11,32020,,,21529,0,283371005,4155034,,0,Laceração de antebraço
5303,754,43530652,1991-01-31,1991-01-31,,,32020,,,21538,0,124171000119105,43530652,,0,Nefropatia diabética crônica
5304,754,4055754,1990-04-07,1990-04-07,,,32020,,,21512,0,196416002,4055754,,0,Esofagite por refluxo
5305,754,75036,1989-03-02,1989-03-02,,,32020,,,21537,0,201834006,75036,,0,Dermatite perioral
5306,754,40481087,1988-09-09,1988-09-09,1988-09-23,1988-09-23,32020,,,21536,0,444814009,40481087,,0,Infecção viral das vias aéreas superiores
5307,754,40481087,1986-08-29,1986-08-29,1986-09-12,1986-09-12,32020,,,21513,0,444814009,40481087,,0,Infecção viral das vias aéreas superiores
5308,754,0,1975-11-30,1975-11-30,,,32020,,,21544,0,162864005,4060985,,0,IMC 30+ - obesidade
5309,755,381316,1996-11-08,1996-11-08,,,32020,,,21569,0,230690007,381316,,0,Acidente vascular cerebral
5310,755,40481087,1996-02-20,1996-02-20,1996-02-27,1996-02-27,32020,,,21574,0,444814009,40481087,,0,Infecção viral das vias aéreas superiores
5311,755,4112343,1992-04-11,1992-04-11,1992-04-21,1992-04-21,32020,,,21547,0,195662009,4112343,,0,Faringite viral aguda
5312,755,4055754,1991-03-14,1991-03-14,,,32020,,,21590,0,196416002,4055754,,0,Esofagite por refluxo
5313,755,260139,1991-02-10,1991-02-10,1991-02-24,1991-02-24,32020,,,21561,0,10509002,260139,,0,Bronquite aguda
5314,755,436096,1990-11-04,1990-11-04,,,32020,,,21570,0,82423001,436096,,0,Dor crônica
5315,755,43530652,1990-04-19,1990-04-19,,,32020,,,21584,0,124171000119105,43530652,,0,Nefropatia diabética crônica
5316,755,4296204,1990-01-03,1990-01-03,1990-01-24,1990-01-24,32020,,,21546,0,403190006,4296204,,0,Queimadura solar de primeiro grau
5317,755,40481087,1987-02-18,1987-02-18,1987-03-04,1987-03-04,32020,,,21560,0,444814009,40481087,,0,Infecção viral das vias aéreas superiores
5318,755,257012,1983-10-17,1983-10-17,,,32020,,,21572,0,40055000,257012,,0,Sinusite crônica
5319,755,317576,1982-01-15,1982-01-15,,,32020,,,21565,0,53741008,317576,,0,Doença arterial coronariana
5320,755,0,1957-05-17,1957-05-17,,,32020,,,21575,0,429007001,4324181,,0,Histórico de infarto
5321,755,316866,1941-04-11,1941-04-11,,,32020,,,21549,0,38341003,316866,,0,Hipertensão arterial
5322,755,321042,1957-05-17,1957-05-17,,,32020,,,21575,0,410429000,321042,,0,Parada cardíaca
5323,756,0,2014-07-21,2014-07-21,,,32020,,,21595,0,162864005,4060985,,0,IMC 30+ - obesidade
5324,756,40481087,2011-04-19,2011-04-19,2011-04-26,2011-04-26,32020,,,21596,0,444814009,40481087,,0,Infecção viral das vias aéreas superiores
5325,756,316866,2004-07-05,2004-07-05,,,32020,,,21594,0,38341003,316866,,0,Hipertensão arterial
5326,757,4112343,2016-04-29,2016-04-29,2016-05-10,2016-05-10,32020,,,21598,0,195662009,4112343,,0,Faringite viral aguda
5327,757,40481087,2013-03-24,2013-03-24,2013-04-07,2013-04-07,32020,,,21611,0,444814009,40481087,,0,Infecção viral das vias aéreas superiores
5328,757,4296204,2011-05-06,2011-05-06,2011-05-27,2011-05-27,32020,,,21635,0,403190006,4296204,,0,Queimadura solar de primeiro grau
5329,757,432867,2004-12-09,2004-12-09,,,32020,,,21629,0,55822004,432867,,0,Hiperlipidemia
5330,757,0,2002-12-05,2002-12-05,,,32020,,,21627,0,162864005,4060985,,0,IMC 30+ - obesidade
5331,757,40486433,1966-08-22,1966-08-22,,,32020,,,21633,0,446096008,40486433,,0,Esteatose hepática perivenular
5332,758,4311629,2017-04-20,2017-04-20,,,32020,,,21645,0,15777000,40316773,,0,Pré-diabetes
5333,758,81151,2016-05-27,2016-05-27,2016-06-17,2016-06-17,32020,,,21643,0,44465007,81151,,0,Entorse de tornozelo
5334,758,4112343,2013-11-18,2013-11-18,2013-11-26,2013-11-26,32020,,,21646,0,195662009,4112343,,0,Faringite viral aguda
5335,758,40481087,2011-12-16,2011-12-16,2011-12-30,2011-12-30,32020,,,21647,0,444814009,40481087,,0,Infecção viral das vias aéreas superiores
5336,758,78272,2010-12-11,2010-12-11,2010-12-25,2010-12-25,32020,,,21642,0,70704007,78272,,0,Entorse de punho
5337,758,316866,1991-05-30,1991-05-30,,,32020,,,21648,0,38341003,316866,,0,Hipertensão arterial
5338,759,313217,2016-12-17,2016-12-17,,,32020,,,21666,0,49436004,313217,,0,Fibrilação atrial
5339,759,4283893,2015-03-25,2015-03-25,2015-07-15,2015-07-15,32020,,,21670,0,36971009,4283893,,0,Sinusite
5340,759,40481087,2013-11-03,2013-11-03,2013-11-24,2013-11-24,32020,,,21668,0,444814009,40481087,,0,Infecção viral das vias aéreas superiores
5341,759,4112343,2011-12-31,2011-12-31,2012-01-07,2012-01-07,32020,,,21662,0,195662009,4112343,,0,Faringite viral aguda
5342,759,4109685,2010-01-28,2010-01-28,2010-02-11,2010-02-11,32020,,,21657,0,284551006,4109685,,0,Laceração de pé
5343,759,0,1985-04-13,1985-04-13,,,32020,,,21655,0,162864005,4060985,,0,IMC 30+ - obesidade
5344,759,257012,1965-09-08,1965-09-08,,,32020,,,21651,0,40055000,257012,,0,Sinusite crônica
5345,760,378001,2016-10-07,2016-10-07,2016-11-06,2016-11-06,32020,,,21709,0,62106007,378001,,0,Concussão com perda de consciência
5346,760,40318618,2014-01-28,2014-01-28,2014-02-11,2014-02-11,32020,,,21696,0,156073000,40318618,,0,Obesidade
5347,760,4217975,2014-01-28,2014-01-28,2014-02-11,2014-02-11,32020,,,21696,0,72892002,4217975,,0,Otite média não supurativa
5348,760,4152936,2013-01-12,2013-01-12,2013-01-26,2013-01-26,32020,,,21708,0,283385000,4152936,,0,Laceração de ombro
5349,760,4262136,2012-07-31,2012-07-31,2012-08-07,2012-08-07,32020,,,21689,0,35999006,4262136,,0,Cegueira
5350,760,4078393,2012-07-31,2012-07-31,,,32020,,,21689,0,19169002,4078393,,0,Aborto espontâneo na gravidez
5351,760,4217975,2012-07-31,2012-07-31,2012-08-07,2012-08-07,32020,,,21689,0,72892002,4217975,,0,Otite média não supurativa
5352,760,0,2011-10-11,2011-10-11,,,32020,,,21672,0,162864005,4060985,,0,IMC 30+ - obesidade
5353,760,40481087,2011-02-12,2011-02-12,2011-02-19,2011-02-19,32020,,,21703,0,444814009,40481087,,0,Infecção viral das vias aéreas superiores
5354,760,4217975,2010-07-20,2010-07-20,2011-02-22,2011-02-22,32020,,,21673,0,72892002,4217975,,0,Otite média não supurativa
5355,761,381316,2018-07-04,2018-07-04,,,32020,,,21713,0,230690007,381316,,0,Acidente vascular cerebral
5356,761,4134304,2013-06-19,2013-06-19,2013-08-18,2013-08-18,32020,,,21722,0,263102004,4134304,,0,Ruptura de menisco
5357,761,40481087,2009-08-02,2009-08-02,2009-08-16,2009-08-16,32020,,,21737,0,444814009,40481087,,0,Infecção viral das vias aéreas superiores
5358,761,40481087,2009-06-06,2009-06-06,2009-06-27,2009-06-27,32020,,,21724,0,444814009,40481087,,0,Infecção viral das vias aéreas superiores
5359,761,432867,2006-11-22,2006-11-22,,,32020,,,21744,0,55822004,432867,,0,Hiperlipidemia
5360,761,4218106,2000-10-18,2000-10-18,,,32020,,,21725,0,7200002,4218106,,0,Alcoolismo
5361,761,4311629,1972-04-05,1972-04-05,,,32020,,,21710,0,15777000,40316773,,0,Pré-diabetes
5362,761,316866,1963-01-23,1963-01-23,,,32020,,,21733,0,38341003,316866,,0,Hipertensão arterial
5363,762,28060,2018-10-31,2018-10-31,2018-11-11,2018-11-11,32020,,,21762,0,43878008,28060,,0,Faringite estreptocócica
5364,762,260139,2017-10-05,2017-10-05,2017-10-19,2017-10-19,32020,,,21757,0,10509002,260139,,0,Bronquite aguda
5365,762,378001,2016-09-09,2016-09-09,2016-11-08,2016-11-08,32020,,,21761,0,62106007,378001,,0,Concussão com perda de consciência
5366,762,40481087,2015-05-23,2015-05-23,2015-06-06,2015-06-06,32020,,,21756,0,444814009,40481087,,0,Infecção viral das vias aéreas superiores
5367,763,0,2016-08-19,2016-08-19,,,32020,,,21763,0,162864005,4060985,,0,IMC 30+ - obesidade
5368,763,40481087,2014-01-24,2014-01-24,2014-02-14,2014-02-14,32020,,,21765,0,444814009,40481087,,0,Infecção viral das vias aéreas superiores
5369,764,313217,2017-08-24,2017-08-24,,,32020,,,21791,0,49436004,313217,,0,Fibrilação atrial
5370,764,260139,2016-08-10,2016-08-10,2016-08-17,2016-08-17,32020,,,21800,0,10509002,260139,,0,Bronquite aguda
5371,764,40480160,2015-12-20,2015-12-20,2016-03-19,2016-03-19,32020,,,21813,0,443165006,40480160,,0,Faringite aguda
5372,764,4278672,2015-12-20,2015-12-20,2016-03-19,2016-03-19,32020,,,21813,0,65966004,4278672,,0,Fratura do fêmur
5373,764,40481087,2011-08-18,2011-08-18,2011-08-25,2011-08-25,32020,,,21770,0,444814009,40481087,,0,Infecção viral das vias aéreas superiores
5374,764,260139,2011-08-07,2011-08-07,2011-08-21,2011-08-21,32020,,,21789,0,10509002,260139,,0,Bronquite aguda
5375,764,40481087,2011-03-21,2011-03-21,2011-04-11,2011-04-11,32020,,,21829,0,444814009,40481087,,0,Infecção viral das vias aéreas superiores
5376,764,80502,1999-03-18,1999-03-18,,,32020,,,21778,0,64859006,80502,,0,Osteoporose
5377,764,432867,1968-09-26,1968-09-26,,,32020,,,21790,0,55822004,432867,,0,Hiperlipidemia
5378,764,4311629,1964-10-15,1964-10-15,,,32020,,,21767,0,15777000,40316773,,0,Pré-diabetes
5379,764,0,1950-02-16,1950-02-16,,,32020,,,21821,0,162864005,4060985,,0,IMC 30+ - obesidade
5380,764,4078393,1945-10-25,1945-10-25,,,32020,,,21799,0,19169002,4078393,,0,Aborto espontâneo na gravidez
5381,764,316866,1936-11-19,1936-11-19,,,32020,,,21835,0,38341003,316866,,0,Hipertensão arterial
5382,765,4217975,2018-10-17,2018-10-17,2018-11-07,2018-11-07,32020,,,21861,0,72892002,4217975,,0,Otite média não supurativa
5383,765,260139,2013-01-17,2013-01-17,2013-01-24,2013-01-24,32020,,,21856,0,10509002,260139,,0,Bronquite aguda
5384,765,4217975,2012-05-30,2012-05-30,2013-01-09,2013-01-09,32020,,,21859,0,72892002,4217975,,0,Otite média não supurativa
5385,765,4217975,2011-08-10,2011-08-10,2011-08-31,2011-08-31,32020,,,21848,0,72892002,4217975,,0,Otite média não supurativa
5386,765,4217975,2009-09-09,2009-09-09,2010-04-07,2010-04-07,32020,,,21872,0,72892002,4217975,,0,Otite média não supurativa
5387,765,257012,1993-02-16,1993-02-16,,,32020,,,21855,0,40055000,257012,,0,Sinusite crônica
5388,766,40481087,2016-03-17,2016-03-17,2016-03-31,2016-03-31,32020,,,21889,0,444814009,40481087,,0,Infecção viral das vias aéreas superiores
5389,766,4283893,2010-04-22,2010-04-22,2010-05-13,2010-05-13,32020,,,21888,0,36971009,4283893,,0,Sinusite
5390,767,4278672,2018-10-05,2018-10-05,2018-11-04,2018-11-04,32020,,,21896,0,65966004,4278672,,0,Fratura do fêmur
5391,767,372328,2018-06-02,2018-06-02,,,32020,,,21894,0,65363002,372328,,0,Otite média
5392,767,40486433,2018-02-04,2018-02-04,,,32020,,,21901,0,446096008,40486433,,0,Esteatose hepática perivenular
5393,767,372328,2017-08-25,2017-08-25,2018-01-03,2018-01-03,32020,,,21904,0,65363002,372328,,0,Otite média
5394,767,260139,2015-07-25,2015-07-25,2015-08-08,2015-08-08,32020,,,21903,0,10509002,260139,,0,Bronquite aguda
5395,767,4084167,2015-04-24,2015-04-24,2015-04-25,2015-04-25,32020,,,21895,0,241929008,4084167,,0,Reação alérgica a alimento
5396,767,372328,2015-03-08,2015-03-08,2015-04-08,2015-04-08,32020,,,21898,0,65363002,372328,,0,Otite média
5397,767,372328,2014-12-07,2014-12-07,2015-01-07,2015-01-07,32020,,,21893,0,65363002,372328,,0,Otite média
5398,767,372328,2014-07-28,2014-07-28,2014-10-08,2014-10-08,32020,,,21911,0,65363002,372328,,0,Otite média
5399,768,372328,2018-01-20,2018-01-20,2018-04-21,2018-04-21,32020,,,21921,0,65363002,372328,,0,Otite média
5400,768,260139,2017-10-12,2017-10-12,2017-10-19,2017-10-19,32020,,,21927,0,10509002,260139,,0,Bronquite aguda
5401,768,372328,2016-02-18,2016-02-18,2016-04-30,2016-04-30,32020,,,21917,0,65363002,372328,,0,Otite média
5402,769,40481087,2017-12-30,2017-12-30,2018-01-06,2018-01-06,32020,,,21959,0,444814009,40481087,,0,Infecção viral das vias aéreas superiores
5403,769,439393,2016-08-23,2016-08-23,2016-10-04,2016-10-04,32020,,,21950,0,398254007,439393,,0,Pré-eclâmpsia
5404,769,4112343,2016-07-05,2016-07-05,2016-07-12,2016-07-12,32020,,,21945,0,195662009,4112343,,0,Faringite viral aguda
5405,769,4217975,2016-03-08,2016-03-08,2016-10-04,2016-10-04,32020,,,21951,0,72892002,4217975,,0,Otite média não supurativa
5406,769,4116491,2012-09-28,2012-09-28,2012-11-03,2012-11-03,32020,,,21956,0,301011002,4116491,,0,Infecção do trato urinário por E. coli
5407,769,260139,2011-06-10,2011-06-10,2011-06-24,2011-06-24,32020,,,21962,0,10509002,260139,,0,Bronquite aguda
5408,769,0,1988-10-04,1988-10-04,,,32020,,,21960,0,703151001,45766064,,0,Histórico de artroplastia de joelho
5409,769,4029498,1988-10-04,1988-10-04,,,32020,,,21960,0,128613002,4029498,,0,Transtorno convulsivo
5410,770,40481087,2017-10-17,2017-10-17,2017-10-24,2017-10-24,32020,,,21973,0,444814009,40481087,,0,Infecção viral das vias aéreas superiores
5411,770,260139,2014-07-13,2014-07-13,2014-07-27,2014-07-27,32020,,,21979,0,10509002,260139,,0,Bronquite aguda
5412,770,4055754,2000-10-10,2000-10-10,,,32020,,,21989,0,196416002,4055754,,0,Esofagite por refluxo
5413,770,313217,1996-08-03,1996-08-03,,,32020,,,21992,0,49436004,313217,,0,Fibrilação atrial
5414,770,37017023,1995-09-02,1995-09-02,,,32020,,,21968,0,713197008,37017023,,0,Fibrose cística recorrente
5415,770,4285898,1994-07-09,1994-07-09,,,32020,,,21993,0,68496003,4285898,,0,Pólipo do cólon
5416,770,4311629,1993-07-17,1993-07-17,,,32020,,,21971,0,15777000,40316773,,0,Pré-diabetes
5417,770,0,1966-07-02,1966-07-02,,,32020,,,21969,0,408512008,4256640,,0,Alcoolismo relatado pelo paciente
5418,770,0,1953-07-11,1953-07-11,,,32020,,,21983,0,162864005,4060985,,0,IMC 30+ - obesidade
5419,770,439777,1944-07-08,1944-07-08,,,32020,,,21967,0,271737000,439777,,0,Anemia
5420,772,40481087,2016-05-12,2016-05-12,2016-06-02,2016-06-02,32020,,,21999,0,444814009,40481087,,0,Infecção viral das vias aéreas superiores
5421,772,0,2011-08-28,2011-08-28,,,32020,,,22000,0,408512008,4256640,,0,Alcoolismo relatado pelo paciente
5422,772,0,1992-07-05,1992-07-05,,,32020,,,21996,0,162864005,4060985,,0,IMC 30+ - obesidade
5423,773,0,2006-11-24,2006-11-24,,,32020,,,22012,0,429007001,4324181,,0,Histórico de infarto
5424,773,321042,2006-11-24,2006-11-24,,,32020,,,22012,0,410429000,321042,,0,Parada cardíaca
5425,773,381316,1998-01-30,1998-01-30,,,32020,,,22022,0,230690007,381316,,0,Acidente vascular cerebral
5426,773,317576,1993-10-22,1993-10-22,,,32020,,,22008,0,53741008,317576,,0,Doença arterial coronariana
5427,773,80502,1983-08-26,1983-08-26,,,32020,,,22017,0,64859006,80502,,0,Osteoporose
5428,773,4311629,1953-05-08,1953-05-08,,,32020,,,22002,0,15777000,40316773,,0,Pré-diabetes
5429,773,0,1938-05-06,1938-05-06,,,32020,,,22003,0,162864005,4060985,,0,IMC 30+ - obesidade
5430,773,316866,1932-04-29,1932-04-29,,,32020,,,22006,0,38341003,316866,,0,Hipertensão arterial
5431,774,378419,2015-03-20,2015-03-20,,,32020,,,22027,0,26929004,378419,,0,Doença de Alzheimer
5432,774,260139,2014-12-22,2014-12-22,2015-01-05,2015-01-05,32020,,,22042,0,10509002,260139,,0,Bronquite aguda
5433,774,4112343,2011-04-27,2011-04-27,2011-05-09,2011-05-09,32020,,,22039,0,195662009,4112343,,0,Faringite viral aguda
5434,774,40481087,2011-04-10,2011-04-10,2011-04-17,2011-04-17,32020,,,22048,0,444814009,40481087,,0,Infecção viral das vias aéreas superiores
5435,774,0,1979-08-24,1979-08-24,,,32020,,,22026,0,408512008,4256640,,0,Alcoolismo relatado pelo paciente
5436,774,0,1977-08-10,1977-08-10,,,32020,,,22032,0,428251008,4323208,,0,Histórico de apendicectomia
5437,774,440448,1977-08-10,1977-08-10,,,32020,,,22046,0,74400008,440448,,0,Apendicite
5438,774,4079749,1976-08-08,1976-08-08,,,32020,,,22023,0,239872002,4079749,,0,Osteoartrite do quadril
5439,774,257012,1962-03-29,1962-03-29,,,32020,,,22033,0,40055000,257012,,0,Sinusite crônica
5440,774,0,1961-10-20,1961-10-20,,,32020,,,22035,0,162864005,4060985,,0,IMC 30+ - obesidade
5441,774,316866,1957-10-11,1957-10-11,,,32020,,,22034,0,38341003,316866,,0,Hipertensão arterial
5442,775,257012,2017-04-22,2017-04-22,,,32020,,,22060,0,40055000,257012,,0,Sinusite crônica
5443,775,4283893,2017-03-25,2017-03-25,2017-05-13,2017-05-13,32020,,,22059,0,36971009,4283893,,0,Sinusite
5444,775,40481087,2013-12-20,2013-12-20,2014-01-03,2014-01-03,32020,,,22050,0,444814009,40481087,,0,Infecção viral das vias aéreas superiores
5445,775,260139,2012-11-25,2012-11-25,2012-12-04,2012-12-04,32020,,,22063,0,10509002,260139,,0,Bronquite aguda
5446,775,40481087,2010-11-09,2010-11-09,2010-11-30,2010-11-30,32020,,,22061,0,444814009,40481087,,0,Infecção viral das vias aéreas superiores
5447,775,0,2006-07-10,2006-07-10,,,32020,,,22052,0,162864005,4060985,,0,IMC 30+ - obesidade
5448,776,372328,2014-10-02,2014-10-02,2014-11-13,2014-11-13,32020,,,22065,0,65363002,372328,,0,Otite média
5449,777,260139,2018-06-02,2018-06-02,2018-06-09,2018-06-09,32020,,,22080,0,10509002,260139,,0,Bronquite aguda
5450,777,372328,2015-12-22,2015-12-22,2016-10-29,2016-10-29,32020,,,22125,0,65363002,372328,,0,Otite média
5451,778,40480160,2013-08-25,2013-08-25,2013-09-24,2013-09-24,32020,,,22165,0,443165006,40480160,,0,Faringite aguda
5452,778,4230399,2013-08-25,2013-08-25,2013-09-24,2013-09-24,32020,,,22165,0,359817006,4230399,,0,Doença renal crônica estágio 2
5453,778,432867,1997-03-11,1997-03-11,,,32020,,,22154,0,55822004,432867,,0,Hiperlipidemia
5454,778,381316,1989-08-16,1989-08-16,,,32020,,,22168,0,230690007,381316,,0,Acidente vascular cerebral
5455,778,200970,1978-06-07,1978-06-07,,,32020,,,22133,0,92691004,200970,,0,Carcinoma in situ de próstata
5456,778,4129902,1978-06-07,1978-06-07,,,32020,,,22133,0,126906006,4129902,,0,Neoplasia de bexiga
5457,778,80502,1978-06-07,1978-06-07,,,32020,,,22133,0,64859006,80502,,0,Osteoporose
5458,778,4311629,1960-04-12,1960-04-12,,,32020,,,22156,0,15777000,40316773,,0,Pré-diabetes
5459,778,0,1955-07-06,1955-07-06,,,32020,,,22134,0,449868002,42709996,,0,Fumante atual de cigarro
5460,778,316866,1936-06-10,1936-06-10,,,32020,,,22149,0,38341003,316866,,0,Hipertensão arterial
5461,778,257012,1934-05-19,1934-05-19,,,32020,,,22174,0,40055000,257012,,0,Sinusite crônica
5462,779,260139,2017-12-08,2017-12-08,2017-12-22,2017-12-22,32020,,,22184,0,10509002,260139,,0,Bronquite aguda
5463,779,40481087,2016-01-07,2016-01-07,2016-01-21,2016-01-21,32020,,,22191,0,444814009,40481087,,0,Infecção viral das vias aéreas superiores
5464,779,4112343,2014-09-04,2014-09-04,2014-09-13,2014-09-13,32020,,,22196,0,195662009,4112343,,0,Faringite viral aguda
5465,779,40481087,2011-11-01,2011-11-01,2011-11-22,2011-11-22,32020,,,22181,0,444814009,40481087,,0,Infecção viral das vias aéreas superiores
5466,779,81151,2011-03-01,2011-03-01,2011-03-22,2011-03-22,32020,,,22194,0,44465007,81151,,0,Entorse de tornozelo
5467,779,372328,2010-10-06,2010-10-06,2011-12-04,2011-12-04,32020,,,22183,0,65363002,372328,,0,Otite média
5468,779,4112343,2010-07-13,2010-07-13,2010-07-25,2010-07-25,32020,,,22187,0,195662009,4112343,,0,Faringite viral aguda
5469,779,378001,2010-01-05,2010-01-05,2010-02-04,2010-02-04,32020,,,22189,0,62106007,378001,,0,Concussão com perda de consciência
5470,779,4078393,2003-06-01,2003-06-01,,,32020,,,22195,0,19169002,4078393,,0,Aborto espontâneo na gravidez
5471,779,0,1993-10-31,1993-10-31,,,32020,,,22207,0,408512008,4256640,,0,Alcoolismo relatado pelo paciente
5472,779,0,1987-09-27,1987-09-27,,,32020,,,22185,0,162864005,4060985,,0,IMC 30+ - obesidade
5473,780,4156265,2019-01-03,2019-01-03,,,32020,,,22219,0,370247008,4156265,,0,Lesão facial
5474,780,40481087,2011-01-31,2011-01-31,2011-02-07,2011-02-07,32020,,,22227,0,444814009,40481087,,0,Infecção viral das vias aéreas superiores
5475,780,0,2010-06-21,2010-06-21,,,32020,,,22220,0,408512008,4256640,,0,Alcoolismo relatado pelo paciente
5476,780,4156265,1995-04-20,1995-04-20,1995-05-04,1995-05-04,32020,,,22208,0,370247008,4156265,,0,Lesão facial
5477,780,0,1994-05-23,1994-05-23,,,32020,,,22212,0,162864005,4060985,,0,IMC 30+ - obesidade
5478,780,317576,1991-05-13,1991-05-13,,,32020,,,,0,53741008,317576,,0,Doença arterial coronariana
5479,780,257012,1973-04-20,1973-04-20,,,32020,,,22213,0,40055000,257012,,0,Sinusite crônica
5480,781,4112343,2018-08-13,2018-08-13,2018-08-26,2018-08-26,32020,,,22229,0,195662009,4112343,,0,Faringite viral aguda
5481,781,0,2017-09-28,2017-09-28,,,32020,,,22235,0,408512008,4256640,,0,Alcoolismo relatado pelo paciente
5482,781,40481087,2016-08-28,2016-08-28,2016-09-18,2016-09-18,32020,,,22231,0,444814009,40481087,,0,Infecção viral das vias aéreas superiores
5483,781,40481087,2012-07-01,2012-07-01,2012-07-15,2012-07-15,32020,,,22239,0,444814009,40481087,,0,Infecção viral das vias aéreas superiores
5484,781,0,2002-01-03,2002-01-03,,,32020,,,22236,0,162864005,4060985,,0,IMC 30+ - obesidade
5485,781,4078393,2000-07-27,2000-07-27,,,32020,,,22233,0,19169002,4078393,,0,Aborto espontâneo na gravidez
5486,781,316866,1991-12-19,1991-12-19,,,32020,,,22230,0,38341003,316866,,0,Hipertensão arterial
5487,782,4311629,2015-09-06,2015-09-06,,,32020,,,22249,0,15777000,40316773,,0,Pré-diabetes
5488,782,4217975,2015-05-03,2015-05-03,2015-12-06,2015-12-06,32020,,,22247,0,72892002,4217975,,0,Otite média não supurativa
5489,782,4218389,2015-02-17,2015-02-17,2015-03-24,2015-03-24,32020,,,22269,0,39848009,4218389,,0,Lesão em chicote do pescoço
5490,782,40481087,2014-01-12,2014-01-12,2014-01-26,2014-01-26,32020,,,22267,0,444814009,40481087,,0,Infecção viral das vias aéreas superiores
5491,782,40479422,2009-03-13,2009-03-13,2009-04-19,2009-04-19,32020,,,22251,0,444448004,40479422,,0,Neuropatia diabética
5492,782,316866,2002-08-18,2002-08-18,,,32020,,,22264,0,38341003,316866,,0,Hipertensão arterial
5493,784,40481087,2014-09-12,2014-09-12,2014-09-19,2014-09-19,32020,,,22284,0,444814009,40481087,,0,Infecção viral das vias aéreas superiores
5494,784,4112343,2014-01-22,2014-01-22,2014-02-04,2014-02-04,32020,,,22279,0,195662009,4112343,,0,Faringite viral aguda
5495,784,40481087,2010-10-18,2010-10-18,2010-10-25,2010-10-25,32020,,,22287,0,444814009,40481087,,0,Infecção viral das vias aéreas superiores
5496,784,4280726,2008-09-06,2008-09-06,,,32020,,,22277,0,367498001,4280726,,0,Gripe sazonal
5497,785,40481087,2017-01-13,2017-01-13,2017-01-20,2017-01-20,32020,,,22299,0,444814009,40481087,,0,Infecção viral das vias aéreas superiores
5498,785,40479422,2010-05-02,2010-05-02,2010-07-08,2010-07-08,32020,,,22301,0,444448004,40479422,,0,Neuropatia diabética
5499,786,40481087,2015-09-28,2015-09-28,2015-10-12,2015-10-12,32020,,,22304,0,444814009,40481087,,0,Infecção viral das vias aéreas superiores
5500,786,40481087,2011-04-30,2011-04-30,2011-05-14,2011-05-14,32020,,,22302,0,444814009,40481087,,0,Infecção viral das vias aéreas superiores
5501,787,40481087,2016-11-25,2016-11-25,2016-12-16,2016-12-16,32020,,,22312,0,444814009,40481087,,0,Infecção viral das vias aéreas superiores
5502,787,260139,2015-01-24,2015-01-24,2015-02-07,2015-02-07,32020,,,22328,0,10509002,260139,,0,Bronquite aguda
5503,787,40481087,2014-12-21,2014-12-21,2014-12-28,2014-12-28,32020,,,22326,0,444814009,40481087,,0,Infecção viral das vias aéreas superiores
5504,787,432867,2014-06-02,2014-06-02,,,32020,,,22309,0,55822004,432867,,0,Hiperlipidemia
5505,787,40481087,2011-05-12,2011-05-12,2011-06-02,2011-06-02,32020,,,22330,0,444814009,40481087,,0,Infecção viral das vias aéreas superiores
5506,787,4112343,2010-08-25,2010-08-25,2010-09-04,2010-09-04,32020,,,22324,0,195662009,4112343,,0,Faringite viral aguda
5507,787,0,1988-05-02,1988-05-02,,,32020,,,22315,0,408512008,4256640,,0,Alcoolismo relatado pelo paciente
5508,787,0,1973-07-09,1973-07-09,,,32020,,,22310,0,162864005,4060985,,0,IMC 30+ - obesidade
5509,787,381316,1972-05-15,1972-05-15,,,32020,,,22327,0,230690007,381316,,0,Acidente vascular cerebral
5510,788,40481087,2016-09-26,2016-09-26,2016-10-17,2016-10-17,32020,,,22361,0,444814009,40481087,,0,Infecção viral das vias aéreas superiores
5511,788,4237458,2016-06-13,2016-06-13,2016-07-13,2016-07-13,32020,,,22408,0,58150001,4237458,,0,Fratura de clavícula
5512,788,40481087,2015-03-21,2015-03-21,2015-03-28,2015-03-28,32020,,,22362,0,444814009,40481087,,0,Infecção viral das vias aéreas superiores
5513,788,436096,2015-01-22,2015-01-22,,,32020,,,22343,0,82423001,436096,,0,Dor crônica
5514,788,4043241,2011-07-27,2011-07-27,,,32020,,,22429,0,230265002,4043241,,0,Enxaqueca sem aura
5515,788,4079750,2004-06-27,2004-06-27,,,32020,,,22370,0,239873007,4079750,,0,Osteoartrite do joelho
5516,788,4078393,1992-11-25,1992-11-25,,,32020,,,22431,0,19169002,4078393,,0,Aborto espontâneo na gravidez
5517,788,43530656,1991-09-25,1991-09-25,,,32020,,,22373,0,1551000119108,43530656,,0,Retinopatia diabética não proliferativa
5518,788,192279,1991-09-25,1991-09-25,,,32020,,,22373,0,127013003,192279,,0,Nefropatia diabética
5519,788,443614,1991-09-25,1991-09-25,,,32020,,,22373,0,431855005,443614,,0,Doença renal crônica estágio 1
5520,788,436940,1986-12-24,1986-12-24,,,32020,,,22453,0,237602007,436940,,0,Síndrome metabólica
5521,788,4214376,1986-12-24,1986-12-24,,,32020,,,22453,0,80394007,4214376,,0,Hiperglicemia
5522,788,37016354,1983-12-21,1983-12-21,,,32020,,,22375,0,368581000119106,37016354,,0,Neuropatia por diabetes tipo 2
5523,788,4226121,1983-12-21,1983-12-21,,,32020,,,22375,0,422034002,4226121,,0,Retinopatia diabética proliferativa
5524,788,4120314,1983-12-21,1983-12-21,,,32020,,,22375,0,302870006,4120314,,0,Hipertrigliceridemia
5525,788,201826,1980-12-17,1980-12-17,,,32020,,,22352,0,44054006,201826,,0,Diabetes mellitus tipo 2
5526,788,316866,1980-12-17,1980-12-17,,,32020,,,22352,0,38341003,316866,,0,Hipertensão arterial
5527,789,316866,2016-09-14,2016-09-14,,,32020,,,22464,0,38341003,316866,,0,Hipertensão arterial
5528,789,40481087,2011-07-22,2011-07-22,2011-08-12,2011-08-12,32020,,,22462,0,444814009,40481087,,0,Infecção viral das vias aéreas superiores
5529,790,40481087,2018-06-28,2018-06-28,2018-07-12,2018-07-12,32020,,,22490,0,444814009,40481087,,0,Infecção viral das vias aéreas superiores
5530,790,81151,2015-08-18,2015-08-18,2015-09-15,2015-09-15,32020,,,22481,0,44465007,81151,,0,Entorse de tornozelo
5531,790,4283893,2014-10-28,2014-10-28,2014-11-11,2014-11-11,32020,,,22476,0,36971009,4283893,,0,Sinusite
5532,790,4112343,2014-10-09,2014-10-09,2014-10-20,2014-10-20,32020,,,22489,0,195662009,4112343,,0,Faringite viral aguda
5533,790,260139,2009-12-18,2009-12-18,2010-01-01,2010-01-01,32020,,,22487,0,10509002,260139,,0,Bronquite aguda
5534,790,4059173,2009-08-19,2009-08-19,2009-10-18,2009-10-18,32020,,,22477,0,16114001,4059173,,0,Fratura de tornozelo
5535,791,4217975,2018-05-28,2018-05-28,2018-12-31,2018-12-31,32020,,,22528,0,72892002,4217975,,0,Otite média não supurativa
5536,791,4217975,2015-10-26,2015-10-26,2016-05-30,2016-05-30,32020,,,22516,0,72892002,4217975,,0,Otite média não supurativa
5537,791,4217975,2013-11-25,2013-11-25,2014-06-30,2014-06-30,32020,,,22537,0,72892002,4217975,,0,Otite média não supurativa
5538,791,4112343,2010-04-09,2010-04-09,2010-04-19,2010-04-19,32020,,,22531,0,195662009,4112343,,0,Faringite viral aguda
5539,791,40481087,2010-02-10,2010-02-10,2010-03-03,2010-03-03,32020,,,22491,0,444814009,40481087,,0,Infecção viral das vias aéreas superiores
5540,791,0,2005-05-02,2005-05-02,,,32020,,,22517,0,162864005,4060985,,0,IMC 30+ - obesidade
5541,791,4055754,2001-03-31,2001-03-31,,,32020,,,22512,0,196416002,4055754,,0,Esofagite por refluxo
5542,792,260139,1995-11-08,1995-11-08,1995-11-15,1995-11-15,32020,,,22538,0,10509002,260139,,0,Bronquite aguda
5543,792,40481087,1994-08-31,1994-08-31,1994-09-07,1994-09-07,32020,,,22552,0,444814009,40481087,,0,Infecção viral das vias aéreas superiores
5544,792,4112343,1994-01-01,1994-01-01,1994-01-12,1994-01-12,32020,,,22555,0,195662009,4112343,,0,Faringite viral aguda
5545,792,378419,1991-11-22,1991-11-22,,,32020,,,22545,0,26929004,378419,,0,Doença de Alzheimer
5546,792,40481087,1990-11-08,1990-11-08,1990-11-15,1990-11-15,32020,,,22550,0,444814009,40481087,,0,Infecção viral das vias aéreas superiores
5547,792,199076,1938-04-22,1938-04-22,,,32020,,,22556,0,79586000,199076,,0,Gravidez tubária
5548,792,4078393,1937-02-26,1937-02-26,,,32020,,,22542,0,19169002,4078393,,0,Aborto espontâneo na gravidez
5549,793,28060,2017-07-28,2017-07-28,2017-08-09,2017-08-09,32020,,,22570,0,43878008,28060,,0,Faringite estreptocócica
5550,793,260139,2017-02-26,2017-02-26,2017-03-12,2017-03-12,32020,,,22561,0,10509002,260139,,0,Bronquite aguda
5551,793,4112343,2015-11-20,2015-11-20,2015-12-03,2015-12-03,32020,,,22564,0,195662009,4112343,,0,Faringite viral aguda
5552,793,4112343,2015-09-04,2015-09-04,2015-09-17,2015-09-17,32020,,,22568,0,195662009,4112343,,0,Faringite viral aguda
5553,793,4112343,2014-10-24,2014-10-24,2014-11-06,2014-11-06,32020,,,22574,0,195662009,4112343,,0,Faringite viral aguda
5554,793,436940,2003-07-08,2003-07-08,,,32020,,,22563,0,237602007,436940,,0,Síndrome metabólica
5555,793,4120314,2000-07-04,2000-07-04,,,32020,,,22572,0,302870006,4120314,,0,Hipertrigliceridemia
5556,793,201826,1997-07-01,1997-07-01,,,32020,,,22562,0,44054006,201826,,0,Diabetes mellitus tipo 2
5557,794,81151,2015-11-10,2015-11-10,2015-12-01,2015-12-01,32020,,,22578,0,44465007,81151,,0,Entorse de tornozelo
5558,794,260139,2009-10-20,2009-10-20,2009-11-03,2009-11-03,32020,,,22584,0,10509002,260139,,0,Bronquite aguda
5559,794,40481087,2009-07-22,2009-07-22,2009-08-05,2009-08-05,32020,,,22580,0,444814009,40481087,,0,Infecção viral das vias aéreas superiores
5560,794,0,2005-08-08,2005-08-08,,,32020,,,22585,0,162864005,4060985,,0,IMC 30+ - obesidade
5561,794,439777,1996-05-29,1996-05-29,,,32020,,,22583,0,271737000,439777,,0,Anemia
5562,795,4311629,2013-12-29,2013-12-29,,,32020,,,22605,0,15777000,40316773,,0,Pré-diabetes
5563,795,0,2007-12-23,2007-12-23,,,32020,,,22591,0,162864005,4060985,,0,IMC 30+ - obesidade
5564,795,317009,2002-03-07,2002-03-07,,,32020,,,22600,0,195967001,317009,,0,Asma
5565,795,316866,1995-11-19,1995-11-19,,,32020,,,22586,0,38341003,316866,,0,Hipertensão arterial
5566,796,4112343,2017-08-30,2017-08-30,2017-09-12,2017-09-12,32020,,,22610,0,195662009,4112343,,0,Faringite viral aguda
5567,796,40481087,2016-02-28,2016-02-28,2016-03-06,2016-03-06,32020,,,22617,0,444814009,40481087,,0,Infecção viral das vias aéreas superiores
5568,796,4296204,2014-03-05,2014-03-05,2014-03-26,2014-03-26,32020,,,22608,0,403190006,4296204,,0,Queimadura solar de primeiro grau
5569,796,0,2004-01-19,2004-01-19,,,32020,,,22606,0,162864005,4060985,,0,IMC 30+ - obesidade
5570,797,260139,2018-12-04,2018-12-04,2018-12-19,2018-12-19,32020,,,22620,0,10509002,260139,,0,Bronquite aguda
5571,797,0,2017-03-13,2017-03-13,,,32020,,,22636,0,399211009,4163874,,0,Histórico de infarto do miocárdio
5572,797,4329847,2017-03-13,2017-03-13,,,32020,,,22636,0,22298006,4329847,,0,Infarto do miocárdio
5573,797,4156265,2014-10-10,2014-10-10,2014-10-31,2014-10-31,32020,,,22639,0,370247008,4156265,,0,Lesão facial
5574,797,40481087,2014-05-19,2014-05-19,2014-06-09,2014-06-09,32020,,,22637,0,444814009,40481087,,0,Infecção viral das vias aéreas superiores
5575,797,40481087,2010-09-23,2010-09-23,2010-09-30,2010-09-30,32020,,,22640,0,444814009,40481087,,0,Infecção viral das vias aéreas superiores
5576,797,4078393,2009-12-27,2009-12-27,,,32020,,,22624,0,19169002,4078393,,0,Aborto espontâneo na gravidez
5577,797,4217975,2009-12-27,2009-12-27,2010-01-17,2010-01-17,32020,,,22624,0,72892002,4217975,,0,Otite média não supurativa
5578,797,0,2004-03-07,2004-03-07,,,32020,,,22641,0,162864005,4060985,,0,IMC 30+ - obesidade
5579,797,317576,1987-05-04,1987-05-04,,,32020,,,22642,0,53741008,317576,,0,Doença arterial coronariana
5580,797,316866,1980-04-20,1980-04-20,,,32020,,,22623,0,38341003,316866,,0,Hipertensão arterial
5581,798,4280726,2010-01-29,2010-01-29,,,32020,,,22647,0,367498001,4280726,,0,Gripe sazonal
5582,798,133834,2008-10-26,2008-10-26,,,32020,,,22649,0,24079001,133834,,0,Dermatite atópica
5583,799,40481087,2018-06-30,2018-06-30,2018-07-21,2018-07-21,32020,,,22664,0,444814009,40481087,,0,Infecção viral das vias aéreas superiores
5584,799,4217975,2016-11-27,2016-11-27,2017-07-02,2017-07-02,32020,,,22692,0,72892002,4217975,,0,Otite média não supurativa
5585,799,4112343,2016-01-08,2016-01-08,2016-01-16,2016-01-16,32020,,,22688,0,195662009,4112343,,0,Faringite viral aguda
5586,799,4217975,2013-12-22,2013-12-22,2014-07-20,2014-07-20,32020,,,22667,0,72892002,4217975,,0,Otite média não supurativa
5587,799,40481087,2013-04-30,2013-04-30,2013-05-21,2013-05-21,32020,,,22690,0,444814009,40481087,,0,Infecção viral das vias aéreas superiores
5588,800,381316,2018-11-30,2018-11-30,,,32020,,,22713,0,230690007,381316,,0,Acidente vascular cerebral
5589,800,4112343,2018-11-17,2018-11-17,2018-11-29,2018-11-29,32020,,,22713,0,195662009,4112343,,0,Faringite viral aguda
5590,800,40481087,2016-11-26,2016-11-26,2016-12-10,2016-12-10,32020,,,22708,0,444814009,40481087,,0,Infecção viral das vias aéreas superiores
5591,800,28060,2010-08-19,2010-08-19,2010-08-28,2010-08-28,32020,,,22703,0,43878008,28060,,0,Faringite estreptocócica
5592,800,260139,2010-03-21,2010-03-21,2010-03-28,2010-03-28,32020,,,22701,0,10509002,260139,,0,Bronquite aguda
5593,800,4078393,1993-02-26,1993-02-26,,,32020,,,22722,0,19169002,4078393,,0,Aborto espontâneo na gravidez
5594,800,4079750,1990-11-27,1990-11-27,,,32020,,,22723,0,239873007,4079750,,0,Osteoartrite do joelho
5595,800,0,1989-02-24,1989-02-24,,,32020,,,22707,0,162864005,4060985,,0,IMC 30+ - obesidade
5596,800,316866,1962-12-28,1962-12-28,,,32020,,,22712,0,38341003,316866,,0,Hipertensão arterial
5597,801,78272,2017-03-28,2017-03-28,2017-04-11,2017-04-11,32020,,,22726,0,70704007,78272,,0,Entorse de punho
5598,801,40481087,2011-01-22,2011-01-22,2011-01-29,2011-01-29,32020,,,22729,0,444814009,40481087,,0,Infecção viral das vias aéreas superiores
5599,802,4311629,2015-08-24,2015-08-24,,,32020,,,22741,0,15777000,40316773,,0,Pré-diabetes
5600,802,375671,2013-11-26,2013-11-26,2013-12-26,2013-12-26,32020,,,22747,0,62564004,375671,,0,Concussão sem perda de consciência
5601,802,260139,2010-06-14,2010-06-14,2010-06-21,2010-06-21,32020,,,22745,0,10509002,260139,,0,Bronquite aguda
5602,802,316866,2003-06-16,2003-06-16,,,32020,,,22743,0,38341003,316866,,0,Hipertensão arterial
5603,803,260139,2017-01-21,2017-01-21,2017-02-04,2017-02-04,32020,,,22756,0,10509002,260139,,0,Bronquite aguda
5604,803,260139,2011-12-04,2011-12-04,2011-12-18,2011-12-18,32020,,,22778,0,10509002,260139,,0,Bronquite aguda
5605,803,4043241,2010-04-05,2010-04-05,,,32020,,,22776,0,230265002,4043241,,0,Enxaqueca sem aura
5606,803,432867,2005-04-18,2005-04-18,,,32020,,,22780,0,55822004,432867,,0,Hiperlipidemia
5607,803,0,2003-04-14,2003-04-14,,,32020,,,22754,0,162864005,4060985,,0,IMC 30+ - obesidade
5608,804,439777,2018-01-15,2018-01-15,,,32020,,,22828,0,271737000,439777,,0,Anemia
5609,804,4112343,2017-10-13,2017-10-13,2017-10-26,2017-10-26,32020,,,22802,0,195662009,4112343,,0,Faringite viral aguda
5610,804,0,2012-08-26,2012-08-26,,,32020,,,22799,0,162864005,4060985,,0,IMC 30+ - obesidade
5611,804,40481087,2012-08-19,2012-08-19,2012-08-26,2012-08-26,32020,,,22833,0,444814009,40481087,,0,Infecção viral das vias aéreas superiores
5612,804,4217975,2012-01-15,2012-01-15,2012-08-12,2012-08-12,32020,,,22826,0,72892002,4217975,,0,Otite média não supurativa
5613,804,4217975,2010-07-25,2010-07-25,2010-08-15,2010-08-15,32020,,,22782,0,72892002,4217975,,0,Otite média não supurativa
5614,804,316866,1993-10-24,1993-10-24,,,32020,,,22789,0,38341003,316866,,0,Hipertensão arterial
5615,805,4217975,2016-10-25,2016-10-25,2017-05-30,2017-05-30,32020,,,22852,0,72892002,4217975,,0,Otite média não supurativa
5616,805,4217975,2011-07-19,2011-07-19,2012-02-21,2012-02-21,32020,,,22851,0,72892002,4217975,,0,Otite média não supurativa
5617,805,4262136,2011-03-29,2011-03-29,2011-04-12,2011-04-12,32020,,,22836,0,35999006,4262136,,0,Cegueira
5618,805,4078393,2011-03-29,2011-03-29,,,32020,,,22836,0,19169002,4078393,,0,Aborto espontâneo na gravidez
5619,805,4217975,2011-03-29,2011-03-29,2011-04-12,2011-04-12,32020,,,22836,0,72892002,4217975,,0,Otite média não supurativa
5620,806,260139,2017-05-20,2017-05-20,2017-06-03,2017-06-03,32020,,,22905,0,10509002,260139,,0,Bronquite aguda
5621,806,40481087,2015-10-26,2015-10-26,2015-11-02,2015-11-02,32020,,,22921,0,444814009,40481087,,0,Infecção viral das vias aéreas superiores
5622,806,375671,2014-12-03,2014-12-03,2015-01-02,2015-01-02,32020,,,22900,0,62564004,375671,,0,Concussão sem perda de consciência
5623,806,137613,2014-07-25,2014-07-25,2014-08-15,2014-08-15,32020,,,22918,0,198992004,137613,,0,Pré-eclâmpsia leve
5624,806,4217975,2014-01-10,2014-01-10,2014-08-15,2014-08-15,32020,,,22922,0,72892002,4217975,,0,Otite média não supurativa
5625,806,260139,2011-04-30,2011-04-30,2011-05-07,2011-05-07,32020,,,22894,0,10509002,260139,,0,Bronquite aguda
5626,806,4217975,2010-09-03,2010-09-03,2011-04-08,2011-04-08,32020,,,22883,0,72892002,4217975,,0,Otite média não supurativa
5627,806,0,2010-04-04,2010-04-04,,,32020,,,22876,0,428251008,4323208,,0,Histórico de apendicectomia
5628,806,440448,2010-04-04,2010-04-04,,,32020,,,22896,0,74400008,440448,,0,Apendicite
5629,806,4112343,2010-01-26,2010-01-26,2010-02-04,2010-02-04,32020,,,22902,0,195662009,4112343,,0,Faringite viral aguda
5630,806,199076,1998-08-14,1998-08-14,,,32020,,,22911,0,79586000,199076,,0,Gravidez tubária
5631,806,4078393,1998-03-13,1998-03-13,,,32020,,,22871,0,19169002,4078393,,0,Aborto espontâneo na gravidez
5632,806,4311629,1997-10-10,1997-10-10,,,32020,,,22887,0,15777000,40316773,,0,Pré-diabetes
5633,808,4112343,2018-04-28,2018-04-28,2018-05-09,2018-05-09,32020,,,22938,0,195662009,4112343,,0,Faringite viral aguda
5634,808,40481087,2016-05-13,2016-05-13,2016-05-20,2016-05-20,32020,,,22935,0,444814009,40481087,,0,Infecção viral das vias aéreas superiores
5635,809,260139,2017-10-01,2017-10-01,2017-10-15,2017-10-15,32020,,,22941,0,10509002,260139,,0,Bronquite aguda
5636,809,4155034,2017-07-06,2017-07-06,2017-07-20,2017-07-20,32020,,,22945,0,283371005,4155034,,0,Laceração de antebraço
5637,809,260139,2017-05-25,2017-05-25,2017-06-01,2017-06-01,32020,,,22946,0,10509002,260139,,0,Bronquite aguda
5638,809,4112343,2017-01-05,2017-01-05,2017-01-16,2017-01-16,32020,,,22956,0,195662009,4112343,,0,Faringite viral aguda
5639,809,4079749,2011-11-19,2011-11-19,,,32020,,,22955,0,239872002,4079749,,0,Osteoartrite do quadril
5640,809,261325,1991-08-23,1991-08-23,,,32020,,,22940,0,87433001,261325,,0,Enfisema pulmonar
5641,809,4311629,1988-08-19,1988-08-19,,,32020,,,22950,0,15777000,40316773,,0,Pré-diabetes
5642,810,0,2015-10-13,2015-10-13,,,32020,,,22974,0,162864005,4060985,,0,IMC 30+ - obesidade
5643,810,4056621,2015-10-06,2015-10-06,,,32020,,,22965,0,197927001,4056621,,0,Uretrite recorrente
5644,810,195588,2015-10-06,2015-10-06,2015-11-24,2015-11-24,32020,,,22965,0,38822007,195588,,0,Cistite
5645,810,195588,2015-07-16,2015-07-16,2015-09-01,2015-09-01,32020,,,22972,0,38822007,195588,,0,Cistite
5646,810,4112343,2014-08-08,2014-08-08,2014-08-18,2014-08-18,32020,,,22979,0,195662009,4112343,,0,Faringite viral aguda
5647,810,4078393,1997-10-28,1997-10-28,,,32020,,,22960,0,19169002,4078393,,0,Aborto espontâneo na gravidez
5648,810,0,1984-07-23,1984-07-23,,,32020,,,22967,0,703151001,45766064,,0,Histórico de artroplastia de joelho
5649,810,4029498,1984-07-23,1984-07-23,,,32020,,,22967,0,128613002,4029498,,0,Transtorno convulsivo
5650,811,4152936,2018-03-14,2018-03-14,2018-03-28,2018-03-28,32020,,,22982,0,283385000,4152936,,0,Laceração de ombro
5651,811,4112343,2015-09-13,2015-09-13,2015-09-25,2015-09-25,32020,,,22989,0,195662009,4112343,,0,Faringite viral aguda
5652,811,40481087,2014-09-28,2014-09-28,2014-10-19,2014-10-19,32020,,,22986,0,444814009,40481087,,0,Infecção viral das vias aéreas superiores
5653,811,40481087,2013-05-16,2013-05-16,2013-05-30,2013-05-30,32020,,,22988,0,444814009,40481087,,0,Infecção viral das vias aéreas superiores
5654,811,260139,2011-07-08,2011-07-08,2011-07-22,2011-07-22,32020,,,22984,0,10509002,260139,,0,Bronquite aguda
5655,811,28060,2009-08-02,2009-08-02,2009-08-14,2009-08-14,32020,,,22985,0,43878008,28060,,0,Faringite estreptocócica
5656,812,40481087,2014-05-25,2014-05-25,2014-06-01,2014-06-01,32020,,,22998,0,444814009,40481087,,0,Infecção viral das vias aéreas superiores
5657,812,257012,2013-01-10,2013-01-10,2013-02-21,2013-02-21,32020,,,22997,0,40055000,257012,,0,Sinusite crônica
5658,812,4283893,2012-12-06,2012-12-06,2013-02-21,2013-02-21,32020,,,22993,0,36971009,4283893,,0,Sinusite
5659,812,4311629,2012-04-14,2012-04-14,,,32020,,,22996,0,15777000,40316773,,0,Pré-diabetes
5660,812,28060,2010-03-18,2010-03-18,2010-03-26,2010-03-26,32020,,,23001,0,43878008,28060,,0,Faringite estreptocócica
5661,813,0,2018-11-16,2018-11-16,,,32020,,,23004,0,162864005,4060985,,0,IMC 30+ - obesidade
5662,813,4059173,2018-04-12,2018-04-12,2018-06-11,2018-06-11,32020,,,23008,0,16114001,4059173,,0,Fratura de tornozelo
5663,814,4237458,2018-01-10,2018-01-10,2018-02-09,2018-02-09,32020,,,23028,0,58150001,4237458,,0,Fratura de clavícula
5664,814,4283893,2017-10-25,2017-10-25,2017-12-20,2017-12-20,32020,,,23015,0,36971009,4283893,,0,Sinusite
5665,814,40481087,2015-12-16,2015-12-16,2015-12-30,2015-12-30,32020,,,23024,0,444814009,40481087,,0,Infecção viral das vias aéreas superiores
5666,814,4311629,2006-12-07,2006-12-07,,,32020,,,23025,0,15777000,40316773,,0,Pré-diabetes
5667,814,0,2004-12-02,2004-12-02,,,32020,,,23021,0,408512008,4256640,,0,Alcoolismo relatado pelo paciente
5668,814,0,1988-04-07,1988-04-07,,,32020,,,23017,0,162864005,4060985,,0,IMC 30+ - obesidade
5669,814,316866,1978-03-23,1978-03-23,,,32020,,,23010,0,38341003,316866,,0,Hipertensão arterial
5670,815,40481087,2018-06-04,2018-06-04,2018-06-11,2018-06-11,32020,,,23031,0,444814009,40481087,,0,Infecção viral das vias aéreas superiores
5671,815,4112343,2015-04-15,2015-04-15,2015-04-23,2015-04-23,32020,,,23044,0,195662009,4112343,,0,Faringite viral aguda
5672,815,378001,2011-10-29,2011-10-29,2011-11-28,2011-11-28,32020,,,23036,0,62106007,378001,,0,Concussão com perda de consciência
5673,816,81151,2018-03-22,2018-03-22,2018-04-26,2018-04-26,32020,,,23051,0,44465007,81151,,0,Entorse de tornozelo
5674,816,40481087,2015-08-03,2015-08-03,2015-08-24,2015-08-24,32020,,,23062,0,444814009,40481087,,0,Infecção viral das vias aéreas superiores
5675,816,372328,2014-11-08,2014-11-08,2015-03-14,2015-03-14,32020,,,23060,0,65363002,372328,,0,Otite média
5676,816,40481087,2013-08-24,2013-08-24,2013-09-07,2013-09-07,32020,,,23055,0,444814009,40481087,,0,Infecção viral das vias aéreas superiores
5677,816,4048171,2013-04-09,2013-04-09,,,32020,,,23066,0,232353008,4048171,,0,Perfuração do tímpano
5678,817,28060,2018-05-25,2018-05-25,2018-06-06,2018-06-06,32020,,,23073,0,43878008,28060,,0,Faringite estreptocócica
5679,817,4112343,2017-11-15,2017-11-15,2017-11-23,2017-11-23,32020,,,23100,0,195662009,4112343,,0,Faringite viral aguda
5680,817,260139,2015-01-30,2015-01-30,2015-02-06,2015-02-06,32020,,,23074,0,10509002,260139,,0,Bronquite aguda
5681,817,40481087,2013-09-08,2013-09-08,2013-09-29,2013-09-29,32020,,,23086,0,444814009,40481087,,0,Infecção viral das vias aéreas superiores
5682,817,4294548,2010-08-28,2010-08-28,2010-09-18,2010-09-18,32020,,,23089,0,75498004,4294548,,0,Infecção bacteriana aguda
5683,817,40486433,2008-10-29,2008-10-29,,,32020,,,23096,0,446096008,40486433,,0,Esteatose hepática perivenular
5684,818,4237458,2018-01-16,2018-01-16,2018-02-15,2018-02-15,32020,,,23119,0,58150001,4237458,,0,Fratura de clavícula
5685,819,81151,2017-07-08,2017-07-08,2017-08-12,2017-08-12,32020,,,23123,0,44465007,81151,,0,Entorse de tornozelo
5686,819,40481087,2017-07-01,2017-07-01,2017-07-22,2017-07-22,32020,,,23142,0,444814009,40481087,,0,Infecção viral das vias aéreas superiores
5687,819,260139,2016-06-23,2016-06-23,2016-07-07,2016-07-07,32020,,,23132,0,10509002,260139,,0,Bronquite aguda
5688,819,4112343,2014-02-19,2014-02-19,2014-02-27,2014-02-27,32020,,,23149,0,195662009,4112343,,0,Faringite viral aguda
5689,819,81151,2011-08-18,2011-08-18,2011-09-08,2011-09-08,32020,,,23158,0,44465007,81151,,0,Entorse de tornozelo
5690,819,436096,2003-02-16,2003-02-16,,,32020,,,23155,0,82423001,436096,,0,Dor crônica
5691,819,43530652,2002-08-29,2002-08-29,,,32020,,,23156,0,124171000119105,43530652,,0,Nefropatia diabética crônica
5692,819,4055754,2002-06-23,2002-06-23,,,32020,,,23157,0,196416002,4055754,,0,Esofagite por refluxo
5693,820,378001,2013-07-11,2013-07-11,2013-09-09,2013-09-09,32020,,,23182,0,62106007,378001,,0,Concussão com perda de consciência
5694,820,0,2013-05-16,2013-05-16,,,32020,,,23183,0,162864005,4060985,,0,IMC 30+ - obesidade
5695,820,4294548,2010-05-08,2010-05-08,2010-06-05,2010-06-05,32020,,,23178,0,75498004,4294548,,0,Infecção bacteriana aguda
5696,820,4048171,1980-05-24,1980-05-24,,,32020,,,23186,0,232353008,4048171,,0,Perfuração do tímpano
5697,821,260139,2014-12-24,2014-12-24,2014-12-31,2014-12-31,32020,,,23203,0,10509002,260139,,0,Bronquite aguda
5698,821,40481087,2011-10-15,2011-10-15,2011-10-29,2011-10-29,32020,,,23197,0,444814009,40481087,,0,Infecção viral das vias aéreas superiores
5699,821,4311629,1988-12-07,1988-12-07,,,32020,,,23201,0,15777000,40316773,,0,Pré-diabetes
5700,822,40481087,2013-06-15,2013-06-15,2013-07-06,2013-07-06,32020,,,23213,0,444814009,40481087,,0,Infecção viral das vias aéreas superiores
5701,823,372328,2016-12-09,2016-12-09,2017-07-09,2017-07-09,32020,,,23230,0,65363002,372328,,0,Otite média
5702,823,4112343,2016-02-20,2016-02-20,2016-02-28,2016-02-28,32020,,,23239,0,195662009,4112343,,0,Faringite viral aguda
5703,823,4059173,2011-07-20,2011-07-20,2011-09-18,2011-09-18,32020,,,23229,0,16114001,4059173,,0,Fratura de tornozelo
5704,823,4112343,2010-03-13,2010-03-13,2010-03-22,2010-03-22,32020,,,23235,0,195662009,4112343,,0,Faringite viral aguda
5705,823,4055754,2006-09-03,2006-09-03,,,32020,,,23227,0,196416002,4055754,,0,Esofagite por refluxo
5706,823,4285898,2000-01-10,2000-01-10,,,32020,,,23234,0,68496003,4285898,,0,Pólipo do cólon
5707,823,4311629,1981-12-20,1981-12-20,,,32020,,,23240,0,15777000,40316773,,0,Pré-diabetes
5708,823,0,1968-04-28,1968-04-28,,,32020,,,23225,0,162864005,4060985,,0,IMC 30+ - obesidade
5709,824,257012,2017-02-12,2017-02-12,,,32020,,,23289,0,40055000,257012,,0,Sinusite crônica
5710,824,4294548,2016-12-11,2016-12-11,2017-05-07,2017-05-07,32020,,,23278,0,75498004,4294548,,0,Infecção bacteriana aguda
5711,824,4112343,2012-10-22,2012-10-22,2012-10-31,2012-10-31,32020,,,23294,0,195662009,4112343,,0,Faringite viral aguda
5712,824,28060,2012-08-12,2012-08-12,2012-08-20,2012-08-20,32020,,,23259,0,43878008,28060,,0,Faringite estreptocócica
5713,824,40481087,2010-10-16,2010-10-16,2010-11-06,2010-11-06,32020,,,23244,0,444814009,40481087,,0,Infecção viral das vias aéreas superiores
5714,824,40481087,2010-05-29,2010-05-29,2010-06-12,2010-06-12,32020,,,23266,0,444814009,40481087,,0,Infecção viral das vias aéreas superiores
5715,824,4311629,1997-05-11,1997-05-11,,,32020,,,23250,0,15777000,40316773,,0,Pré-diabetes
5716,824,4208104,1994-12-27,1994-12-27,,,32020,,,23255,0,55680006,4208104,,0,Overdose de droga
5717,824,43530652,1990-06-18,1990-06-18,,,32020,,,23279,0,124171000119105,43530652,,0,Nefropatia diabética crônica
5718,824,436096,1990-03-15,1990-03-15,,,32020,,,23272,0,82423001,436096,,0,Dor crônica
5719,824,4055754,1990-02-06,1990-02-06,,,32020,,,23249,0,196416002,4055754,,0,Esofagite por refluxo
5720,824,316866,1984-04-22,1984-04-22,,,32020,,,23260,0,38341003,316866,,0,Hipertensão arterial
5721,825,192279,2018-09-08,2018-09-08,,,32020,,,23300,0,127013003,192279,,0,Nefropatia diabética
5722,825,443614,2018-09-08,2018-09-08,,,32020,,,23300,0,431855005,443614,,0,Doença renal crônica estágio 1
5723,825,436940,2018-09-08,2018-09-08,,,32020,,,23300,0,237602007,436940,,0,Síndrome metabólica
5724,825,4120314,2018-09-08,2018-09-08,,,32020,,,23300,0,302870006,4120314,,0,Hipertrigliceridemia
5725,825,201826,2015-09-05,2015-09-05,,,32020,,,23299,0,44054006,201826,,0,Diabetes mellitus tipo 2
5726,825,316866,2008-08-23,2008-08-23,,,32020,,,23296,0,38341003,316866,,0,Hipertensão arterial
5727,826,0,1959-06-15,1959-06-15,,,32020,,,23320,0,429007001,4324181,,0,Histórico de infarto
5728,826,321042,1959-06-15,1959-06-15,,,32020,,,23320,0,410429000,321042,,0,Parada cardíaca
5729,826,81151,1957-10-06,1957-10-06,1957-11-10,1957-11-10,32020,,,23322,0,44465007,81151,,0,Entorse de tornozelo
5730,826,40481087,1956-08-06,1956-08-06,1956-08-27,1956-08-27,32020,,,23316,0,444814009,40481087,,0,Infecção viral das vias aéreas superiores
5731,826,45769905,1954-02-08,1954-02-08,,,32020,,,23302,0,90781000119102,45769905,,0,Doença renal crônica por diabetes
5732,826,443601,1954-02-08,1954-02-08,,,32020,,,23302,0,431856006,443601,,0,Doença renal crônica estágio 4
5733,826,4112343,1953-02-18,1953-02-18,1953-03-01,1953-03-01,32020,,,23333,0,195662009,4112343,,0,Faringite viral aguda
5734,826,4146173,1952-11-01,1952-11-01,1952-12-31,1952-12-31,32020,,,23336,0,307731004,4146173,,0,Fibrilação atrial de início recente
5735,826,192279,1952-05-19,1952-05-19,,,32020,,,23312,0,127013003,192279,,0,Nefropatia diabética
5736,826,443614,1952-05-19,1952-05-19,,,32020,,,23312,0,431855005,443614,,0,Doença renal crônica estágio 1
5737,826,436940,1952-05-19,1952-05-19,,,32020,,,23312,0,237602007,436940,,0,Síndrome metabólica
5738,826,4120314,1952-05-19,1952-05-19,,,32020,,,23312,0,302870006,4120314,,0,Hipertrigliceridemia
5739,826,4214376,1952-05-19,1952-05-19,,,32020,,,23312,0,80394007,4214376,,0,Hiperglicemia
5740,826,201826,1950-10-02,1950-10-02,,,32020,,,23311,0,44054006,201826,,0,Diabetes mellitus tipo 2
5741,826,316866,1950-10-02,1950-10-02,,,32020,,,23311,0,38341003,316866,,0,Hipertensão arterial
5742,826,317576,1950-10-02,1950-10-02,,,32020,,,23311,0,53741008,317576,,0,Doença arterial coronariana
5743,826,4311629,1944-08-14,1944-08-14,,,32020,,,23303,0,15777000,40316773,,0,Pré-diabetes
5744,827,4217975,2018-09-02,2018-09-02,2018-09-23,2018-09-23,32020,,,23374,0,72892002,4217975,,0,Otite média não supurativa
5745,827,4217975,2018-01-14,2018-01-14,2018-02-04,2018-02-04,32020,,,23348,0,72892002,4217975,,0,Otite média não supurativa
5746,827,28060,2017-10-05,2017-10-05,2017-10-18,2017-10-18,32020,,,23349,0,43878008,28060,,0,Faringite estreptocócica
5747,827,4217975,2017-04-23,2017-04-23,2017-07-02,2017-07-02,32020,,,23344,0,72892002,4217975,,0,Otite média não supurativa
5748,827,4112343,2015-12-01,2015-12-01,2015-12-11,2015-12-11,32020,,,23343,0,195662009,4112343,,0,Faringite viral aguda
5749,827,137613,2015-04-19,2015-04-19,2015-05-03,2015-05-03,32020,,,23340,0,198992004,137613,,0,Pré-eclâmpsia leve
5750,827,439393,2015-03-22,2015-03-22,2015-04-19,2015-04-19,32020,,,23376,0,398254007,439393,,0,Pré-eclâmpsia
5751,827,4217975,2014-10-05,2014-10-05,2015-05-03,2015-05-03,32020,,,23380,0,72892002,4217975,,0,Otite média não supurativa
5752,827,260139,2014-03-17,2014-03-17,2014-03-24,2014-03-24,32020,,,23350,0,10509002,260139,,0,Bronquite aguda
5753,827,4217975,2011-02-27,2011-02-27,2011-10-02,2011-10-02,32020,,,23381,0,72892002,4217975,,0,Otite média não supurativa
5754,827,4217975,2009-06-07,2009-06-07,2010-01-03,2010-01-03,32020,,,23370,0,72892002,4217975,,0,Otite média não supurativa
5755,828,4112343,2018-07-30,2018-07-30,2018-08-07,2018-08-07,32020,,,23396,0,195662009,4112343,,0,Faringite viral aguda
5756,828,28060,2016-01-01,2016-01-01,2016-01-09,2016-01-09,32020,,,23406,0,43878008,28060,,0,Faringite estreptocócica
5757,828,4112343,2015-11-19,2015-11-19,2015-11-29,2015-11-29,32020,,,23395,0,195662009,4112343,,0,Faringite viral aguda
5758,828,4311629,1988-07-19,1988-07-19,,,32020,,,23398,0,15777000,40316773,,0,Pré-diabetes
5759,828,0,1980-12-09,1980-12-09,,,32020,,,23401,0,162864005,4060985,,0,IMC 30+ - obesidade
5760,828,316866,1967-11-21,1967-11-21,,,32020,,,23389,0,38341003,316866,,0,Hipertensão arterial
5761,829,378001,2017-07-09,2017-07-09,2017-08-08,2017-08-08,32020,,,23421,0,62106007,378001,,0,Concussão com perda de consciência
5762,829,4112343,2016-07-11,2016-07-11,2016-07-19,2016-07-19,32020,,,23425,0,195662009,4112343,,0,Faringite viral aguda
5763,829,4156265,2016-06-30,2016-06-30,2016-07-14,2016-07-14,32020,,,23420,0,370247008,4156265,,0,Lesão facial
5764,829,4112343,2012-10-14,2012-10-14,2012-10-26,2012-10-26,32020,,,23416,0,195662009,4112343,,0,Faringite viral aguda
5765,829,4311629,2005-02-19,2005-02-19,,,32020,,,23423,0,15777000,40316773,,0,Pré-diabetes
5766,829,0,1994-05-14,1994-05-14,,,32020,,,23428,0,162864005,4060985,,0,IMC 30+ - obesidade
5767,829,316866,1981-04-04,1981-04-04,,,32020,,,23408,0,38341003,316866,,0,Hipertensão arterial
5768,829,40486433,1965-02-15,1965-02-15,,,32020,,,23414,0,446096008,40486433,,0,Esteatose hepática perivenular
5769,830,313217,2016-12-13,2016-12-13,,,32020,,,23442,0,49436004,313217,,0,Fibrilação atrial
5770,830,40481087,2016-10-25,2016-10-25,2016-11-08,2016-11-08,32020,,,23432,0,444814009,40481087,,0,Infecção viral das vias aéreas superiores
5771,830,4112343,2016-07-02,2016-07-02,2016-07-14,2016-07-14,32020,,,23448,0,195662009,4112343,,0,Faringite viral aguda
5772,830,432867,2011-12-27,2011-12-27,,,32020,,,23439,0,55822004,432867,,0,Hiperlipidemia
5773,830,0,2007-12-18,2007-12-18,,,32020,,,23445,0,408512008,4256640,,0,Alcoolismo relatado pelo paciente
5774,830,0,1990-02-13,1990-02-13,,,32020,,,23438,0,162864005,4060985,,0,IMC 30+ - obesidade
5775,831,28060,2018-10-23,2018-10-23,2018-11-02,2018-11-02,32020,,,23469,0,43878008,28060,,0,Faringite estreptocócica
5776,831,40479768,2017-10-20,2017-10-20,2017-12-26,2017-12-26,32020,,,23453,0,444470001,40479768,,0,Lesão do nervo ulnar
5777,831,4142905,2014-09-06,2014-09-06,2014-11-05,2014-11-05,32020,,,23463,0,33737001,4142905,,0,Fratura de rádio
5778,831,378001,2013-09-11,2013-09-11,2013-11-10,2013-11-10,32020,,,23462,0,62106007,378001,,0,Concussão com perda de consciência
5779,831,40481087,2011-08-30,2011-08-30,2011-09-20,2011-09-20,32020,,,23466,0,444814009,40481087,,0,Infecção viral das vias aéreas superiores
5780,831,432867,2004-07-31,2004-07-31,,,32020,,,23457,0,55822004,432867,,0,Hiperlipidemia
5781,831,0,1982-01-09,1982-01-09,,,32020,,,23475,0,162864005,4060985,,0,IMC 30+ - obesidade
5782,831,4078393,1980-10-11,1980-10-11,,,32020,,,23451,0,19169002,4078393,,0,Aborto espontâneo na gravidez
5783,831,316866,1964-04-18,1964-04-18,,,32020,,,23473,0,38341003,316866,,0,Hipertensão arterial
5784,832,257012,2011-11-06,2011-11-06,,,32020,,,23494,0,40055000,257012,,0,Sinusite crônica
5785,832,4294548,2011-10-16,2011-10-16,2012-02-05,2012-02-05,32020,,,23497,0,75498004,4294548,,0,Infecção bacteriana aguda
5786,832,4112343,2010-03-16,2010-03-16,2010-03-26,2010-03-26,32020,,,23493,0,195662009,4112343,,0,Faringite viral aguda
5787,833,40481087,2018-11-14,2018-11-14,2018-11-21,2018-11-21,32020,,,23507,0,444814009,40481087,,0,Infecção viral das vias aéreas superiores
5788,833,40481087,2016-01-13,2016-01-13,2016-01-20,2016-01-20,32020,,,23511,0,444814009,40481087,,0,Infecção viral das vias aéreas superiores
5789,833,4218389,2015-09-10,2015-09-10,2015-10-01,2015-10-01,32020,,,23503,0,39848009,4218389,,0,Lesão em chicote do pescoço
5790,833,4112343,2013-03-25,2013-03-25,2013-04-07,2013-04-07,32020,,,23501,0,195662009,4112343,,0,Faringite viral aguda
5791,833,28060,2012-07-14,2012-07-14,2012-07-26,2012-07-26,32020,,,23505,0,43878008,28060,,0,Faringite estreptocócica
5792,833,40481087,2011-10-08,2011-10-08,2011-10-29,2011-10-29,32020,,,23500,0,444814009,40481087,,0,Infecção viral das vias aéreas superiores
5793,833,4311629,1991-04-18,1991-04-18,,,32020,,,23506,0,15777000,40316773,,0,Pré-diabetes
5794,834,40481087,2017-09-03,2017-09-03,2017-09-24,2017-09-24,32020,,,23520,0,444814009,40481087,,0,Infecção viral das vias aéreas superiores
5795,834,28060,2016-03-04,2016-03-04,2016-03-16,2016-03-16,32020,,,23518,0,43878008,28060,,0,Faringite estreptocócica
5796,834,4112343,2012-06-14,2012-06-14,2012-06-21,2012-06-21,32020,,,23523,0,195662009,4112343,,0,Faringite viral aguda
5797,834,40481087,2010-12-16,2010-12-16,2010-12-30,2010-12-30,32020,,,23521,0,444814009,40481087,,0,Infecção viral das vias aéreas superiores
5798,834,4311629,1999-06-07,1999-06-07,,,32020,,,23515,0,15777000,40316773,,0,Pré-diabetes
5799,835,4311629,2016-06-23,2016-06-23,,,32020,,,23527,0,15777000,40316773,,0,Pré-diabetes
5800,835,40481087,2009-10-07,2009-10-07,2009-10-28,2009-10-28,32020,,,23524,0,444814009,40481087,,0,Infecção viral das vias aéreas superiores
5801,836,40481087,2017-08-30,2017-08-30,2017-09-13,2017-09-13,32020,,,23545,0,444814009,40481087,,0,Infecção viral das vias aéreas superiores
5802,836,260139,2017-07-28,2017-07-28,2017-08-11,2017-08-11,32020,,,23555,0,10509002,260139,,0,Bronquite aguda
5803,836,260139,2017-04-17,2017-04-17,2017-04-24,2017-04-24,32020,,,23541,0,10509002,260139,,0,Bronquite aguda
5804,836,260139,2016-04-27,2016-04-27,2016-05-11,2016-05-11,32020,,,23560,0,10509002,260139,,0,Bronquite aguda
5805,836,81151,2016-04-19,2016-04-19,2016-05-10,2016-05-10,32020,,,23530,0,44465007,81151,,0,Entorse de tornozelo
5806,836,28060,2015-04-21,2015-04-21,2015-05-04,2015-05-04,32020,,,23542,0,43878008,28060,,0,Faringite estreptocócica
5807,836,4112343,2009-10-07,2009-10-07,2009-10-16,2009-10-16,32020,,,23550,0,195662009,4112343,,0,Faringite viral aguda
5808,836,432867,2007-05-10,2007-05-10,,,32020,,,23551,0,55822004,432867,,0,Hiperlipidemia
5809,836,0,2000-04-17,2000-04-17,,,32020,,,23557,0,162864005,4060985,,0,IMC 30+ - obesidade
5810,837,0,2016-04-20,2016-04-20,,,32020,,,23565,0,162864005,4060985,,0,IMC 30+ - obesidade
5811,837,372328,2014-02-27,2014-02-27,2016-04-20,2016-04-20,32020,,,23563,0,65363002,372328,,0,Otite média
5812,837,4112343,2013-04-09,2013-04-09,2013-04-19,2013-04-19,32020,,,23567,0,195662009,4112343,,0,Faringite viral aguda
5813,837,40481087,2011-05-02,2011-05-02,2011-05-09,2011-05-09,32020,,,23561,0,444814009,40481087,,0,Infecção viral das vias aéreas superiores
5814,837,4112343,2009-04-19,2009-04-19,2009-04-29,2009-04-29,32020,,,23566,0,195662009,4112343,,0,Faringite viral aguda
5815,838,372328,2016-07-18,2016-07-18,2016-12-26,2016-12-26,32020,,,23580,0,65363002,372328,,0,Otite média
5816,838,81151,2016-04-11,2016-04-11,2016-05-09,2016-05-09,32020,,,23574,0,44465007,81151,,0,Entorse de tornozelo
5817,838,372328,2014-09-19,2014-09-19,2014-10-27,2014-10-27,32020,,,23582,0,65363002,372328,,0,Otite média
5818,839,0,2015-06-09,2015-06-09,,,32020,,,23625,0,408512008,4256640,,0,Alcoolismo relatado pelo paciente
5819,839,4217975,2014-11-11,2014-11-11,2015-06-09,2015-06-09,32020,,,23609,0,72892002,4217975,,0,Otite média não supurativa
5820,839,28060,2013-11-24,2013-11-24,2013-12-04,2013-12-04,32020,,,23584,0,43878008,28060,,0,Faringite estreptocócica
5821,839,4217975,2013-08-27,2013-08-27,2014-04-01,2014-04-01,32020,,,23592,0,72892002,4217975,,0,Otite média não supurativa
5822,839,4079750,2012-05-24,2012-05-24,,,32020,,,23639,0,239873007,4079750,,0,Osteoartrite do joelho
5823,839,4217975,2012-05-22,2012-05-22,2012-12-18,2012-12-18,32020,,,23610,0,72892002,4217975,,0,Otite média não supurativa
5824,839,4217975,2012-01-17,2012-01-17,2012-02-14,2012-02-14,32020,,,23602,0,72892002,4217975,,0,Otite média não supurativa
5825,839,4217975,2010-11-30,2010-11-30,2011-06-28,2011-06-28,32020,,,23637,0,72892002,4217975,,0,Otite média não supurativa
5826,839,40481087,2010-09-06,2010-09-06,2010-09-27,2010-09-27,32020,,,23619,0,444814009,40481087,,0,Infecção viral das vias aéreas superiores
5827,839,4142905,2010-02-11,2010-02-11,2010-03-13,2010-03-13,32020,,,23632,0,33737001,4142905,,0,Fratura de rádio
5828,839,0,2000-08-08,2000-08-08,,,32020,,,23590,0,162864005,4060985,,0,IMC 30+ - obesidade
5829,839,316866,1993-07-27,1993-07-27,,,32020,,,23618,0,38341003,316866,,0,Hipertensão arterial
5830,840,4180790,2016-12-06,2016-12-06,2018-12-02,2018-12-02,32020,,,23661,0,363406005,4180790,,0,Neoplasia maligna do cólon
5831,840,37017023,2016-12-01,2016-12-01,,,32020,,,23656,0,713197008,37017023,,0,Fibrose cística recorrente
5832,840,4285898,2015-10-06,2015-10-06,,,32020,,,23644,0,68496003,4285898,,0,Pólipo do cólon
5833,840,4112343,2011-04-16,2011-04-16,2011-04-28,2011-04-28,32020,,,23658,0,195662009,4112343,,0,Faringite viral aguda
5834,840,0,1989-10-12,1989-10-12,,,32020,,,23666,0,162864005,4060985,,0,IMC 30+ - obesidade
5835,840,316866,1979-09-27,1979-09-27,,,32020,,,23646,0,38341003,316866,,0,Hipertensão arterial
5836,841,381316,1987-05-11,1987-05-11,,,32020,,,23677,0,230690007,381316,,0,Acidente vascular cerebral
5837,841,4180790,1986-03-04,1986-03-04,,,32020,,,23723,0,363406005,4180790,,0,Neoplasia maligna do cólon
5838,841,37017023,1986-02-27,1986-02-27,,,32020,,,23716,0,713197008,37017023,,0,Fibrose cística recorrente
5839,841,4112343,1985-10-28,1985-10-28,1985-11-06,1985-11-06,32020,,,23682,0,195662009,4112343,,0,Faringite viral aguda
5840,841,4285898,1984-10-05,1984-10-05,,,32020,,,23724,0,68496003,4285898,,0,Pólipo do cólon
5841,841,4142905,1980-06-10,1980-06-10,1980-09-08,1980-09-08,32020,,,23683,0,33737001,4142905,,0,Fratura de rádio
5842,841,4285898,1978-08-13,1978-08-13,1979-10-07,1979-10-07,32020,,,23713,0,68496003,4285898,,0,Pólipo do cólon
5843,841,313217,1974-04-15,1974-04-15,,,32020,,,23727,0,49436004,313217,,0,Fibrilação atrial
5844,841,4079750,1961-08-04,1961-08-04,,,32020,,,23689,0,239873007,4079750,,0,Osteoartrite do joelho
5845,841,45769905,1957-12-16,1957-12-16,,,32020,,,23705,0,90781000119102,45769905,,0,Doença renal crônica por diabetes
5846,841,443601,1957-12-16,1957-12-16,,,32020,,,23705,0,431856006,443601,,0,Doença renal crônica estágio 4
5847,841,192279,1957-06-17,1957-06-17,,,32020,,,23704,0,127013003,192279,,0,Nefropatia diabética
5848,841,443614,1957-06-17,1957-06-17,,,32020,,,23704,0,431855005,443614,,0,Doença renal crônica estágio 1
5849,841,436940,1957-06-17,1957-06-17,,,32020,,,23704,0,237602007,436940,,0,Síndrome metabólica
5850,841,4120314,1957-06-17,1957-06-17,,,32020,,,23704,0,302870006,4120314,,0,Hipertrigliceridemia
5851,841,4214376,1957-06-17,1957-06-17,,,32020,,,23704,0,80394007,4214376,,0,Hiperglicemia
5852,841,201826,1957-01-28,1957-01-28,,,32020,,,23691,0,44054006,201826,,0,Diabetes mellitus tipo 2
5853,841,0,1947-01-06,1947-01-06,,,32020,,,23669,0,162864005,4060985,,0,IMC 30+ - obesidade
5854,841,4078393,1930-11-24,1930-11-24,,,32020,,,23668,0,19169002,4078393,,0,Aborto espontâneo na gravidez
5855,842,260139,2018-02-10,2018-02-10,2018-02-24,2018-02-24,32020,,,23731,0,10509002,260139,,0,Bronquite aguda
5856,842,0,1986-03-21,1986-03-21,,,32020,,,23741,0,408512008,4256640,,0,Alcoolismo relatado pelo paciente
5857,842,0,1970-12-04,1970-12-04,,,32020,,,23743,0,162864005,4060985,,0,IMC 30+ - obesidade
5858,842,4078393,1963-09-06,1963-09-06,,,32020,,,23729,0,19169002,4078393,,0,Aborto espontâneo na gravidez
5859,842,439777,1960-05-22,1960-05-22,,,32020,,,23730,0,271737000,439777,,0,Anemia
5860,843,81151,2017-06-01,2017-06-01,2017-07-06,2017-07-06,32020,,,23758,0,44465007,81151,,0,Entorse de tornozelo
5861,843,4109685,2012-08-12,2012-08-12,2012-08-26,2012-08-26,32020,,,23764,0,284551006,4109685,,0,Laceração de pé
5862,843,40481087,2009-03-22,2009-03-22,2009-04-05,2009-04-05,32020,,,23749,0,444814009,40481087,,0,Infecção viral das vias aéreas superiores
5863,843,313217,2002-09-20,2002-09-20,,,32020,,,23751,0,49436004,313217,,0,Fibrilação atrial
5864,843,381316,2002-05-10,2002-05-10,,,32020,,,23766,0,230690007,381316,,0,Acidente vascular cerebral
5865,843,257012,1980-10-20,1980-10-20,,,32020,,,23761,0,40055000,257012,,0,Sinusite crônica
5866,843,4311629,1960-08-05,1960-08-05,,,32020,,,23763,0,15777000,40316773,,0,Pré-diabetes
5867,843,0,1950-08-25,1950-08-25,,,32020,,,23752,0,162864005,4060985,,0,IMC 30+ - obesidade
5868,843,316866,1934-10-05,1934-10-05,,,32020,,,23759,0,38341003,316866,,0,Hipertensão arterial
5869,843,0,1927-12-23,1927-12-23,,,32020,,,23760,0,429007001,4324181,,0,Histórico de infarto
5870,843,321042,1927-12-23,1927-12-23,,,32020,,,23760,0,410429000,321042,,0,Parada cardíaca
5871,844,4310703,2018-10-23,2018-10-23,,,32020,,,23770,0,424132000,4310703,,0,Carcinoma de células escamosas da pele
5872,844,4115276,2018-10-21,2018-10-21,,,32020,,,23776,0,254637007,4115276,,0,Câncer de pulmão não pequenas células
5873,844,0,2018-10-08,2018-10-08,,,32020,,,23778,0,162573006,4038238,,0,Suspeita de abuso de álcool
5874,844,4112343,2014-09-13,2014-09-13,2014-09-23,2014-09-23,32020,,,23782,0,195662009,4112343,,0,Faringite viral aguda
5875,844,260139,2014-09-06,2014-09-06,2014-09-13,2014-09-13,32020,,,23780,0,10509002,260139,,0,Bronquite aguda
5876,844,0,2013-09-10,2013-09-10,,,32020,,,23789,0,162864005,4060985,,0,IMC 30+ - obesidade
5877,844,260139,2013-03-03,2013-03-03,2013-03-10,2013-03-10,32020,,,23787,0,10509002,260139,,0,Bronquite aguda
5878,844,4152936,2012-04-01,2012-04-01,2012-04-22,2012-04-22,32020,,,23777,0,283385000,4152936,,0,Laceração de ombro
5879,844,316866,1983-12-20,1983-12-20,,,32020,,,23786,0,38341003,316866,,0,Hipertensão arterial
5880,845,4112343,2015-02-08,2015-02-08,2015-02-21,2015-02-21,32020,,,23807,0,195662009,4112343,,0,Faringite viral aguda
5881,845,4294548,2013-04-07,2013-04-07,2013-04-28,2013-04-28,32020,,,23799,0,75498004,4294548,,0,Infecção bacteriana aguda
5882,845,28060,2011-01-19,2011-01-19,2011-01-28,2011-01-28,32020,,,23796,0,43878008,28060,,0,Faringite estreptocócica
5883,845,0,1996-03-08,1996-03-08,,,32020,,,23797,0,408512008,4256640,,0,Alcoolismo relatado pelo paciente
5884,845,0,1980-11-28,1980-11-28,,,32020,,,23792,0,162864005,4060985,,0,IMC 30+ - obesidade
5885,845,0,1963-01-11,1963-01-11,,,32020,,,23793,0,429007001,4324181,,0,Histórico de infarto
5886,845,321042,1963-01-11,1963-01-11,,,32020,,,23793,0,410429000,321042,,0,Parada cardíaca
5887,846,40481087,2014-08-27,2014-08-27,2014-09-17,2014-09-17,32020,,,23839,0,444814009,40481087,,0,Infecção viral das vias aéreas superiores
5888,846,260139,2013-07-22,2013-07-22,2013-07-29,2013-07-29,32020,,,23838,0,10509002,260139,,0,Bronquite aguda
5889,846,40481087,2013-02-04,2013-02-04,2013-02-25,2013-02-25,32020,,,23834,0,444814009,40481087,,0,Infecção viral das vias aéreas superiores
5890,846,4112343,2012-08-17,2012-08-17,2012-08-27,2012-08-27,32020,,,23814,0,195662009,4112343,,0,Faringite viral aguda
5891,846,4311629,2003-12-26,2003-12-26,,,32020,,,23848,0,15777000,40316773,,0,Pré-diabetes
5892,846,0,1993-12-24,1993-12-24,,,32020,,,23836,0,162864005,4060985,,0,IMC 30+ - obesidade
5893,846,432867,1993-12-24,1993-12-24,,,32020,,,23836,0,55822004,432867,,0,Hiperlipidemia
5894,847,40481087,2017-04-30,2017-04-30,2017-05-14,2017-05-14,32020,,,23856,0,444814009,40481087,,0,Infecção viral das vias aéreas superiores
5895,847,40481087,2011-01-16,2011-01-16,2011-01-23,2011-01-23,32020,,,23859,0,444814009,40481087,,0,Infecção viral das vias aéreas superiores
5896,848,40480160,2018-12-21,2018-12-21,,,32020,,,23865,0,443165006,40480160,,0,Faringite aguda
5897,848,4134304,2018-12-21,2018-12-21,,,32020,,,23865,0,263102004,4134304,,0,Ruptura de menisco
5898,848,381316,2017-07-31,2017-07-31,,,32020,,,23878,0,230690007,381316,,0,Acidente vascular cerebral
5899,848,80502,2014-12-08,2014-12-08,,,32020,,,23866,0,64859006,80502,,0,Osteoporose
5900,848,40481087,2012-11-22,2012-11-22,2012-11-29,2012-11-29,32020,,,23867,0,444814009,40481087,,0,Infecção viral das vias aéreas superiores
5901,848,40481087,2012-02-04,2012-02-04,2012-02-18,2012-02-18,32020,,,23880,0,444814009,40481087,,0,Infecção viral das vias aéreas superiores
5902,848,257012,1978-04-06,1978-04-06,,,32020,,,23868,0,40055000,257012,,0,Sinusite crônica
5903,848,4311629,1967-04-17,1967-04-17,,,32020,,,23881,0,15777000,40316773,,0,Pré-diabetes
5904,848,316866,1952-05-12,1952-05-12,,,32020,,,23879,0,38341003,316866,,0,Hipertensão arterial
5905,849,4296205,2013-11-18,2013-11-18,2013-12-02,2013-12-02,32020,,,23907,0,403191005,4296205,,0,Queimadura solar de segundo grau
5906,849,4112343,2012-03-22,2012-03-22,2012-04-02,2012-04-02,32020,,,23891,0,195662009,4112343,,0,Faringite viral aguda
5907,849,40481087,2011-10-08,2011-10-08,2011-10-15,2011-10-15,32020,,,23909,0,444814009,40481087,,0,Infecção viral das vias aéreas superiores
5908,849,45770830,2011-02-15,2011-02-15,,,32020,,,23900,0,97331000119101,45770830,,0,Obesidade mórbida
5909,849,4218389,2009-01-15,2009-01-15,2009-02-12,2009-02-12,32020,,,23890,0,39848009,4218389,,0,Lesão em chicote do pescoço
5910,849,43530685,2002-10-15,2002-10-15,,,32020,,,23908,0,1501000119109,43530685,,0,Polineuropatia por diabetes tipo 2
5911,849,37016354,1986-07-29,1986-07-29,,,32020,,,23902,0,368581000119106,37016354,,0,Neuropatia por diabetes tipo 2
5912,849,43530656,1986-07-29,1986-07-29,,,32020,,,23902,0,1551000119108,43530656,,0,Retinopatia diabética não proliferativa
5913,849,436940,1983-07-26,1983-07-26,,,32020,,,23899,0,237602007,436940,,0,Síndrome metabólica
5914,849,4120314,1983-07-26,1983-07-26,,,32020,,,23899,0,302870006,4120314,,0,Hipertrigliceridemia
5915,849,4214376,1983-07-26,1983-07-26,,,32020,,,23899,0,80394007,4214376,,0,Hiperglicemia
5916,849,4226121,1980-07-22,1980-07-22,,,32020,,,23905,0,422034002,4226121,,0,Retinopatia diabética proliferativa
5917,849,201826,1980-07-22,1980-07-22,,,32020,,,23905,0,44054006,201826,,0,Diabetes mellitus tipo 2
5918,849,0,1977-07-19,1977-07-19,,,32020,,,23898,0,162864005,4060985,,0,IMC 30+ - obesidade
5919,850,28060,2014-11-07,2014-11-07,2014-11-14,2014-11-14,32020,,,23917,0,43878008,28060,,0,Faringite estreptocócica
5920,850,4112343,2014-07-29,2014-07-29,2014-08-08,2014-08-08,32020,,,23923,0,195662009,4112343,,0,Faringite viral aguda
5921,850,40481087,2014-02-08,2014-02-08,2014-03-01,2014-03-01,32020,,,23928,0,444814009,40481087,,0,Infecção viral das vias aéreas superiores
5922,850,78272,2013-08-14,2013-08-14,2013-08-28,2013-08-28,32020,,,23927,0,70704007,78272,,0,Entorse de punho
5923,850,0,1974-11-14,1974-11-14,,,32020,,,23929,0,408512008,4256640,,0,Alcoolismo relatado pelo paciente
5924,850,0,1968-10-10,1968-10-10,,,32020,,,23924,0,162864005,4060985,,0,IMC 30+ - obesidade
5925,851,40481087,2017-07-06,2017-07-06,2017-07-20,2017-07-20,32020,,,24009,0,444814009,40481087,,0,Infecção viral das vias aéreas superiores
5926,851,43530652,2016-01-23,2016-01-23,,,32020,,,24003,0,124171000119105,43530652,,0,Nefropatia diabética crônica
5927,851,40481087,2015-09-29,2015-09-29,2015-10-06,2015-10-06,32020,,,23949,0,444814009,40481087,,0,Infecção viral das vias aéreas superiores
5928,851,436096,2015-06-24,2015-06-24,,,32020,,,23958,0,82423001,436096,,0,Dor crônica
5929,851,4055754,2014-07-19,2014-07-19,,,32020,,,24019,0,196416002,4055754,,0,Esofagite por refluxo
5930,851,28060,2011-09-27,2011-09-27,2011-10-07,2011-10-07,32020,,,23971,0,43878008,28060,,0,Faringite estreptocócica
5931,851,28060,2011-07-19,2011-07-19,2011-07-28,2011-07-28,32020,,,23963,0,43878008,28060,,0,Faringite estreptocócica
5932,851,40481087,2011-03-12,2011-03-12,2011-03-19,2011-03-19,32020,,,24007,0,444814009,40481087,,0,Infecção viral das vias aéreas superiores
5933,851,40481087,2010-06-17,2010-06-17,2010-07-08,2010-07-08,32020,,,24017,0,444814009,40481087,,0,Infecção viral das vias aéreas superiores
5934,851,40481087,2009-06-03,2009-06-03,2009-06-17,2009-06-17,32020,,,23969,0,444814009,40481087,,0,Infecção viral das vias aéreas superiores
5935,851,4051466,2004-06-21,2004-06-21,,,32020,,,23996,0,233678006,4051466,,0,Asma na infância
5936,851,4048171,2003-06-22,2003-06-22,,,32020,,,23940,0,232353008,4048171,,0,Perfuração do tímpano
5937,852,4217975,2018-01-01,2018-01-01,2018-08-13,2018-08-13,32020,,,24045,0,72892002,4217975,,0,Otite média não supurativa
5938,852,4217975,2014-01-13,2014-01-13,2014-08-18,2014-08-18,32020,,,24041,0,72892002,4217975,,0,Otite média não supurativa
5939,852,199076,2012-12-17,2012-12-17,,,32020,,,24053,0,79586000,199076,,0,Gravidez tubária
5940,852,4217975,2012-12-17,2012-12-17,2013-07-29,2013-07-29,32020,,,24053,0,72892002,4217975,,0,Otite média não supurativa
5941,852,4078393,2012-08-27,2012-08-27,,,32020,,,24051,0,19169002,4078393,,0,Aborto espontâneo na gravidez
5942,852,4217975,2012-08-27,2012-08-27,2012-09-17,2012-09-17,32020,,,24051,0,72892002,4217975,,0,Otite média não supurativa
5943,852,4311629,2012-07-02,2012-07-02,,,32020,,,24061,0,15777000,40316773,,0,Pré-diabetes
5944,852,4112343,2012-05-09,2012-05-09,2012-05-20,2012-05-20,32020,,,24076,0,195662009,4112343,,0,Faringite viral aguda
5945,852,316866,2002-04-08,2002-04-08,,,32020,,,24082,0,38341003,316866,,0,Hipertensão arterial
5946,853,372328,2015-05-23,2015-05-23,2016-02-28,2016-02-28,32020,,,24103,0,65363002,372328,,0,Otite média
5947,853,372328,2014-06-14,2014-06-14,2015-02-22,2015-02-22,32020,,,24094,0,65363002,372328,,0,Otite média
5948,853,372328,2013-07-08,2013-07-08,2013-08-18,2013-08-18,32020,,,24088,0,65363002,372328,,0,Otite média
5949,853,260139,2013-01-29,2013-01-29,2013-02-12,2013-02-12,32020,,,24109,0,10509002,260139,,0,Bronquite aguda
5950,853,372328,2010-09-11,2010-09-11,2010-11-21,2010-11-21,32020,,,24107,0,65363002,372328,,0,Otite média
5951,854,260139,2012-10-23,2012-10-23,2012-11-06,2012-11-06,32020,,,24132,0,10509002,260139,,0,Bronquite aguda
5952,854,4079749,2010-06-12,2010-06-12,,,32020,,,24117,0,239872002,4079749,,0,Osteoartrite do quadril
5953,854,79740,2009-11-22,2009-11-22,2011-10-07,2011-10-07,32020,,,24122,0,109838007,79740,,0,Carcinoma de cólon
5954,854,37017023,2009-11-17,2009-11-17,,,32020,,,24115,0,713197008,37017023,,0,Fibrose cística recorrente
5955,854,378001,2009-11-02,2009-11-02,2010-01-01,2010-01-01,32020,,,24118,0,62106007,378001,,0,Concussão com perda de consciência
5956,854,4285898,2008-06-25,2008-06-25,,,32020,,,24125,0,68496003,4285898,,0,Pólipo do cólon
5957,854,0,1985-02-24,1985-02-24,,,32020,,,24124,0,162864005,4060985,,0,IMC 30+ - obesidade
5958,854,257012,1985-02-11,1985-02-11,,,32020,,,24134,0,40055000,257012,,0,Sinusite crônica
5959,855,4152936,2016-04-14,2016-04-14,2016-04-28,2016-04-28,32020,,,24159,0,283385000,4152936,,0,Laceração de ombro
5960,855,432867,2015-07-14,2015-07-14,,,32020,,,24136,0,55822004,432867,,0,Hiperlipidemia
5961,855,4294548,2012-11-03,2012-11-03,2012-12-08,2012-12-08,32020,,,24147,0,75498004,4294548,,0,Infecção bacteriana aguda
5962,855,78272,2012-05-21,2012-05-21,2012-06-04,2012-06-04,32020,,,24158,0,70704007,78272,,0,Entorse de punho
5963,855,4112343,2011-02-03,2011-02-03,2011-02-16,2011-02-16,32020,,,24160,0,195662009,4112343,,0,Faringite viral aguda
5964,855,4079750,2010-06-29,2010-06-29,,,32020,,,24154,0,239873007,4079750,,0,Osteoartrite do joelho
5965,855,40481087,2009-05-07,2009-05-07,2009-05-14,2009-05-14,32020,,,24155,0,444814009,40481087,,0,Infecção viral das vias aéreas superiores
5966,855,4311629,2005-03-01,2005-03-01,,,32020,,,24144,0,15777000,40316773,,0,Pré-diabetes
5967,855,0,1992-09-22,1992-09-22,,,32020,,,24151,0,162864005,4060985,,0,IMC 30+ - obesidade
5968,855,258780,1983-09-13,1983-09-13,,,32020,,,24149,0,185086009,258780,,0,DPOC exacerbada
5969,855,0,1961-07-11,1961-07-11,,,32020,,,24156,0,703151001,45766064,,0,Histórico de artroplastia de joelho
5970,855,4029498,1961-07-11,1961-07-11,,,32020,,,24156,0,128613002,4029498,,0,Transtorno convulsivo
5971,855,316866,1979-09-04,1979-09-04,,,32020,,,24146,0,38341003,316866,,0,Hipertensão arterial
5972,856,4112343,2018-06-14,2018-06-14,2018-06-23,2018-06-23,32020,,,24214,0,195662009,4112343,,0,Faringite viral aguda
5973,856,40481087,2015-12-25,2015-12-25,2016-01-08,2016-01-08,32020,,,24220,0,444814009,40481087,,0,Infecção viral das vias aéreas superiores
5974,856,40481087,2014-05-04,2014-05-04,2014-05-25,2014-05-25,32020,,,24169,0,444814009,40481087,,0,Infecção viral das vias aéreas superiores
5975,856,260139,2012-09-25,2012-09-25,2012-10-09,2012-10-09,32020,,,24211,0,10509002,260139,,0,Bronquite aguda
5976,856,40481087,2012-02-17,2012-02-17,2012-03-09,2012-03-09,32020,,,24175,0,444814009,40481087,,0,Infecção viral das vias aéreas superiores
5977,856,192279,1999-06-12,1999-06-12,,,32020,,,24232,0,127013003,192279,,0,Nefropatia diabética
5978,856,443614,1999-06-12,1999-06-12,,,32020,,,24232,0,431855005,443614,,0,Doença renal crônica estágio 1
5979,856,432867,1998-06-06,1998-06-06,,,32020,,,24191,0,55822004,432867,,0,Hiperlipidemia
5980,856,4285898,1997-05-31,1997-05-31,,,32020,,,24207,0,68496003,4285898,,0,Pólipo do cólon
5981,856,436940,1995-10-21,1995-10-21,,,32020,,,24231,0,237602007,436940,,0,Síndrome metabólica
5982,856,4120314,1995-10-21,1995-10-21,,,32020,,,24231,0,302870006,4120314,,0,Hipertrigliceridemia
5983,856,4214376,1995-10-21,1995-10-21,,,32020,,,24231,0,80394007,4214376,,0,Hiperglicemia
5984,856,201826,1993-10-16,1993-10-16,,,32020,,,24222,0,44054006,201826,,0,Diabetes mellitus tipo 2
5985,856,257012,1992-12-01,1992-12-01,,,32020,,,24215,0,40055000,257012,,0,Sinusite crônica
5986,856,0,1981-06-20,1981-06-20,,,32020,,,24190,0,162864005,4060985,,0,IMC 30+ - obesidade
5987,856,439777,1977-05-23,1977-05-23,,,32020,,,24163,0,271737000,439777,,0,Anemia
5988,856,4078393,1965-12-18,1965-12-18,,,32020,,,24212,0,19169002,4078393,,0,Aborto espontâneo na gravidez
5989,857,4112343,2016-05-30,2016-05-30,2016-06-09,2016-06-09,32020,,,24246,0,195662009,4112343,,0,Faringite viral aguda
5990,857,260139,2015-07-16,2015-07-16,2015-07-30,2015-07-30,32020,,,24240,0,10509002,260139,,0,Bronquite aguda
5991,857,260139,2010-12-07,2010-12-07,2010-12-21,2010-12-21,32020,,,24237,0,10509002,260139,,0,Bronquite aguda
5992,857,40481087,2010-04-29,2010-04-29,2010-05-20,2010-05-20,32020,,,24245,0,444814009,40481087,,0,Infecção viral das vias aéreas superiores
5993,857,40481087,2009-03-23,2009-03-23,2009-03-30,2009-03-30,32020,,,24243,0,444814009,40481087,,0,Infecção viral das vias aéreas superiores
5994,857,4311629,2001-07-29,2001-07-29,,,32020,,,24238,0,15777000,40316773,,0,Pré-diabetes
5995,858,40481087,2018-03-12,2018-03-12,2018-03-19,2018-03-19,32020,,,24257,0,444814009,40481087,,0,Infecção viral das vias aéreas superiores
5996,858,40481087,2017-04-17,2017-04-17,2017-05-08,2017-05-08,32020,,,24274,0,444814009,40481087,,0,Infecção viral das vias aéreas superiores
5997,858,4217975,2017-01-13,2017-01-13,2017-08-25,2017-08-25,32020,,,24263,0,72892002,4217975,,0,Otite média não supurativa
5998,858,137613,2016-01-08,2016-01-08,2016-01-22,2016-01-22,32020,,,24252,0,198992004,137613,,0,Pré-eclâmpsia leve
5999,858,4217975,2015-06-26,2015-06-26,2016-01-22,2016-01-22,32020,,,24259,0,72892002,4217975,,0,Otite média não supurativa
6000,858,316866,2001-02-02,2001-02-02,,,32020,,,24271,0,38341003,316866,,0,Hipertensão arterial
6001,859,313217,2018-02-25,2018-02-25,,,32020,,,24325,0,49436004,313217,,0,Fibrilação atrial
6002,859,260139,2016-06-18,2016-06-18,2016-07-02,2016-07-02,32020,,,24319,0,10509002,260139,,0,Bronquite aguda
6003,859,260139,2016-02-11,2016-02-11,2016-02-18,2016-02-18,32020,,,24298,0,10509002,260139,,0,Bronquite aguda
6004,859,4217975,2012-07-08,2012-07-08,2013-02-10,2013-02-10,32020,,,24313,0,72892002,4217975,,0,Otite média não supurativa
6005,859,0,2012-05-13,2012-05-13,,,32020,,,24307,0,408512008,4256640,,0,Alcoolismo relatado pelo paciente
6006,859,0,1997-03-16,1997-03-16,,,32020,,,24296,0,162864005,4060985,,0,IMC 30+ - obesidade
6007,859,4078393,1996-03-10,1996-03-10,,,32020,,,24317,0,19169002,4078393,,0,Aborto espontâneo na gravidez
6008,859,316866,1987-03-01,1987-03-01,,,32020,,,24316,0,38341003,316866,,0,Hipertensão arterial
6009,860,316866,2017-03-02,2017-03-02,,,32020,,,24340,0,38341003,316866,,0,Hipertensão arterial
6010,860,260139,2009-01-05,2009-01-05,2009-01-19,2009-01-19,32020,,,24330,0,10509002,260139,,0,Bronquite aguda
6011,861,4112343,2013-01-10,2013-01-10,2013-01-22,2013-01-22,32020,,,24364,0,195662009,4112343,,0,Faringite viral aguda
6012,861,260139,2011-10-19,2011-10-19,2011-10-26,2011-10-26,32020,,,24371,0,10509002,260139,,0,Bronquite aguda
6013,861,0,2008-05-27,2008-05-27,,,32020,,,24375,0,428251008,4323208,,0,Histórico de apendicectomia
6014,861,440448,2008-05-27,2008-05-27,,,32020,,,24365,0,74400008,440448,,0,Apendicite
6015,862,4134304,2018-01-20,2018-01-20,2018-02-19,2018-02-19,32020,,,24387,0,263102004,4134304,,0,Ruptura de menisco
6016,862,260139,2016-07-01,2016-07-01,2016-07-15,2016-07-15,32020,,,24377,0,10509002,260139,,0,Bronquite aguda
6017,863,260139,2017-03-25,2017-03-25,2017-04-08,2017-04-08,32020,,,24404,0,10509002,260139,,0,Bronquite aguda
6018,863,40481087,2016-09-03,2016-09-03,2016-09-24,2016-09-24,32020,,,24405,0,444814009,40481087,,0,Infecção viral das vias aéreas superiores
6019,863,40481087,2015-01-16,2015-01-16,2015-02-06,2015-02-06,32020,,,24397,0,444814009,40481087,,0,Infecção viral das vias aéreas superiores
6020,863,4311629,2013-08-26,2013-08-26,,,32020,,,24396,0,15777000,40316773,,0,Pré-diabetes
6021,863,40481087,2012-04-10,2012-04-10,2012-04-24,2012-04-24,32020,,,24400,0,444814009,40481087,,0,Infecção viral das vias aéreas superiores
6022,863,260139,2011-07-17,2011-07-17,2011-07-31,2011-07-31,32020,,,24394,0,10509002,260139,,0,Bronquite aguda
6023,863,40481087,2010-04-30,2010-04-30,2010-05-14,2010-05-14,32020,,,24401,0,444814009,40481087,,0,Infecção viral das vias aéreas superiores
6024,864,4112343,2016-11-23,2016-11-23,2016-12-04,2016-12-04,32020,,,24441,0,195662009,4112343,,0,Faringite viral aguda
6025,864,40481087,2015-05-23,2015-05-23,2015-06-13,2015-06-13,32020,,,24426,0,444814009,40481087,,0,Infecção viral das vias aéreas superiores
6026,864,260139,2015-03-19,2015-03-19,2015-04-02,2015-04-02,32020,,,24413,0,10509002,260139,,0,Bronquite aguda
6027,864,372328,2010-03-20,2010-03-20,2010-04-24,2010-04-24,32020,,,24436,0,65363002,372328,,0,Otite média
6028,864,260139,2009-04-04,2009-04-04,2009-04-18,2009-04-18,32020,,,24418,0,10509002,260139,,0,Bronquite aguda
6029,864,4280726,2008-06-04,2008-06-04,,,32020,,,24437,0,367498001,4280726,,0,Gripe sazonal
6030,865,28060,2016-04-18,2016-04-18,2016-04-26,2016-04-26,32020,,,24460,0,43878008,28060,,0,Faringite estreptocócica
6031,865,4311629,2016-04-22,2016-04-22,,,32020,,,24462,0,15777000,40316773,,0,Pré-diabetes
6032,865,81151,2015-03-06,2015-03-06,2015-03-20,2015-03-20,32020,,,24463,0,44465007,81151,,0,Entorse de tornozelo
6033,865,40481087,2014-10-04,2014-10-04,2014-10-11,2014-10-11,32020,,,24456,0,444814009,40481087,,0,Infecção viral das vias aéreas superiores
6034,865,4294548,2011-11-23,2011-11-23,2011-12-14,2011-12-14,32020,,,24454,0,75498004,4294548,,0,Infecção bacteriana aguda
6035,865,40481087,2009-12-07,2009-12-07,2009-12-28,2009-12-28,32020,,,24455,0,444814009,40481087,,0,Infecção viral das vias aéreas superiores
6036,865,0,2002-11-15,2002-11-15,,,32020,,,24458,0,162864005,4060985,,0,IMC 30+ - obesidade
6037,866,80502,2017-02-05,2017-02-05,,,32020,,,24475,0,64859006,80502,,0,Osteoporose
6038,866,4311629,1999-08-29,1999-08-29,,,32020,,,24467,0,15777000,40316773,,0,Pré-diabetes
6039,866,0,1988-11-27,1988-11-27,,,32020,,,24478,0,162864005,4060985,,0,IMC 30+ - obesidade
6040,866,316866,1975-02-02,1975-02-02,,,32020,,,24466,0,38341003,316866,,0,Hipertensão arterial
6041,867,79740,2017-01-31,2017-01-31,,,32020,,,24506,0,109838007,79740,,0,Carcinoma de cólon
6042,867,37017023,2017-01-28,2017-01-28,,,32020,,,24508,0,713197008,37017023,,0,Fibrose cística recorrente
6043,867,4285898,2015-09-06,2015-09-06,,,32020,,,24485,0,68496003,4285898,,0,Pólipo do cólon
6044,867,40481087,2013-08-10,2013-08-10,2013-08-17,2013-08-17,32020,,,24494,0,444814009,40481087,,0,Infecção viral das vias aéreas superiores
6045,867,0,1998-10-03,1998-10-03,,,32020,,,24489,0,408512008,4256640,,0,Alcoolismo relatado pelo paciente
6046,867,0,1985-07-06,1985-07-06,,,32020,,,24481,0,162864005,4060985,,0,IMC 30+ - obesidade
6047,867,317576,1976-08-14,1976-08-14,,,32020,,,24491,0,53741008,317576,,0,Doença arterial coronariana
6048,867,316866,1969-08-02,1969-08-02,,,32020,,,24502,0,38341003,316866,,0,Hipertensão arterial
6049,867,257012,1957-11-14,1957-11-14,,,32020,,,24486,0,40055000,257012,,0,Sinusite crônica
6050,867,4048171,1953-09-15,1953-09-15,,,32020,,,24482,0,232353008,4048171,,0,Perfuração do tímpano
6051,868,40481087,2012-10-31,2012-10-31,2012-11-21,2012-11-21,32020,,,24522,0,444814009,40481087,,0,Infecção viral das vias aéreas superiores
6052,868,0,2006-04-03,2006-04-03,,,32020,,,24515,0,162864005,4060985,,0,IMC 30+ - obesidade
6053,868,316866,1981-02-23,1981-02-23,,,32020,,,24517,0,38341003,316866,,0,Hipertensão arterial
6054,869,4217975,2017-11-09,2017-11-09,2018-06-14,2018-06-14,32020,,,24530,0,72892002,4217975,,0,Otite média não supurativa
6055,869,316866,2016-06-30,2016-06-30,,,32020,,,24527,0,38341003,316866,,0,Hipertensão arterial
6056,869,40481087,2012-01-07,2012-01-07,2012-01-21,2012-01-21,32020,,,24549,0,444814009,40481087,,0,Infecção viral das vias aéreas superiores
6057,869,40481087,2011-05-22,2011-05-22,2011-06-05,2011-06-05,32020,,,24524,0,444814009,40481087,,0,Infecção viral das vias aéreas superiores
6058,869,40481087,2009-12-05,2009-12-05,2009-12-19,2009-12-19,32020,,,24588,0,444814009,40481087,,0,Infecção viral das vias aéreas superiores
6059,869,260139,2009-06-29,2009-06-29,2009-07-06,2009-07-06,32020,,,24600,0,10509002,260139,,0,Bronquite aguda
6060,869,40481087,2009-06-19,2009-06-19,2009-07-03,2009-07-03,32020,,,24610,0,444814009,40481087,,0,Infecção viral das vias aéreas superiores
6061,869,4048171,2002-04-15,2002-04-15,2017-04-13,2017-04-13,32020,,,24576,0,232353008,4048171,,0,Perfuração do tímpano
6062,870,4112343,1973-10-15,1973-10-15,1973-10-27,1973-10-27,32020,,,24628,0,195662009,4112343,,0,Faringite viral aguda
6063,870,40481087,1973-01-25,1973-01-25,1973-02-08,1973-02-08,32020,,,24643,0,444814009,40481087,,0,Infecção viral das vias aéreas superiores
6064,870,200970,1971-07-05,1971-07-05,,,32020,,,24637,0,92691004,200970,,0,Carcinoma in situ de próstata
6065,870,4129902,1971-07-05,1971-07-05,,,32020,,,24637,0,126906006,4129902,,0,Neoplasia de bexiga
6066,870,4112343,1968-06-04,1968-06-04,1968-06-11,1968-06-11,32020,,,24624,0,195662009,4112343,,0,Faringite viral aguda
6067,870,4109685,1968-05-13,1968-05-13,1968-06-03,1968-06-03,32020,,,24642,0,284551006,4109685,,0,Laceração de pé
6068,870,4112343,1967-10-27,1967-10-27,1967-11-03,1967-11-03,32020,,,24645,0,195662009,4112343,,0,Faringite viral aguda
6069,870,4079750,1953-09-15,1953-09-15,,,32020,,,24638,0,239873007,4079750,,0,Osteoartrite do joelho
6070,870,4311629,1939-01-16,1939-01-16,,,32020,,,24626,0,15777000,40316773,,0,Pré-diabetes
6071,870,4152280,1929-11-11,1929-11-11,,,32020,,,24635,0,370143000,4152280,,0,Transtorno depressivo maior
6072,871,4059173,2017-01-08,2017-01-08,2017-02-07,2017-02-07,32020,,,24665,0,16114001,4059173,,0,Fratura de tornozelo
6073,871,40481087,2015-07-25,2015-07-25,2015-08-08,2015-08-08,32020,,,24654,0,444814009,40481087,,0,Infecção viral das vias aéreas superiores
6074,872,260139,2018-12-01,2018-12-01,2018-12-08,2018-12-08,32020,,,24667,0,10509002,260139,,0,Bronquite aguda
6075,872,439393,2014-03-16,2014-03-16,2014-04-27,2014-04-27,32020,,,24718,0,398254007,439393,,0,Pré-eclâmpsia
6076,872,378001,2013-11-01,2013-11-01,2013-12-01,2013-12-01,32020,,,24707,0,62106007,378001,,0,Concussão com perda de consciência
6077,872,4217975,2013-09-29,2013-09-29,2014-04-27,2014-04-27,32020,,,24673,0,72892002,4217975,,0,Otite média não supurativa
6078,872,4283893,2012-08-02,2012-08-02,2012-10-11,2012-10-11,32020,,,24704,0,36971009,4283893,,0,Sinusite
6079,872,0,2012-01-29,2012-01-29,,,32020,,,24676,0,162864005,4060985,,0,IMC 30+ - obesidade
6080,872,137613,2010-06-27,2010-06-27,2010-07-11,2010-07-11,32020,,,24721,0,198992004,137613,,0,Pré-eclâmpsia leve
6081,872,4217975,2009-12-13,2009-12-13,2010-07-11,2010-07-11,32020,,,24694,0,72892002,4217975,,0,Otite média não supurativa
6082,872,316866,2001-10-28,2001-10-28,,,32020,,,24712,0,38341003,316866,,0,Hipertensão arterial
6083,872,257012,1992-07-23,1992-07-23,2012-10-11,2012-10-11,32020,,,24677,0,40055000,257012,,0,Sinusite crônica
6084,872,4048171,1986-05-28,1986-05-28,,,32020,,,24671,0,232353008,4048171,,0,Perfuração do tímpano
6085,873,4112343,2017-12-26,2017-12-26,2018-01-08,2018-01-08,32020,,,24724,0,195662009,4112343,,0,Faringite viral aguda
6086,873,81151,2015-05-10,2015-05-10,2015-06-07,2015-06-07,32020,,,24734,0,44465007,81151,,0,Entorse de tornozelo
6087,873,40481087,2012-10-15,2012-10-15,2012-11-05,2012-11-05,32020,,,24735,0,444814009,40481087,,0,Infecção viral das vias aéreas superiores
6088,873,0,2004-02-27,2004-02-27,,,32020,,,24729,0,408512008,4256640,,0,Alcoolismo relatado pelo paciente
6089,873,0,1983-06-24,1983-06-24,,,32020,,,24727,0,162864005,4060985,,0,IMC 30+ - obesidade
6090,874,4112343,2018-03-04,2018-03-04,2018-03-13,2018-03-13,32020,,,24748,0,195662009,4112343,,0,Faringite viral aguda
6091,874,4112343,2016-10-26,2016-10-26,2016-11-08,2016-11-08,32020,,,24749,0,195662009,4112343,,0,Faringite viral aguda
6092,874,4112343,2016-08-11,2016-08-11,2016-08-23,2016-08-23,32020,,,24758,0,195662009,4112343,,0,Faringite viral aguda
6093,874,40481087,2014-07-03,2014-07-03,2014-07-17,2014-07-17,32020,,,24751,0,444814009,40481087,,0,Infecção viral das vias aéreas superiores
6094,874,28060,2012-06-18,2012-06-18,2012-06-29,2012-06-29,32020,,,24754,0,43878008,28060,,0,Faringite estreptocócica
6095,874,4112343,2012-04-06,2012-04-06,2012-04-17,2012-04-17,32020,,,24759,0,195662009,4112343,,0,Faringite viral aguda
6096,874,372328,2009-05-21,2009-05-21,2009-09-07,2009-09-07,32020,,,24755,0,65363002,372328,,0,Otite média
6097,875,40481087,2016-09-01,2016-09-01,2016-09-15,2016-09-15,32020,,,24772,0,444814009,40481087,,0,Infecção viral das vias aéreas superiores
6098,875,40481087,2016-02-15,2016-02-15,2016-02-29,2016-02-29,32020,,,24768,0,444814009,40481087,,0,Infecção viral das vias aéreas superiores
6099,875,260139,2009-11-09,2009-11-09,2009-11-16,2009-11-16,32020,,,24792,0,10509002,260139,,0,Bronquite aguda
6100,875,0,2006-10-25,2006-10-25,,,32020,,,24766,0,162864005,4060985,,0,IMC 30+ - obesidade
6101,876,4112343,2016-05-22,2016-05-22,2016-06-03,2016-06-03,32020,,,24813,0,195662009,4112343,,0,Faringite viral aguda
6102,876,28060,2014-02-22,2014-02-22,2014-03-03,2014-03-03,32020,,,24816,0,43878008,28060,,0,Faringite estreptocócica
6103,876,40481087,2013-08-14,2013-08-14,2013-08-28,2013-08-28,32020,,,24815,0,444814009,40481087,,0,Infecção viral das vias aéreas superiores
6104,876,81151,2013-04-11,2013-04-11,2013-05-16,2013-05-16,32020,,,24811,0,44465007,81151,,0,Entorse de tornozelo
6105,876,260139,2010-06-27,2010-06-27,2010-07-04,2010-07-04,32020,,,24824,0,10509002,260139,,0,Bronquite aguda
6106,876,4112343,2009-10-02,2009-10-02,2009-10-14,2009-10-14,32020,,,24825,0,195662009,4112343,,0,Faringite viral aguda
6107,877,372328,2016-07-15,2016-07-15,2017-01-07,2017-01-07,32020,,,24829,0,65363002,372328,,0,Otite média
6108,877,260139,2013-12-15,2013-12-15,2013-12-22,2013-12-22,32020,,,24836,0,10509002,260139,,0,Bronquite aguda
6109,878,40481087,2015-10-09,2015-10-09,2015-10-23,2015-10-23,32020,,,24846,0,444814009,40481087,,0,Infecção viral das vias aéreas superiores
6110,878,40481087,2012-10-04,2012-10-04,2012-10-18,2012-10-18,32020,,,24852,0,444814009,40481087,,0,Infecção viral das vias aéreas superiores
6111,878,4278672,2010-07-04,2010-07-04,2010-08-03,2010-08-03,32020,,,24844,0,65966004,4278672,,0,Fratura do fêmur
6112,878,0,2004-02-15,2004-02-15,,,32020,,,24845,0,162864005,4060985,,0,IMC 30+ - obesidade
6113,878,0,1992-07-02,1992-07-02,,,32020,,,24855,0,428251008,4323208,,0,Histórico de apendicectomia
6114,878,440448,1992-07-02,1992-07-02,,,32020,,,24843,0,74400008,440448,,0,Apendicite
6115,879,4217975,2018-10-10,2018-10-10,,,32020,,,24937,0,72892002,4217975,,0,Otite média não supurativa
6116,879,40481087,2018-08-14,2018-08-14,2018-08-28,2018-08-28,32020,,,24890,0,444814009,40481087,,0,Infecção viral das vias aéreas superiores
6117,879,260139,2015-09-12,2015-09-12,2015-09-26,2015-09-26,32020,,,24928,0,10509002,260139,,0,Bronquite aguda
6118,879,28060,2014-02-15,2014-02-15,2014-02-26,2014-02-26,32020,,,24880,0,43878008,28060,,0,Faringite estreptocócica
6119,879,28060,2013-03-09,2013-03-09,2013-03-18,2013-03-18,32020,,,24888,0,43878008,28060,,0,Faringite estreptocócica
6120,879,4142905,2009-04-25,2009-04-25,2009-06-24,2009-06-24,32020,,,24905,0,33737001,4142905,,0,Fratura de rádio
6121,879,4048171,2004-02-23,2004-02-23,,,32020,,,24932,0,232353008,4048171,,0,Perfuração do tímpano
6122,880,4285898,1980-11-28,1980-11-28,,,32020,,,24943,0,68496003,4285898,,0,Pólipo do cólon
6123,880,4310703,1978-01-07,1978-01-07,,,32020,,,24972,0,424132000,4310703,,0,Carcinoma de células escamosas da pele
6124,880,4115276,1978-01-06,1978-01-06,,,32020,,,24966,0,254637007,4115276,,0,Câncer de pulmão não pequenas células
6125,880,0,1977-12-31,1977-12-31,,,32020,,,25007,0,162573006,4038238,,0,Suspeita de abuso de álcool
6126,880,4112343,1977-06-09,1977-06-09,1977-06-16,1977-06-16,32020,,,24946,0,195662009,4112343,,0,Faringite viral aguda
6127,880,200970,1976-08-26,1976-08-26,,,32020,,,24977,0,92691004,200970,,0,Carcinoma in situ de próstata
6128,880,4129902,1976-08-26,1976-08-26,,,32020,,,24977,0,126906006,4129902,,0,Neoplasia de bexiga
6129,880,4278672,1975-09-22,1975-09-22,1975-12-21,1975-12-21,32020,,,24982,0,65966004,4278672,,0,Fratura do fêmur
6130,880,260139,1975-08-10,1975-08-10,1975-08-17,1975-08-17,32020,,,24994,0,10509002,260139,,0,Bronquite aguda
6131,880,260139,1975-03-09,1975-03-09,1975-03-23,1975-03-23,32020,,,24979,0,10509002,260139,,0,Bronquite aguda
6132,880,4285898,1974-10-06,1974-10-06,1975-11-30,1975-11-30,32020,,,24997,0,68496003,4285898,,0,Pólipo do cólon
6133,880,260139,1971-03-11,1971-03-11,1971-03-25,1971-03-25,32020,,,24995,0,10509002,260139,,0,Bronquite aguda
6134,880,0,1956-10-18,1956-10-18,,,32020,,,24959,0,162864005,4060985,,0,IMC 30+ - obesidade
6135,880,4218106,1954-10-14,1954-10-14,,,32020,,,25002,0,7200002,4218106,,0,Alcoolismo
6136,881,4296205,2018-08-26,2018-08-26,2018-09-09,2018-09-09,32020,,,25021,0,403191005,4296205,,0,Queimadura solar de segundo grau
6137,881,257012,2016-03-25,2016-03-25,2016-04-08,2016-04-08,32020,,,25020,0,40055000,257012,,0,Sinusite crônica
6138,881,4283893,2016-01-29,2016-01-29,2016-04-08,2016-04-08,32020,,,25008,0,36971009,4283893,,0,Sinusite
6139,881,4134304,2013-06-23,2013-06-23,2013-09-21,2013-09-21,32020,,,25009,0,263102004,4134304,,0,Ruptura de menisco
6140,881,4112343,2012-02-28,2012-02-28,2012-03-07,2012-03-07,32020,,,25010,0,195662009,4112343,,0,Faringite viral aguda
6141,881,372328,2009-10-29,2009-10-29,2010-03-10,2010-03-10,32020,,,25018,0,65363002,372328,,0,Otite média
6142,881,380378,1992-03-04,1992-03-04,,,32020,,,25011,0,84757009,380378,,0,Epilepsia
6143,881,0,1992-01-15,1992-01-15,,,32020,,,25014,0,703151001,45766064,,0,Histórico de artroplastia de joelho
6144,881,4029498,1992-01-15,1992-01-15,,,32020,,,25014,0,128613002,4029498,,0,Transtorno convulsivo
6145,882,4226121,2017-02-09,2017-02-09,,,32020,,,25066,0,422034002,4226121,,0,Retinopatia diabética proliferativa
6146,882,201826,2017-02-09,2017-02-09,,,32020,,,25066,0,44054006,201826,,0,Diabetes mellitus tipo 2
6147,882,4217975,2015-11-26,2015-11-26,2016-06-30,2016-06-30,32020,,,25032,0,72892002,4217975,,0,Otite média não supurativa
6148,882,4217975,2014-11-06,2014-11-06,2015-06-18,2015-06-18,32020,,,25034,0,72892002,4217975,,0,Otite média não supurativa
6149,882,28060,2013-12-25,2013-12-25,2014-01-04,2014-01-04,32020,,,25045,0,43878008,28060,,0,Faringite estreptocócica
6150,882,4217975,2011-07-21,2011-07-21,2012-02-23,2012-02-23,32020,,,25065,0,72892002,4217975,,0,Otite média não supurativa
6151,883,81151,2017-11-18,2017-11-18,2017-12-09,2017-12-09,32020,,,25080,0,44465007,81151,,0,Entorse de tornozelo
6152,883,378001,2012-12-14,2012-12-14,2013-01-13,2013-01-13,32020,,,25085,0,62106007,378001,,0,Concussão com perda de consciência
6153,884,4283893,2018-08-05,2018-08-05,2018-10-07,2018-10-07,32020,,,25153,0,36971009,4283893,,0,Sinusite
6154,884,40481087,2016-08-19,2016-08-19,2016-09-09,2016-09-09,32020,,,25137,0,444814009,40481087,,0,Infecção viral das vias aéreas superiores
6155,884,4112343,2015-09-07,2015-09-07,2015-09-14,2015-09-14,32020,,,25096,0,195662009,4112343,,0,Faringite viral aguda
6156,884,40481087,2014-12-07,2014-12-07,2014-12-21,2014-12-21,32020,,,25103,0,444814009,40481087,,0,Infecção viral das vias aéreas superiores
6157,884,4112343,2013-09-02,2013-09-02,2013-09-14,2013-09-14,32020,,,25117,0,195662009,4112343,,0,Faringite viral aguda
6158,884,260139,2013-01-11,2013-01-11,2013-01-18,2013-01-18,32020,,,25135,0,10509002,260139,,0,Bronquite aguda
6159,884,80502,1988-01-15,1988-01-15,,,32020,,,25124,0,64859006,80502,,0,Osteoporose
6160,884,381316,1986-07-11,1986-07-11,,,32020,,,25157,0,230690007,381316,,0,Acidente vascular cerebral
6161,884,45757499,1957-11-29,1957-11-29,,,32020,,,25160,0,157141000119108,45757499,,0,Proteinúria por diabetes tipo 2
6162,884,443597,1957-11-29,1957-11-29,,,32020,,,25160,0,433144002,443597,,0,Doença renal crônica estágio 3
6163,884,4311629,1957-11-29,1957-11-29,,,32020,,,25160,0,15777000,40316773,,0,Pré-diabetes
6164,884,436940,1957-09-27,1957-09-27,,,32020,,,25121,0,237602007,436940,,0,Síndrome metabólica
6165,884,4120314,1957-09-27,1957-09-27,,,32020,,,25121,0,302870006,4120314,,0,Hipertrigliceridemia
6166,884,4214376,1957-09-27,1957-09-27,,,32020,,,25121,0,80394007,4214376,,0,Hiperglicemia
6167,884,45769905,1956-08-03,1956-08-03,,,32020,,,25161,0,90781000119102,45769905,,0,Doença renal crônica por diabetes
6168,884,192279,1956-08-03,1956-08-03,,,32020,,,25161,0,127013003,192279,,0,Nefropatia diabética
6169,884,443601,1956-08-03,1956-08-03,,,32020,,,25161,0,431856006,443601,,0,Doença renal crônica estágio 4
6170,884,201826,1956-08-03,1956-08-03,,,32020,,,25161,0,44054006,201826,,0,Diabetes mellitus tipo 2
6171,884,316866,1956-08-03,1956-08-03,,,32020,,,25161,0,38341003,316866,,0,Hipertensão arterial
6172,884,0,1952-11-21,1952-11-21,,,32020,,,25097,0,408512008,4256640,,0,Alcoolismo relatado pelo paciente
6173,884,257012,1949-11-10,1949-11-10,,,32020,,,25133,0,40055000,257012,,0,Sinusite crônica
6174,884,4078393,1945-01-19,1945-01-19,,,32020,,,25119,0,19169002,4078393,,0,Aborto espontâneo na gravidez
6175,884,0,1934-03-09,1934-03-09,,,32020,,,25162,0,162864005,4060985,,0,IMC 30+ - obesidade
6176,885,4112343,2013-09-02,2013-09-02,2013-09-11,2013-09-11,32020,,,25210,0,195662009,4112343,,0,Faringite viral aguda
6177,885,4112343,2012-03-27,2012-03-27,2012-04-08,2012-04-08,32020,,,25197,0,195662009,4112343,,0,Faringite viral aguda
6178,885,4217975,2011-08-07,2011-08-07,2011-09-04,2011-09-04,32020,,,25206,0,72892002,4217975,,0,Otite média não supurativa
6179,885,4262136,2011-03-13,2011-03-13,2011-03-27,2011-03-27,32020,,,25203,0,35999006,4262136,,0,Cegueira
6180,885,4217975,2011-03-13,2011-03-13,2011-03-27,2011-03-27,32020,,,25203,0,72892002,4217975,,0,Otite média não supurativa
6181,885,260139,2010-07-10,2010-07-10,2010-07-17,2010-07-17,32020,,,25181,0,10509002,260139,,0,Bronquite aguda
6182,885,40318618,2009-02-08,2009-02-08,2009-02-15,2009-02-15,32020,,,25200,0,156073000,40318618,,0,Obesidade
6183,885,4078393,2009-02-08,2009-02-08,,,32020,,,25200,0,19169002,4078393,,0,Aborto espontâneo na gravidez
6184,885,4217975,2009-02-08,2009-02-08,2009-02-15,2009-02-15,32020,,,25200,0,72892002,4217975,,0,Otite média não supurativa
6185,885,0,2007-06-03,2007-06-03,,,32020,,,25216,0,162864005,4060985,,0,IMC 30+ - obesidade
6186,885,4079750,2005-05-27,2005-05-27,,,32020,,,25186,0,239873007,4079750,,0,Osteoartrite do joelho
6187,886,372328,2018-04-20,2018-04-20,,,32020,,,25275,0,65363002,372328,,0,Otite média
6188,886,0,2017-06-03,2017-06-03,,,32020,,,25270,0,408512008,4256640,,0,Alcoolismo relatado pelo paciente
6189,886,4112343,2014-05-26,2014-05-26,2014-06-07,2014-06-07,32020,,,25249,0,195662009,4112343,,0,Faringite viral aguda
6190,886,0,2000-01-01,2000-01-01,,,32020,,,25230,0,162864005,4060985,,0,IMC 30+ - obesidade
6191,886,4208104,1999-10-06,1999-10-06,,,32020,,,25221,0,55680006,4208104,,0,Overdose de droga
6192,886,316866,1996-08-10,1996-08-10,,,32020,,,25263,0,38341003,316866,,0,Hipertensão arterial
6193,886,436096,1995-03-28,1995-03-28,,,32020,,,25223,0,82423001,436096,,0,Dor crônica
6194,886,43530652,1992-07-17,1992-07-17,,,32020,,,25219,0,124171000119105,43530652,,0,Nefropatia diabética crônica
6195,886,4055754,1992-05-11,1992-05-11,,,32020,,,25252,0,196416002,4055754,,0,Esofagite por refluxo
6196,886,372328,1978-09-05,1978-09-05,1978-12-16,1978-12-16,32020,,,25253,0,65363002,372328,,0,Otite média
6197,887,40481087,2018-02-13,2018-02-13,2018-03-06,2018-03-06,32020,,,25287,0,444814009,40481087,,0,Infecção viral das vias aéreas superiores
6198,887,260139,2017-10-04,2017-10-04,2017-10-11,2017-10-11,32020,,,25279,0,10509002,260139,,0,Bronquite aguda
6199,887,372328,2017-10-03,2017-10-03,2018-01-24,2018-01-24,32020,,,25294,0,65363002,372328,,0,Otite média
6200,887,4280726,2016-08-26,2016-08-26,,,32020,,,25293,0,367498001,4280726,,0,Gripe sazonal
6201,887,40481087,2016-02-02,2016-02-02,2016-02-16,2016-02-16,32020,,,25283,0,444814009,40481087,,0,Infecção viral das vias aéreas superiores
6202,887,4084167,2015-10-14,2015-10-14,2015-10-14,2015-10-14,32020,,,25297,0,241929008,4084167,,0,Reação alérgica a alimento
6203,887,40481087,2015-04-24,2015-04-24,2015-05-01,2015-05-01,32020,,,25286,0,444814009,40481087,,0,Infecção viral das vias aéreas superiores
6204,887,4112343,2014-10-20,2014-10-20,2014-11-01,2014-11-01,32020,,,25298,0,195662009,4112343,,0,Faringite viral aguda
6205,888,40481087,2016-06-18,2016-06-18,2016-06-25,2016-06-25,32020,,,25305,0,444814009,40481087,,0,Infecção viral das vias aéreas superiores
6206,888,372328,2015-11-18,2015-11-18,2016-02-12,2016-02-12,32020,,,25313,0,65363002,372328,,0,Otite média
6207,888,260139,2014-01-21,2014-01-21,2014-02-04,2014-02-04,32020,,,25307,0,10509002,260139,,0,Bronquite aguda
6208,888,4112343,2012-01-02,2012-01-02,2012-01-13,2012-01-13,32020,,,25308,0,195662009,4112343,,0,Faringite viral aguda
6209,888,260139,2011-07-27,2011-07-27,2011-08-03,2011-08-03,32020,,,25309,0,10509002,260139,,0,Bronquite aguda
6210,888,0,2003-12-16,2003-12-16,,,32020,,,25302,0,428251008,4323208,,0,Histórico de apendicectomia
6211,888,440448,2003-12-16,2003-12-16,,,32020,,,25306,0,74400008,440448,,0,Apendicite
6212,889,4217975,2017-10-25,2017-10-25,2017-11-15,2017-11-15,32020,,,25343,0,72892002,4217975,,0,Otite média não supurativa
6213,889,40481087,2016-08-30,2016-08-30,2016-09-06,2016-09-06,32020,,,25359,0,444814009,40481087,,0,Infecção viral das vias aéreas superiores
6214,889,0,2014-07-16,2014-07-16,,,32020,,,25328,0,162864005,4060985,,0,IMC 30+ - obesidade
6215,889,260139,2014-07-05,2014-07-05,2014-07-19,2014-07-19,32020,,,25335,0,10509002,260139,,0,Bronquite aguda
6216,889,4217975,2014-04-23,2014-04-23,2014-11-26,2014-11-26,32020,,,25341,0,72892002,4217975,,0,Otite média não supurativa
6217,889,4217975,2012-12-05,2012-12-05,2013-07-10,2013-07-10,32020,,,25351,0,72892002,4217975,,0,Otite média não supurativa
6218,889,40318618,2010-03-17,2010-03-17,2010-03-31,2010-03-31,32020,,,25329,0,156073000,40318618,,0,Obesidade
6219,889,4078393,2010-03-17,2010-03-17,,,32020,,,25329,0,19169002,4078393,,0,Aborto espontâneo na gravidez
6220,889,4217975,2010-03-17,2010-03-17,2010-03-31,2010-03-31,32020,,,25329,0,72892002,4217975,,0,Otite média não supurativa
6221,889,40481087,2009-05-16,2009-05-16,2009-05-30,2009-05-30,32020,,,25320,0,444814009,40481087,,0,Infecção viral das vias aéreas superiores
6222,889,257012,2005-08-30,2005-08-30,,,32020,,,25334,0,40055000,257012,,0,Sinusite crônica
6223,889,316866,1988-12-21,1988-12-21,,,32020,,,25353,0,38341003,316866,,0,Hipertensão arterial
6224,891,4112343,2018-11-28,2018-11-28,2018-12-08,2018-12-08,32020,,,25420,0,195662009,4112343,,0,Faringite viral aguda
6225,891,4112343,2017-07-27,2017-07-27,2017-08-04,2017-08-04,32020,,,25406,0,195662009,4112343,,0,Faringite viral aguda
6226,891,40481087,2017-03-10,2017-03-10,2017-03-24,2017-03-24,32020,,,25408,0,444814009,40481087,,0,Infecção viral das vias aéreas superiores
6227,891,40481087,2016-03-17,2016-03-17,2016-04-07,2016-04-07,32020,,,25395,0,444814009,40481087,,0,Infecção viral das vias aéreas superiores
6228,891,40481087,2016-01-21,2016-01-21,2016-02-11,2016-02-11,32020,,,25385,0,444814009,40481087,,0,Infecção viral das vias aéreas superiores
6229,891,4113008,2011-04-26,2011-04-26,2011-05-10,2011-05-10,32020,,,25393,0,284549007,4113008,,0,Laceração de mão
6230,892,4311629,2017-09-19,2017-09-19,,,32020,,,25431,0,15777000,40316773,,0,Pré-diabetes
6231,892,4112343,2016-05-15,2016-05-15,2016-05-25,2016-05-25,32020,,,25442,0,195662009,4112343,,0,Faringite viral aguda
6232,892,0,2014-09-16,2014-09-16,,,32020,,,25425,0,162864005,4060985,,0,IMC 30+ - obesidade
6233,892,4079749,2014-09-03,2014-09-03,,,32020,,,25439,0,239872002,4079749,,0,Osteoartrite do quadril
6234,892,4112343,2011-11-23,2011-11-23,2011-12-05,2011-12-05,32020,,,25433,0,195662009,4112343,,0,Faringite viral aguda
6235,892,4262136,2011-05-10,2011-05-10,2011-05-17,2011-05-17,32020,,,25423,0,35999006,4262136,,0,Cegueira
6236,892,4078393,2011-05-10,2011-05-10,,,32020,,,25423,0,19169002,4078393,,0,Aborto espontâneo na gravidez
6237,892,4217975,2011-05-10,2011-05-10,2011-05-17,2011-05-17,32020,,,25423,0,72892002,4217975,,0,Otite média não supurativa
6238,892,4217975,2009-09-15,2009-09-15,2010-04-27,2010-04-27,32020,,,25428,0,72892002,4217975,,0,Otite média não supurativa
6239,893,0,2018-09-09,2018-09-09,,,32020,,,25457,0,399211009,4163874,,0,Histórico de infarto do miocárdio
6240,893,4329847,2018-09-09,2018-09-09,,,32020,,,25457,0,22298006,4329847,,0,Infarto do miocárdio
6241,893,4112343,2013-01-06,2013-01-06,2013-01-14,2013-01-14,32020,,,25451,0,195662009,4112343,,0,Faringite viral aguda
6242,893,257012,2005-04-02,2005-04-02,,,32020,,,25454,0,40055000,257012,,0,Sinusite crônica
6243,893,317576,2002-10-20,2002-10-20,,,32020,,,25459,0,53741008,317576,,0,Doença arterial coronariana
6244,894,316866,2018-11-17,2018-11-17,,,32020,,,25492,0,38341003,316866,,0,Hipertensão arterial
6245,894,40481087,2017-02-21,2017-02-21,2017-02-28,2017-02-28,32020,,,25486,0,444814009,40481087,,0,Infecção viral das vias aéreas superiores
6246,894,40481087,2016-06-06,2016-06-06,2016-06-20,2016-06-20,32020,,,25470,0,444814009,40481087,,0,Infecção viral das vias aéreas superiores
6247,894,372328,2014-09-24,2014-09-24,2014-10-25,2014-10-25,32020,,,25469,0,65363002,372328,,0,Otite média
6248,894,4134304,2013-05-09,2013-05-09,2013-08-07,2013-08-07,32020,,,25478,0,263102004,4134304,,0,Ruptura de menisco
6249,894,81151,2009-03-10,2009-03-10,2009-03-31,2009-03-31,32020,,,25477,0,44465007,81151,,0,Entorse de tornozelo
6250,895,317576,2016-08-15,2016-08-15,,,32020,,,25504,0,53741008,317576,,0,Doença arterial coronariana
6251,895,313217,2012-07-23,2012-07-23,,,32020,,,25518,0,49436004,313217,,0,Fibrilação atrial
6252,895,260139,2011-04-25,2011-04-25,2011-05-02,2011-05-02,32020,,,25509,0,10509002,260139,,0,Bronquite aguda
6253,895,432867,2007-06-25,2007-06-25,,,32020,,,25500,0,55822004,432867,,0,Hiperlipidemia
6254,895,4079750,1995-04-10,1995-04-10,,,32020,,,25506,0,239873007,4079750,,0,Osteoartrite do joelho
6255,895,0,1985-12-23,1985-12-23,,,32020,,,25520,0,162864005,4060985,,0,IMC 30+ - obesidade
6256,896,260139,2018-07-25,2018-07-25,2018-08-08,2018-08-08,32020,,,25548,0,10509002,260139,,0,Bronquite aguda
6257,896,40481087,2017-10-28,2017-10-28,2017-11-18,2017-11-18,32020,,,25539,0,444814009,40481087,,0,Infecção viral das vias aéreas superiores
6258,896,37016354,2014-11-09,2014-11-09,,,32020,,,25560,0,368581000119106,37016354,,0,Neuropatia por diabetes tipo 2
6259,896,4283893,2014-07-27,2014-07-27,2014-12-07,2014-12-07,32020,,,25553,0,36971009,4283893,,0,Sinusite
6260,896,81151,2013-12-30,2013-12-30,2014-02-03,2014-02-03,32020,,,25551,0,44465007,81151,,0,Entorse de tornozelo
6261,896,4112343,2011-10-31,2011-10-31,2011-11-09,2011-11-09,32020,,,25537,0,195662009,4112343,,0,Faringite viral aguda
6262,896,40481087,2011-10-25,2011-10-25,2011-11-01,2011-11-01,32020,,,25547,0,444814009,40481087,,0,Infecção viral das vias aéreas superiores
6263,896,436940,2010-07-18,2010-07-18,,,32020,,,25563,0,237602007,436940,,0,Síndrome metabólica
6264,896,4120314,2010-04-18,2010-04-18,,,32020,,,25541,0,302870006,4120314,,0,Hipertrigliceridemia
6265,896,257012,2010-04-05,2010-04-05,,,32020,,,25526,0,40055000,257012,,0,Sinusite crônica
6266,896,4283893,2010-03-15,2010-03-15,2010-11-22,2010-11-22,32020,,,25554,0,36971009,4283893,,0,Sinusite
6267,896,201826,2009-10-25,2009-10-25,,,32020,,,25534,0,44054006,201826,,0,Diabetes mellitus tipo 2
6268,896,4311629,2006-10-22,2006-10-22,,,32020,,,25532,0,15777000,40316773,,0,Pré-diabetes
6269,896,316866,2002-07-14,2002-07-14,,,32020,,,25540,0,38341003,316866,,0,Hipertensão arterial
6270,896,40486433,1986-04-29,1986-04-29,,,32020,,,25561,0,446096008,40486433,,0,Esteatose hepática perivenular
6271,897,257012,2017-08-02,2017-08-02,,,32020,,,25576,0,40055000,257012,,0,Sinusite crônica
6272,897,4283893,2017-06-28,2017-06-28,2018-01-24,2018-01-24,32020,,,25570,0,36971009,4283893,,0,Sinusite
6273,897,40481087,2011-11-12,2011-11-12,2011-11-19,2011-11-19,32020,,,25579,0,444814009,40481087,,0,Infecção viral das vias aéreas superiores
6274,897,260139,2011-01-31,2011-01-31,2011-02-07,2011-02-07,32020,,,25578,0,10509002,260139,,0,Bronquite aguda
6275,897,40481087,2010-06-04,2010-06-04,2010-06-11,2010-06-11,32020,,,25575,0,444814009,40481087,,0,Infecção viral das vias aéreas superiores
6276,897,4112343,2009-02-10,2009-02-10,2009-02-18,2009-02-18,32020,,,25567,0,195662009,4112343,,0,Faringite viral aguda
6277,898,432867,2017-12-10,2017-12-10,,,32020,,,25587,0,55822004,432867,,0,Hiperlipidemia
6278,898,260139,2013-11-10,2013-11-10,2013-11-17,2013-11-17,32020,,,25585,0,10509002,260139,,0,Bronquite aguda
6279,898,40481087,2013-07-07,2013-07-07,2013-07-21,2013-07-21,32020,,,25586,0,444814009,40481087,,0,Infecção viral das vias aéreas superiores
6280,898,40481087,2011-07-05,2011-07-05,2011-07-12,2011-07-12,32020,,,25582,0,444814009,40481087,,0,Infecção viral das vias aéreas superiores
6281,898,40481087,2011-02-08,2011-02-08,2011-03-01,2011-03-01,32020,,,25597,0,444814009,40481087,,0,Infecção viral das vias aéreas superiores
6282,898,0,2004-08-15,2004-08-15,,,32020,,,25588,0,429007001,4324181,,0,Histórico de infarto
6283,898,321042,2004-08-15,2004-08-15,,,32020,,,25588,0,410429000,321042,,0,Parada cardíaca
6284,898,4311629,1980-01-13,1980-01-13,,,32020,,,25584,0,15777000,40316773,,0,Pré-diabetes
6285,899,316866,2004-08-11,2004-08-11,,,32020,,,25604,0,38341003,316866,,0,Hipertensão arterial
6286,900,4311629,2018-01-09,2018-01-09,,,32020,,,25612,0,15777000,40316773,,0,Pré-diabetes
6287,900,40481087,2016-07-13,2016-07-13,2016-07-20,2016-07-20,32020,,,25610,0,444814009,40481087,,0,Infecção viral das vias aéreas superiores
6288,900,0,2013-07-16,2013-07-16,,,32020,,,25608,0,408512008,4256640,,0,Alcoolismo relatado pelo paciente
6289,900,4155034,2012-04-19,2012-04-19,2012-05-10,2012-05-10,32020,,,25606,0,283371005,4155034,,0,Laceração de antebraço
6290,900,40481087,2009-01-28,2009-01-28,2009-02-11,2009-02-11,32020,,,25613,0,444814009,40481087,,0,Infecção viral das vias aéreas superiores
6291,900,0,1992-08-11,1992-08-11,,,32020,,,25607,0,162864005,4060985,,0,IMC 30+ - obesidade
6292,901,40481087,2014-05-28,2014-05-28,2014-06-04,2014-06-04,32020,,,25630,0,444814009,40481087,,0,Infecção viral das vias aéreas superiores
6293,901,260139,2011-05-30,2011-05-30,2011-06-13,2011-06-13,32020,,,25622,0,10509002,260139,,0,Bronquite aguda
6294,901,432867,2003-08-20,2003-08-20,,,32020,,,25647,0,55822004,432867,,0,Hiperlipidemia
6295,901,4078393,1999-09-29,1999-09-29,,,32020,,,25618,0,19169002,4078393,,0,Aborto espontâneo na gravidez
6296,901,4311629,1981-10-07,1981-10-07,,,32020,,,25614,0,15777000,40316773,,0,Pré-diabetes
6297,902,40481087,2018-10-31,2018-10-31,2018-11-14,2018-11-14,32020,,,25662,0,444814009,40481087,,0,Infecção viral das vias aéreas superiores
6298,902,4112343,2017-10-04,2017-10-04,2017-10-14,2017-10-14,32020,,,25665,0,195662009,4112343,,0,Faringite viral aguda
6299,902,40481087,2015-04-04,2015-04-04,2015-04-11,2015-04-11,32020,,,25652,0,444814009,40481087,,0,Infecção viral das vias aéreas superiores
6300,902,4283893,2013-04-12,2013-04-12,2013-06-07,2013-06-07,32020,,,25664,0,36971009,4283893,,0,Sinusite
6301,902,0,1993-09-17,1993-09-17,,,32020,,,25650,0,162864005,4060985,,0,IMC 30+ - obesidade
6302,902,0,1986-08-15,1986-08-15,,,32020,,,25663,0,428251008,4323208,,0,Histórico de apendicectomia
6303,902,440448,1986-08-15,1986-08-15,,,32020,,,25653,0,74400008,440448,,0,Apendicite
6304,903,4112343,2017-03-07,2017-03-07,2017-03-14,2017-03-14,32020,,,25718,0,195662009,4112343,,0,Faringite viral aguda
6305,903,4311629,2016-12-26,2016-12-26,,,32020,,,25679,0,15777000,40316773,,0,Pré-diabetes
6306,903,4214376,2016-12-26,2016-12-26,,,32020,,,25679,0,80394007,4214376,,0,Hiperglicemia
6307,903,40481087,2016-12-14,2016-12-14,2016-12-28,2016-12-28,32020,,,25675,0,444814009,40481087,,0,Infecção viral das vias aéreas superiores
6308,903,40481087,2014-06-29,2014-06-29,2014-07-20,2014-07-20,32020,,,25704,0,444814009,40481087,,0,Infecção viral das vias aéreas superiores
6309,903,4294548,2012-05-19,2012-05-19,2012-06-02,2012-06-02,32020,,,25681,0,75498004,4294548,,0,Infecção bacteriana aguda
6310,903,4208104,2011-10-04,2011-10-04,,,32020,,,25687,0,55680006,4208104,,0,Overdose de droga
6311,903,436940,2008-06-16,2008-06-16,,,32020,,,25733,0,237602007,436940,,0,Síndrome metabólica
6312,903,4120314,2008-06-16,2008-06-16,,,32020,,,25733,0,302870006,4120314,,0,Hipertrigliceridemia
6313,903,201826,2005-06-13,2005-06-13,,,32020,,,25703,0,44054006,201826,,0,Diabetes mellitus tipo 2
6314,903,257012,1998-11-23,1998-11-23,,,32020,,,25735,0,40055000,257012,,0,Sinusite crônica
6315,903,436096,1991-02-17,1991-02-17,,,32020,,,25717,0,82423001,436096,,0,Dor crônica
6316,903,43530652,1990-08-02,1990-08-02,,,32020,,,25708,0,124171000119105,43530652,,0,Nefropatia diabética crônica
6317,903,4055754,1990-01-31,1990-01-31,,,32020,,,25734,0,196416002,4055754,,0,Esofagite por refluxo
6318,903,316866,1987-10-19,1987-10-19,,,32020,,,25667,0,38341003,316866,,0,Hipertensão arterial
6319,904,40481087,2019-01-05,2019-01-05,,,32020,,,25756,0,444814009,40481087,,0,Infecção viral das vias aéreas superiores
6320,904,439393,2014-11-29,2014-11-29,2015-01-24,2015-01-24,32020,,,25760,0,398254007,439393,,0,Pré-eclâmpsia
6321,904,4217975,2014-06-14,2014-06-14,2015-01-24,2015-01-24,32020,,,25776,0,72892002,4217975,,0,Otite média não supurativa
6322,904,0,2013-07-27,2013-07-27,,,32020,,,25752,0,408512008,4256640,,0,Alcoolismo relatado pelo paciente
6323,904,4217975,2009-04-18,2009-04-18,2009-11-21,2009-11-21,32020,,,25763,0,72892002,4217975,,0,Otite média não supurativa
6324,904,0,1996-06-22,1996-06-22,,,32020,,,25771,0,429007001,4324181,,0,Histórico de infarto
6325,904,321042,1996-06-22,1996-06-22,,,32020,,,25771,0,410429000,321042,,0,Parada cardíaca
6326,904,0,1995-06-24,1995-06-24,,,32020,,,25777,0,162864005,4060985,,0,IMC 30+ - obesidade
6327,904,40481087,1992-05-29,1992-05-29,1992-06-19,1992-06-19,32020,,,25759,0,444814009,40481087,,0,Infecção viral das vias aéreas superiores
6328,904,257012,1984-11-02,1984-11-02,,,32020,,,25753,0,40055000,257012,,0,Sinusite crônica
6329,905,4112343,2017-10-24,2017-10-24,2017-10-31,2017-10-31,32020,,,25784,0,195662009,4112343,,0,Faringite viral aguda
6330,905,0,2017-10-27,2017-10-27,,,32020,,,25785,0,162864005,4060985,,0,IMC 30+ - obesidade
6331,905,40481087,2016-09-29,2016-09-29,2016-10-13,2016-10-13,32020,,,25787,0,444814009,40481087,,0,Infecção viral das vias aéreas superiores
6332,905,28060,2015-11-21,2015-11-21,2015-11-30,2015-11-30,32020,,,25779,0,43878008,28060,,0,Faringite estreptocócica
6333,905,81151,2015-09-20,2015-09-20,2015-10-04,2015-10-04,32020,,,25786,0,44465007,81151,,0,Entorse de tornozelo
6334,905,316866,2000-06-09,2000-06-09,,,32020,,,25783,0,38341003,316866,,0,Hipertensão arterial
6335,905,436096,1999-05-04,1999-05-04,,,32020,,,25781,0,82423001,436096,,0,Dor crônica
6336,906,4084167,2012-09-03,2012-09-03,2012-09-03,2012-09-03,32020,,,25798,0,241929008,4084167,,0,Reação alérgica a alimento
6337,906,28060,2012-07-08,2012-07-08,2012-07-16,2012-07-16,32020,,,25789,0,43878008,28060,,0,Faringite estreptocócica
6338,906,4112343,2012-04-27,2012-04-27,2012-05-06,2012-05-06,32020,,,25799,0,195662009,4112343,,0,Faringite viral aguda
6339,906,40481087,2012-04-24,2012-04-24,2012-05-15,2012-05-15,32020,,,25802,0,444814009,40481087,,0,Infecção viral das vias aéreas superiores
6340,906,40481087,2010-04-06,2010-04-06,2010-04-27,2010-04-27,32020,,,25791,0,444814009,40481087,,0,Infecção viral das vias aéreas superiores
6341,906,0,2008-11-07,2008-11-07,,,32020,,,25790,0,162864005,4060985,,0,IMC 30+ - obesidade
6342,906,316866,2008-11-07,2008-11-07,,,32020,,,25790,0,38341003,316866,,0,Hipertensão arterial
6343,906,257012,2001-06-08,2001-06-08,,,32020,,,25793,0,40055000,257012,,0,Sinusite crônica
6344,907,372328,2017-02-07,2017-02-07,2017-03-24,2017-03-24,32020,,,25807,0,65363002,372328,,0,Otite média
6345,908,372328,2018-11-17,2018-11-17,,,32020,,,25820,0,65363002,372328,,0,Otite média
6346,908,372328,2017-07-12,2017-07-12,2017-09-23,2017-09-23,32020,,,25822,0,65363002,372328,,0,Otite média
6347,909,260139,2016-04-24,2016-04-24,2016-05-01,2016-05-01,32020,,,25834,0,10509002,260139,,0,Bronquite aguda
6348,909,28060,2010-02-19,2010-02-19,2010-02-27,2010-02-27,32020,,,25833,0,43878008,28060,,0,Faringite estreptocócica
6349,909,0,1987-02-12,1987-02-12,,,32020,,,25830,0,162864005,4060985,,0,IMC 30+ - obesidade
6350,910,4112343,2017-01-09,2017-01-09,2017-01-20,2017-01-20,32020,,,25841,0,195662009,4112343,,0,Faringite viral aguda
6351,910,4113008,2016-10-02,2016-10-02,2016-10-16,2016-10-16,32020,,,25857,0,284549007,4113008,,0,Laceração de mão
6352,910,40481087,2015-12-14,2015-12-14,2015-12-21,2015-12-21,32020,,,25854,0,444814009,40481087,,0,Infecção viral das vias aéreas superiores
6353,910,4112343,2014-11-11,2014-11-11,2014-11-19,2014-11-19,32020,,,25845,0,195662009,4112343,,0,Faringite viral aguda
6354,910,260139,2013-01-23,2013-01-23,2013-02-06,2013-02-06,32020,,,25847,0,10509002,260139,,0,Bronquite aguda
6355,910,28060,2012-07-09,2012-07-09,2012-07-20,2012-07-20,32020,,,25848,0,43878008,28060,,0,Faringite estreptocócica
6356,910,0,2002-12-12,2002-12-12,,,32020,,,25849,0,428251008,4323208,,0,Histórico de apendicectomia
6357,910,440448,2002-12-12,2002-12-12,,,32020,,,25856,0,74400008,440448,,0,Apendicite
6358,910,4166224,2002-12-12,2002-12-12,,,32020,,,25856,0,47693006,4166224,,0,Ruptura de apêndice
6359,911,378419,2017-08-15,2017-08-15,,,32020,,,25877,0,26929004,378419,,0,Doença de Alzheimer
6360,911,4278672,2015-02-08,2015-02-08,2015-05-09,2015-05-09,32020,,,25872,0,65966004,4278672,,0,Fratura do fêmur
6361,911,4230399,2012-02-24,2012-02-24,2012-05-24,2012-05-24,32020,,,25873,0,359817006,4230399,,0,Doença renal crônica estágio 2
6362,911,40481087,2009-08-18,2009-08-18,2009-09-01,2009-09-01,32020,,,25868,0,444814009,40481087,,0,Infecção viral das vias aéreas superiores
6363,911,4311629,1994-04-05,1994-04-05,,,32020,,,25870,0,15777000,40316773,,0,Pré-diabetes
6364,911,316866,1963-02-19,1963-02-19,,,32020,,,25866,0,38341003,316866,,0,Hipertensão arterial
6365,912,4112343,2017-01-08,2017-01-08,2017-01-20,2017-01-20,32020,,,25889,0,195662009,4112343,,0,Faringite viral aguda
6366,912,4112343,2016-11-27,2016-11-27,2016-12-06,2016-12-06,32020,,,25887,0,195662009,4112343,,0,Faringite viral aguda
6367,912,81151,2015-01-30,2015-01-30,2015-03-06,2015-03-06,32020,,,25890,0,44465007,81151,,0,Entorse de tornozelo
6368,912,81151,2013-03-20,2013-03-20,2013-04-10,2013-04-10,32020,,,25884,0,44465007,81151,,0,Entorse de tornozelo
6369,912,0,2012-12-28,2012-12-28,,,32020,,,25886,0,428251008,4323208,,0,Histórico de apendicectomia
6370,912,440448,2012-12-28,2012-12-28,,,32020,,,25888,0,74400008,440448,,0,Apendicite
6371,912,40481087,2011-04-21,2011-04-21,2011-04-28,2011-04-28,32020,,,25885,0,444814009,40481087,,0,Infecção viral das vias aéreas superiores
6372,912,316866,2003-03-19,2003-03-19,,,32020,,,25883,0,38341003,316866,,0,Hipertensão arterial
6373,913,40481087,2013-12-15,2013-12-15,2014-01-05,2014-01-05,32020,,,25905,0,444814009,40481087,,0,Infecção viral das vias aéreas superiores
6374,913,0,1997-10-13,1997-10-13,,,32020,,,25897,0,162864005,4060985,,0,IMC 30+ - obesidade
6375,913,4078393,1991-01-21,1991-01-21,,,32020,,,25909,0,19169002,4078393,,0,Aborto espontâneo na gravidez
6376,913,316866,1978-09-18,1978-09-18,,,32020,,,25907,0,38341003,316866,,0,Hipertensão arterial
6377,914,4217975,2014-03-22,2014-03-22,2014-04-12,2014-04-12,32020,,,25935,0,72892002,4217975,,0,Otite média não supurativa
6378,914,4217975,2013-09-28,2013-09-28,2013-10-12,2013-10-12,32020,,,25915,0,72892002,4217975,,0,Otite média não supurativa
6379,914,4218389,2013-08-28,2013-08-28,2013-10-02,2013-10-02,32020,,,25921,0,39848009,4218389,,0,Lesão em chicote do pescoço
6380,914,4217975,2012-12-22,2012-12-22,2013-01-05,2013-01-05,32020,,,25929,0,72892002,4217975,,0,Otite média não supurativa
6381,914,40481087,2012-10-22,2012-10-22,2012-11-05,2012-11-05,32020,,,25922,0,444814009,40481087,,0,Infecção viral das vias aéreas superiores
6382,914,40486433,1996-08-29,1996-08-29,2010-08-28,2010-08-28,32020,,,25914,0,446096008,40486433,,0,Esteatose hepática perivenular
6383,915,4217975,2017-01-31,2017-01-31,2017-09-05,2017-09-05,32020,,,25967,0,72892002,4217975,,0,Otite média não supurativa
6384,915,4112343,2016-07-24,2016-07-24,2016-08-04,2016-08-04,32020,,,25978,0,195662009,4112343,,0,Faringite viral aguda
6385,915,40481087,2016-05-16,2016-05-16,2016-05-23,2016-05-23,32020,,,25953,0,444814009,40481087,,0,Infecção viral das vias aéreas superiores
6386,915,260139,2010-10-23,2010-10-23,2010-11-06,2010-11-06,32020,,,25960,0,10509002,260139,,0,Bronquite aguda
6387,915,4217975,2010-02-23,2010-02-23,2010-09-28,2010-09-28,32020,,,25968,0,72892002,4217975,,0,Otite média não supurativa
6388,915,316866,2005-11-15,2005-11-15,,,32020,,,25946,0,38341003,316866,,0,Hipertensão arterial
6389,916,4112343,2017-07-08,2017-07-08,2017-07-21,2017-07-21,32020,,,26026,0,195662009,4112343,,0,Faringite viral aguda
6390,916,375671,2014-09-18,2014-09-18,2014-10-18,2014-10-18,32020,,,25988,0,62564004,375671,,0,Concussão sem perda de consciência
6391,916,4217975,2014-08-31,2014-08-31,2015-04-05,2015-04-05,32020,,,26001,0,72892002,4217975,,0,Otite média não supurativa
6392,916,4311629,2008-05-18,2008-05-18,,,32020,,,26004,0,15777000,40316773,,0,Pré-diabetes
6393,916,0,1996-04-07,1996-04-07,,,32020,,,26014,0,408512008,4256640,,0,Alcoolismo relatado pelo paciente
6394,916,0,1987-08-16,1987-08-16,,,32020,,,26023,0,162864005,4060985,,0,IMC 30+ - obesidade
6395,917,40481087,2018-04-23,2018-04-23,2018-05-07,2018-05-07,32020,,,26039,0,444814009,40481087,,0,Infecção viral das vias aéreas superiores
6396,917,81151,2015-04-26,2015-04-26,2015-05-31,2015-05-31,32020,,,26033,0,44465007,81151,,0,Entorse de tornozelo
6397,917,378001,2012-09-08,2012-09-08,2012-11-07,2012-11-07,32020,,,26032,0,62106007,378001,,0,Concussão com perda de consciência
6398,917,0,1980-12-12,1980-12-12,,,32020,,,26044,0,162864005,4060985,,0,IMC 30+ - obesidade
6399,917,257012,1965-03-13,1965-03-13,,,32020,,,26037,0,40055000,257012,,0,Sinusite crônica
6400,918,432867,2005-08-10,2005-08-10,,,32020,,,26057,0,55822004,432867,,0,Hiperlipidemia
6401,918,260139,2005-08-02,2005-08-02,,,32020,,,26062,0,10509002,260139,,0,Bronquite aguda
6402,918,81151,2004-03-22,2004-03-22,2004-04-05,2004-04-05,32020,,,26052,0,44465007,81151,,0,Entorse de tornozelo
6403,918,28060,2000-11-06,2000-11-06,2000-11-18,2000-11-18,32020,,,26046,0,43878008,28060,,0,Faringite estreptocócica
6404,918,257012,2000-02-03,2000-02-03,,,32020,,,26049,0,40055000,257012,,0,Sinusite crônica
6405,918,4294548,1999-12-30,1999-12-30,2000-02-24,2000-02-24,32020,,,26051,0,75498004,4294548,,0,Infecção bacteriana aguda
6406,918,4218389,1996-02-12,1996-02-12,1996-03-04,1996-03-04,32020,,,26053,0,39848009,4218389,,0,Lesão em chicote do pescoço
6407,918,257012,1989-07-19,1989-07-19,1989-10-18,1989-10-18,32020,,,26064,0,40055000,257012,,0,Sinusite crônica
6408,918,260139,1987-04-29,1987-04-29,1987-05-06,1987-05-06,32020,,,26054,0,10509002,260139,,0,Bronquite aguda
6409,918,4311629,1986-08-20,1986-08-20,,,32020,,,26069,0,15777000,40316773,,0,Pré-diabetes
6410,918,258780,1983-08-17,1983-08-17,,,32020,,,26056,0,185086009,258780,,0,DPOC exacerbada
6411,918,316866,1976-08-04,1976-08-04,,,32020,,,26061,0,38341003,316866,,0,Hipertensão arterial
6412,918,260139,1960-10-25,1960-10-25,1960-11-01,1960-11-01,32020,,,26067,0,10509002,260139,,0,Bronquite aguda
6413,919,4283893,2018-03-17,2018-03-17,2018-03-31,2018-03-31,32020,,,26106,0,36971009,4283893,,0,Sinusite
6414,919,40318618,2017-07-21,2017-07-21,2017-07-28,2017-07-28,32020,,,26099,0,156073000,40318618,,0,Obesidade
6415,919,4217975,2017-07-21,2017-07-21,2017-07-28,2017-07-28,32020,,,26099,0,72892002,4217975,,0,Otite média não supurativa
6416,919,81151,2014-07-05,2014-07-05,2014-08-09,2014-08-09,32020,,,26094,0,44465007,81151,,0,Entorse de tornozelo
6417,919,4109685,2013-08-18,2013-08-18,2013-09-08,2013-09-08,32020,,,26092,0,284551006,4109685,,0,Laceração de pé
6418,919,260139,2013-08-03,2013-08-03,2013-08-10,2013-08-10,32020,,,26107,0,10509002,260139,,0,Bronquite aguda
6419,919,4112343,2013-02-04,2013-02-04,2013-02-14,2013-02-14,32020,,,26100,0,195662009,4112343,,0,Faringite viral aguda
6420,919,4217975,2012-12-14,2012-12-14,2013-07-19,2013-07-19,32020,,,26105,0,72892002,4217975,,0,Otite média não supurativa
6421,919,375671,2010-09-03,2010-09-03,2010-10-03,2010-10-03,32020,,,26090,0,62564004,375671,,0,Concussão sem perda de consciência
6422,919,260139,2009-05-10,2009-05-10,2009-05-24,2009-05-24,32020,,,26073,0,10509002,260139,,0,Bronquite aguda
6423,919,199076,2008-07-18,2008-07-18,,,32020,,,26101,0,79586000,199076,,0,Gravidez tubária
6424,919,4217975,2008-07-18,2008-07-18,2009-02-13,2009-02-13,32020,,,26101,0,72892002,4217975,,0,Otite média não supurativa
6425,919,4078393,2001-10-19,2001-10-19,,,32020,,,26103,0,19169002,4078393,,0,Aborto espontâneo na gravidez
6426,919,4311629,1992-07-17,1992-07-17,,,32020,,,26071,0,15777000,40316773,,0,Pré-diabetes
6427,920,4217975,2016-07-27,2016-07-27,2017-02-22,2017-02-22,32020,,,26120,0,72892002,4217975,,0,Otite média não supurativa
6428,920,4217975,2013-07-03,2013-07-03,2013-07-24,2013-07-24,32020,,,26130,0,72892002,4217975,,0,Otite média não supurativa
6429,920,260139,2010-09-07,2010-09-07,2010-09-14,2010-09-14,32020,,,26129,0,10509002,260139,,0,Bronquite aguda
6430,921,4311629,1993-03-05,1993-03-05,,,32020,,,26152,0,15777000,40316773,,0,Pré-diabetes
6431,921,0,1990-09-07,1990-09-07,,,32020,,,26146,0,162864005,4060985,,0,IMC 30+ - obesidade
6432,922,80502,1988-11-21,1988-11-21,,,32020,,,26170,0,64859006,80502,,0,Osteoporose
6433,922,78272,1988-02-20,1988-02-20,1988-03-05,1988-03-05,32020,,,26155,0,70704007,78272,,0,Entorse de punho
6434,922,4278672,1986-03-02,1986-03-02,1986-04-01,1986-04-01,32020,,,26153,0,65966004,4278672,,0,Fratura do fêmur
6435,922,378419,1984-10-29,1984-10-29,,,32020,,,26157,0,26929004,378419,,0,Doença de Alzheimer
6436,922,40481087,1984-03-17,1984-03-17,1984-03-24,1984-03-24,32020,,,26165,0,444814009,40481087,,0,Infecção viral das vias aéreas superiores
6437,922,4112343,1982-12-11,1982-12-11,1982-12-20,1982-12-20,32020,,,26154,0,195662009,4112343,,0,Faringite viral aguda
6438,922,199076,1957-06-17,1957-06-17,,,32020,,,26159,0,79586000,199076,,0,Gravidez tubária
6439,922,4311629,1955-10-24,1955-10-24,,,32020,,,26173,0,15777000,40316773,,0,Pré-diabetes
6440,922,4078393,1955-05-16,1955-05-16,,,32020,,,26167,0,19169002,4078393,,0,Aborto espontâneo na gravidez
6441,922,0,1952-01-28,1952-01-28,,,32020,,,26161,0,408512008,4256640,,0,Alcoolismo relatado pelo paciente
6442,922,0,1933-10-09,1933-10-09,,,32020,,,26175,0,162864005,4060985,,0,IMC 30+ - obesidade
6443,923,4283893,2018-12-23,2018-12-23,,,32020,,,26190,0,36971009,4283893,,0,Sinusite
6444,923,4142905,2018-09-09,2018-09-09,2018-10-09,2018-10-09,32020,,,26193,0,33737001,4142905,,0,Fratura de rádio
6445,923,40481087,2016-11-12,2016-11-12,2016-11-26,2016-11-26,32020,,,26182,0,444814009,40481087,,0,Infecção viral das vias aéreas superiores
6446,923,40481087,2013-05-03,2013-05-03,2013-05-24,2013-05-24,32020,,,26181,0,444814009,40481087,,0,Infecção viral das vias aéreas superiores
6447,923,4146173,2010-09-21,2010-09-21,2010-10-21,2010-10-21,32020,,,26197,0,307731004,4146173,,0,Fibrilação atrial de início recente
6448,923,4311629,1981-05-22,1981-05-22,,,32020,,,26194,0,15777000,40316773,,0,Pré-diabetes
6449,923,4078393,1978-07-07,1978-07-07,,,32020,,,26183,0,19169002,4078393,,0,Aborto espontâneo na gravidez
6450,923,316866,1968-05-03,1968-05-03,,,32020,,,26189,0,38341003,316866,,0,Hipertensão arterial
6451,923,4283893,1965-07-27,1965-07-27,1965-08-24,1965-08-24,32020,,,26196,0,36971009,4283893,,0,Sinusite
6452,924,4217975,2017-07-15,2017-07-15,2018-02-24,2018-02-24,32020,,,26203,0,72892002,4217975,,0,Otite média não supurativa
6453,924,4217975,2016-04-30,2016-04-30,2016-11-26,2016-11-26,32020,,,26219,0,72892002,4217975,,0,Otite média não supurativa
6454,924,4217975,2015-12-19,2015-12-19,2016-01-02,2016-01-02,32020,,,26235,0,72892002,4217975,,0,Otite média não supurativa
6455,924,4112343,2015-08-11,2015-08-11,2015-08-24,2015-08-24,32020,,,26210,0,195662009,4112343,,0,Faringite viral aguda
6456,924,260139,2014-05-27,2014-05-27,2014-06-03,2014-06-03,32020,,,26246,0,10509002,260139,,0,Bronquite aguda
6457,924,40481087,2013-08-15,2013-08-15,2013-08-22,2013-08-22,32020,,,26242,0,444814009,40481087,,0,Infecção viral das vias aéreas superiores
6458,924,4217975,2013-07-20,2013-07-20,2014-02-22,2014-02-22,32020,,,26273,0,72892002,4217975,,0,Otite média não supurativa
6459,924,40481087,2011-10-04,2011-10-04,2011-10-18,2011-10-18,32020,,,26200,0,444814009,40481087,,0,Infecção viral das vias aéreas superiores
6460,924,4217975,2011-06-11,2011-06-11,2012-01-28,2012-01-28,32020,,,26252,0,72892002,4217975,,0,Otite média não supurativa
6461,924,4217975,2008-12-27,2008-12-27,2009-08-08,2009-08-08,32020,,,26220,0,72892002,4217975,,0,Otite média não supurativa
6462,924,316866,2004-05-01,2004-05-01,,,32020,,,26244,0,38341003,316866,,0,Hipertensão arterial
6463,925,40481087,2014-10-11,2014-10-11,2014-11-01,2014-11-01,32020,,,26279,0,444814009,40481087,,0,Infecção viral das vias aéreas superiores
6464,925,40481087,2014-03-23,2014-03-23,2014-04-06,2014-04-06,32020,,,26277,0,444814009,40481087,,0,Infecção viral das vias aéreas superiores
6465,925,28060,2013-11-09,2013-11-09,2013-11-20,2013-11-20,32020,,,26289,0,43878008,28060,,0,Faringite estreptocócica
6466,925,28060,2011-01-14,2011-01-14,2011-01-21,2011-01-21,32020,,,26286,0,43878008,28060,,0,Faringite estreptocócica
6467,925,260139,2010-03-21,2010-03-21,2010-04-04,2010-04-04,32020,,,26290,0,10509002,260139,,0,Bronquite aguda
6468,925,372328,2010-02-05,2010-02-05,2010-03-18,2010-03-18,32020,,,26280,0,65363002,372328,,0,Otite média
6469,925,372328,2008-07-16,2008-07-16,2009-03-12,2009-03-12,32020,,,26282,0,65363002,372328,,0,Otite média
6470,926,317009,1983-03-21,1983-03-21,,,32020,,,26295,0,195967001,317009,,0,Asma
6471,926,0,1975-06-16,1975-06-16,,,32020,,,26300,0,408512008,4256640,,0,Alcoolismo relatado pelo paciente
6472,926,0,1957-12-23,1957-12-23,,,32020,,,26298,0,162864005,4060985,,0,IMC 30+ - obesidade
6473,927,28060,2014-11-23,2014-11-23,2014-12-04,2014-12-04,32020,,,26323,0,43878008,28060,,0,Faringite estreptocócica
6474,927,197500,2013-01-15,2013-01-15,,,32020,,,26350,0,93761005,197500,,0,Metástase cerebral
6475,927,4285898,2013-01-06,2013-01-06,,,32020,,,26324,0,68496003,4285898,,0,Pólipo do cólon
6476,927,40481087,2012-10-05,2012-10-05,2012-10-12,2012-10-12,32020,,,26349,0,444814009,40481087,,0,Infecção viral das vias aéreas superiores
6477,927,378419,2012-10-04,2012-10-04,,,32020,,,26349,0,26929004,378419,,0,Doença de Alzheimer
6478,927,4112343,2012-08-24,2012-08-24,2012-09-02,2012-09-02,32020,,,26330,0,195662009,4112343,,0,Faringite viral aguda
6479,927,4112343,2012-04-11,2012-04-11,2012-04-24,2012-04-24,32020,,,26317,0,195662009,4112343,,0,Faringite viral aguda
6480,927,260139,2011-05-04,2011-05-04,2011-05-11,2011-05-11,32020,,,26335,0,10509002,260139,,0,Bronquite aguda
6481,927,432867,2002-01-17,2002-01-17,,,32020,,,26340,0,55822004,432867,,0,Hiperlipidemia
6482,927,4285898,1991-08-20,1991-08-20,1993-01-11,1993-01-11,32020,,,26327,0,68496003,4285898,,0,Pólipo do cólon
6483,927,0,1985-10-17,1985-10-17,,,32020,,,26331,0,162864005,4060985,,0,IMC 30+ - obesidade
6484,927,4079749,1973-08-11,1973-08-11,,,32020,,,26337,0,239872002,4079749,,0,Osteoartrite do quadril
6485,928,40481087,2017-04-08,2017-04-08,2017-04-15,2017-04-15,32020,,,26363,0,444814009,40481087,,0,Infecção viral das vias aéreas superiores
6486,928,4112343,2015-10-14,2015-10-14,2015-10-26,2015-10-26,32020,,,26358,0,195662009,4112343,,0,Faringite viral aguda
6487,929,4112343,2016-01-25,2016-01-25,2016-02-02,2016-02-02,32020,,,26375,0,195662009,4112343,,0,Faringite viral aguda
6488,930,4280726,2018-10-09,2018-10-09,,,32020,,,26394,0,367498001,4280726,,0,Gripe sazonal
6489,930,40481087,2016-03-02,2016-03-02,2016-03-09,2016-03-09,32020,,,26396,0,444814009,40481087,,0,Infecção viral das vias aéreas superiores
6490,931,40481087,2018-09-27,2018-09-27,2018-10-18,2018-10-18,32020,,,26417,0,444814009,40481087,,0,Infecção viral das vias aéreas superiores
6491,931,195588,2016-05-22,2016-05-22,2016-07-09,2016-07-09,32020,,,26415,0,38822007,195588,,0,Cistite
6492,931,81151,2012-07-02,2012-07-02,2012-08-06,2012-08-06,32020,,,26423,0,44465007,81151,,0,Entorse de tornozelo
6493,931,4155034,2010-08-28,2010-08-28,2010-09-11,2010-09-11,32020,,,26410,0,283371005,4155034,,0,Laceração de antebraço
6494,931,195588,2010-04-16,2010-04-16,2010-05-24,2010-05-24,32020,,,26422,0,38822007,195588,,0,Cistite
6495,931,0,2009-04-29,2009-04-29,,,32020,,,26425,0,408512008,4256640,,0,Alcoolismo relatado pelo paciente
6496,931,4078393,2006-05-17,2006-05-17,,,32020,,,26411,0,19169002,4078393,,0,Aborto espontâneo na gravidez
6497,931,0,1993-06-23,1993-06-23,,,32020,,,26424,0,162864005,4060985,,0,IMC 30+ - obesidade
6498,931,4132546,1973-08-30,1973-08-30,,,32020,,,26407,0,275272006,4166590,,0,Projeção de hemorragia
6499,931,257012,1973-05-22,1973-05-22,,,32020,,,26409,0,40055000,257012,,0,Sinusite crônica
6500,932,260139,2018-07-26,2018-07-26,2018-08-09,2018-08-09,32020,,,26429,0,10509002,260139,,0,Bronquite aguda
6501,932,316866,2013-08-30,2013-08-30,,,32020,,,26436,0,38341003,316866,,0,Hipertensão arterial
6502,932,260139,2011-08-06,2011-08-06,2011-08-20,2011-08-20,32020,,,26435,0,10509002,260139,,0,Bronquite aguda
6503,932,40481087,2010-03-21,2010-03-21,2010-03-28,2010-03-28,32020,,,26437,0,444814009,40481087,,0,Infecção viral das vias aéreas superiores
6504,933,40481087,2018-02-25,2018-02-25,2018-03-18,2018-03-18,32020,,,26463,0,444814009,40481087,,0,Infecção viral das vias aéreas superiores
6505,933,4112343,2014-08-13,2014-08-13,2014-08-25,2014-08-25,32020,,,26487,0,195662009,4112343,,0,Faringite viral aguda
6506,933,81151,2011-04-22,2011-04-22,2011-05-20,2011-05-20,32020,,,26469,0,44465007,81151,,0,Entorse de tornozelo
6507,933,40481087,2009-12-24,2009-12-24,2009-12-31,2009-12-31,32020,,,26478,0,444814009,40481087,,0,Infecção viral das vias aéreas superiores
6508,933,4208104,2008-09-27,2008-09-27,,,32020,,,26473,0,55680006,4208104,,0,Overdose de droga
6509,933,4055754,2005-11-25,2005-11-25,,,32020,,,26447,0,196416002,4055754,,0,Esofagite por refluxo
6510,933,4311629,1991-02-23,1991-02-23,,,32020,,,26468,0,15777000,40316773,,0,Pré-diabetes
6511,933,0,1988-02-20,1988-02-20,,,32020,,,26459,0,408512008,4256640,,0,Alcoolismo relatado pelo paciente
6512,933,257012,1983-05-16,1983-05-16,,,32020,,,26446,0,40055000,257012,,0,Sinusite crônica
6513,933,0,1968-11-09,1968-11-09,,,32020,,,26456,0,162864005,4060985,,0,IMC 30+ - obesidade
6514,933,380378,1952-09-06,1952-09-06,,,32020,,,26474,0,84757009,380378,,0,Epilepsia
6515,933,0,1951-09-22,1951-09-22,,,32020,,,26476,0,703151001,45766064,,0,Histórico de artroplastia de joelho
6516,933,4029498,1951-09-22,1951-09-22,,,32020,,,26476,0,128613002,4029498,,0,Transtorno convulsivo
6517,934,4217975,2018-07-30,2018-07-30,,,32020,,,26489,0,72892002,4217975,,0,Otite média não supurativa
6518,934,4112343,2017-04-27,2017-04-27,2017-05-08,2017-05-08,32020,,,26508,0,195662009,4112343,,0,Faringite viral aguda
6519,934,4112343,2013-10-05,2013-10-05,2013-10-12,2013-10-12,32020,,,26500,0,195662009,4112343,,0,Faringite viral aguda
6520,934,378001,2012-09-24,2012-09-24,2012-10-24,2012-10-24,32020,,,26514,0,62106007,378001,,0,Concussão com perda de consciência
6521,934,0,2010-01-30,2010-01-30,,,32020,,,26491,0,428251008,4323208,,0,Histórico de apendicectomia
6522,934,440448,2010-01-30,2010-01-30,,,32020,,,26513,0,74400008,440448,,0,Apendicite
6523,934,257012,2001-12-20,2001-12-20,,,32020,,,26510,0,40055000,257012,,0,Sinusite crônica
6524,935,40481087,2018-04-20,2018-04-20,2018-04-27,2018-04-27,32020,,,26522,0,444814009,40481087,,0,Infecção viral das vias aéreas superiores
6525,935,375671,2015-12-03,2015-12-03,2016-01-02,2016-01-02,32020,,,26528,0,62564004,375671,,0,Concussão sem perda de consciência
6526,935,40481087,2014-10-22,2014-10-22,2014-10-29,2014-10-29,32020,,,26521,0,444814009,40481087,,0,Infecção viral das vias aéreas superiores
6527,935,0,2008-06-10,2008-06-10,,,32020,,,26530,0,162864005,4060985,,0,IMC 30+ - obesidade
6528,935,4079750,2006-09-23,2006-09-23,,,32020,,,26523,0,239873007,4079750,,0,Osteoartrite do joelho
6529,935,316866,1992-11-24,1992-11-24,,,32020,,,26518,0,38341003,316866,,0,Hipertensão arterial
6530,936,40481087,2018-09-11,2018-09-11,2018-09-18,2018-09-18,32020,,,26548,0,444814009,40481087,,0,Infecção viral das vias aéreas superiores
6531,936,28060,2013-01-14,2013-01-14,2013-01-24,2013-01-24,32020,,,26554,0,43878008,28060,,0,Faringite estreptocócica
6532,936,4208104,2012-08-29,2012-08-29,,,32020,,,26555,0,55680006,4208104,,0,Overdose de droga
6533,936,81151,2011-02-07,2011-02-07,2011-02-28,2011-02-28,32020,,,26544,0,44465007,81151,,0,Entorse de tornozelo
6534,936,4055754,2010-09-14,2010-09-14,,,32020,,,26547,0,196416002,4055754,,0,Esofagite por refluxo
6535,936,43530652,2010-07-25,2010-07-25,,,32020,,,26549,0,124171000119105,43530652,,0,Nefropatia diabética crônica
6536,936,260139,2009-11-15,2009-11-15,2009-11-29,2009-11-29,32020,,,26584,0,10509002,260139,,0,Bronquite aguda
6537,936,436096,2009-08-03,2009-08-03,,,32020,,,26564,0,82423001,436096,,0,Dor crônica
6538,937,4112343,2010-07-12,2010-07-12,2010-07-19,2010-07-19,32020,,,26593,0,195662009,4112343,,0,Faringite viral aguda
6539,937,4155034,2010-06-08,2010-06-08,2010-06-29,2010-06-29,32020,,,26644,0,283371005,4155034,,0,Laceração de antebraço
6540,937,4112343,2009-09-02,2009-09-02,2009-09-14,2009-09-14,32020,,,26614,0,195662009,4112343,,0,Faringite viral aguda
6541,937,260139,2009-04-08,2009-04-08,2009-04-22,2009-04-22,32020,,,26616,0,10509002,260139,,0,Bronquite aguda
6542,937,260139,2008-11-03,2008-11-03,2008-11-10,2008-11-10,32020,,,26676,0,10509002,260139,,0,Bronquite aguda
6543,937,37395648,2006-11-23,2006-11-23,,,32020,,,26667,0,67811000119102,37395648,,0,Câncer de pulmão de pequenas células primário
6544,937,4110591,2006-11-22,2006-11-22,,,32020,,,26659,0,254632001,4110591,,0,Câncer de pulmão de pequenas células
6545,937,0,2006-11-12,2006-11-12,,,32020,,,26638,0,162573006,4038238,,0,Suspeita de abuso de álcool
6546,937,4285898,2005-10-11,2005-10-11,2007-02-03,2007-02-03,32020,,,26666,0,68496003,4285898,,0,Pólipo do cólon
6547,937,4294548,2005-06-12,2005-06-12,2005-06-19,2005-06-19,32020,,,26671,0,75498004,4294548,,0,Infecção bacteriana aguda
6548,937,200970,2002-12-04,2002-12-04,,,32020,,,26630,0,92691004,200970,,0,Carcinoma in situ de próstata
6549,937,4129902,2002-12-04,2002-12-04,,,32020,,,26630,0,126906006,4129902,,0,Neoplasia de bexiga
6550,937,4112343,2002-03-27,2002-03-27,2002-04-08,2002-04-08,32020,,,26631,0,195662009,4112343,,0,Faringite viral aguda
6551,937,260139,2002-01-31,2002-01-31,2002-02-07,2002-02-07,32020,,,26654,0,10509002,260139,,0,Bronquite aguda
6552,937,4109685,2001-03-13,2001-03-13,2001-03-27,2001-03-27,32020,,,26634,0,284551006,4109685,,0,Laceração de pé
6553,937,0,1980-09-10,1980-09-10,,,32020,,,26596,0,449868002,42709996,,0,Fumante atual de cigarro
6554,937,0,1963-04-24,1963-04-24,,,32020,,,26600,0,408512008,4256640,,0,Alcoolismo relatado pelo paciente
6555,937,316866,1952-10-15,1952-10-15,,,32020,,,26657,0,38341003,316866,,0,Hipertensão arterial
6556,937,0,1944-08-30,1944-08-30,,,32020,,,26673,0,162864005,4060985,,0,IMC 30+ - obesidade
6557,938,40481087,2018-07-23,2018-07-23,2018-08-13,2018-08-13,32020,,,26688,0,444814009,40481087,,0,Infecção viral das vias aéreas superiores
6558,938,28060,2012-12-20,2012-12-20,2012-12-27,2012-12-27,32020,,,26697,0,43878008,28060,,0,Faringite estreptocócica
6559,938,4311629,2011-09-02,2011-09-02,,,32020,,,26694,0,15777000,40316773,,0,Pré-diabetes
6560,938,257012,2006-11-29,2006-11-29,,,32020,,,26689,0,40055000,257012,,0,Sinusite crônica
6561,938,0,1997-08-16,1997-08-16,,,32020,,,26690,0,428251008,4323208,,0,Histórico de apendicectomia
6562,938,440448,1997-08-16,1997-08-16,,,32020,,,26693,0,74400008,440448,,0,Apendicite
6563,938,4166224,1997-08-16,1997-08-16,,,32020,,,26693,0,47693006,4166224,,0,Ruptura de apêndice
6564,939,260139,2018-04-22,2018-04-22,2018-04-29,2018-04-29,32020,,,26724,0,10509002,260139,,0,Bronquite aguda
6565,939,4112343,2017-11-06,2017-11-06,2017-11-15,2017-11-15,32020,,,26699,0,195662009,4112343,,0,Faringite viral aguda
6566,939,4112343,2014-09-08,2014-09-08,2014-09-21,2014-09-21,32020,,,26708,0,195662009,4112343,,0,Faringite viral aguda
6567,939,4113008,2012-11-28,2012-11-28,2012-12-12,2012-12-12,32020,,,26719,0,284549007,4113008,,0,Laceração de mão
6568,939,260139,2009-03-20,2009-03-20,2009-04-03,2009-04-03,32020,,,26723,0,10509002,260139,,0,Bronquite aguda
6569,939,37017023,2008-01-07,2008-01-07,2009-01-31,2009-01-31,32020,,,26718,0,713197008,37017023,,0,Fibrose cística recorrente
6570,939,4285898,2006-11-13,2006-11-13,2009-01-31,2009-01-31,32020,,,26714,0,68496003,4285898,,0,Pólipo do cólon
6571,939,257012,2006-10-28,2006-10-28,,,32020,,,26707,0,40055000,257012,,0,Sinusite crônica
6572,939,4311629,1975-01-03,1975-01-03,,,32020,,,26716,0,15777000,40316773,,0,Pré-diabetes
6573,939,0,1968-12-27,1968-12-27,,,32020,,,26705,0,162864005,4060985,,0,IMC 30+ - obesidade
6574,939,4078393,1965-09-11,1965-09-11,,,32020,,,26706,0,19169002,4078393,,0,Aborto espontâneo na gravidez
6575,940,4112343,2018-07-05,2018-07-05,2018-07-16,2018-07-16,32020,,,26730,0,195662009,4112343,,0,Faringite viral aguda
6576,940,4155034,2017-10-05,2017-10-05,2017-10-26,2017-10-26,32020,,,26742,0,283371005,4155034,,0,Laceração de antebraço
6577,941,4112343,1988-07-03,1988-07-03,1988-07-15,1988-07-15,32020,,,26758,0,195662009,4112343,,0,Faringite viral aguda
6578,941,260139,1988-04-25,1988-04-25,1988-05-09,1988-05-09,32020,,,26747,0,10509002,260139,,0,Bronquite aguda
6579,941,4285898,1983-08-12,1983-08-12,1984-08-06,1984-08-06,32020,,,26761,0,68496003,4285898,,0,Pólipo do cólon
6580,941,40481087,1982-02-09,1982-02-09,1982-03-02,1982-03-02,32020,,,26757,0,444814009,40481087,,0,Infecção viral das vias aéreas superiores
6581,941,4112343,1981-12-23,1981-12-23,1982-01-03,1982-01-03,32020,,,26755,0,195662009,4112343,,0,Faringite viral aguda
6582,941,378419,1981-02-23,1981-02-23,,,32020,,,26770,0,26929004,378419,,0,Doença de Alzheimer
6583,941,4112343,1979-03-24,1979-03-24,1979-04-05,1979-04-05,32020,,,26743,0,195662009,4112343,,0,Faringite viral aguda
6584,941,40481087,1979-01-27,1979-01-27,1979-02-17,1979-02-17,32020,,,26772,0,444814009,40481087,,0,Infecção viral das vias aéreas superiores
6585,941,0,1955-06-06,1955-06-06,,,32020,,,26768,0,408512008,4256640,,0,Alcoolismo relatado pelo paciente
6586,941,4078393,1941-10-06,1941-10-06,,,32020,,,26769,0,19169002,4078393,,0,Aborto espontâneo na gravidez
6587,941,0,1938-05-09,1938-05-09,,,32020,,,26765,0,162864005,4060985,,0,IMC 30+ - obesidade
6588,942,81151,2018-05-16,2018-05-16,2018-06-20,2018-06-20,32020,,,26788,0,44465007,81151,,0,Entorse de tornozelo
6589,942,40481087,2018-01-17,2018-01-17,2018-02-07,2018-02-07,32020,,,26789,0,444814009,40481087,,0,Infecção viral das vias aéreas superiores
6590,942,4059173,2016-03-27,2016-03-27,2016-05-26,2016-05-26,32020,,,26787,0,16114001,4059173,,0,Fratura de tornozelo
6591,942,4112343,2014-12-01,2014-12-01,2014-12-09,2014-12-09,32020,,,26777,0,195662009,4112343,,0,Faringite viral aguda
6592,942,260139,2013-09-21,2013-09-21,2013-10-05,2013-10-05,32020,,,26791,0,10509002,260139,,0,Bronquite aguda
6593,942,4112343,2013-06-24,2013-06-24,2013-07-07,2013-07-07,32020,,,26775,0,195662009,4112343,,0,Faringite viral aguda
6594,942,81151,2011-04-18,2011-04-18,2011-05-23,2011-05-23,32020,,,26786,0,44465007,81151,,0,Entorse de tornozelo
6595,942,372328,2010-10-06,2010-10-06,2011-03-26,2011-03-26,32020,,,26773,0,65363002,372328,,0,Otite média
6596,942,40481087,2010-07-14,2010-07-14,2010-07-21,2010-07-21,32020,,,26798,0,444814009,40481087,,0,Infecção viral das vias aéreas superiores
6597,942,81151,2010-03-10,2010-03-10,2010-03-24,2010-03-24,32020,,,26785,0,44465007,81151,,0,Entorse de tornozelo
6598,943,260139,2017-01-05,2017-01-05,2017-01-19,2017-01-19,32020,,,26810,0,10509002,260139,,0,Bronquite aguda
6599,943,4112343,2011-03-28,2011-03-28,2011-04-05,2011-04-05,32020,,,26823,0,195662009,4112343,,0,Faringite viral aguda
6600,943,0,2001-10-24,2001-10-24,,,32020,,,26840,0,162864005,4060985,,0,IMC 30+ - obesidade
6601,943,316866,1988-10-05,1988-10-05,,,32020,,,26833,0,38341003,316866,,0,Hipertensão arterial
6602,944,40481087,2015-10-19,2015-10-19,2015-11-09,2015-11-09,32020,,,26862,0,444814009,40481087,,0,Infecção viral das vias aéreas superiores
6603,944,4112343,2015-10-05,2015-10-05,2015-10-17,2015-10-17,32020,,,26867,0,195662009,4112343,,0,Faringite viral aguda
6604,944,4112343,2014-12-26,2014-12-26,2015-01-07,2015-01-07,32020,,,26861,0,195662009,4112343,,0,Faringite viral aguda
6605,944,28060,2014-02-17,2014-02-17,2014-02-27,2014-02-27,32020,,,26872,0,43878008,28060,,0,Faringite estreptocócica
6606,944,40481087,2013-12-08,2013-12-08,2013-12-22,2013-12-22,32020,,,26864,0,444814009,40481087,,0,Infecção viral das vias aéreas superiores
6607,944,4094814,2013-09-23,2013-09-23,2013-12-22,2013-12-22,32020,,,26881,0,262574004,4094814,,0,Ferimento por arma branca
6608,944,436676,2012-11-25,2012-11-25,2013-01-01,2013-01-01,32020,,,26871,0,47505003,436676,,0,Transtorno de estresse pós-traumático
6609,944,260139,2011-12-17,2011-12-17,2011-12-31,2011-12-31,32020,,,26865,0,10509002,260139,,0,Bronquite aguda
6610,944,257012,2006-06-10,2006-06-10,,,32020,,,26868,0,40055000,257012,,0,Sinusite crônica
6611,944,4311629,1993-07-01,1993-07-01,,,32020,,,26869,0,15777000,40316773,,0,Pré-diabetes
6612,944,0,1990-06-28,1990-06-28,,,32020,,,26863,0,162864005,4060985,,0,IMC 30+ - obesidade
6613,945,40481087,2017-05-27,2017-05-27,2017-06-17,2017-06-17,32020,,,26890,0,444814009,40481087,,0,Infecção viral das vias aéreas superiores
6614,945,4311629,2014-03-21,2014-03-21,,,32020,,,26884,0,15777000,40316773,,0,Pré-diabetes
6615,945,40481087,2012-06-03,2012-06-03,2012-06-17,2012-06-17,32020,,,26882,0,444814009,40481087,,0,Infecção viral das vias aéreas superiores
6616,945,81151,2011-09-29,2011-09-29,2011-10-20,2011-10-20,32020,,,26887,0,44465007,81151,,0,Entorse de tornozelo
6617,945,40481087,2009-02-04,2009-02-04,2009-02-11,2009-02-11,32020,,,26891,0,444814009,40481087,,0,Infecção viral das vias aéreas superiores
6618,946,4084167,2016-04-11,2016-04-11,2016-04-12,2016-04-12,32020,,,26897,0,241929008,4084167,,0,Reação alérgica a alimento
6619,947,372328,2018-12-04,2018-12-04,,,32020,,,26909,0,65363002,372328,,0,Otite média
6620,947,260139,2018-11-15,2018-11-15,2018-11-29,2018-11-29,32020,,,26919,0,10509002,260139,,0,Bronquite aguda
6621,947,372328,2017-11-02,2017-11-02,2017-12-09,2017-12-09,32020,,,26914,0,65363002,372328,,0,Otite média
6622,947,40481087,2017-02-26,2017-02-26,2017-03-19,2017-03-19,32020,,,26920,0,444814009,40481087,,0,Infecção viral das vias aéreas superiores
6623,947,372328,2016-01-28,2016-01-28,2016-03-12,2016-03-12,32020,,,26907,0,65363002,372328,,0,Otite média
6624,948,260139,2018-07-27,2018-07-27,2018-08-10,2018-08-10,32020,,,26930,0,10509002,260139,,0,Bronquite aguda
6625,948,40481087,2017-03-07,2017-03-07,2017-03-21,2017-03-21,32020,,,26925,0,444814009,40481087,,0,Infecção viral das vias aéreas superiores
6626,949,4296205,2018-05-06,2018-05-06,2018-05-27,2018-05-27,32020,,,26935,0,403191005,4296205,,0,Queimadura solar de segundo grau
6627,949,40481087,2017-03-11,2017-03-11,2017-03-18,2017-03-18,32020,,,26951,0,444814009,40481087,,0,Infecção viral das vias aéreas superiores
6628,949,40481087,2015-07-08,2015-07-08,2015-07-15,2015-07-15,32020,,,26943,0,444814009,40481087,,0,Infecção viral das vias aéreas superiores
6629,949,4217975,2014-04-15,2014-04-15,2014-11-18,2014-11-18,32020,,,26946,0,72892002,4217975,,0,Otite média não supurativa
6630,950,4152936,2016-05-03,2016-05-03,2016-05-17,2016-05-17,32020,,,26963,0,283385000,4152936,,0,Laceração de ombro
6631,950,4229440,2016-02-04,2016-02-04,,,32020,,,26979,0,88805009,4229440,,0,Cardiomiopatia isquêmica crônica
6632,950,258780,2014-08-24,2014-08-24,,,32020,,,26975,0,185086009,258780,,0,DPOC exacerbada
6633,950,81151,2014-03-31,2014-03-31,2014-04-14,2014-04-14,32020,,,26964,0,44465007,81151,,0,Entorse de tornozelo
6634,950,40481087,2013-08-16,2013-08-16,2013-08-23,2013-08-23,32020,,,26977,0,444814009,40481087,,0,Infecção viral das vias aéreas superiores
6635,950,4112343,2011-01-28,2011-01-28,2011-02-08,2011-02-08,32020,,,26961,0,195662009,4112343,,0,Faringite viral aguda
6636,950,4152936,2009-04-05,2009-04-05,2009-04-26,2009-04-26,32020,,,26965,0,283385000,4152936,,0,Laceração de ombro
6637,950,4311629,1997-09-21,1997-09-21,,,32020,,,26974,0,15777000,40316773,,0,Pré-diabetes
6638,951,137613,2015-06-24,2015-06-24,2015-07-08,2015-07-08,32020,,,26990,0,198992004,137613,,0,Pré-eclâmpsia leve
6639,951,4217975,2014-12-10,2014-12-10,2015-07-08,2015-07-08,32020,,,27006,0,72892002,4217975,,0,Otite média não supurativa
6640,951,40318618,2014-03-19,2014-03-19,2014-03-26,2014-03-26,32020,,,27009,0,156073000,40318618,,0,Obesidade
6641,951,4078393,2014-03-19,2014-03-19,,,32020,,,27009,0,19169002,4078393,,0,Aborto espontâneo na gravidez
6642,951,4217975,2014-03-19,2014-03-19,2014-03-26,2014-03-26,32020,,,27009,0,72892002,4217975,,0,Otite média não supurativa
6643,951,4218389,2013-10-11,2013-10-11,2013-11-08,2013-11-08,32020,,,26994,0,39848009,4218389,,0,Lesão em chicote do pescoço
6644,951,4217975,2013-10-02,2013-10-02,2013-10-23,2013-10-23,32020,,,26993,0,72892002,4217975,,0,Otite média não supurativa
6645,951,4112343,2013-05-14,2013-05-14,2013-05-24,2013-05-24,32020,,,27004,0,195662009,4112343,,0,Faringite viral aguda
6646,951,40481087,2012-02-25,2012-02-25,2012-03-17,2012-03-17,32020,,,27001,0,444814009,40481087,,0,Infecção viral das vias aéreas superiores
6647,951,0,2008-12-24,2008-12-24,,,32020,,,26986,0,162864005,4060985,,0,IMC 30+ - obesidade
6648,952,0,2014-03-11,2014-03-11,,,32020,,,27024,0,162864005,4060985,,0,IMC 30+ - obesidade
6649,952,4112343,2014-02-27,2014-02-27,2014-03-10,2014-03-10,32020,,,27028,0,195662009,4112343,,0,Faringite viral aguda
6650,952,4112343,2013-06-21,2013-06-21,2013-07-01,2013-07-01,32020,,,27015,0,195662009,4112343,,0,Faringite viral aguda
6651,952,40481087,2013-01-01,2013-01-01,2013-01-15,2013-01-15,32020,,,27023,0,444814009,40481087,,0,Infecção viral das vias aéreas superiores
6652,952,4112343,2012-06-16,2012-06-16,2012-06-25,2012-06-25,32020,,,27022,0,195662009,4112343,,0,Faringite viral aguda
6653,952,40481087,2012-06-08,2012-06-08,2012-06-29,2012-06-29,32020,,,27016,0,444814009,40481087,,0,Infecção viral das vias aéreas superiores
6654,952,4112343,2010-08-13,2010-08-13,2010-08-22,2010-08-22,32020,,,27032,0,195662009,4112343,,0,Faringite viral aguda
6655,952,317009,2004-06-16,2004-06-16,,,32020,,,27029,0,195967001,317009,,0,Asma
6656,952,317576,1986-01-07,1986-01-07,,,32020,,,27027,0,53741008,317576,,0,Doença arterial coronariana
6657,952,4048171,1984-06-21,1984-06-21,,,32020,,,27011,0,232353008,4048171,,0,Perfuração do tímpano
6658,953,4112343,2017-08-07,2017-08-07,2017-08-17,2017-08-17,32020,,,27039,0,195662009,4112343,,0,Faringite viral aguda
6659,953,4217975,2014-11-22,2014-11-22,2015-07-04,2015-07-04,32020,,,27063,0,72892002,4217975,,0,Otite média não supurativa
6660,953,40481087,2013-08-06,2013-08-06,2013-08-13,2013-08-13,32020,,,27036,0,444814009,40481087,,0,Infecção viral das vias aéreas superiores
6661,953,4112343,2011-09-29,2011-09-29,2011-10-07,2011-10-07,32020,,,27056,0,195662009,4112343,,0,Faringite viral aguda
6662,953,40481087,2011-03-29,2011-03-29,2011-04-12,2011-04-12,32020,,,27046,0,444814009,40481087,,0,Infecção viral das vias aéreas superiores
6663,953,0,1994-02-08,1994-02-08,,,32020,,,27035,0,703151001,45766064,,0,Histórico de artroplastia de joelho
6664,953,4029498,1994-02-08,1994-02-08,,,32020,,,27035,0,128613002,4029498,,0,Transtorno convulsivo
6665,953,257012,1991-07-22,1991-07-22,,,32020,,,27047,0,40055000,257012,,0,Sinusite crônica
6666,954,4217975,2018-09-21,2018-09-21,,,32020,,,27103,0,72892002,4217975,,0,Otite média não supurativa
6667,954,0,2017-07-28,2017-07-28,,,32020,,,27101,0,408512008,4256640,,0,Alcoolismo relatado pelo paciente
6668,954,4112343,2017-02-27,2017-02-27,2017-03-08,2017-03-08,32020,,,27075,0,195662009,4112343,,0,Faringite viral aguda
6669,954,4217975,2015-06-26,2015-06-26,2016-02-05,2016-02-05,32020,,,27120,0,72892002,4217975,,0,Otite média não supurativa
6670,954,4146173,2014-11-02,2014-11-02,2015-01-08,2015-01-08,32020,,,27091,0,307731004,4146173,,0,Fibrilação atrial de início recente
6671,954,40318618,2012-10-26,2012-10-26,2012-11-09,2012-11-09,32020,,,27102,0,156073000,40318618,,0,Obesidade
6672,954,4078393,2012-10-26,2012-10-26,,,32020,,,27102,0,19169002,4078393,,0,Aborto espontâneo na gravidez
6673,954,4217975,2012-10-26,2012-10-26,2012-11-09,2012-11-09,32020,,,27102,0,72892002,4217975,,0,Otite média não supurativa
6674,954,4217975,2010-10-01,2010-10-01,2011-05-06,2011-05-06,32020,,,27099,0,72892002,4217975,,0,Otite média não supurativa
6675,954,4217975,2008-11-28,2008-11-28,2009-07-17,2009-07-17,32020,,,27123,0,72892002,4217975,,0,Otite média não supurativa
6676,954,4217975,2005-03-25,2005-03-25,2005-11-04,2005-11-04,32020,,,27114,0,72892002,4217975,,0,Otite média não supurativa
6677,954,0,2001-04-27,2001-04-27,,,32020,,,27113,0,162864005,4060985,,0,IMC 30+ - obesidade
6678,954,4217975,1991-11-01,1991-11-01,1992-06-05,1992-06-05,32020,,,27088,0,72892002,4217975,,0,Otite média não supurativa
6679,955,4217975,2016-10-27,2016-10-27,2017-06-08,2017-06-08,32020,,,27138,0,72892002,4217975,,0,Otite média não supurativa
6680,955,4217975,2016-05-19,2016-05-19,2016-06-09,2016-06-09,32020,,,27127,0,72892002,4217975,,0,Otite média não supurativa
6681,955,260139,2016-01-09,2016-01-09,2016-01-16,2016-01-16,32020,,,27146,0,10509002,260139,,0,Bronquite aguda
6682,955,0,2015-07-09,2015-07-09,,,32020,,,27141,0,162864005,4060985,,0,IMC 30+ - obesidade
6683,955,4217975,2010-04-22,2010-04-22,2010-11-18,2010-11-18,32020,,,27144,0,72892002,4217975,,0,Otite média não supurativa
6684,955,40481087,2010-01-17,2010-01-17,2010-02-07,2010-02-07,32020,,,27162,0,444814009,40481087,,0,Infecção viral das vias aéreas superiores
6685,955,4112343,2009-11-12,2009-11-12,2009-11-21,2009-11-21,32020,,,27131,0,195662009,4112343,,0,Faringite viral aguda
6686,955,380378,2005-05-03,2005-05-03,,,32020,,,27151,0,84757009,380378,,0,Epilepsia
6687,955,0,2005-05-03,2005-05-03,,,32020,,,27151,0,703151001,45766064,,0,Histórico de artroplastia de joelho
6688,955,4029498,2005-05-03,2005-05-03,,,32020,,,27151,0,128613002,4029498,,0,Transtorno convulsivo
6689,956,133834,2016-08-21,2016-08-21,,,32020,,,27176,0,24079001,133834,,0,Dermatite atópica
6690,956,78272,2016-08-14,2016-08-14,2016-08-28,2016-08-28,32020,,,27190,0,70704007,78272,,0,Entorse de punho
6691,956,4084167,2016-02-19,2016-02-19,2016-02-19,2016-02-19,32020,,,27189,0,241929008,4084167,,0,Reação alérgica a alimento
6692,956,260139,2015-10-20,2015-10-20,2015-10-27,2015-10-27,32020,,,27183,0,10509002,260139,,0,Bronquite aguda
6693,956,372328,2015-02-21,2015-02-21,2015-03-07,2015-03-07,32020,,,27180,0,65363002,372328,,0,Otite média
6694,956,4035415,2014-08-25,2014-08-25,2014-09-24,2014-09-24,32020,,,27187,0,239720000,4035415,,0,Tendinite do manguito rotador
6695,956,4084167,2014-06-26,2014-06-26,2014-06-27,2014-06-27,32020,,,27186,0,241929008,4084167,,0,Reação alérgica a alimento
6696,957,260139,2017-08-15,2017-08-15,2017-08-29,2017-08-29,32020,,,27193,0,10509002,260139,,0,Bronquite aguda
6697,957,4112343,2012-02-15,2012-02-15,2012-02-26,2012-02-26,32020,,,27202,0,195662009,4112343,,0,Faringite viral aguda
6698,957,372328,2011-06-15,2011-06-15,2011-12-07,2011-12-07,32020,,,27199,0,65363002,372328,,0,Otite média
6699,957,4112343,2010-12-08,2010-12-08,2010-12-18,2010-12-18,32020,,,27201,0,195662009,4112343,,0,Faringite viral aguda
6700,957,316866,2010-12-01,2010-12-01,,,32020,,,27197,0,38341003,316866,,0,Hipertensão arterial
6701,958,40481087,2016-11-19,2016-11-19,2016-11-26,2016-11-26,32020,,,27240,0,444814009,40481087,,0,Infecção viral das vias aéreas superiores
6702,958,137613,2015-03-09,2015-03-09,2015-03-23,2015-03-23,32020,,,27223,0,198992004,137613,,0,Pré-eclâmpsia leve
6703,958,4217975,2014-08-25,2014-08-25,2015-03-23,2015-03-23,32020,,,27234,0,72892002,4217975,,0,Otite média não supurativa
6704,958,40481087,2014-01-12,2014-01-12,2014-01-26,2014-01-26,32020,,,27211,0,444814009,40481087,,0,Infecção viral das vias aéreas superiores
6705,958,4217975,2013-08-19,2013-08-19,2014-04-07,2014-04-07,32020,,,27204,0,72892002,4217975,,0,Otite média não supurativa
6706,958,0,2013-03-04,2013-03-04,,,32020,,,27235,0,162864005,4060985,,0,IMC 30+ - obesidade
6707,958,137613,2010-08-02,2010-08-02,2010-08-23,2010-08-23,32020,,,27241,0,198992004,137613,,0,Pré-eclâmpsia leve
6708,958,4217975,2010-01-18,2010-01-18,2010-08-23,2010-08-23,32020,,,27245,0,72892002,4217975,,0,Otite média não supurativa
6709,958,257012,2006-12-20,2006-12-20,,,32020,,,27221,0,40055000,257012,,0,Sinusite crônica
6710,958,258780,2004-09-20,2004-09-20,,,32020,,,27248,0,185086009,258780,,0,DPOC exacerbada
6711,959,4217975,2018-08-02,2018-08-02,,,32020,,,27323,0,72892002,4217975,,0,Otite média não supurativa
6712,959,195588,2017-07-18,2017-07-18,2017-08-24,2017-08-24,32020,,,27256,0,38822007,195588,,0,Cistite
6713,959,4218389,2016-10-16,2016-10-16,2016-11-13,2016-11-13,32020,,,27261,0,39848009,4218389,,0,Lesão em chicote do pescoço
6714,959,257012,2016-06-29,2016-06-29,,,32020,,,27297,0,40055000,257012,,0,Sinusite crônica
6715,959,4283893,2016-04-27,2016-04-27,2016-07-20,2016-07-20,32020,,,27304,0,36971009,4283893,,0,Sinusite
6716,960,199076,2018-07-19,2018-07-19,2018-08-02,2018-08-02,32020,,,27365,0,79586000,199076,,0,Gravidez tubária
6717,960,4217975,2018-07-19,2018-07-19,2018-08-02,2018-08-02,32020,,,27365,0,72892002,4217975,,0,Otite média não supurativa
6718,960,4078393,2018-03-29,2018-03-29,,,32020,,,27361,0,19169002,4078393,,0,Aborto espontâneo na gravidez
6719,960,4217975,2018-03-29,2018-03-29,2018-04-12,2018-04-12,32020,,,27361,0,72892002,4217975,,0,Otite média não supurativa
6720,960,28060,2017-09-12,2017-09-12,2017-09-21,2017-09-21,32020,,,27343,0,43878008,28060,,0,Faringite estreptocócica
6721,960,4311629,2016-04-21,2016-04-21,,,32020,,,27373,0,15777000,40316773,,0,Pré-diabetes
6722,960,4217975,2015-04-02,2015-04-02,2015-11-05,2015-11-05,32020,,,27342,0,72892002,4217975,,0,Otite média não supurativa
6723,960,4217975,2014-05-29,2014-05-29,2014-06-19,2014-06-19,32020,,,27350,0,72892002,4217975,,0,Otite média não supurativa
6724,960,0,2013-04-18,2013-04-18,,,32020,,,27344,0,162864005,4060985,,0,IMC 30+ - obesidade
6725,960,4217975,2012-03-15,2012-03-15,2012-10-11,2012-10-11,32020,,,27387,0,72892002,4217975,,0,Otite média não supurativa
6726,960,4217975,2009-03-05,2009-03-05,2009-10-08,2009-10-08,32020,,,27351,0,72892002,4217975,,0,Otite média não supurativa
6727,960,257012,2007-04-03,2007-04-03,,,32020,,,27384,0,40055000,257012,,0,Sinusite crônica
6728,961,40318618,2018-05-04,2018-05-04,2018-05-11,2018-05-11,32020,,,27401,0,156073000,40318618,,0,Obesidade
6729,961,4078393,2018-05-04,2018-05-04,,,32020,,,27401,0,19169002,4078393,,0,Aborto espontâneo na gravidez
6730,961,4217975,2018-05-04,2018-05-04,2018-05-11,2018-05-11,32020,,,27401,0,72892002,4217975,,0,Otite média não supurativa
6731,961,4217975,2014-06-13,2014-06-13,2015-01-16,2015-01-16,32020,,,27397,0,72892002,4217975,,0,Otite média não supurativa
6732,961,0,2010-10-08,2010-10-08,,,32020,,,27396,0,162864005,4060985,,0,IMC 30+ - obesidade
6733,962,260139,2017-10-25,2017-10-25,2017-11-07,2017-11-07,32020,,,27529,0,10509002,260139,,0,Bronquite aguda
6734,962,4059173,2012-11-20,2012-11-20,2012-12-20,2012-12-20,32020,,,27506,0,16114001,4059173,,0,Fratura de tornozelo
6735,962,378419,2012-01-25,2012-01-25,,,32020,,,27546,0,26929004,378419,,0,Doença de Alzheimer
6736,962,40481087,2010-02-13,2010-02-13,2010-02-27,2010-02-27,32020,,,27447,0,444814009,40481087,,0,Infecção viral das vias aéreas superiores
6737,962,192279,1991-10-03,1991-10-03,,,32020,,,27454,0,127013003,192279,,0,Nefropatia diabética
6738,962,443614,1991-10-03,1991-10-03,,,32020,,,27454,0,431855005,443614,,0,Doença renal crônica estágio 1
6739,962,438130,1990-09-27,1990-09-27,,,32020,,,27557,0,5602001,438130,,0,Dor por opioides
6740,962,4218106,1990-09-27,1990-09-27,,,32020,,,27557,0,7200002,4218106,,0,Alcoolismo
6741,962,436940,1983-06-02,1983-06-02,,,32020,,,27558,0,237602007,436940,,0,Síndrome metabólica
6742,962,4120314,1983-06-02,1983-06-02,,,32020,,,27558,0,302870006,4120314,,0,Hipertrigliceridemia
6743,962,4214376,1983-06-02,1983-06-02,,,32020,,,27558,0,80394007,4214376,,0,Hiperglicemia
6744,962,201826,1982-05-27,1982-05-27,,,32020,,,27420,0,44054006,201826,,0,Diabetes mellitus tipo 2
6745,962,0,1969-10-02,1969-10-02,,,32020,,,27419,0,162864005,4060985,,0,IMC 30+ - obesidade
6746,962,257012,1966-08-19,1966-08-19,,,32020,,,27515,0,40055000,257012,,0,Sinusite crônica
6747,962,4078393,1958-12-03,1958-12-03,,,32020,,,27438,0,19169002,4078393,,0,Aborto espontâneo na gravidez
6748,963,260139,2014-09-10,2014-09-10,2014-09-17,2014-09-17,32020,,,27584,0,10509002,260139,,0,Bronquite aguda
6749,963,40481087,2013-12-18,2013-12-18,2013-12-25,2013-12-25,32020,,,27586,0,444814009,40481087,,0,Infecção viral das vias aéreas superiores
6750,963,4217975,2013-11-08,2013-11-08,2014-06-06,2014-06-06,32020,,,27597,0,72892002,4217975,,0,Otite média não supurativa
6751,963,4112343,2012-10-12,2012-10-12,2012-10-23,2012-10-23,32020,,,27606,0,195662009,4112343,,0,Faringite viral aguda
6752,963,4217975,2011-11-04,2011-11-04,2012-06-15,2012-06-15,32020,,,27582,0,72892002,4217975,,0,Otite média não supurativa
6753,963,78272,2009-10-16,2009-10-16,2009-11-06,2009-11-06,32020,,,27610,0,70704007,78272,,0,Entorse de punho
6754,964,375671,2014-04-21,2014-04-21,2014-05-21,2014-05-21,32020,,,27613,0,62564004,375671,,0,Concussão sem perda de consciência
6755,964,260139,2013-12-21,2013-12-21,2014-01-04,2014-01-04,32020,,,27626,0,10509002,260139,,0,Bronquite aguda
6756,964,40481087,2011-10-11,2011-10-11,2011-10-18,2011-10-18,32020,,,27616,0,444814009,40481087,,0,Infecção viral das vias aéreas superiores
6757,964,81151,2011-08-21,2011-08-21,2011-09-04,2011-09-04,32020,,,27615,0,44465007,81151,,0,Entorse de tornozelo
6758,964,140673,1990-04-10,1990-04-10,,,32020,,,27617,0,40930008,140673,,0,Hipotireoidismo
6759,964,4311629,1971-07-19,1971-07-19,,,32020,,,27630,0,15777000,40316773,,0,Pré-diabetes
6760,964,4078393,1967-07-17,1967-07-17,,,32020,,,27628,0,19169002,4078393,,0,Aborto espontâneo na gravidez
6761,964,257012,1955-02-21,1955-02-21,,,32020,,,27619,0,40055000,257012,,0,Sinusite crônica
6762,965,4217975,2017-07-12,2017-07-12,2017-08-02,2017-08-02,32020,,,27645,0,72892002,4217975,,0,Otite média não supurativa
6763,965,137613,2016-12-14,2016-12-14,2017-01-11,2017-01-11,32020,,,27661,0,198992004,137613,,0,Pré-eclâmpsia leve
6764,965,4217975,2016-06-01,2016-06-01,2017-01-11,2017-01-11,32020,,,27678,0,72892002,4217975,,0,Otite média não supurativa
6765,965,260139,2016-05-20,2016-05-20,2016-05-27,2016-05-27,32020,,,27677,0,10509002,260139,,0,Bronquite aguda
6766,965,0,2015-09-30,2015-09-30,,,32020,,,27655,0,162864005,4060985,,0,IMC 30+ - obesidade
6767,965,4217975,2015-06-10,2015-06-10,2016-01-13,2016-01-13,32020,,,27681,0,72892002,4217975,,0,Otite média não supurativa
6768,965,4217975,2013-01-09,2013-01-09,2013-08-21,2013-08-21,32020,,,27654,0,72892002,4217975,,0,Otite média não supurativa
6769,965,80809,2011-07-05,2011-07-05,2015-08-13,2015-08-13,32020,,,27648,0,69896004,80809,,0,Artrite reumatoide
6770,965,40481087,2010-07-18,2010-07-18,2010-07-25,2010-07-25,32020,,,27674,0,444814009,40481087,,0,Infecção viral das vias aéreas superiores
6771,966,40481087,2016-06-15,2016-06-15,2016-06-29,2016-06-29,32020,,,27685,0,444814009,40481087,,0,Infecção viral das vias aéreas superiores
6772,966,4109685,2015-09-06,2015-09-06,2015-09-20,2015-09-20,32020,,,27727,0,284551006,4109685,,0,Laceração de pé
6773,966,80502,2011-07-12,2011-07-12,,,32020,,,27735,0,64859006,80502,,0,Osteoporose
6774,966,432867,1982-01-26,1982-01-26,,,32020,,,27717,0,55822004,432867,,0,Hiperlipidemia
6775,966,0,1969-05-27,1969-05-27,,,32020,,,27690,0,162864005,4060985,,0,IMC 30+ - obesidade
6776,966,257012,1953-07-15,1953-07-15,,,32020,,,27705,0,40055000,257012,,0,Sinusite crônica
6777,966,4078393,1952-12-23,1952-12-23,,,32020,,,27708,0,19169002,4078393,,0,Aborto espontâneo na gravidez
6778,967,4112343,2014-06-15,2014-06-15,2014-06-22,2014-06-22,32020,,,27744,0,195662009,4112343,,0,Faringite viral aguda
6779,967,260139,2011-01-29,2011-01-29,2011-02-05,2011-02-05,32020,,,27741,0,10509002,260139,,0,Bronquite aguda
6780,967,260139,2009-01-30,2009-01-30,2009-02-06,2009-02-06,32020,,,27747,0,10509002,260139,,0,Bronquite aguda
6781,968,260139,2016-10-02,2016-10-02,2016-10-09,2016-10-09,32020,,,27753,0,10509002,260139,,0,Bronquite aguda
6782,968,40479422,2013-05-11,2013-05-11,2013-07-17,2013-07-17,32020,,,27767,0,444448004,40479422,,0,Neuropatia diabética
6783,968,4112343,2013-02-22,2013-02-22,2013-03-07,2013-03-07,32020,,,27760,0,195662009,4112343,,0,Faringite viral aguda
6784,968,40481087,2012-06-02,2012-06-02,2012-06-23,2012-06-23,32020,,,27764,0,444814009,40481087,,0,Infecção viral das vias aéreas superiores
6785,969,372328,2017-06-09,2017-06-09,2017-08-19,2017-08-19,32020,,,27789,0,65363002,372328,,0,Otite média
6786,969,4109685,2016-03-29,2016-03-29,2016-04-12,2016-04-12,32020,,,27779,0,284551006,4109685,,0,Laceração de pé
6787,969,40481087,2015-03-11,2015-03-11,2015-03-18,2015-03-18,32020,,,27768,0,444814009,40481087,,0,Infecção viral das vias aéreas superiores
6788,969,372328,2012-06-02,2012-06-02,2012-08-04,2012-08-04,32020,,,27786,0,65363002,372328,,0,Otite média
6789,969,372328,2011-09-22,2011-09-22,2011-11-05,2011-11-05,32020,,,27771,0,65363002,372328,,0,Otite média
6790,970,4055754,2018-08-27,2018-08-27,,,32020,,,27796,0,196416002,4055754,,0,Esofagite por refluxo
6791,970,436096,2018-06-30,2018-06-30,,,32020,,,27804,0,82423001,436096,,0,Dor crônica
6792,970,260139,2018-05-29,2018-05-29,2018-06-12,2018-06-12,32020,,,27791,0,10509002,260139,,0,Bronquite aguda
6793,970,440086,2018-05-24,2018-05-24,2018-08-23,2018-08-23,32020,,,27797,0,192127007,440086,,0,Transtorno do espectro autista infantil
6794,970,372328,2009-03-02,2009-03-02,2009-05-07,2009-05-07,32020,,,27803,0,65363002,372328,,0,Otite média
6795,971,4218389,2014-04-25,2014-04-25,2014-05-16,2014-05-16,32020,,,27810,0,39848009,4218389,,0,Lesão em chicote do pescoço
6796,971,4283893,2010-07-17,2010-07-17,2010-09-18,2010-09-18,32020,,,27816,0,36971009,4283893,,0,Sinusite
6797,971,4109685,2009-08-05,2009-08-05,2009-08-19,2009-08-19,32020,,,27812,0,284551006,4109685,,0,Laceração de pé
6798,971,316866,2003-05-26,2003-05-26,,,32020,,,27809,0,38341003,316866,,0,Hipertensão arterial
6799,972,40481087,2014-06-29,2014-06-29,2014-07-13,2014-07-13,32020,,,27819,0,444814009,40481087,,0,Infecção viral das vias aéreas superiores
6800,972,4311629,2014-02-18,2014-02-18,,,32020,,,27824,0,15777000,40316773,,0,Pré-diabetes
6801,972,260139,2011-02-08,2011-02-08,2011-02-22,2011-02-22,32020,,,27823,0,10509002,260139,,0,Bronquite aguda
6802,972,0,2009-11-10,2009-11-10,,,32020,,,27822,0,162864005,4060985,,0,IMC 30+ - obesidade
6803,973,4278672,2018-06-09,2018-06-09,2018-07-09,2018-07-09,32020,,,27826,0,65966004,4278672,,0,Fratura do fêmur
6804,973,40481087,2013-12-06,2013-12-06,2013-12-27,2013-12-27,32020,,,27838,0,444814009,40481087,,0,Infecção viral das vias aéreas superiores
6805,973,260139,2010-11-20,2010-11-20,2010-11-27,2010-11-27,32020,,,27832,0,10509002,260139,,0,Bronquite aguda
6806,973,40481087,2010-05-27,2010-05-27,2010-06-17,2010-06-17,32020,,,27837,0,444814009,40481087,,0,Infecção viral das vias aéreas superiores
6807,975,4113008,2018-09-19,2018-09-19,2018-10-10,2018-10-10,32020,,,27884,0,284549007,4113008,,0,Laceração de mão
6808,975,4112343,2017-12-21,2017-12-21,2018-01-01,2018-01-01,32020,,,27865,0,195662009,4112343,,0,Faringite viral aguda
6809,975,378001,2013-10-15,2013-10-15,2013-11-14,2013-11-14,32020,,,27881,0,62106007,378001,,0,Concussão com perda de consciência
6810,975,40481087,2012-01-12,2012-01-12,2012-02-02,2012-02-02,32020,,,27876,0,444814009,40481087,,0,Infecção viral das vias aéreas superiores
6811,975,4217975,2010-04-13,2010-04-13,2010-11-16,2010-11-16,32020,,,27887,0,72892002,4217975,,0,Otite média não supurativa
6812,975,40481087,2009-12-25,2009-12-25,2010-01-15,2010-01-15,32020,,,27877,0,444814009,40481087,,0,Infecção viral das vias aéreas superiores
6813,975,4217975,2009-12-22,2009-12-22,2010-01-05,2010-01-05,32020,,,27852,0,72892002,4217975,,0,Otite média não supurativa
6814,975,81151,2009-09-22,2009-09-22,2009-10-06,2009-10-06,32020,,,27869,0,44465007,81151,,0,Entorse de tornozelo
6815,975,439393,2009-06-23,2009-06-23,2009-08-04,2009-08-04,32020,,,27851,0,398254007,439393,,0,Pré-eclâmpsia
6816,975,4217975,2009-01-06,2009-01-06,2009-08-04,2009-08-04,32020,,,27890,0,72892002,4217975,,0,Otite média não supurativa
6817,976,40481087,2018-08-26,2018-08-26,2018-09-16,2018-09-16,32020,,,27894,0,444814009,40481087,,0,Infecção viral das vias aéreas superiores
6818,976,40481087,2013-03-02,2013-03-02,2013-03-16,2013-03-16,32020,,,27898,0,444814009,40481087,,0,Infecção viral das vias aéreas superiores
6819,976,40481087,2011-10-17,2011-10-17,2011-10-31,2011-10-31,32020,,,27900,0,444814009,40481087,,0,Infecção viral das vias aéreas superiores
6820,977,40481087,2017-04-12,2017-04-12,2017-05-03,2017-05-03,32020,,,27915,0,444814009,40481087,,0,Infecção viral das vias aéreas superiores
6821,977,4285898,2016-01-30,2016-01-30,2017-03-25,2017-03-25,32020,,,27904,0,68496003,4285898,,0,Pólipo do cólon
6822,977,0,1986-08-22,1986-08-22,,,32020,,,27913,0,162864005,4060985,,0,IMC 30+ - obesidade
6823,978,378419,1995-04-03,1995-04-03,,,32020,,,27920,0,26929004,378419,,0,Doença de Alzheimer
6824,978,40481087,1994-03-26,1994-03-26,1994-04-16,1994-04-16,32020,,,27927,0,444814009,40481087,,0,Infecção viral das vias aéreas superiores
6825,978,4078393,1953-03-23,1953-03-23,,,32020,,,27934,0,19169002,4078393,,0,Aborto espontâneo na gravidez
6826,978,0,1947-07-28,1947-07-28,,,32020,,,27923,0,162864005,4060985,,0,IMC 30+ - obesidade
6827,978,257012,1941-07-08,1941-07-08,,,32020,,,27930,0,40055000,257012,,0,Sinusite crônica
6828,979,375671,2017-01-14,2017-01-14,2017-03-15,2017-03-15,32020,,,27945,0,62564004,375671,,0,Concussão sem perda de consciência
6829,979,4311629,2014-01-13,2014-01-13,,,32020,,,27942,0,15777000,40316773,,0,Pré-diabetes
6830,979,4048695,2013-01-03,2013-01-03,2013-03-06,2013-03-06,32020,,,27939,0,15724005,4048695,,0,Fratura de vértebra
6831,979,0,2011-01-10,2011-01-10,,,32020,,,27937,0,162864005,4060985,,0,IMC 30+ - obesidade
6832,979,4217975,2009-09-28,2009-09-28,2010-04-12,2010-04-12,32020,,,27950,0,72892002,4217975,,0,Otite média não supurativa
6833,979,260139,2009-02-05,2009-02-05,2009-02-19,2009-02-19,32020,,,27948,0,10509002,260139,,0,Bronquite aguda
6834,979,257012,2002-11-13,2002-11-13,,,32020,,,27947,0,40055000,257012,,0,Sinusite crônica
6835,980,4112343,2018-11-16,2018-11-16,2018-11-28,2018-11-28,32020,,,28001,0,195662009,4112343,,0,Faringite viral aguda
6836,980,4112343,2018-02-02,2018-02-02,2018-02-15,2018-02-15,32020,,,27996,0,195662009,4112343,,0,Faringite viral aguda
6837,980,40481087,2017-01-03,2017-01-03,2017-01-24,2017-01-24,32020,,,27987,0,444814009,40481087,,0,Infecção viral das vias aéreas superiores
6838,980,4217975,2016-04-07,2016-04-07,2016-11-03,2016-11-03,32020,,,28002,0,72892002,4217975,,0,Otite média não supurativa
6839,980,4217975,2011-03-03,2011-03-03,2011-09-15,2011-09-15,32020,,,27979,0,72892002,4217975,,0,Otite média não supurativa
6840,980,28060,2010-03-08,2010-03-08,2010-03-15,2010-03-15,32020,,,27984,0,43878008,28060,,0,Faringite estreptocócica
6841,980,4217975,2009-03-19,2009-03-19,2009-04-02,2009-04-02,32020,,,27974,0,72892002,4217975,,0,Otite média não supurativa
6842,980,316866,2005-11-24,2005-11-24,,,32020,,,27988,0,38341003,316866,,0,Hipertensão arterial
6843,980,0,2003-11-13,2003-11-13,,,32020,,,27959,0,162864005,4060985,,0,IMC 30+ - obesidade
6844,981,4112343,2018-07-15,2018-07-15,2018-07-22,2018-07-22,32020,,,28019,0,195662009,4112343,,0,Faringite viral aguda
6845,981,4112343,2018-03-03,2018-03-03,2018-03-16,2018-03-16,32020,,,28039,0,195662009,4112343,,0,Faringite viral aguda
6846,981,40481087,2016-04-24,2016-04-24,2016-05-15,2016-05-15,32020,,,28013,0,444814009,40481087,,0,Infecção viral das vias aéreas superiores
6847,981,257012,2014-07-17,2014-07-17,,,32020,,,28047,0,40055000,257012,,0,Sinusite crônica
6848,981,4283893,2014-04-24,2014-04-24,2014-12-25,2014-12-25,32020,,,28025,0,36971009,4283893,,0,Sinusite
6849,981,439393,2009-12-21,2009-12-21,2010-02-08,2010-02-08,32020,,,28048,0,398254007,439393,,0,Pré-eclâmpsia
6850,981,4217975,2009-07-06,2009-07-06,2010-02-08,2010-02-08,32020,,,28046,0,72892002,4217975,,0,Otite média não supurativa
6851,981,40481087,2009-03-25,2009-03-25,2009-04-15,2009-04-15,32020,,,28034,0,444814009,40481087,,0,Infecção viral das vias aéreas superiores
6852,981,0,2005-07-18,2005-07-18,,,32020,,,28030,0,408512008,4256640,,0,Alcoolismo relatado pelo paciente
6853,981,4078393,2001-03-26,2001-03-26,,,32020,,,28023,0,19169002,4078393,,0,Aborto espontâneo na gravidez
6854,981,316866,1994-11-28,1994-11-28,,,32020,,,28012,0,38341003,316866,,0,Hipertensão arterial
6855,981,0,1987-10-19,1987-10-19,,,32020,,,28022,0,162864005,4060985,,0,IMC 30+ - obesidade
6856,982,260139,2018-09-11,2018-09-11,2018-09-25,2018-09-25,32020,,,28079,0,10509002,260139,,0,Bronquite aguda
6857,982,4112343,2011-03-25,2011-03-25,2011-04-06,2011-04-06,32020,,,28063,0,195662009,4112343,,0,Faringite viral aguda
6858,982,432867,2006-02-27,2006-02-27,,,32020,,,28077,0,55822004,432867,,0,Hiperlipidemia
6859,982,4079750,2003-09-01,2003-09-01,,,32020,,,28066,0,239873007,4079750,,0,Osteoartrite do joelho
6860,982,4311629,1994-01-24,1994-01-24,,,32020,,,28060,0,15777000,40316773,,0,Pré-diabetes
6861,982,0,1976-10-11,1976-10-11,,,32020,,,28061,0,162864005,4060985,,0,IMC 30+ - obesidade
6862,982,257012,1967-08-26,1967-08-26,,,32020,,,28059,0,40055000,257012,,0,Sinusite crônica
6863,983,4296204,2018-01-31,2018-01-31,2018-03-07,2018-03-07,32020,,,28110,0,403190006,4296204,,0,Queimadura solar de primeiro grau
6864,983,40481087,2015-02-11,2015-02-11,2015-02-25,2015-02-25,32020,,,28086,0,444814009,40481087,,0,Infecção viral das vias aéreas superiores
6865,983,78272,2014-02-23,2014-02-23,2014-03-23,2014-03-23,32020,,,28111,0,70704007,78272,,0,Entorse de punho
6866,983,4218389,2013-01-31,2013-01-31,2013-02-28,2013-02-28,32020,,,28113,0,39848009,4218389,,0,Lesão em chicote do pescoço
6867,983,4217975,2012-10-29,2012-10-29,2013-06-03,2013-06-03,32020,,,28083,0,72892002,4217975,,0,Otite média não supurativa
6868,983,40481087,2010-03-23,2010-03-23,2010-03-30,2010-03-30,32020,,,28095,0,444814009,40481087,,0,Infecção viral das vias aéreas superiores
6869,983,4311629,2008-09-15,2008-09-15,,,32020,,,28100,0,15777000,40316773,,0,Pré-diabetes
6870,983,439777,2007-08-16,2007-08-16,,,32020,,,28090,0,271737000,439777,,0,Anemia
6871,983,4078393,2003-05-05,2003-05-05,,,32020,,,28109,0,19169002,4078393,,0,Aborto espontâneo na gravidez
6872,983,0,1992-03-23,1992-03-23,,,32020,,,28114,0,162864005,4060985,,0,IMC 30+ - obesidade
6873,983,316866,1980-10-20,1980-10-20,,,32020,,,28096,0,38341003,316866,,0,Hipertensão arterial
6874,984,260139,2018-11-01,2018-11-01,2018-11-08,2018-11-08,32020,,,28129,0,10509002,260139,,0,Bronquite aguda
6875,984,4278672,2016-10-14,2016-10-14,2016-11-13,2016-11-13,32020,,,28127,0,65966004,4278672,,0,Fratura do fêmur
6876,984,4112343,2016-03-21,2016-03-21,2016-04-03,2016-04-03,32020,,,28146,0,195662009,4112343,,0,Faringite viral aguda
6877,984,40481087,2010-04-24,2010-04-24,2010-05-01,2010-05-01,32020,,,28156,0,444814009,40481087,,0,Infecção viral das vias aéreas superiores
6878,984,28060,2009-11-15,2009-11-15,2009-11-22,2009-11-22,32020,,,28148,0,43878008,28060,,0,Faringite estreptocócica
6879,984,78272,2009-06-09,2009-06-09,2009-06-23,2009-06-23,32020,,,28120,0,70704007,78272,,0,Entorse de punho
6880,984,140673,2007-01-02,2007-01-02,,,32020,,,28149,0,40930008,140673,,0,Hipotireoidismo
6881,984,257012,1999-09-03,1999-09-03,,,32020,,,28132,0,40055000,257012,,0,Sinusite crônica
6882,984,75036,1996-01-05,1996-01-05,,,32020,,,28160,0,201834006,75036,,0,Dermatite perioral
6883,984,432867,1994-02-05,1994-02-05,,,32020,,,28134,0,55822004,432867,,0,Hiperlipidemia
6884,984,199076,1984-09-15,1984-09-15,,,32020,,,28158,0,79586000,199076,,0,Gravidez tubária
6885,984,0,1969-08-02,1969-08-02,,,32020,,,28145,0,408512008,4256640,,0,Alcoolismo relatado pelo paciente
6886,984,199076,1967-03-11,1967-03-11,1979-10-13,1979-10-13,32020,,,28166,0,79586000,199076,,0,Gravidez tubária
6887,984,4078393,1965-06-05,1965-06-05,,,32020,,,28151,0,19169002,4078393,,0,Aborto espontâneo na gravidez
6888,984,316866,1959-07-18,1959-07-18,,,32020,,,28137,0,38341003,316866,,0,Hipertensão arterial
6889,984,0,1953-06-13,1953-06-13,,,32020,,,28133,0,162864005,4060985,,0,IMC 30+ - obesidade
6890,985,40481087,2016-09-17,2016-09-17,2016-09-24,2016-09-24,32020,,,28179,0,444814009,40481087,,0,Infecção viral das vias aéreas superiores
6891,985,4112343,2016-07-08,2016-07-08,2016-07-16,2016-07-16,32020,,,28184,0,195662009,4112343,,0,Faringite viral aguda
6892,985,28060,2016-02-28,2016-02-28,2016-03-06,2016-03-06,32020,,,28173,0,43878008,28060,,0,Faringite estreptocócica
6893,985,81151,2013-06-11,2013-06-11,2013-07-09,2013-07-09,32020,,,28186,0,44465007,81151,,0,Entorse de tornozelo
6894,985,372328,2011-03-27,2011-03-27,2011-11-11,2011-11-11,32020,,,28174,0,65363002,372328,,0,Otite média
6895,985,28060,2011-01-12,2011-01-12,2011-01-21,2011-01-21,32020,,,28189,0,43878008,28060,,0,Faringite estreptocócica
6896,985,317576,2008-11-07,2008-11-07,,,32020,,,28172,0,53741008,317576,,0,Doença arterial coronariana
6897,986,0,2001-11-19,2001-11-19,,,32020,,,28203,0,399211009,4163874,,0,Histórico de infarto do miocárdio
6898,986,4329847,2001-11-19,2001-11-19,,,32020,,,28203,0,22298006,4329847,,0,Infarto do miocárdio
6899,986,40481087,2000-07-21,2000-07-21,2000-08-11,2000-08-11,32020,,,28206,0,444814009,40481087,,0,Infecção viral das vias aéreas superiores
6900,986,4278672,1997-07-21,1997-07-21,1997-08-20,1997-08-20,32020,,,28202,0,65966004,4278672,,0,Fratura do fêmur
6901,986,81151,1995-10-09,1995-10-09,1995-10-30,1995-10-30,32020,,,28200,0,44465007,81151,,0,Entorse de tornozelo
6902,986,4112343,1995-01-26,1995-01-26,1995-02-03,1995-02-03,32020,,,28201,0,195662009,4112343,,0,Faringite viral aguda
6903,986,40481087,1993-11-26,1993-11-26,1993-12-17,1993-12-17,32020,,,28195,0,444814009,40481087,,0,Infecção viral das vias aéreas superiores
6904,986,317576,1980-03-03,1980-03-03,,,32020,,,28199,0,53741008,317576,,0,Doença arterial coronariana
6905,986,440674,1969-06-21,1969-06-21,,,32020,,,28196,0,90560007,440674,,0,Gota
6906,986,4311629,1967-06-26,1967-06-26,,,32020,,,28209,0,15777000,40316773,,0,Pré-diabetes
6907,987,137613,2018-11-23,2018-11-23,2018-12-28,2018-12-28,32020,,,28226,0,198992004,137613,,0,Pré-eclâmpsia leve
6908,987,4217975,2018-05-11,2018-05-11,2018-12-28,2018-12-28,32020,,,28215,0,72892002,4217975,,0,Otite média não supurativa
6909,987,4112343,2016-08-25,2016-08-25,2016-09-03,2016-09-03,32020,,,28223,0,195662009,4112343,,0,Faringite viral aguda
6910,987,317576,2008-04-11,2008-04-11,,,32020,,,28218,0,53741008,317576,,0,Doença arterial coronariana
6911,988,40481087,2018-03-22,2018-03-22,2018-04-12,2018-04-12,32020,,,28242,0,444814009,40481087,,0,Infecção viral das vias aéreas superiores
6912,988,40481087,2016-09-08,2016-09-08,2016-09-22,2016-09-22,32020,,,28244,0,444814009,40481087,,0,Infecção viral das vias aéreas superiores
6913,988,260139,2012-07-29,2012-07-29,2012-08-05,2012-08-05,32020,,,28248,0,10509002,260139,,0,Bronquite aguda
6914,988,4152936,2009-09-28,2009-09-28,2009-10-19,2009-10-19,32020,,,28249,0,283385000,4152936,,0,Laceração de ombro
6915,988,260139,2009-02-19,2009-02-19,2009-03-05,2009-03-05,32020,,,28245,0,10509002,260139,,0,Bronquite aguda
6916,989,378001,2012-07-29,2012-07-29,2012-08-28,2012-08-28,32020,,,28283,0,62106007,378001,,0,Concussão com perda de consciência
6917,989,4109685,2011-06-14,2011-06-14,2011-07-05,2011-07-05,32020,,,28284,0,284551006,4109685,,0,Laceração de pé
6918,989,381316,2011-03-14,2011-03-14,,,32020,,,,0,230690007,381316,,0,Acidente vascular cerebral
6919,989,4112343,2008-12-31,2008-12-31,2009-01-07,2009-01-07,32020,,,28253,0,195662009,4112343,,0,Faringite viral aguda
6920,989,4112343,2008-02-22,2008-02-22,2008-03-04,2008-03-04,32020,,,28302,0,195662009,4112343,,0,Faringite viral aguda
6921,989,260139,2006-05-07,2006-05-07,2006-05-14,2006-05-14,32020,,,28311,0,10509002,260139,,0,Bronquite aguda
6922,989,313217,2004-10-25,2004-10-25,,,32020,,,,0,49436004,313217,,0,Fibrilação atrial
6923,989,439777,1986-04-11,1986-04-11,,,32020,,,28310,0,271737000,439777,,0,Anemia
6924,989,4311629,1981-09-21,1981-09-21,,,32020,,,28319,0,15777000,40316773,,0,Pré-diabetes
6925,989,4214376,1981-09-21,1981-09-21,,,32020,,,28319,0,80394007,4214376,,0,Hiperglicemia
6926,989,4078393,1981-08-31,1981-08-31,,,32020,,,28271,0,19169002,4078393,,0,Aborto espontâneo na gravidez
6927,989,192279,1980-04-28,1980-04-28,,,32020,,,28299,0,127013003,192279,,0,Nefropatia diabética
6928,989,443614,1980-04-28,1980-04-28,,,32020,,,28299,0,431855005,443614,,0,Doença renal crônica estágio 1
6929,989,436940,1965-06-28,1965-06-28,,,32020,,,28254,0,237602007,436940,,0,Síndrome metabólica
6930,989,4120314,1965-06-28,1965-06-28,,,32020,,,28254,0,302870006,4120314,,0,Hipertrigliceridemia
6931,989,201826,1962-06-25,1962-06-25,,,32020,,,28289,0,44054006,201826,,0,Diabetes mellitus tipo 2
6932,989,316866,1962-06-25,1962-06-25,,,32020,,,28289,0,38341003,316866,,0,Hipertensão arterial
6933,990,260139,1995-03-28,1995-03-28,1995-04-04,1995-04-04,32020,,,28346,0,10509002,260139,,0,Bronquite aguda
6934,990,195588,1993-07-01,1993-07-01,1993-08-01,1993-08-01,32020,,,28340,0,38822007,195588,,0,Cistite
6935,990,40481087,1990-10-26,1990-10-26,1990-11-09,1990-11-09,32020,,,28335,0,444814009,40481087,,0,Infecção viral das vias aéreas superiores
6936,990,4237458,1986-07-21,1986-07-21,1986-09-19,1986-09-19,32020,,,28342,0,58150001,4237458,,0,Fratura de clavícula
6937,990,40481087,1986-02-27,1986-02-27,1986-03-13,1986-03-13,32020,,,28333,0,444814009,40481087,,0,Infecção viral das vias aéreas superiores
6938,990,258780,1961-09-12,1961-09-12,,,32020,,,28351,0,185086009,258780,,0,DPOC exacerbada
6939,990,0,1955-08-09,1955-08-09,,,32020,,,28347,0,408512008,4256640,,0,Alcoolismo relatado pelo paciente
6940,990,0,1950-07-11,1950-07-11,,,32020,,,28339,0,162864005,4060985,,0,IMC 30+ - obesidade
6941,991,4112343,2011-08-30,2011-08-30,2011-09-08,2011-09-08,32020,,,28368,0,195662009,4112343,,0,Faringite viral aguda
6942,991,4112343,2011-05-21,2011-05-21,2011-05-30,2011-05-30,32020,,,28365,0,195662009,4112343,,0,Faringite viral aguda
6943,991,4109685,2009-11-25,2009-11-25,2009-12-16,2009-12-16,32020,,,28363,0,284551006,4109685,,0,Laceração de pé
6944,992,40481087,2018-03-12,2018-03-12,2018-03-19,2018-03-19,32020,,,28384,0,444814009,40481087,,0,Infecção viral das vias aéreas superiores
6945,992,28060,2016-07-12,2016-07-12,2016-07-23,2016-07-23,32020,,,28381,0,43878008,28060,,0,Faringite estreptocócica
6946,993,255848,2011-06-01,2011-06-01,,,32020,,,28395,0,233604007,255848,,0,Pneumonia
6947,993,378419,2005-07-02,2005-07-02,,,32020,,,28397,0,26929004,378419,,0,Doença de Alzheimer
6948,993,4278672,2001-10-26,2001-10-26,2001-11-25,2001-11-25,32020,,,28394,0,65966004,4278672,,0,Fratura do fêmur
6949,993,200970,1996-05-11,1996-05-11,,,32020,,,28388,0,92691004,200970,,0,Carcinoma in situ de próstata
6950,993,4129902,1996-05-11,1996-05-11,,,32020,,,28388,0,126906006,4129902,,0,Neoplasia de bexiga
6951,993,4311629,1968-07-27,1968-07-27,,,32020,,,28405,0,15777000,40316773,,0,Pré-diabetes
6952,993,4218106,1958-12-13,1958-12-13,,,32020,,,28390,0,7200002,4218106,,0,Alcoolismo
6953,993,0,1958-12-13,1958-12-13,,,32020,,,28390,0,408512008,4256640,,0,Alcoolismo relatado pelo paciente
6954,993,0,1939-05-27,1939-05-27,,,32020,,,28406,0,162864005,4060985,,0,IMC 30+ - obesidade
6955,994,40481087,2017-03-17,2017-03-17,2017-03-31,2017-03-31,32020,,,28414,0,444814009,40481087,,0,Infecção viral das vias aéreas superiores
6956,994,40481087,2016-01-30,2016-01-30,2016-02-13,2016-02-13,32020,,,28408,0,444814009,40481087,,0,Infecção viral das vias aéreas superiores
6957,994,4296205,2014-06-06,2014-06-06,2014-07-04,2014-07-04,32020,,,28412,0,403191005,4296205,,0,Queimadura solar de segundo grau
6958,994,316866,2006-02-16,2006-02-16,,,32020,,,28415,0,38341003,316866,,0,Hipertensão arterial
6959,995,40481087,2018-08-27,2018-08-27,2018-09-10,2018-09-10,32020,,,28432,0,444814009,40481087,,0,Infecção viral das vias aéreas superiores
6960,995,28060,2015-04-29,2015-04-29,2015-05-11,2015-05-11,32020,,,28426,0,43878008,28060,,0,Faringite estreptocócica
6961,995,78272,2010-10-20,2010-10-20,2010-11-17,2010-11-17,32020,,,28430,0,70704007,78272,,0,Entorse de punho
6962,995,260139,2009-08-14,2009-08-14,2009-08-21,2009-08-21,32020,,,28424,0,10509002,260139,,0,Bronquite aguda
6963,995,4311629,1989-03-30,1989-03-30,,,32020,,,28425,0,15777000,40316773,,0,Pré-diabetes
6964,995,0,1985-03-07,1985-03-07,,,32020,,,28423,0,162864005,4060985,,0,IMC 30+ - obesidade
6965,995,257012,1976-11-13,1976-11-13,,,32020,,,28417,0,40055000,257012,,0,Sinusite crônica
6966,996,40481087,2012-06-08,2012-06-08,2012-06-29,2012-06-29,32020,,,28449,0,444814009,40481087,,0,Infecção viral das vias aéreas superiores
6967,996,28060,2012-03-05,2012-03-05,2012-03-16,2012-03-16,32020,,,28453,0,43878008,28060,,0,Faringite estreptocócica
6968,996,381316,2011-11-16,2011-11-16,,,32020,,,28445,0,230690007,381316,,0,Acidente vascular cerebral
6969,996,78272,2010-10-13,2010-10-13,2010-11-17,2010-11-17,32020,,,28437,0,70704007,78272,,0,Entorse de punho
6970,996,197500,2004-08-26,2004-08-26,2006-06-01,2006-06-01,32020,,,28455,0,93761005,197500,,0,Metástase cerebral
6971,996,4285898,2004-08-17,2004-08-17,,,32020,,,28438,0,68496003,4285898,,0,Pólipo do cólon
6972,996,0,1984-08-22,1984-08-22,,,32020,,,28448,0,408512008,4256640,,0,Alcoolismo relatado pelo paciente
6973,996,0,1965-11-03,1965-11-03,,,32020,,,28452,0,162864005,4060985,,0,IMC 30+ - obesidade
6974,997,4116491,2012-09-16,2012-09-16,2012-10-21,2012-10-21,32020,,,28505,0,301011002,4116491,,0,Infecção do trato urinário por E. coli
6975,997,4217975,2012-08-19,2012-08-19,2013-03-31,2013-03-31,32020,,,28482,0,72892002,4217975,,0,Otite média não supurativa
6976,997,4217975,2010-10-03,2010-10-03,2011-05-08,2011-05-08,32020,,,28481,0,72892002,4217975,,0,Otite média não supurativa
6977,997,260139,2010-05-17,2010-05-17,2010-05-31,2010-05-31,32020,,,28460,0,10509002,260139,,0,Bronquite aguda
6978,997,4217975,2009-09-27,2009-09-27,2009-10-18,2009-10-18,32020,,,28489,0,72892002,4217975,,0,Otite média não supurativa
6979,997,4078393,2001-11-18,2001-11-18,,,32020,,,28488,0,19169002,4078393,,0,Aborto espontâneo na gravidez
6980,997,4311629,1996-11-24,1996-11-24,,,32020,,,28499,0,15777000,40316773,,0,Pré-diabetes
6981,997,316866,1995-11-19,1995-11-19,,,32020,,,28506,0,38341003,316866,,0,Hipertensão arterial
6982,998,40479422,2017-07-03,2017-07-03,2017-08-09,2017-08-09,32020,,,28526,0,444448004,40479422,,0,Neuropatia diabética
6983,998,40480160,2016-05-09,2016-05-09,2016-08-07,2016-08-07,32020,,,28548,0,443165006,40480160,,0,Faringite aguda
6984,998,4278672,2016-05-09,2016-05-09,2016-08-07,2016-08-07,32020,,,28548,0,65966004,4278672,,0,Fratura do fêmur
6985,998,80502,2014-12-17,2014-12-17,,,32020,,,28581,0,64859006,80502,,0,Osteoporose
6986,998,40481087,2012-08-12,2012-08-12,2012-08-19,2012-08-19,32020,,,28547,0,444814009,40481087,,0,Infecção viral das vias aéreas superiores
6987,998,436096,2011-08-11,2011-08-11,,,32020,,,28522,0,82423001,436096,,0,Dor crônica
6988,998,381316,2010-08-25,2010-08-25,,,32020,,,,0,230690007,381316,,0,Acidente vascular cerebral
6989,998,28060,2010-08-03,2010-08-03,2010-08-13,2010-08-13,32020,,,28534,0,43878008,28060,,0,Faringite estreptocócica
6990,998,313217,2009-08-12,2009-08-12,,,32020,,,28578,0,49436004,313217,,0,Fibrilação atrial
6991,998,432867,2007-10-24,2007-10-24,,,32020,,,28586,0,55822004,432867,,0,Hiperlipidemia
6992,998,192279,2001-06-06,2001-06-06,,,32020,,,28517,0,127013003,192279,,0,Nefropatia diabética
6993,998,443614,2001-06-06,2001-06-06,,,32020,,,28517,0,431855005,443614,,0,Doença renal crônica estágio 1
6994,998,436940,1975-05-14,1975-05-14,,,32020,,,28543,0,237602007,436940,,0,Síndrome metabólica
6995,998,4120314,1975-05-14,1975-05-14,,,32020,,,28543,0,302870006,4120314,,0,Hipertrigliceridemia
6996,998,4214376,1975-05-14,1975-05-14,,,32020,,,28543,0,80394007,4214376,,0,Hiperglicemia
6997,998,201826,1973-05-09,1973-05-09,,,32020,,,28533,0,44054006,201826,,0,Diabetes mellitus tipo 2
6998,998,0,1963-01-02,1963-01-02,,,32020,,,28527,0,162864005,4060985,,0,IMC 30+ - obesidade
6999,998,316866,1952-12-17,1952-12-17,,,32020,,,28577,0,38341003,316866,,0,Hipertensão arterial
7000,999,4146173,2014-07-27,2014-07-27,2014-09-25,2014-09-25,32020,,,28650,0,307731004,4146173,,0,Fibrilação atrial de início recente
7001,999,40481087,2014-06-07,2014-06-07,2014-06-21,2014-06-21,32020,,,28600,0,444814009,40481087,,0,Infecção viral das vias aéreas superiores
7002,999,313217,2010-10-10,2010-10-10,,,32020,,,28636,0,49436004,313217,,0,Fibrilação atrial
7003,999,4208104,2010-08-09,2010-08-09,,,32020,,,28591,0,55680006,4208104,,0,Overdose de droga
7004,999,4112343,2009-09-25,2009-09-25,2009-10-05,2009-10-05,32020,,,28613,0,195662009,4112343,,0,Faringite viral aguda
7005,999,4112343,2009-01-14,2009-01-14,2009-01-24,2009-01-24,32020,,,28651,0,195662009,4112343,,0,Faringite viral aguda
7006,999,317576,1991-12-22,1991-12-22,,,32020,,,28610,0,53741008,317576,,0,Doença arterial coronariana
7007,999,80502,1981-05-10,1981-05-10,,,32020,,,28642,0,64859006,80502,,0,Osteoporose
7008,999,257012,1980-08-17,1980-08-17,,,32020,,,28601,0,40055000,257012,,0,Sinusite crônica
7009,999,4311629,1958-09-14,1958-09-14,,,32020,,,28604,0,15777000,40316773,,0,Pré-diabetes
7010,999,0,1950-08-27,1950-08-27,,,32020,,,28622,0,162864005,4060985,,0,IMC 30+ - obesidade
7011,999,4078393,1949-06-05,1949-06-05,,,32020,,,28645,0,19169002,4078393,,0,Aborto espontâneo na gravidez
7012,999,316866,1928-10-14,1928-10-14,,,32020,,,28612,0,38341003,316866,,0,Hipertensão arterial
7013,1000,0,1951-07-16,1951-07-16,,,32020,,,28657,0,399211009,4163874,,0,Histórico de infarto do miocárdio
7014,1000,4329847,1951-07-16,1951-07-16,,,32020,,,28657,0,22298006,4329847,,0,Infarto do miocárdio
7015,1000,40481087,1949-05-24,1949-05-24,1949-06-14,1949-06-14,32020,,,28661,0,444814009,40481087,,0,Infecção viral das vias aéreas superiores
7016,1000,40481087,1943-08-04,1943-08-04,1943-08-18,1943-08-18,32020,,,28662,0,444814009,40481087,,0,Infecção viral das vias aéreas superiores
7017,1000,0,1932-11-28,1932-11-28,,,32020,,,28658,0,449868002,42709996,,0,Fumante atual de cigarro
7018,1000,4311629,1932-11-28,1932-11-28,,,32020,,,28658,0,15777000,40316773,,0,Pré-diabetes
7019,1000,316866,1928-11-19,1928-11-19,,,32020,,,28656,0,38341003,316866,,0,Hipertensão arterial
7020,1000,317576,1917-09-17,1917-09-17,,,32020,,,28665,0,53741008,317576,,0,Doença arterial coronariana
7021,1001,255848,1989-12-24,1989-12-24,,,32020,,,28673,0,233604007,255848,,0,Pneumonia
7022,1001,40481087,1989-11-07,1989-11-07,1989-11-14,1989-11-14,32020,,,28669,0,444814009,40481087,,0,Infecção viral das vias aéreas superiores
7023,1001,40481087,1989-08-25,1989-08-25,1989-09-01,1989-09-01,32020,,,28690,0,444814009,40481087,,0,Infecção viral das vias aéreas superiores
7024,1001,4294548,1986-09-19,1986-09-19,1986-10-31,1986-10-31,32020,,,28686,0,75498004,4294548,,0,Infecção bacteriana aguda
7025,1001,260139,1984-05-02,1984-05-02,1984-05-16,1984-05-16,32020,,,28666,0,10509002,260139,,0,Bronquite aguda
7026,1001,439777,1984-04-14,1984-04-14,,,32020,,,28693,0,271737000,439777,,0,Anemia
7027,1001,378419,1983-07-29,1983-07-29,,,32020,,,28678,0,26929004,378419,,0,Doença de Alzheimer
7028,1001,4134304,1982-12-25,1982-12-25,1983-02-23,1983-02-23,32020,,,28681,0,263102004,4134304,,0,Ruptura de menisco
7029,1001,200970,1981-07-17,1981-07-17,,,32020,,,28698,0,92691004,200970,,0,Carcinoma in situ de próstata
7030,1001,4129902,1981-07-17,1981-07-17,,,32020,,,28698,0,126906006,4129902,,0,Neoplasia de bexiga
7031,1001,0,1955-03-04,1955-03-04,,,32020,,,28679,0,449868002,42709996,,0,Fumante atual de cigarro
7032,1001,4311629,1950-02-24,1950-02-24,,,32020,,,28667,0,15777000,40316773,,0,Pré-diabetes
7033,1001,0,1947-02-21,1947-02-21,,,32020,,,28672,0,162864005,4060985,,0,IMC 30+ - obesidade
7034,1001,257012,1936-05-09,1936-05-09,,,32020,,,28680,0,40055000,257012,,0,Sinusite crônica
7035,1002,4294548,2014-10-10,2014-10-10,2014-10-24,2014-10-24,32020,,,28708,0,75498004,4294548,,0,Infecção bacteriana aguda
7036,1002,40481087,2011-09-26,2011-09-26,2011-10-17,2011-10-17,32020,,,28702,0,444814009,40481087,,0,Infecção viral das vias aéreas superiores
7037,1002,316866,2010-10-23,2010-10-23,,,32020,,,28705,0,38341003,316866,,0,Hipertensão arterial
7038,1002,4112343,2009-04-23,2009-04-23,2009-05-03,2009-05-03,32020,,,28707,0,195662009,4112343,,0,Faringite viral aguda
7039,1003,381316,2006-02-16,2006-02-16,,,32020,,,28720,0,230690007,381316,,0,Acidente vascular cerebral
7040,1003,40481087,2006-01-15,2006-01-15,2006-01-22,2006-01-22,32020,,,28720,0,444814009,40481087,,0,Infecção viral das vias aéreas superiores
7041,1003,4112343,2000-11-30,2000-11-30,2000-12-07,2000-12-07,32020,,,28735,0,195662009,4112343,,0,Faringite viral aguda
7042,1003,4156265,2000-03-29,2000-03-29,2000-04-12,2000-04-12,32020,,,28761,0,370247008,4156265,,0,Lesão facial
7043,1003,257012,1993-06-25,1993-06-25,,,32020,,,28724,0,40055000,257012,,0,Sinusite crônica
7044,1003,4311629,1989-09-07,1989-09-07,,,32020,,,28734,0,15777000,40316773,,0,Pré-diabetes
7045,1003,0,1984-09-13,1984-09-13,,,32020,,,28732,0,408512008,4256640,,0,Alcoolismo relatado pelo paciente
7046,1003,432867,1978-08-31,1978-08-31,,,32020,,,28745,0,55822004,432867,,0,Hiperlipidemia
7047,1003,0,1968-02-08,1968-02-08,,,32020,,,28728,0,162864005,4060985,,0,IMC 30+ - obesidade
7048,1003,316866,1955-05-19,1955-05-19,,,32020,,,28754,0,38341003,316866,,0,Hipertensão arterial
7049,1003,317576,1947-04-03,1947-04-03,,,32020,,,28739,0,53741008,317576,,0,Doença arterial coronariana
7050,1004,4112343,2018-08-24,2018-08-24,2018-09-02,2018-09-02,32020,,,28793,0,195662009,4112343,,0,Faringite viral aguda
7051,1004,260139,2017-06-09,2017-06-09,2017-06-16,2017-06-16,32020,,,28779,0,10509002,260139,,0,Bronquite aguda
7052,1004,80502,2017-02-26,2017-02-26,,,32020,,,28771,0,64859006,80502,,0,Osteoporose
7053,1004,260139,2015-06-08,2015-06-08,2015-06-22,2015-06-22,32020,,,28789,0,10509002,260139,,0,Bronquite aguda
7054,1004,40481087,2013-10-24,2013-10-24,2013-11-14,2013-11-14,32020,,,28776,0,444814009,40481087,,0,Infecção viral das vias aéreas superiores
7055,1004,4112343,2012-12-12,2012-12-12,2012-12-21,2012-12-21,32020,,,28781,0,195662009,4112343,,0,Faringite viral aguda
7056,1004,4112343,2012-08-01,2012-08-01,2012-08-12,2012-08-12,32020,,,28791,0,195662009,4112343,,0,Faringite viral aguda
7057,1004,192279,2005-08-28,2005-08-28,,,32020,,,28794,0,127013003,192279,,0,Nefropatia diabética
7058,1004,443614,2005-08-28,2005-08-28,,,32020,,,28794,0,431855005,443614,,0,Doença renal crônica estágio 1
7059,1004,436940,2003-08-24,2003-08-24,,,32020,,,28768,0,237602007,436940,,0,Síndrome metabólica
7060,1004,4120314,2003-08-24,2003-08-24,,,32020,,,28768,0,302870006,4120314,,0,Hipertrigliceridemia
7061,1004,4214376,2003-08-24,2003-08-24,,,32020,,,28768,0,80394007,4214376,,0,Hiperglicemia
7062,1004,201826,2001-08-19,2001-08-19,,,32020,,,28788,0,44054006,201826,,0,Diabetes mellitus tipo 2
7063,1004,316866,2001-08-19,2001-08-19,,,32020,,,28788,0,38341003,316866,,0,Hipertensão arterial
7064,1004,0,1995-08-06,1995-08-06,,,32020,,,28766,0,162864005,4060985,,0,IMC 30+ - obesidade
7065,1004,257012,1979-04-04,1979-04-04,,,32020,,,28782,0,40055000,257012,,0,Sinusite crônica
7066,1005,260139,2017-08-23,2017-08-23,2017-09-06,2017-09-06,32020,,,28810,0,10509002,260139,,0,Bronquite aguda
7067,1005,260139,2014-09-03,2014-09-03,2014-09-17,2014-09-17,32020,,,28800,0,10509002,260139,,0,Bronquite aguda
7068,1005,4217975,2011-07-15,2011-07-15,2012-02-24,2012-02-24,32020,,,28827,0,72892002,4217975,,0,Otite média não supurativa
7069,1005,40481087,2009-08-21,2009-08-21,2009-09-11,2009-09-11,32020,,,28809,0,444814009,40481087,,0,Infecção viral das vias aéreas superiores
7070,1005,0,2009-08-14,2009-08-14,,,32020,,,28812,0,162864005,4060985,,0,IMC 30+ - obesidade
7071,1005,4078393,1995-05-19,1995-05-19,,,32020,,,28823,0,19169002,4078393,,0,Aborto espontâneo na gravidez
7072,1006,257012,2014-03-18,2014-03-18,,,32020,,,28831,0,40055000,257012,,0,Sinusite crônica
7073,1006,4294548,2014-01-28,2014-01-28,2014-11-18,2014-11-18,32020,,,28845,0,75498004,4294548,,0,Infecção bacteriana aguda
7074,1006,4278672,2011-02-11,2011-02-11,2011-03-13,2011-03-13,32020,,,28836,0,65966004,4278672,,0,Fratura do fêmur
7075,1006,4294548,2009-09-11,2009-09-11,2009-10-16,2009-10-16,32020,,,28830,0,75498004,4294548,,0,Infecção bacteriana aguda
7076,1006,81151,2009-02-07,2009-02-07,2009-02-21,2009-02-21,32020,,,28833,0,44465007,81151,,0,Entorse de tornozelo
7077,1006,440086,2003-02-13,2003-02-13,2010-02-21,2010-02-21,32020,,,28844,0,192127007,440086,,0,Transtorno do espectro autista infantil
7078,1007,40481087,2017-11-01,2017-11-01,2017-11-15,2017-11-15,32020,,,28855,0,444814009,40481087,,0,Infecção viral das vias aéreas superiores
7079,1007,260139,2017-06-18,2017-06-18,2017-07-02,2017-07-02,32020,,,28860,0,10509002,260139,,0,Bronquite aguda
7080,1007,4294548,2016-10-09,2016-10-09,2016-10-30,2016-10-30,32020,,,28848,0,75498004,4294548,,0,Infecção bacteriana aguda
7081,1007,4218389,2014-10-26,2014-10-26,2014-11-23,2014-11-23,32020,,,28861,0,39848009,4218389,,0,Lesão em chicote do pescoço
7082,1007,40481087,2014-09-22,2014-09-22,2014-10-13,2014-10-13,32020,,,28863,0,444814009,40481087,,0,Infecção viral das vias aéreas superiores
7083,1007,4146173,2009-09-22,2009-09-22,2009-11-21,2009-11-21,32020,,,28859,0,307731004,4146173,,0,Fibrilação atrial de início recente
7084,1007,40481087,2009-09-05,2009-09-05,2009-09-12,2009-09-12,32020,,,28862,0,444814009,40481087,,0,Infecção viral das vias aéreas superiores
7085,1007,4311629,2003-09-28,2003-09-28,,,32020,,,28856,0,15777000,40316773,,0,Pré-diabetes
7086,1007,0,1996-12-11,1996-12-11,,,32020,,,28853,0,428251008,4323208,,0,Histórico de apendicectomia
7087,1007,440448,1996-12-11,1996-12-11,,,32020,,,28857,0,74400008,440448,,0,Apendicite
7088,1007,316866,1992-05-17,1992-05-17,,,32020,,,28850,0,38341003,316866,,0,Hipertensão arterial
7089,1008,4109685,2016-12-14,2016-12-14,2016-12-28,2016-12-28,32020,,,28871,0,284551006,4109685,,0,Laceração de pé
7090,1008,0,2007-05-31,2007-05-31,,,32020,,,28874,0,162864005,4060985,,0,IMC 30+ - obesidade
7091,1008,257012,1993-02-15,1993-02-15,,,32020,,,28867,0,40055000,257012,,0,Sinusite crônica
7092,1008,316866,1988-04-14,1988-04-14,,,32020,,,28866,0,38341003,316866,,0,Hipertensão arterial
7093,1009,372328,2012-12-10,2012-12-10,2013-08-31,2013-08-31,32020,,,28890,0,65363002,372328,,0,Otite média
7094,1009,28060,2012-07-30,2012-07-30,2012-08-10,2012-08-10,32020,,,28875,0,43878008,28060,,0,Faringite estreptocócica
7095,1009,257012,2010-01-30,2010-01-30,,,32020,,,28894,0,40055000,257012,,0,Sinusite crônica
7096,1009,4283893,2009-10-03,2009-10-03,2010-04-03,2010-04-03,32020,,,28887,0,36971009,4283893,,0,Sinusite
7097,1009,4237458,2009-09-27,2009-09-27,2009-10-27,2009-10-27,32020,,,28884,0,58150001,4237458,,0,Fratura de clavícula
7098,1010,260139,2018-09-29,2018-09-29,2018-10-13,2018-10-13,32020,,,28947,0,10509002,260139,,0,Bronquite aguda
7099,1010,439393,2016-10-09,2016-10-09,2016-12-10,2016-12-10,32020,,,28924,0,398254007,439393,,0,Pré-eclâmpsia
7100,1010,4217975,2016-04-24,2016-04-24,2016-12-10,2016-12-10,32020,,,28920,0,72892002,4217975,,0,Otite média não supurativa
7101,1010,40481087,2011-11-21,2011-11-21,2011-12-05,2011-12-05,32020,,,28901,0,444814009,40481087,,0,Infecção viral das vias aéreas superiores
7102,1010,378001,2011-11-11,2011-11-11,2012-01-10,2012-01-10,32020,,,28921,0,62106007,378001,,0,Concussão com perda de consciência
7103,1010,439393,2011-04-17,2011-04-17,2011-06-05,2011-06-05,32020,,,28903,0,398254007,439393,,0,Pré-eclâmpsia
7104,1010,4217975,2010-10-31,2010-10-31,2011-06-05,2011-06-05,32020,,,28896,0,72892002,4217975,,0,Otite média não supurativa
7105,1010,260139,2010-04-12,2010-04-12,2010-04-19,2010-04-19,32020,,,28929,0,10509002,260139,,0,Bronquite aguda
7106,1010,4218389,2009-11-30,2009-11-30,2009-12-21,2009-12-21,32020,,,28905,0,39848009,4218389,,0,Lesão em chicote do pescoço
7107,1010,4311629,1999-03-27,1999-03-27,,,32020,,,28941,0,15777000,40316773,,0,Pré-diabetes
7108,1010,316866,1995-03-18,1995-03-18,,,32020,,,28950,0,38341003,316866,,0,Hipertensão arterial
7109,1010,40486433,1979-01-29,1979-01-29,,,32020,,,28935,0,446096008,40486433,,0,Esteatose hepática perivenular
7110,1011,40481087,2015-11-14,2015-11-14,2015-11-21,2015-11-21,32020,,,28965,0,444814009,40481087,,0,Infecção viral das vias aéreas superiores
7111,1011,260139,2015-04-25,2015-04-25,2015-05-02,2015-05-02,32020,,,28951,0,10509002,260139,,0,Bronquite aguda
7112,1011,4112343,2012-04-02,2012-04-02,2012-04-13,2012-04-13,32020,,,28978,0,195662009,4112343,,0,Faringite viral aguda
7113,1011,200970,2001-10-30,2001-10-30,,,32020,,,28972,0,92691004,200970,,0,Carcinoma in situ de próstata
7114,1011,4129902,2001-10-30,2001-10-30,,,32020,,,28972,0,126906006,4129902,,0,Neoplasia de bexiga
7115,1011,4079750,2001-06-16,2001-06-16,,,32020,,,28957,0,239873007,4079750,,0,Osteoartrite do joelho
7116,1011,432867,1996-10-01,1996-10-01,,,32020,,,28979,0,55822004,432867,,0,Hiperlipidemia
7117,1011,438130,1980-08-05,1980-08-05,,,32020,,,28993,0,5602001,438130,,0,Dor por opioides
7118,1011,0,1977-03-22,1977-03-22,,,32020,,,28984,0,162864005,4060985,,0,IMC 30+ - obesidade
7119,1011,0,1971-06-26,1971-06-26,,,32020,,,28992,0,428251008,4323208,,0,Histórico de apendicectomia
7120,1011,440448,1971-06-26,1971-06-26,,,32020,,,28987,0,74400008,440448,,0,Apendicite
7121,1012,80502,2018-09-11,2018-09-11,,,32020,,,29005,0,64859006,80502,,0,Osteoporose
7122,1012,4112343,2018-09-04,2018-09-04,2018-09-14,2018-09-14,32020,,,29008,0,195662009,4112343,,0,Faringite viral aguda
7123,1012,378419,2018-04-03,2018-04-03,,,32020,,,29014,0,26929004,378419,,0,Doença de Alzheimer
7124,1012,40481087,2017-03-26,2017-03-26,2017-04-09,2017-04-09,32020,,,29002,0,444814009,40481087,,0,Infecção viral das vias aéreas superiores
7125,1012,81151,2013-11-01,2013-11-01,2013-11-22,2013-11-22,32020,,,29012,0,44465007,81151,,0,Entorse de tornozelo
7126,1012,40481087,2011-12-23,2011-12-23,2012-01-13,2012-01-13,32020,,,29013,0,444814009,40481087,,0,Infecção viral das vias aéreas superiores
7127,1012,381316,2010-07-20,2010-07-20,,,32020,,,28999,0,230690007,381316,,0,Acidente vascular cerebral
7128,1012,4285898,2009-10-26,2009-10-26,2010-11-20,2010-11-20,32020,,,28995,0,68496003,4285898,,0,Pólipo do cólon
7129,1012,0,1982-10-19,1982-10-19,,,32020,,,29016,0,408512008,4256640,,0,Alcoolismo relatado pelo paciente
7130,1012,199076,1979-05-29,1979-05-29,,,32020,,,29000,0,79586000,199076,,0,Gravidez tubária
7131,1012,4078393,1979-01-16,1979-01-16,,,32020,,,29001,0,19169002,4078393,,0,Aborto espontâneo na gravidez
7132,1012,439777,1971-08-29,1971-08-29,,,32020,,,29009,0,271737000,439777,,0,Anemia
7133,1012,0,1967-02-14,1967-02-14,,,32020,,,29003,0,162864005,4060985,,0,IMC 30+ - obesidade
7134,1012,257012,1946-11-17,1946-11-17,,,32020,,,29011,0,40055000,257012,,0,Sinusite crônica
7135,1013,4214376,2015-12-08,2015-12-08,,,32020,,,29021,0,80394007,4214376,,0,Hiperglicemia
7136,1013,436940,2004-11-23,2004-11-23,,,32020,,,29024,0,237602007,436940,,0,Síndrome metabólica
7137,1013,4120314,2004-11-23,2004-11-23,,,32020,,,29024,0,302870006,4120314,,0,Hipertrigliceridemia
7138,1013,201826,2001-11-20,2001-11-20,,,32020,,,29022,0,44054006,201826,,0,Diabetes mellitus tipo 2
7139,1013,316866,2001-11-20,2001-11-20,,,32020,,,29022,0,38341003,316866,,0,Hipertensão arterial
7140,1014,40481087,2018-08-23,2018-08-23,2018-09-13,2018-09-13,32020,,,29029,0,444814009,40481087,,0,Infecção viral das vias aéreas superiores
7141,1014,4152936,2009-12-10,2009-12-10,2009-12-31,2009-12-31,32020,,,29033,0,283385000,4152936,,0,Laceração de ombro
7142,1015,40481087,2018-05-04,2018-05-04,2018-05-25,2018-05-25,32020,,,29044,0,444814009,40481087,,0,Infecção viral das vias aéreas superiores
7143,1015,40481087,2018-02-14,2018-02-14,2018-02-28,2018-02-28,32020,,,29038,0,444814009,40481087,,0,Infecção viral das vias aéreas superiores
7144,1015,4112343,2017-10-17,2017-10-17,2017-10-28,2017-10-28,32020,,,29047,0,195662009,4112343,,0,Faringite viral aguda
7145,1015,4294548,2016-12-21,2016-12-21,2017-01-11,2017-01-11,32020,,,29041,0,75498004,4294548,,0,Infecção bacteriana aguda
7146,1015,40481087,2016-04-02,2016-04-02,2016-04-16,2016-04-16,32020,,,29046,0,444814009,40481087,,0,Infecção viral das vias aéreas superiores
7147,1015,260139,2016-03-23,2016-03-23,2016-03-30,2016-03-30,32020,,,29035,0,10509002,260139,,0,Bronquite aguda
7148,1015,28060,2012-10-02,2012-10-02,2012-10-12,2012-10-12,32020,,,29048,0,43878008,28060,,0,Faringite estreptocócica
7149,1015,4296205,2012-08-18,2012-08-18,2012-09-15,2012-09-15,32020,,,29039,0,403191005,4296205,,0,Queimadura solar de segundo grau
7150,1015,0,2009-12-21,2009-12-21,,,32020,,,29043,0,162864005,4060985,,0,IMC 30+ - obesidade
7151,1016,4217975,2018-09-23,2018-09-23,,,32020,,,29088,0,72892002,4217975,,0,Otite média não supurativa
7152,1016,4217975,2017-09-24,2017-09-24,2018-05-13,2018-05-13,32020,,,29081,0,72892002,4217975,,0,Otite média não supurativa
7153,1016,260139,2016-05-29,2016-05-29,2016-06-12,2016-06-12,32020,,,29058,0,10509002,260139,,0,Bronquite aguda
7154,1016,4262136,2012-11-25,2012-11-25,2012-12-09,2012-12-09,32020,,,29076,0,35999006,4262136,,0,Cegueira
7155,1016,4078393,2012-11-25,2012-11-25,,,32020,,,29076,0,19169002,4078393,,0,Aborto espontâneo na gravidez
7156,1016,4217975,2012-11-25,2012-11-25,2012-12-09,2012-12-09,32020,,,29076,0,72892002,4217975,,0,Otite média não supurativa
7157,1016,4217975,2011-11-06,2011-11-06,2012-06-10,2012-06-10,32020,,,29097,0,72892002,4217975,,0,Otite média não supurativa
7158,1016,4217975,2010-04-11,2010-04-11,2010-05-09,2010-05-09,32020,,,29078,0,72892002,4217975,,0,Otite média não supurativa
7159,1016,4112343,2010-01-09,2010-01-09,2010-01-17,2010-01-17,32020,,,29082,0,195662009,4112343,,0,Faringite viral aguda
7160,1016,4112343,2009-03-01,2009-03-01,2009-03-12,2009-03-12,32020,,,29057,0,195662009,4112343,,0,Faringite viral aguda
7161,1016,4217975,2009-02-01,2009-02-01,2009-09-06,2009-09-06,32020,,,29065,0,72892002,4217975,,0,Otite média não supurativa
7162,1016,4217975,2007-12-02,2007-12-02,2008-06-29,2008-06-29,32020,,,29080,0,72892002,4217975,,0,Otite média não supurativa
7163,1016,4217975,1998-12-06,1998-12-06,1999-07-18,1999-07-18,32020,,,29070,0,72892002,4217975,,0,Otite média não supurativa
7164,1017,381316,2003-03-12,2003-03-12,,,32020,,,29144,0,230690007,381316,,0,Acidente vascular cerebral
7165,1017,4217975,2002-08-28,2002-08-28,,,32020,,,29115,0,72892002,4217975,,0,Otite média não supurativa
7166,1017,4217975,2001-03-28,2001-03-28,2001-10-24,2001-10-24,32020,,,29124,0,72892002,4217975,,0,Otite média não supurativa
7167,1017,4217975,1996-05-29,1996-05-29,1997-01-01,1997-01-01,32020,,,29108,0,72892002,4217975,,0,Otite média não supurativa
7168,1017,316866,1994-06-01,1994-06-01,,,32020,,,29140,0,38341003,316866,,0,Hipertensão arterial
7169,1017,81151,1993-11-08,1993-11-08,1993-11-22,1993-11-22,32020,,,29111,0,44465007,81151,,0,Entorse de tornozelo
7170,1018,372328,2013-01-03,2013-01-03,2013-11-12,2013-11-12,32020,,,29173,0,65363002,372328,,0,Otite média
7171,1018,4051466,2012-12-08,2012-12-08,,,32020,,,29175,0,233678006,4051466,,0,Asma na infância
7172,1018,40481087,2012-05-22,2012-05-22,2012-06-05,2012-06-05,32020,,,29171,0,444814009,40481087,,0,Infecção viral das vias aéreas superiores
7173,1018,372328,2012-01-29,2012-01-29,2012-05-08,2012-05-08,32020,,,29170,0,65363002,372328,,0,Otite média
7174,1018,40486433,2011-12-09,2011-12-09,,,32020,,,29165,0,446096008,40486433,,0,Esteatose hepática perivenular
7175,1018,372328,2009-07-30,2009-07-30,2009-11-10,2009-11-10,32020,,,29155,0,65363002,372328,,0,Otite média
7176,1019,257012,2018-12-02,2018-12-02,,,32020,,,29186,0,40055000,257012,,0,Sinusite crônica
7177,1019,4283893,2018-09-09,2018-09-09,,,32020,,,29187,0,36971009,4283893,,0,Sinusite
7178,1019,372328,2010-05-05,2010-05-05,2010-06-06,2010-06-06,32020,,,29178,0,65363002,372328,,0,Otite média
7179,1019,372328,2009-10-02,2009-10-02,2009-12-06,2009-12-06,32020,,,29182,0,65363002,372328,,0,Otite média
7180,1020,260139,1993-11-07,1993-11-07,1993-11-22,1993-11-22,32020,,,29205,0,10509002,260139,,0,Bronquite aguda
7181,1020,40481087,1992-11-12,1992-11-12,1992-12-03,1992-12-03,32020,,,29232,0,444814009,40481087,,0,Infecção viral das vias aéreas superiores
7182,1020,260139,1992-06-14,1992-06-14,1992-06-28,1992-06-28,32020,,,29202,0,10509002,260139,,0,Bronquite aguda
7183,1020,4196262,1992-01-24,1992-01-24,,,32020,,,29251,0,314994000,4196262,,0,Metástase do cólon
7184,1020,4129902,1992-01-24,1992-01-24,,,32020,,,29251,0,126906006,4129902,,0,Neoplasia de bexiga
7185,1020,40481087,1991-09-28,1991-09-28,1991-10-12,1991-10-12,32020,,,29214,0,444814009,40481087,,0,Infecção viral das vias aéreas superiores
7186,1020,4112343,1990-07-27,1990-07-27,1990-08-07,1990-08-07,32020,,,29216,0,195662009,4112343,,0,Faringite viral aguda
7187,1020,381316,1990-04-19,1990-04-19,,,32020,,,29201,0,230690007,381316,,0,Acidente vascular cerebral
7188,1020,4112343,1990-01-14,1990-01-14,1990-01-25,1990-01-25,32020,,,29201,0,195662009,4112343,,0,Faringite viral aguda
7189,1020,4296205,1988-09-19,1988-09-19,1988-10-17,1988-10-17,32020,,,29200,0,403191005,4296205,,0,Queimadura solar de segundo grau
7190,1020,313217,1988-03-31,1988-03-31,,,32020,,,29225,0,49436004,313217,,0,Fibrilação atrial
7191,1020,37017023,1965-12-02,1965-12-02,,,32020,,,29239,0,713197008,37017023,,0,Fibrose cística recorrente
7192,1020,432867,1964-10-08,1964-10-08,,,32020,,,29249,0,55822004,432867,,0,Hiperlipidemia
7193,1020,4285898,1964-10-08,1964-10-08,,,32020,,,29249,0,68496003,4285898,,0,Pólipo do cólon
7194,1020,0,1958-10-23,1958-10-23,,,32020,,,29247,0,162864005,4060985,,0,IMC 30+ - obesidade
7195,1020,316866,1933-08-31,1933-08-31,,,32020,,,29231,0,38341003,316866,,0,Hipertensão arterial
7196,1020,257012,1927-07-02,1927-07-02,,,32020,,,29208,0,40055000,257012,,0,Sinusite crônica
7197,1021,40481087,2017-06-20,2017-06-20,2017-07-11,2017-07-11,32020,,,29273,0,444814009,40481087,,0,Infecção viral das vias aéreas superiores
7198,1021,4112343,2012-11-08,2012-11-08,2012-11-21,2012-11-21,32020,,,29266,0,195662009,4112343,,0,Faringite viral aguda
7199,1021,4113008,2012-11-05,2012-11-05,2012-11-26,2012-11-26,32020,,,29262,0,284549007,4113008,,0,Laceração de mão
7200,1022,40481087,2018-09-16,2018-09-16,2018-10-07,2018-10-07,32020,,,29283,0,444814009,40481087,,0,Infecção viral das vias aéreas superiores
7201,1022,4311629,2018-05-30,2018-05-30,,,32020,,,29325,0,15777000,40316773,,0,Pré-diabetes
7202,1022,257012,2018-05-23,2018-05-23,,,32020,,,29289,0,40055000,257012,,0,Sinusite crônica
7203,1022,4294548,2018-05-02,2018-05-02,2018-08-08,2018-08-08,32020,,,29306,0,75498004,4294548,,0,Infecção bacteriana aguda
7204,1022,40481087,2016-08-27,2016-08-27,2016-09-03,2016-09-03,32020,,,29315,0,444814009,40481087,,0,Infecção viral das vias aéreas superiores
7205,1022,4217975,2015-05-20,2015-05-20,2015-12-16,2015-12-16,32020,,,29294,0,72892002,4217975,,0,Otite média não supurativa
7206,1022,4217975,2013-03-13,2013-03-13,2013-10-16,2013-10-16,32020,,,29290,0,72892002,4217975,,0,Otite média não supurativa
7207,1022,195588,2012-12-27,2012-12-27,2013-01-31,2013-01-31,32020,,,29323,0,38822007,195588,,0,Cistite
7208,1022,40318618,2012-09-26,2012-09-26,2012-10-10,2012-10-10,32020,,,29310,0,156073000,40318618,,0,Obesidade
7209,1022,4078393,2012-09-26,2012-09-26,,,32020,,,29310,0,19169002,4078393,,0,Aborto espontâneo na gravidez
7210,1022,4217975,2012-09-26,2012-09-26,2012-10-10,2012-10-10,32020,,,29310,0,72892002,4217975,,0,Otite média não supurativa
7211,1022,4217975,2010-07-28,2010-07-28,2011-03-09,2011-03-09,32020,,,29300,0,72892002,4217975,,0,Otite média não supurativa
7212,1023,40481087,2017-07-12,2017-07-12,2017-08-02,2017-08-02,32020,,,29327,0,444814009,40481087,,0,Infecção viral das vias aéreas superiores
7213,1023,260139,2016-01-26,2016-01-26,2016-02-09,2016-02-09,32020,,,29340,0,10509002,260139,,0,Bronquite aguda
7214,1023,40481087,2016-01-05,2016-01-05,2016-01-12,2016-01-12,32020,,,29339,0,444814009,40481087,,0,Infecção viral das vias aéreas superiores
7215,1023,4217975,2015-03-13,2015-03-13,2015-09-25,2015-09-25,32020,,,29346,0,72892002,4217975,,0,Otite média não supurativa
7216,1023,4217975,2013-12-27,2013-12-27,2014-07-25,2014-07-25,32020,,,29334,0,72892002,4217975,,0,Otite média não supurativa
7217,1023,40481087,2010-03-14,2010-03-14,2010-03-28,2010-03-28,32020,,,29332,0,444814009,40481087,,0,Infecção viral das vias aéreas superiores
7218,1023,4311629,2005-03-18,2005-03-18,,,32020,,,29356,0,15777000,40316773,,0,Pré-diabetes
7219,1024,4311629,2017-11-12,2017-11-12,,,32020,,,29393,0,15777000,40316773,,0,Pré-diabetes
7220,1024,378001,2017-09-03,2017-09-03,2017-10-03,2017-10-03,32020,,,29380,0,62106007,378001,,0,Concussão com perda de consciência
7221,1024,40481087,2016-07-10,2016-07-10,2016-07-17,2016-07-17,32020,,,29362,0,444814009,40481087,,0,Infecção viral das vias aéreas superiores
7222,1024,192279,2016-07-03,2016-07-03,,,32020,,,29368,0,127013003,192279,,0,Nefropatia diabética
7223,1024,443614,2016-07-03,2016-07-03,,,32020,,,29368,0,431855005,443614,,0,Doença renal crônica estágio 1
7224,1024,40481087,2015-06-19,2015-06-19,2015-07-10,2015-07-10,32020,,,29388,0,444814009,40481087,,0,Infecção viral das vias aéreas superiores
7225,1024,45770830,2014-06-29,2014-06-29,,,32020,,,29397,0,97331000119101,45770830,,0,Obesidade mórbida
7226,1024,43530656,2014-06-29,2014-06-29,,,32020,,,29397,0,1551000119108,43530656,,0,Retinopatia diabética não proliferativa
7227,1024,40481087,2014-06-24,2014-06-24,2014-07-15,2014-07-15,32020,,,29397,0,444814009,40481087,,0,Infecção viral das vias aéreas superiores
7228,1024,4214376,2013-07-28,2013-07-28,,,32020,,,29377,0,80394007,4214376,,0,Hiperglicemia
7229,1024,257012,2004-10-06,2004-10-06,,,32020,,,29367,0,40055000,257012,,0,Sinusite crônica
7230,1024,4226121,2004-07-18,2004-07-18,,,32020,,,29386,0,422034002,4226121,,0,Retinopatia diabética proliferativa
7231,1024,436940,2004-07-18,2004-07-18,,,32020,,,29386,0,237602007,436940,,0,Síndrome metabólica
7232,1024,4120314,2004-07-18,2004-07-18,,,32020,,,29386,0,302870006,4120314,,0,Hipertrigliceridemia
7233,1024,201826,2001-12-30,2001-12-30,,,32020,,,29384,0,44054006,201826,,0,Diabetes mellitus tipo 2
7234,1024,0,1998-12-27,1998-12-27,,,32020,,,29392,0,162864005,4060985,,0,IMC 30+ - obesidade
7235,1024,316866,1991-12-15,1991-12-15,,,32020,,,29371,0,38341003,316866,,0,Hipertensão arterial
7236,1025,260139,2018-07-25,2018-07-25,2018-08-01,2018-08-01,32020,,,29476,0,10509002,260139,,0,Bronquite aguda
7237,1025,4112343,2017-09-30,2017-09-30,2017-10-07,2017-10-07,32020,,,29419,0,195662009,4112343,,0,Faringite viral aguda
7238,1025,4112343,2016-10-21,2016-10-21,2016-11-02,2016-11-02,32020,,,29475,0,195662009,4112343,,0,Faringite viral aguda
7239,1025,4112343,2016-08-08,2016-08-08,2016-08-18,2016-08-18,32020,,,29464,0,195662009,4112343,,0,Faringite viral aguda
7240,1025,260139,2011-09-21,2011-09-21,2011-10-05,2011-10-05,32020,,,29417,0,10509002,260139,,0,Bronquite aguda
7241,1025,4084167,2010-12-23,2010-12-23,2010-12-23,2010-12-23,32020,,,29460,0,241929008,4084167,,0,Reação alérgica a alimento
7242,1025,257012,2009-04-17,2009-04-17,,,32020,,,29428,0,40055000,257012,,0,Sinusite crônica
7243,1025,4283893,2009-03-27,2009-03-27,2009-05-22,2009-05-22,32020,,,29415,0,36971009,4283893,,0,Sinusite
7244,1025,4048171,2006-09-17,2006-09-17,,,32020,,,29437,0,232353008,4048171,,0,Perfuração do tímpano
7245,1026,43530656,2017-05-26,2017-05-26,,,32020,,,29498,0,1551000119108,43530656,,0,Retinopatia diabética não proliferativa
7246,1026,40481087,2017-03-26,2017-03-26,2017-04-09,2017-04-09,32020,,,29489,0,444814009,40481087,,0,Infecção viral das vias aéreas superiores
7247,1026,4285898,2016-02-13,2016-02-13,2017-04-08,2017-04-08,32020,,,29509,0,68496003,4285898,,0,Pólipo do cólon
7248,1026,260139,2011-02-12,2011-02-12,2011-02-19,2011-02-19,32020,,,29493,0,10509002,260139,,0,Bronquite aguda
7249,1026,260139,2009-05-12,2009-05-12,2009-05-19,2009-05-19,32020,,,29511,0,10509002,260139,,0,Bronquite aguda
7250,1026,4226121,2008-04-04,2008-04-04,,,32020,,,29504,0,422034002,4226121,,0,Retinopatia diabética proliferativa
7251,1026,37016354,2001-01-05,2001-01-05,,,32020,,,29499,0,368581000119106,37016354,,0,Neuropatia por diabetes tipo 2
7252,1026,436940,1996-12-27,1996-12-27,,,32020,,,29507,0,237602007,436940,,0,Síndrome metabólica
7253,1026,4120314,1996-12-27,1996-12-27,,,32020,,,29507,0,302870006,4120314,,0,Hipertrigliceridemia
7254,1026,4214376,1996-12-27,1996-12-27,,,32020,,,29507,0,80394007,4214376,,0,Hiperglicemia
7255,1026,201826,1994-12-23,1994-12-23,,,32020,,,29492,0,44054006,201826,,0,Diabetes mellitus tipo 2
7256,1026,4311629,1987-12-11,1987-12-11,,,32020,,,29505,0,15777000,40316773,,0,Pré-diabetes
7257,1026,257012,1982-07-20,1982-07-20,,,32020,,,29490,0,40055000,257012,,0,Sinusite crônica
7258,1026,0,1978-12-01,1978-12-01,,,32020,,,29508,0,162864005,4060985,,0,IMC 30+ - obesidade
7259,1026,0,1955-02-17,1955-02-17,,,32020,,,29501,0,428251008,4323208,,0,Histórico de apendicectomia
7260,1026,440448,1955-02-17,1955-02-17,,,32020,,,29491,0,74400008,440448,,0,Apendicite
7261,1027,40481087,2015-11-03,2015-11-03,2015-11-17,2015-11-17,32020,,,29524,0,444814009,40481087,,0,Infecção viral das vias aéreas superiores
7262,1027,260139,2013-11-17,2013-11-17,2013-11-24,2013-11-24,32020,,,29525,0,10509002,260139,,0,Bronquite aguda
7263,1027,40481087,2013-07-20,2013-07-20,2013-08-10,2013-08-10,32020,,,29518,0,444814009,40481087,,0,Infecção viral das vias aéreas superiores
7264,1027,378001,2012-12-04,2012-12-04,2013-02-02,2013-02-02,32020,,,29528,0,62106007,378001,,0,Concussão com perda de consciência
7265,1027,40481087,2010-09-12,2010-09-12,2010-09-26,2010-09-26,32020,,,29523,0,444814009,40481087,,0,Infecção viral das vias aéreas superiores
7266,1028,4217975,2018-06-04,2018-06-04,2019-01-07,2019-01-07,32020,,,29585,0,72892002,4217975,,0,Otite média não supurativa
7267,1028,28060,2017-09-15,2017-09-15,2017-09-26,2017-09-26,32020,,,29580,0,43878008,28060,,0,Faringite estreptocócica
7268,1028,40481087,2016-07-28,2016-07-28,2016-08-18,2016-08-18,32020,,,29558,0,444814009,40481087,,0,Infecção viral das vias aéreas superiores
7269,1028,4112343,2015-01-20,2015-01-20,2015-01-28,2015-01-28,32020,,,29571,0,195662009,4112343,,0,Faringite viral aguda
7270,1028,0,2006-05-29,2006-05-29,,,32020,,,29551,0,162864005,4060985,,0,IMC 30+ - obesidade
7271,1029,260139,2013-08-10,2013-08-10,2013-08-24,2013-08-24,32020,,,29655,0,10509002,260139,,0,Bronquite aguda
7272,1029,40481087,2013-05-13,2013-05-13,2013-05-27,2013-05-27,32020,,,29657,0,444814009,40481087,,0,Infecção viral das vias aéreas superiores
7273,1029,134438,2012-04-22,2012-04-22,2012-12-19,2012-12-19,32020,,,29636,0,40275004,134438,,0,Dermatite de contato
7274,1029,28060,2010-02-07,2010-02-07,2010-02-17,2010-02-17,32020,,,29599,0,43878008,28060,,0,Faringite estreptocócica
7275,1030,260139,2016-06-15,2016-06-15,2016-06-29,2016-06-29,32020,,,29668,0,10509002,260139,,0,Bronquite aguda
7276,1030,260139,2012-04-07,2012-04-07,2012-04-21,2012-04-21,32020,,,29665,0,10509002,260139,,0,Bronquite aguda
7277,1030,4311629,2005-02-07,2005-02-07,,,32020,,,29673,0,15777000,40316773,,0,Pré-diabetes
7278,1031,260139,2018-10-14,2018-10-14,2018-10-21,2018-10-21,32020,,,29680,0,10509002,260139,,0,Bronquite aguda
7279,1031,40481087,2016-08-30,2016-08-30,2016-09-13,2016-09-13,32020,,,29692,0,444814009,40481087,,0,Infecção viral das vias aéreas superiores
7280,1031,372328,2015-04-17,2015-04-17,2016-05-02,2016-05-02,32020,,,29687,0,65363002,372328,,0,Otite média
7281,1031,4112343,2014-11-03,2014-11-03,2014-11-11,2014-11-11,32020,,,29681,0,195662009,4112343,,0,Faringite viral aguda
7282,1031,372328,2012-09-27,2012-09-27,2012-10-29,2012-10-29,32020,,,29688,0,65363002,372328,,0,Otite média
7283,1031,372328,2012-02-16,2012-02-16,2012-04-30,2012-04-30,32020,,,29691,0,65363002,372328,,0,Otite média
7284,1032,28060,2014-03-31,2014-03-31,2014-04-13,2014-04-13,32020,,,29708,0,43878008,28060,,0,Faringite estreptocócica
7285,1032,40481087,2013-11-04,2013-11-04,2013-11-18,2013-11-18,32020,,,29702,0,444814009,40481087,,0,Infecção viral das vias aéreas superiores
7286,1032,4112343,2013-02-20,2013-02-20,2013-03-04,2013-03-04,32020,,,29699,0,195662009,4112343,,0,Faringite viral aguda
7287,1032,40481087,2009-05-31,2009-05-31,2009-06-21,2009-06-21,32020,,,29696,0,444814009,40481087,,0,Infecção viral das vias aéreas superiores
7288,1032,40481087,2009-02-01,2009-02-01,2009-02-22,2009-02-22,32020,,,29709,0,444814009,40481087,,0,Infecção viral das vias aéreas superiores
7289,1032,372328,2008-03-31,2008-03-31,2009-04-01,2009-04-01,32020,,,29697,0,65363002,372328,,0,Otite média
7290,1033,81151,2013-10-04,2013-10-04,2013-11-01,2013-11-01,32020,,,29718,0,44465007,81151,,0,Entorse de tornozelo
7291,1033,40481087,2013-03-10,2013-03-10,2013-03-17,2013-03-17,32020,,,29721,0,444814009,40481087,,0,Infecção viral das vias aéreas superiores
7292,1033,4113008,2012-10-18,2012-10-18,2012-11-08,2012-11-08,32020,,,29716,0,284549007,4113008,,0,Laceração de mão
7293,1033,40481087,2012-08-15,2012-08-15,2012-09-05,2012-09-05,32020,,,29717,0,444814009,40481087,,0,Infecção viral das vias aéreas superiores
7294,1033,28060,2011-12-11,2011-12-11,2011-12-21,2011-12-21,32020,,,29712,0,43878008,28060,,0,Faringite estreptocócica
7295,1033,40481087,2010-02-13,2010-02-13,2010-02-20,2010-02-20,32020,,,29723,0,444814009,40481087,,0,Infecção viral das vias aéreas superiores
7296,1034,4142905,2015-04-25,2015-04-25,2015-07-24,2015-07-24,32020,,,29730,0,33737001,4142905,,0,Fratura de rádio
7297,1034,0,2003-10-09,2003-10-09,,,32020,,,29732,0,399211009,4163874,,0,Histórico de infarto do miocárdio
7298,1034,4329847,2003-10-09,2003-10-09,,,32020,,,29732,0,22298006,4329847,,0,Infarto do miocárdio
7299,1034,317576,1991-09-26,1991-09-26,,,32020,,,29742,0,53741008,317576,,0,Doença arterial coronariana
7300,1034,4311629,1967-02-09,1967-02-09,,,32020,,,29741,0,15777000,40316773,,0,Pré-diabetes
7301,1034,380378,1965-09-01,1965-09-01,,,32020,,,29728,0,84757009,380378,,0,Epilepsia
7302,1034,0,1965-09-01,1965-09-01,,,32020,,,29728,0,703151001,45766064,,0,Histórico de artroplastia de joelho
7303,1034,4029498,1965-09-01,1965-09-01,,,32020,,,29728,0,128613002,4029498,,0,Transtorno convulsivo
7304,1034,257012,1944-10-31,1944-10-31,,,32020,,,29734,0,40055000,257012,,0,Sinusite crônica
7305,1035,40481087,2016-10-24,2016-10-24,2016-11-14,2016-11-14,32020,,,29791,0,444814009,40481087,,0,Infecção viral das vias aéreas superiores
7306,1035,28060,2015-04-10,2015-04-10,2015-04-20,2015-04-20,32020,,,29801,0,43878008,28060,,0,Faringite estreptocócica
7307,1035,40481087,2014-08-24,2014-08-24,2014-08-31,2014-08-31,32020,,,29758,0,444814009,40481087,,0,Infecção viral das vias aéreas superiores
7308,1035,4112343,2011-10-12,2011-10-12,2011-10-25,2011-10-25,32020,,,29772,0,195662009,4112343,,0,Faringite viral aguda
7309,1035,28060,2009-12-06,2009-12-06,2009-12-17,2009-12-17,32020,,,29748,0,43878008,28060,,0,Faringite estreptocócica
7310,1035,257012,1996-06-06,1996-06-06,,,32020,,,29786,0,40055000,257012,,0,Sinusite crônica
7311,1035,80809,1978-05-11,1978-05-11,,,32020,,,29789,0,69896004,80809,,0,Artrite reumatoide
7312,1035,381316,1972-02-26,1972-02-26,,,32020,,,29762,0,230690007,381316,,0,Acidente vascular cerebral
7313,1035,432867,1967-02-04,1967-02-04,,,32020,,,29815,0,55822004,432867,,0,Hiperlipidemia
7314,1035,0,1946-03-02,1946-03-02,,,32020,,,29751,0,162864005,4060985,,0,IMC 30+ - obesidade
7315,1035,316866,1929-05-04,1929-05-04,,,32020,,,29810,0,38341003,316866,,0,Hipertensão arterial
7316,1036,40481087,2018-12-19,2018-12-19,2018-12-26,2018-12-26,32020,,,29823,0,444814009,40481087,,0,Infecção viral das vias aéreas superiores
7317,1036,260139,2018-03-02,2018-03-02,2018-03-16,2018-03-16,32020,,,29824,0,10509002,260139,,0,Bronquite aguda
7318,1036,4218389,2010-10-12,2010-10-12,2010-11-02,2010-11-02,32020,,,29837,0,39848009,4218389,,0,Lesão em chicote do pescoço
7319,1036,4112343,2010-05-15,2010-05-15,2010-05-22,2010-05-22,32020,,,29828,0,195662009,4112343,,0,Faringite viral aguda
7320,1036,4311629,2000-10-21,2000-10-21,,,32020,,,29838,0,15777000,40316773,,0,Pré-diabetes
7321,1036,0,1998-10-17,1998-10-17,,,32020,,,29839,0,408512008,4256640,,0,Alcoolismo relatado pelo paciente
7322,1036,0,1975-04-26,1975-04-26,,,32020,,,29827,0,162864005,4060985,,0,IMC 30+ - obesidade
7323,1037,4112343,2016-07-28,2016-07-28,2016-08-07,2016-08-07,32020,,,29849,0,195662009,4112343,,0,Faringite viral aguda
7324,1037,260139,2011-01-16,2011-01-16,2011-01-30,2011-01-30,32020,,,29848,0,10509002,260139,,0,Bronquite aguda
7325,1038,381316,2017-01-14,2017-01-14,,,32020,,,29866,0,230690007,381316,,0,Acidente vascular cerebral
7326,1038,28060,2012-04-13,2012-04-13,2012-04-24,2012-04-24,32020,,,29862,0,43878008,28060,,0,Faringite estreptocócica
7327,1038,4311629,1993-07-24,1993-07-24,,,32020,,,29880,0,15777000,40316773,,0,Pré-diabetes
7328,1038,4208104,1991-11-21,1991-11-21,,,32020,,,29871,0,55680006,4208104,,0,Overdose de droga
7329,1038,436096,1990-03-14,1990-03-14,,,32020,,,29890,0,82423001,436096,,0,Dor crônica
7330,1038,43530652,1990-02-05,1990-02-05,,,32020,,,29884,0,124171000119105,43530652,,0,Nefropatia diabética crônica
7331,1038,0,1989-09-09,1989-09-09,,,32020,,,29886,0,408512008,4256640,,0,Alcoolismo relatado pelo paciente
7332,1038,257012,1974-03-26,1974-03-26,,,32020,,,29896,0,40055000,257012,,0,Sinusite crônica
7333,1038,0,1972-11-11,1972-11-11,,,32020,,,29853,0,162864005,4060985,,0,IMC 30+ - obesidade
7334,1039,4278672,2018-10-28,2018-10-28,,,32020,,,29909,0,65966004,4278672,,0,Fratura do fêmur
7335,1039,260139,2013-12-20,2013-12-20,2013-12-27,2013-12-27,32020,,,29905,0,10509002,260139,,0,Bronquite aguda
7336,1039,4296204,2013-01-22,2013-01-22,2013-02-26,2013-02-26,32020,,,29910,0,403190006,4296204,,0,Queimadura solar de primeiro grau
7337,1039,81151,2010-01-17,2010-01-17,2010-02-07,2010-02-07,32020,,,29907,0,44465007,81151,,0,Entorse de tornozelo
7338,1039,4311629,2008-08-05,2008-08-05,,,32020,,,29902,0,15777000,40316773,,0,Pré-diabetes
7339,1039,4078393,2001-01-09,2001-01-09,,,32020,,,29901,0,19169002,4078393,,0,Aborto espontâneo na gravidez
7340,1040,257012,2018-08-11,2018-08-11,,,32020,,,29913,0,40055000,257012,,0,Sinusite crônica
7341,1040,4294548,2018-07-14,2018-07-14,2018-08-25,2018-08-25,32020,,,29919,0,75498004,4294548,,0,Infecção bacteriana aguda
7342,1040,378001,2014-07-28,2014-07-28,2014-09-26,2014-09-26,32020,,,29914,0,62106007,378001,,0,Concussão com perda de consciência
7343,1042,4112343,2017-12-27,2017-12-27,2018-01-03,2018-01-03,32020,,,29942,0,195662009,4112343,,0,Faringite viral aguda
7344,1042,40481087,2013-09-12,2013-09-12,2013-09-26,2013-09-26,32020,,,29953,0,444814009,40481087,,0,Infecção viral das vias aéreas superiores
7345,1042,4112343,2012-11-06,2012-11-06,2012-11-19,2012-11-19,32020,,,29932,0,195662009,4112343,,0,Faringite viral aguda
7346,1042,40481087,2012-05-28,2012-05-28,2012-06-11,2012-06-11,32020,,,29936,0,444814009,40481087,,0,Infecção viral das vias aéreas superiores
7347,1042,4043241,2011-04-10,2011-04-10,,,32020,,,29940,0,230265002,4043241,,0,Enxaqueca sem aura
7348,1042,0,1984-04-22,1984-04-22,,,32020,,,29931,0,162864005,4060985,,0,IMC 30+ - obesidade
7349,1043,81151,2015-09-21,2015-09-21,2015-10-12,2015-10-12,32020,,,29960,0,44465007,81151,,0,Entorse de tornozelo
7350,1043,28060,2015-07-14,2015-07-14,2015-07-24,2015-07-24,32020,,,29971,0,43878008,28060,,0,Faringite estreptocócica
7351,1043,4283893,2013-09-03,2013-09-03,2013-09-24,2013-09-24,32020,,,29966,0,36971009,4283893,,0,Sinusite
7352,1043,4278672,2011-11-11,2011-11-11,2011-12-11,2011-12-11,32020,,,29954,0,65966004,4278672,,0,Fratura do fêmur
7353,1043,40481087,2011-05-05,2011-05-05,2011-05-12,2011-05-12,32020,,,29970,0,444814009,40481087,,0,Infecção viral das vias aéreas superiores
7354,1043,40481087,2010-07-24,2010-07-24,2010-07-31,2010-07-31,32020,,,29967,0,444814009,40481087,,0,Infecção viral das vias aéreas superiores
7355,1044,4112343,2013-07-05,2013-07-05,2013-07-18,2013-07-18,32020,,,29972,0,195662009,4112343,,0,Faringite viral aguda
7356,1044,0,2009-01-16,2009-01-16,,,32020,,,29974,0,162864005,4060985,,0,IMC 30+ - obesidade
7357,1045,372328,2018-03-07,2018-03-07,2018-06-17,2018-06-17,32020,,,29983,0,65363002,372328,,0,Otite média
7358,1046,4134304,2016-02-11,2016-02-11,2016-05-11,2016-05-11,32020,,,30007,0,263102004,4134304,,0,Ruptura de menisco
7359,1046,375671,2015-02-16,2015-02-16,2015-04-17,2015-04-17,32020,,,29994,0,62564004,375671,,0,Concussão sem perda de consciência
7360,1046,40481087,2014-12-08,2014-12-08,2014-12-22,2014-12-22,32020,,,29988,0,444814009,40481087,,0,Infecção viral das vias aéreas superiores
7361,1046,40481087,2014-04-28,2014-04-28,2014-05-05,2014-05-05,32020,,,29991,0,444814009,40481087,,0,Infecção viral das vias aéreas superiores
7362,1047,40481087,2017-05-29,2017-05-29,2017-06-19,2017-06-19,32020,,,30016,0,444814009,40481087,,0,Infecção viral das vias aéreas superiores
7363,1047,78272,2011-02-23,2011-02-23,2011-03-30,2011-03-30,32020,,,30014,0,70704007,78272,,0,Entorse de punho
7364,1047,4280726,1986-07-23,1986-07-23,,,32020,,,30017,0,367498001,4280726,,0,Gripe sazonal
7365,1048,260139,2011-04-28,2011-04-28,2011-05-12,2011-05-12,32020,,,30021,0,10509002,260139,,0,Bronquite aguda
7366,1048,440086,2009-06-11,2009-06-11,2014-06-20,2014-06-20,32020,,,30019,0,192127007,440086,,0,Transtorno do espectro autista infantil
7367,1049,4155034,2016-01-03,2016-01-03,2016-01-17,2016-01-17,32020,,,30029,0,283371005,4155034,,0,Laceração de antebraço
7368,1049,40481087,2015-09-03,2015-09-03,2015-09-10,2015-09-10,32020,,,30037,0,444814009,40481087,,0,Infecção viral das vias aéreas superiores
7369,1049,260139,2014-01-03,2014-01-03,2014-01-17,2014-01-17,32020,,,30033,0,10509002,260139,,0,Bronquite aguda
7370,1049,4112343,2009-05-07,2009-05-07,2009-05-16,2009-05-16,32020,,,30031,0,195662009,4112343,,0,Faringite viral aguda
7371,1050,4217975,2018-12-15,2018-12-15,,,32020,,,30042,0,72892002,4217975,,0,Otite média não supurativa
7372,1050,4217975,2018-06-16,2018-06-16,2018-07-07,2018-07-07,32020,,,30066,0,72892002,4217975,,0,Otite média não supurativa
7373,1050,4112343,2018-02-21,2018-02-21,2018-03-06,2018-03-06,32020,,,30047,0,195662009,4112343,,0,Faringite viral aguda
7374,1050,40481087,2018-02-19,2018-02-19,2018-02-26,2018-02-26,32020,,,30078,0,444814009,40481087,,0,Infecção viral das vias aéreas superiores
7375,1050,137613,2017-08-26,2017-08-26,2017-09-16,2017-09-16,32020,,,30083,0,198992004,137613,,0,Pré-eclâmpsia leve
7376,1050,4112343,2017-06-15,2017-06-15,2017-06-22,2017-06-22,32020,,,30063,0,195662009,4112343,,0,Faringite viral aguda
7377,1050,4217975,2017-02-11,2017-02-11,2017-09-16,2017-09-16,32020,,,30060,0,72892002,4217975,,0,Otite média não supurativa
7378,1050,40481087,2015-03-14,2015-03-14,2015-03-28,2015-03-28,32020,,,30041,0,444814009,40481087,,0,Infecção viral das vias aéreas superiores
7379,1050,4217975,2014-05-31,2014-05-31,2015-01-03,2015-01-03,32020,,,30064,0,72892002,4217975,,0,Otite média não supurativa
7380,1050,40481087,2013-02-25,2013-02-25,2013-03-18,2013-03-18,32020,,,30040,0,444814009,40481087,,0,Infecção viral das vias aéreas superiores
7381,1050,40481087,2011-12-10,2011-12-10,2011-12-24,2011-12-24,32020,,,30070,0,444814009,40481087,,0,Infecção viral das vias aéreas superiores
7382,1050,81151,2010-11-09,2010-11-09,2010-12-14,2010-12-14,32020,,,30062,0,44465007,81151,,0,Entorse de tornozelo
7383,1051,257012,2018-12-02,2018-12-02,,,32020,,,30092,0,40055000,257012,,0,Sinusite crônica
7384,1051,4283893,2018-11-11,2018-11-11,,,32020,,,30086,0,36971009,4283893,,0,Sinusite
7385,1051,4112343,2017-04-04,2017-04-04,2017-04-12,2017-04-12,32020,,,30098,0,195662009,4112343,,0,Faringite viral aguda
7386,1051,4079750,2016-06-25,2016-06-25,,,32020,,,30094,0,239873007,4079750,,0,Osteoartrite do joelho
7387,1051,4112343,2015-10-30,2015-10-30,2015-11-10,2015-11-10,32020,,,30099,0,195662009,4112343,,0,Faringite viral aguda
7388,1051,4112343,2013-09-29,2013-09-29,2013-10-06,2013-10-06,32020,,,30095,0,195662009,4112343,,0,Faringite viral aguda
7389,1051,40481087,2013-05-21,2013-05-21,2013-06-04,2013-06-04,32020,,,30100,0,444814009,40481087,,0,Infecção viral das vias aéreas superiores
7390,1051,40481087,2010-07-14,2010-07-14,2010-07-28,2010-07-28,32020,,,30097,0,444814009,40481087,,0,Infecção viral das vias aéreas superiores
7391,1051,0,1996-07-16,1996-07-16,,,32020,,,30103,0,408512008,4256640,,0,Alcoolismo relatado pelo paciente
7392,1051,0,1975-08-05,1975-08-05,,,32020,,,30085,0,162864005,4060985,,0,IMC 30+ - obesidade
7393,1052,40481087,2009-11-09,2009-11-09,2009-11-30,2009-11-30,32020,,,30109,0,444814009,40481087,,0,Infecção viral das vias aéreas superiores
7394,1052,4311629,1996-10-07,1996-10-07,,,32020,,,30107,0,15777000,40316773,,0,Pré-diabetes
7395,1052,316866,1987-06-01,1987-06-01,,,32020,,,30112,0,38341003,316866,,0,Hipertensão arterial
7396,1054,40481087,2016-05-04,2016-05-04,2016-05-11,2016-05-11,32020,,,30123,0,444814009,40481087,,0,Infecção viral das vias aéreas superiores
7397,1054,78272,2016-03-27,2016-03-27,2016-05-01,2016-05-01,32020,,,30116,0,70704007,78272,,0,Entorse de punho
7398,1054,372328,2012-07-16,2012-07-16,2012-10-28,2012-10-28,32020,,,30129,0,65363002,372328,,0,Otite média
7399,1055,40481087,2018-05-15,2018-05-15,2018-05-29,2018-05-29,32020,,,30147,0,444814009,40481087,,0,Infecção viral das vias aéreas superiores
7400,1055,40481087,2011-02-05,2011-02-05,2011-02-12,2011-02-12,32020,,,30163,0,444814009,40481087,,0,Infecção viral das vias aéreas superiores
7401,1055,4217975,2010-12-11,2010-12-11,2011-07-17,2011-07-17,32020,,,30166,0,72892002,4217975,,0,Otite média não supurativa
7402,1055,4217975,2010-01-09,2010-01-09,2010-08-08,2010-08-08,32020,,,30139,0,72892002,4217975,,0,Otite média não supurativa
7403,1055,4112343,2009-12-03,2009-12-03,2009-12-16,2009-12-16,32020,,,30157,0,195662009,4112343,,0,Faringite viral aguda
7404,1055,0,2003-06-08,2003-06-08,,,32020,,,30159,0,162864005,4060985,,0,IMC 30+ - obesidade
7405,1055,316866,1983-09-18,1983-09-18,,,32020,,,30153,0,38341003,316866,,0,Hipertensão arterial
7406,1056,4112343,2018-06-28,2018-06-28,2018-07-09,2018-07-09,32020,,,30187,0,195662009,4112343,,0,Faringite viral aguda
7407,1056,40481087,2017-02-05,2017-02-05,2017-02-19,2017-02-19,32020,,,30196,0,444814009,40481087,,0,Infecção viral das vias aéreas superiores
7408,1056,436940,2011-05-19,2011-05-19,,,32020,,,30193,0,237602007,436940,,0,Síndrome metabólica
7409,1056,4120314,2011-05-19,2011-05-19,,,32020,,,30193,0,302870006,4120314,,0,Hipertrigliceridemia
7410,1056,4214376,2011-05-19,2011-05-19,,,32020,,,30193,0,80394007,4214376,,0,Hiperglicemia
7411,1056,37016354,2009-05-14,2009-05-14,,,32020,,,30181,0,368581000119106,37016354,,0,Neuropatia por diabetes tipo 2
7412,1056,201826,2009-05-14,2009-05-14,,,32020,,,30181,0,44054006,201826,,0,Diabetes mellitus tipo 2
7413,1056,0,2007-05-10,2007-05-10,,,32020,,,30190,0,162864005,4060985,,0,IMC 30+ - obesidade
7414,1056,317576,2005-05-05,2005-05-05,,,32020,,,30186,0,53741008,317576,,0,Doença arterial coronariana
7415,1056,43530652,2002-10-19,2002-10-19,,,32020,,,30194,0,124171000119105,43530652,,0,Nefropatia diabética crônica
7416,1056,257012,1972-02-10,1972-02-10,,,32020,,,30195,0,40055000,257012,,0,Sinusite crônica
7417,1057,4294548,2013-01-12,2013-01-12,2013-04-06,2013-04-06,32020,,,30202,0,75498004,4294548,,0,Infecção bacteriana aguda
7418,1057,257012,2005-03-13,2005-03-13,,,32020,,,30221,0,40055000,257012,,0,Sinusite crônica
7419,1057,0,1990-08-06,1990-08-06,,,32020,,,30204,0,408512008,4256640,,0,Alcoolismo relatado pelo paciente
7420,1057,4079750,1987-09-01,1987-09-01,,,32020,,,30213,0,239873007,4079750,,0,Osteoartrite do joelho
7421,1057,0,1974-04-22,1974-04-22,,,32020,,,30206,0,162864005,4060985,,0,IMC 30+ - obesidade
7422,1057,380378,1960-09-07,1960-09-07,,,32020,,,30209,0,84757009,380378,,0,Epilepsia
7423,1057,0,1960-09-07,1960-09-07,,,32020,,,30209,0,703151001,45766064,,0,Histórico de artroplastia de joelho
7424,1057,4029498,1960-09-07,1960-09-07,,,32020,,,30209,0,128613002,4029498,,0,Transtorno convulsivo
7425,1058,4217975,2018-11-27,2018-11-27,,,32020,,,30242,0,72892002,4217975,,0,Otite média não supurativa
7426,1058,4112343,2013-07-05,2013-07-05,2013-07-16,2013-07-16,32020,,,30222,0,195662009,4112343,,0,Faringite viral aguda
7427,1058,4217975,2012-05-01,2012-05-01,2012-12-11,2012-12-11,32020,,,30243,0,72892002,4217975,,0,Otite média não supurativa
7428,1058,4152936,2010-06-06,2010-06-06,2010-06-27,2010-06-27,32020,,,30236,0,283385000,4152936,,0,Laceração de ombro
7429,1058,4217975,2007-10-09,2007-10-09,2008-05-06,2008-05-06,32020,,,30229,0,72892002,4217975,,0,Otite média não supurativa
7430,1058,4217975,2006-05-02,2006-05-02,2006-12-05,2006-12-05,32020,,,30224,0,72892002,4217975,,0,Otite média não supurativa
7431,1058,0,2005-09-27,2005-09-27,,,32020,,,30248,0,162864005,4060985,,0,IMC 30+ - obesidade
7432,1058,4217975,2003-09-09,2003-09-09,2004-04-06,2004-04-06,32020,,,30251,0,72892002,4217975,,0,Otite média não supurativa
7433,1059,40481087,2012-02-14,2012-02-14,2012-02-21,2012-02-21,32020,,,30262,0,444814009,40481087,,0,Infecção viral das vias aéreas superiores
7434,1059,257012,2007-12-04,2007-12-04,,,32020,,,30257,0,40055000,257012,,0,Sinusite crônica
7435,1059,0,2004-11-18,2004-11-18,,,32020,,,30259,0,162864005,4060985,,0,IMC 30+ - obesidade
7436,1060,372328,2018-07-24,2018-07-24,2018-12-03,2018-12-03,32020,,,30268,0,65363002,372328,,0,Otite média
7437,1060,260139,2017-11-27,2017-11-27,2017-12-04,2017-12-04,32020,,,30265,0,10509002,260139,,0,Bronquite aguda
7438,1060,40481087,2017-06-08,2017-06-08,2017-06-22,2017-06-22,32020,,,30270,0,444814009,40481087,,0,Infecção viral das vias aéreas superiores
7439,1061,0,2016-10-25,2016-10-25,,,32020,,,30295,0,162864005,4060985,,0,IMC 30+ - obesidade
7440,1061,40481087,2016-10-24,2016-10-24,2016-11-07,2016-11-07,32020,,,30295,0,444814009,40481087,,0,Infecção viral das vias aéreas superiores
7441,1061,4112343,2013-07-15,2013-07-15,2013-07-24,2013-07-24,32020,,,30305,0,195662009,4112343,,0,Faringite viral aguda
7442,1061,4208104,2010-11-01,2010-11-01,,,32020,,,30309,0,55680006,4208104,,0,Overdose de droga
7443,1061,43530652,2006-01-13,2006-01-13,,,32020,,,30316,0,124171000119105,43530652,,0,Nefropatia diabética crônica
7444,1061,4055754,2005-09-26,2005-09-26,,,32020,,,30306,0,196416002,4055754,,0,Esofagite por refluxo
7445,1061,436096,2005-07-07,2005-07-07,,,32020,,,30296,0,82423001,436096,,0,Dor crônica
7446,1062,40481087,2016-07-19,2016-07-19,2016-08-02,2016-08-02,32020,,,30333,0,444814009,40481087,,0,Infecção viral das vias aéreas superiores
7447,1062,40481087,2016-05-21,2016-05-21,2016-06-11,2016-06-11,32020,,,30324,0,444814009,40481087,,0,Infecção viral das vias aéreas superiores
7448,1062,4152936,2015-02-20,2015-02-20,2015-03-13,2015-03-13,32020,,,30334,0,283385000,4152936,,0,Laceração de ombro
7449,1062,4112343,2013-02-08,2013-02-08,2013-02-17,2013-02-17,32020,,,30322,0,195662009,4112343,,0,Faringite viral aguda
7450,1062,40481087,2011-08-25,2011-08-25,2011-09-08,2011-09-08,32020,,,30325,0,444814009,40481087,,0,Infecção viral das vias aéreas superiores
7451,1062,0,2009-04-25,2009-04-25,,,32020,,,30326,0,162864005,4060985,,0,IMC 30+ - obesidade
7452,1062,316866,2008-04-19,2008-04-19,,,32020,,,30323,0,38341003,316866,,0,Hipertensão arterial
7453,1062,4048171,1994-03-02,1994-03-02,,,32020,,,30332,0,232353008,4048171,,0,Perfuração do tímpano
7454,1063,372328,2016-09-11,2016-09-11,2017-02-23,2017-02-23,32020,,,30353,0,65363002,372328,,0,Otite média
7455,1063,40481087,2015-11-30,2015-11-30,2015-12-14,2015-12-14,32020,,,30342,0,444814009,40481087,,0,Infecção viral das vias aéreas superiores
7456,1063,4112343,2015-05-31,2015-05-31,2015-06-10,2015-06-10,32020,,,30350,0,195662009,4112343,,0,Faringite viral aguda
7457,1063,372328,2014-12-30,2014-12-30,2015-02-19,2015-02-19,32020,,,30341,0,65363002,372328,,0,Otite média
7458,1063,4059173,2014-12-30,2014-12-30,2015-02-28,2015-02-28,32020,,,30356,0,16114001,4059173,,0,Fratura de tornozelo
7459,1063,40481087,2013-06-16,2013-06-16,2013-07-07,2013-07-07,32020,,,30357,0,444814009,40481087,,0,Infecção viral das vias aéreas superiores
7460,1064,4156265,2005-12-30,2005-12-30,2006-01-13,2006-01-13,32020,,,30380,0,370247008,4156265,,0,Lesão facial
7461,1064,40481087,2004-06-09,2004-06-09,2004-06-16,2004-06-16,32020,,,30378,0,444814009,40481087,,0,Infecção viral das vias aéreas superiores
7462,1064,260139,2004-01-06,2004-01-06,2004-01-13,2004-01-13,32020,,,30363,0,10509002,260139,,0,Bronquite aguda
7463,1064,40481087,2003-03-02,2003-03-02,2003-03-09,2003-03-09,32020,,,30367,0,444814009,40481087,,0,Infecção viral das vias aéreas superiores
7464,1064,381316,2002-11-11,2002-11-11,,,32020,,,,0,230690007,381316,,0,Acidente vascular cerebral
7465,1064,260139,2002-09-29,2002-09-29,2002-10-06,2002-10-06,32020,,,30382,0,10509002,260139,,0,Bronquite aguda
7466,1064,4112343,1999-10-18,1999-10-18,1999-10-27,1999-10-27,32020,,,30383,0,195662009,4112343,,0,Faringite viral aguda
7467,1064,40481087,1997-06-17,1997-06-17,1997-06-24,1997-06-24,32020,,,30360,0,444814009,40481087,,0,Infecção viral das vias aéreas superiores
7468,1064,4156265,1997-05-02,1997-05-02,1997-05-16,1997-05-16,32020,,,30373,0,370247008,4156265,,0,Lesão facial
7469,1064,80502,1991-04-01,1991-04-01,,,32020,,,30377,0,64859006,80502,,0,Osteoporose
7470,1064,313217,1988-05-23,1988-05-23,,,32020,,,30372,0,49436004,313217,,0,Fibrilação atrial
7471,1064,4079750,1953-09-15,1953-09-15,,,32020,,,30371,0,239873007,4079750,,0,Osteoartrite do joelho
7472,1064,4311629,1942-01-12,1942-01-12,,,32020,,,30366,0,15777000,40316773,,0,Pré-diabetes
7473,1065,436096,2013-10-21,2013-10-21,,,32020,,,30393,0,82423001,436096,,0,Dor crônica
7474,1065,316866,2013-08-13,2013-08-13,,,32020,,,30389,0,38341003,316866,,0,Hipertensão arterial
7475,1065,257012,2012-05-18,2012-05-18,,,32020,,,30391,0,40055000,257012,,0,Sinusite crônica
7476,1065,4294548,2012-04-06,2012-04-06,2012-06-08,2012-06-08,32020,,,30385,0,75498004,4294548,,0,Infecção bacteriana aguda
7477,1065,78272,2011-04-18,2011-04-18,2011-05-09,2011-05-09,32020,,,30388,0,70704007,78272,,0,Entorse de punho
7478,1066,378419,2018-01-18,2018-01-18,,,32020,,,30401,0,26929004,378419,,0,Doença de Alzheimer
7479,1066,4156265,2017-02-10,2017-02-10,2017-02-24,2017-02-24,32020,,,30399,0,370247008,4156265,,0,Lesão facial
7480,1066,260139,2014-05-24,2014-05-24,2014-05-31,2014-05-31,32020,,,30396,0,10509002,260139,,0,Bronquite aguda
7481,1066,0,1950-10-19,1950-10-19,,,32020,,,30397,0,429007001,4324181,,0,Histórico de infarto
7482,1066,321042,1950-10-19,1950-10-19,,,32020,,,30397,0,410429000,321042,,0,Parada cardíaca
7483,1066,0,1941-05-29,1941-05-29,,,32020,,,30395,0,703151001,45766064,,0,Histórico de artroplastia de joelho
7484,1066,4029498,1941-05-29,1941-05-29,,,32020,,,30395,0,128613002,4029498,,0,Transtorno convulsivo
7485,1067,4078393,2017-02-13,2017-02-13,,,32020,,,30415,0,19169002,4078393,,0,Aborto espontâneo na gravidez
7486,1067,4217975,2017-02-13,2017-02-13,2017-03-06,2017-03-06,32020,,,30415,0,72892002,4217975,,0,Otite média não supurativa
7487,1067,4217975,2013-08-12,2013-08-12,2014-03-17,2014-03-17,32020,,,30436,0,72892002,4217975,,0,Otite média não supurativa
7488,1067,260139,2011-09-18,2011-09-18,2011-10-02,2011-10-02,32020,,,30412,0,10509002,260139,,0,Bronquite aguda
7489,1067,40481087,2010-02-01,2010-02-01,2010-02-22,2010-02-22,32020,,,30438,0,444814009,40481087,,0,Infecção viral das vias aéreas superiores
7490,1067,28060,2009-07-26,2009-07-26,2009-08-04,2009-08-04,32020,,,30434,0,43878008,28060,,0,Faringite estreptocócica
7491,1067,0,2006-10-23,2006-10-23,,,32020,,,30437,0,162864005,4060985,,0,IMC 30+ - obesidade
7492,1068,381316,2004-05-28,2004-05-28,,,32020,,,30481,0,230690007,381316,,0,Acidente vascular cerebral
7493,1068,40481087,2004-04-05,2004-04-05,2004-04-26,2004-04-26,32020,,,30443,0,444814009,40481087,,0,Infecção viral das vias aéreas superiores
7494,1068,40481087,2000-12-02,2000-12-02,2000-12-16,2000-12-16,32020,,,30479,0,444814009,40481087,,0,Infecção viral das vias aéreas superiores
7495,1068,4109685,1999-09-08,1999-09-08,1999-09-29,1999-09-29,32020,,,30473,0,284551006,4109685,,0,Laceração de pé
7496,1068,40481087,1998-12-17,1998-12-17,1999-01-07,1999-01-07,32020,,,30441,0,444814009,40481087,,0,Infecção viral das vias aéreas superiores
7497,1068,40481087,1996-12-04,1996-12-04,1996-12-18,1996-12-18,32020,,,30453,0,444814009,40481087,,0,Infecção viral das vias aéreas superiores
7498,1068,4208104,1995-02-20,1995-02-20,,,32020,,,30470,0,55680006,4208104,,0,Overdose de droga
7499,1068,43530652,1990-07-21,1990-07-21,,,32020,,,30442,0,124171000119105,43530652,,0,Nefropatia diabética crônica
7500,1068,436096,1990-03-13,1990-03-13,,,32020,,,30446,0,82423001,436096,,0,Dor crônica
7501,1068,4055754,1990-02-04,1990-02-04,,,32020,,,30463,0,196416002,4055754,,0,Esofagite por refluxo
7502,1068,313217,1990-01-19,1990-01-19,,,32020,,,30482,0,49436004,313217,,0,Fibrilação atrial
7503,1068,4311629,1945-06-01,1945-06-01,,,32020,,,30478,0,15777000,40316773,,0,Pré-diabetes
7504,1068,316866,1941-05-23,1941-05-23,,,32020,,,30459,0,38341003,316866,,0,Hipertensão arterial
7505,1068,380378,1940-08-13,1940-08-13,,,32020,,,30474,0,84757009,380378,,0,Epilepsia
7506,1068,0,1940-08-13,1940-08-13,,,32020,,,30474,0,703151001,45766064,,0,Histórico de artroplastia de joelho
7507,1068,4029498,1940-08-13,1940-08-13,,,32020,,,30474,0,128613002,4029498,,0,Transtorno convulsivo
7508,1068,257012,1924-02-19,1924-02-19,,,32020,,,30485,0,40055000,257012,,0,Sinusite crônica
7509,1069,372328,2014-07-25,2014-07-25,2015-07-01,2015-07-01,32020,,,30508,0,65363002,372328,,0,Otite média
7510,1069,372328,2013-07-12,2013-07-12,2014-06-25,2014-06-25,32020,,,30494,0,65363002,372328,,0,Otite média
7511,1069,4112343,2013-06-10,2013-06-10,2013-06-23,2013-06-23,32020,,,30498,0,195662009,4112343,,0,Faringite viral aguda
7512,1069,260139,2012-09-27,2012-09-27,2012-10-11,2012-10-11,32020,,,30511,0,10509002,260139,,0,Bronquite aguda
7513,1069,372328,2011-07-04,2011-07-04,2011-09-21,2011-09-21,32020,,,30503,0,65363002,372328,,0,Otite média
7514,1069,4218389,2011-04-05,2011-04-05,2011-05-10,2011-05-10,32020,,,30488,0,39848009,4218389,,0,Lesão em chicote do pescoço
7515,1069,40481087,2011-01-13,2011-01-13,2011-02-03,2011-02-03,32020,,,30515,0,444814009,40481087,,0,Infecção viral das vias aéreas superiores
7516,1069,28060,2009-07-16,2009-07-16,2009-07-27,2009-07-27,32020,,,30504,0,43878008,28060,,0,Faringite estreptocócica
7517,1070,4217975,2018-12-29,2018-12-29,,,32020,,,30532,0,72892002,4217975,,0,Otite média não supurativa
7518,1070,40481087,2014-06-25,2014-06-25,2014-07-02,2014-07-02,32020,,,30581,0,444814009,40481087,,0,Infecção viral das vias aéreas superiores
7519,1070,0,2011-08-06,2011-08-06,,,32020,,,30552,0,408512008,4256640,,0,Alcoolismo relatado pelo paciente
7520,1070,4155034,2009-09-29,2009-09-29,2009-10-13,2009-10-13,32020,,,30566,0,283371005,4155034,,0,Laceração de antebraço
7521,1070,4217975,1999-10-30,1999-10-30,2000-06-17,2000-06-17,32020,,,30549,0,72892002,4217975,,0,Otite média não supurativa
7522,1070,4217975,1997-11-08,1997-11-08,1997-12-06,1997-12-06,32020,,,30569,0,72892002,4217975,,0,Otite média não supurativa
7523,1070,4217975,1997-02-08,1997-02-08,1997-03-08,1997-03-08,32020,,,30531,0,72892002,4217975,,0,Otite média não supurativa
7524,1070,0,1995-04-08,1995-04-08,,,32020,,,30556,0,162864005,4060985,,0,IMC 30+ - obesidade
7525,1070,4217975,1993-03-13,1993-03-13,1993-10-23,1993-10-23,32020,,,30577,0,72892002,4217975,,0,Otite média não supurativa
7526,1070,4217975,1991-06-08,1991-06-08,1991-06-29,1991-06-29,32020,,,30579,0,72892002,4217975,,0,Otite média não supurativa
7527,1070,4217975,1990-06-16,1990-06-16,1991-01-19,1991-01-19,32020,,,30536,0,72892002,4217975,,0,Otite média não supurativa
7528,1070,4217975,1987-11-14,1987-11-14,1988-06-18,1988-06-18,32020,,,30554,0,72892002,4217975,,0,Otite média não supurativa
7529,1070,257012,1977-07-23,1977-07-23,,,32020,,,30537,0,40055000,257012,,0,Sinusite crônica
7530,1071,4152936,2016-12-18,2016-12-18,2017-01-01,2017-01-01,32020,,,30586,0,283385000,4152936,,0,Laceração de ombro
7531,1071,4278672,2011-03-20,2011-03-20,2011-06-18,2011-06-18,32020,,,30585,0,65966004,4278672,,0,Fratura do fêmur
7532,1072,432867,2017-05-01,2017-05-01,,,32020,,,30598,0,55822004,432867,,0,Hiperlipidemia
7533,1072,4217975,2015-06-29,2015-06-29,2015-07-27,2015-07-27,32020,,,30626,0,72892002,4217975,,0,Otite média não supurativa
7534,1072,378001,2010-08-21,2010-08-21,2010-09-20,2010-09-20,32020,,,30601,0,62106007,378001,,0,Concussão com perda de consciência
7535,1072,260139,2010-04-17,2010-04-17,2010-04-24,2010-04-24,32020,,,30642,0,10509002,260139,,0,Bronquite aguda
7536,1072,4311629,2004-03-08,2004-03-08,,,32020,,,30611,0,15777000,40316773,,0,Pré-diabetes
7537,1072,0,2001-03-05,2001-03-05,,,32020,,,30635,0,408512008,4256640,,0,Alcoolismo relatado pelo paciente
7538,1072,4078393,1991-10-14,1991-10-14,,,32020,,,30613,0,19169002,4078393,,0,Aborto espontâneo na gravidez
7539,1072,316866,1985-02-11,1985-02-11,,,32020,,,30609,0,38341003,316866,,0,Hipertensão arterial
7540,1072,0,1983-01-31,1983-01-31,,,32020,,,30612,0,162864005,4060985,,0,IMC 30+ - obesidade
7541,1073,260139,2018-08-01,2018-08-01,2018-08-08,2018-08-08,32020,,,30674,0,10509002,260139,,0,Bronquite aguda
7542,1073,40481087,2016-02-07,2016-02-07,2016-02-28,2016-02-28,32020,,,30675,0,444814009,40481087,,0,Infecção viral das vias aéreas superiores
7543,1073,75036,2014-06-06,2014-06-06,,,32020,,,30707,0,201834006,75036,,0,Dermatite perioral
7544,1073,4112343,2010-11-27,2010-11-27,2010-12-09,2010-12-09,32020,,,30672,0,195662009,4112343,,0,Faringite viral aguda
7545,1073,257012,2006-02-28,2006-02-28,,,32020,,,30709,0,40055000,257012,,0,Sinusite crônica
7546,1073,4311629,1999-02-09,1999-02-09,,,32020,,,30666,0,15777000,40316773,,0,Pré-diabetes
7547,1073,316866,1987-11-10,1987-11-10,,,32020,,,30680,0,38341003,316866,,0,Hipertensão arterial
7548,1073,317576,1971-05-25,1971-05-25,,,32020,,,30658,0,53741008,317576,,0,Doença arterial coronariana
7549,1074,4218389,2016-10-29,2016-10-29,2016-12-03,2016-12-03,32020,,,30716,0,39848009,4218389,,0,Lesão em chicote do pescoço
7550,1074,0,2002-07-12,2002-07-12,,,32020,,,30717,0,162864005,4060985,,0,IMC 30+ - obesidade
7551,1075,43530652,2016-10-13,2016-10-13,,,32020,,,30722,0,124171000119105,43530652,,0,Nefropatia diabética crônica
7552,1075,4055754,2016-06-24,2016-06-24,,,32020,,,30727,0,196416002,4055754,,0,Esofagite por refluxo
7553,1075,436096,2016-04-18,2016-04-18,,,32020,,,30732,0,82423001,436096,,0,Dor crônica
7554,1078,0,1971-09-10,1971-09-10,,,32020,,,30766,0,399211009,4163874,,0,Histórico de infarto do miocárdio
7555,1078,4329847,1971-09-10,1971-09-10,,,32020,,,30766,0,22298006,4329847,,0,Infarto do miocárdio
7556,1078,260139,1970-12-05,1970-12-05,1970-12-19,1970-12-19,32020,,,30761,0,10509002,260139,,0,Bronquite aguda
7557,1078,4112343,1967-10-14,1967-10-14,1967-10-27,1967-10-27,32020,,,30756,0,195662009,4112343,,0,Faringite viral aguda
7558,1078,4237458,1966-03-30,1966-03-30,1966-06-28,1966-06-28,32020,,,30768,0,58150001,4237458,,0,Fratura de clavícula
7559,1078,317576,1964-07-31,1964-07-31,,,32020,,,30759,0,53741008,317576,,0,Doença arterial coronariana
7560,1078,40481087,1964-01-29,1964-01-29,1964-02-05,1964-02-05,32020,,,30757,0,444814009,40481087,,0,Infecção viral das vias aéreas superiores
7561,1078,4112343,1963-01-30,1963-01-30,1963-02-06,1963-02-06,32020,,,30772,0,195662009,4112343,,0,Faringite viral aguda
7562,1078,436940,1962-07-27,1962-07-27,,,32020,,,30754,0,237602007,436940,,0,Síndrome metabólica
7563,1078,4120314,1962-07-27,1962-07-27,,,32020,,,30754,0,302870006,4120314,,0,Hipertrigliceridemia
7564,1078,4214376,1962-07-27,1962-07-27,,,32020,,,30754,0,80394007,4214376,,0,Hiperglicemia
7565,1078,40481087,1962-03-27,1962-03-27,1962-04-03,1962-04-03,32020,,,30762,0,444814009,40481087,,0,Infecção viral das vias aéreas superiores
7566,1078,201826,1959-07-24,1959-07-24,,,32020,,,30764,0,44054006,201826,,0,Diabetes mellitus tipo 2
7567,1078,4311629,1953-02-06,1953-02-06,,,32020,,,30758,0,15777000,40316773,,0,Pré-diabetes
7568,1078,316866,1941-04-25,1941-04-25,,,32020,,,30752,0,38341003,316866,,0,Hipertensão arterial
7569,1079,4112343,2018-10-02,2018-10-02,2018-10-09,2018-10-09,32020,,,30790,0,195662009,4112343,,0,Faringite viral aguda
7570,1079,40481087,2015-10-10,2015-10-10,2015-10-31,2015-10-31,32020,,,30776,0,444814009,40481087,,0,Infecção viral das vias aéreas superiores
7571,1079,260139,2015-07-11,2015-07-11,2015-07-25,2015-07-25,32020,,,30779,0,10509002,260139,,0,Bronquite aguda
7572,1079,40481087,2014-08-16,2014-08-16,2014-09-06,2014-09-06,32020,,,30786,0,444814009,40481087,,0,Infecção viral das vias aéreas superiores
7573,1079,4217975,2014-02-18,2014-02-18,2014-03-18,2014-03-18,32020,,,30782,0,72892002,4217975,,0,Otite média não supurativa
7574,1079,260139,2009-09-07,2009-09-07,2009-09-14,2009-09-14,32020,,,30777,0,10509002,260139,,0,Bronquite aguda
7575,1080,0,2018-06-07,2018-06-07,,,32020,,,30793,0,408512008,4256640,,0,Alcoolismo relatado pelo paciente
7576,1080,260139,2015-03-19,2015-03-19,2015-04-02,2015-04-02,32020,,,30795,0,10509002,260139,,0,Bronquite aguda
7577,1080,40481087,2009-10-19,2009-10-19,2009-10-26,2009-10-26,32020,,,30801,0,444814009,40481087,,0,Infecção viral das vias aéreas superiores
7578,1080,258780,2001-05-10,2001-05-10,,,32020,,,30797,0,185086009,258780,,0,DPOC exacerbada
7579,1080,0,2001-05-10,2001-05-10,,,32020,,,30797,0,162864005,4060985,,0,IMC 30+ - obesidade
7580,1080,257012,1980-01-04,1980-01-04,,,32020,,,30798,0,40055000,257012,,0,Sinusite crônica
7581,1081,4112343,2018-09-06,2018-09-06,2018-09-19,2018-09-19,32020,,,30811,0,195662009,4112343,,0,Faringite viral aguda
7582,1081,4112343,2017-03-05,2017-03-05,2017-03-14,2017-03-14,32020,,,30806,0,195662009,4112343,,0,Faringite viral aguda
7583,1081,372328,2016-06-05,2016-06-05,2016-09-09,2016-09-09,32020,,,30805,0,65363002,372328,,0,Otite média
7584,1082,4112343,2015-05-23,2015-05-23,2015-05-30,2015-05-30,32020,,,30822,0,195662009,4112343,,0,Faringite viral aguda
7585,1082,4112343,2013-03-18,2013-03-18,2013-03-31,2013-03-31,32020,,,30835,0,195662009,4112343,,0,Faringite viral aguda
7586,1082,4112343,2012-06-08,2012-06-08,2012-06-18,2012-06-18,32020,,,30832,0,195662009,4112343,,0,Faringite viral aguda
7587,1083,4112343,2015-01-28,2015-01-28,2015-02-09,2015-02-09,32020,,,30849,0,195662009,4112343,,0,Faringite viral aguda
7588,1083,4217975,2014-07-10,2014-07-10,2014-08-07,2014-08-07,32020,,,30845,0,72892002,4217975,,0,Otite média não supurativa
7589,1083,4217975,2013-11-07,2013-11-07,2013-11-28,2013-11-28,32020,,,30870,0,72892002,4217975,,0,Otite média não supurativa
7590,1083,134438,2008-09-19,2008-09-19,2010-06-17,2010-06-17,32020,,,30858,0,40275004,134438,,0,Dermatite de contato
7591,1083,4217975,2008-07-31,2008-07-31,2009-03-05,2009-03-05,32020,,,30846,0,72892002,4217975,,0,Otite média não supurativa
7592,1084,40481087,2018-06-01,2018-06-01,2018-06-15,2018-06-15,32020,,,30893,0,444814009,40481087,,0,Infecção viral das vias aéreas superiores
7593,1084,28060,2016-03-24,2016-03-24,2016-04-06,2016-04-06,32020,,,30876,0,43878008,28060,,0,Faringite estreptocócica
7594,1084,81151,2016-03-11,2016-03-11,2016-04-15,2016-04-15,32020,,,30879,0,44465007,81151,,0,Entorse de tornozelo
7595,1084,260139,2015-05-05,2015-05-05,2015-05-12,2015-05-12,32020,,,30892,0,10509002,260139,,0,Bronquite aguda
7596,1084,40481087,2014-05-23,2014-05-23,2014-06-13,2014-06-13,32020,,,30874,0,444814009,40481087,,0,Infecção viral das vias aéreas superiores
7597,1084,4059173,2012-03-02,2012-03-02,2012-05-31,2012-05-31,32020,,,30878,0,16114001,4059173,,0,Fratura de tornozelo
7598,1084,260139,2010-01-14,2010-01-14,2010-01-28,2010-01-28,32020,,,30883,0,10509002,260139,,0,Bronquite aguda
7599,1085,4180790,2015-05-21,2015-05-21,,,32020,,,30923,0,363406005,4180790,,0,Neoplasia maligna do cólon
7600,1085,37017023,2015-05-17,2015-05-17,,,32020,,,30898,0,713197008,37017023,,0,Fibrose cística recorrente
7601,1085,4285898,2013-12-23,2013-12-23,,,32020,,,30928,0,68496003,4285898,,0,Pólipo do cólon
7602,1085,40481087,2011-07-03,2011-07-03,2011-07-17,2011-07-17,32020,,,30924,0,444814009,40481087,,0,Infecção viral das vias aéreas superiores
7603,1085,40481087,2008-01-30,2008-01-30,2008-02-13,2008-02-13,32020,,,30909,0,444814009,40481087,,0,Infecção viral das vias aéreas superiores
7604,1085,432867,2005-04-04,2005-04-04,,,32020,,,30929,0,55822004,432867,,0,Hiperlipidemia
7605,1085,0,2000-03-27,2000-03-27,,,32020,,,30900,0,408512008,4256640,,0,Alcoolismo relatado pelo paciente
7606,1085,0,1980-06-30,1980-06-30,,,32020,,,30903,0,162864005,4060985,,0,IMC 30+ - obesidade
7607,1086,0,2016-10-30,2016-10-30,,,32020,,,30938,0,162864005,4060985,,0,IMC 30+ - obesidade
7608,1086,432867,2016-10-30,2016-10-30,,,32020,,,30938,0,55822004,432867,,0,Hiperlipidemia
7609,1086,28060,2015-08-01,2015-08-01,2015-08-09,2015-08-09,32020,,,30952,0,43878008,28060,,0,Faringite estreptocócica
7610,1086,260139,2014-10-11,2014-10-11,2014-10-27,2014-10-27,32020,,,30993,0,10509002,260139,,0,Bronquite aguda
7611,1086,4217975,2014-08-17,2014-08-17,2015-03-29,2015-03-29,32020,,,30970,0,72892002,4217975,,0,Otite média não supurativa
7612,1086,40481087,2010-10-18,2010-10-18,2010-11-08,2010-11-08,32020,,,30999,0,444814009,40481087,,0,Infecção viral das vias aéreas superiores
7613,1086,4296205,2010-03-21,2010-03-21,2010-04-25,2010-04-25,32020,,,30941,0,403191005,4296205,,0,Queimadura solar de segundo grau
7614,1086,4217975,2010-01-24,2010-01-24,2010-09-05,2010-09-05,32020,,,30947,0,72892002,4217975,,0,Otite média não supurativa
7615,1086,4217975,2009-03-29,2009-03-29,2009-04-12,2009-04-12,32020,,,30994,0,72892002,4217975,,0,Otite média não supurativa
7616,1086,4078393,2007-07-22,2007-07-22,,,32020,,,30959,0,19169002,4078393,,0,Aborto espontâneo na gravidez
7617,1086,257012,1984-09-02,1984-09-02,,,32020,,,30955,0,40055000,257012,,0,Sinusite crônica
7618,1086,4208104,2010-04-20,2010-04-20,,,32020,,,30954,0,55680006,4208104,,0,Overdose de droga
7619,1087,4180790,1993-04-20,1993-04-20,,,32020,,,31016,0,363406005,4180790,,0,Neoplasia maligna do cólon
7620,1087,4341247,1993-04-12,1993-04-12,,,32020,,,31010,0,236077008,4341247,,0,Prostatite crônica
7621,1087,4245614,1993-04-12,1993-04-12,,,32020,,,31010,0,6072007,4245614,,0,Prolapso de válvula mitral
7622,1087,0,1980-03-23,1980-03-23,,,32020,,,31022,0,162864005,4060985,,0,IMC 30+ - obesidade
7623,1088,4059173,2012-01-07,2012-01-07,2012-03-07,2012-03-07,32020,,,31044,0,16114001,4059173,,0,Fratura de tornozelo
7624,1088,40481087,2009-09-10,2009-09-10,2009-09-17,2009-09-17,32020,,,31047,0,444814009,40481087,,0,Infecção viral das vias aéreas superiores
7625,1088,432867,2009-07-25,2009-07-25,,,32020,,,31028,0,55822004,432867,,0,Hiperlipidemia
7626,1088,257012,1991-04-08,1991-04-08,,,32020,,,31031,0,40055000,257012,,0,Sinusite crônica
7627,1088,0,1977-04-23,1977-04-23,,,32020,,,31034,0,162864005,4060985,,0,IMC 30+ - obesidade
7628,1088,316866,1971-08-07,1971-08-07,,,32020,,,31050,0,38341003,316866,,0,Hipertensão arterial
7629,1088,4311629,1988-11-26,1988-11-26,,,32020,,,31039,0,15777000,40316773,,0,Pré-diabetes
7630,1089,4217975,2018-07-28,2018-07-28,,,32020,,,31072,0,72892002,4217975,,0,Otite média não supurativa
7631,1089,0,2015-10-31,2015-10-31,,,32020,,,31074,0,162864005,4060985,,0,IMC 30+ - obesidade
7632,1089,316866,2011-10-22,2011-10-22,,,32020,,,31077,0,38341003,316866,,0,Hipertensão arterial
7633,1089,440086,2004-06-02,2004-06-02,2011-06-11,2011-06-11,32020,,,31076,0,192127007,440086,,0,Transtorno do espectro autista infantil
7634,1089,257012,2002-04-24,2002-04-24,,,32020,,,31063,0,40055000,257012,,0,Sinusite crônica
7635,1090,40481087,2012-01-10,2012-01-10,2012-01-24,2012-01-24,32020,,,31115,0,444814009,40481087,,0,Infecção viral das vias aéreas superiores
7636,1090,378001,2011-01-26,2011-01-26,2011-03-27,2011-03-27,32020,,,31132,0,62106007,378001,,0,Concussão com perda de consciência
7637,1090,260139,2010-10-08,2010-10-08,2010-10-15,2010-10-15,32020,,,31105,0,10509002,260139,,0,Bronquite aguda
7638,1090,257012,2007-12-19,2007-12-19,,,32020,,,31141,0,40055000,257012,,0,Sinusite crônica
7639,1090,4280726,2005-08-17,2005-08-17,,,32020,,,31080,0,367498001,4280726,,0,Gripe sazonal
7640,1091,4112343,2016-06-13,2016-06-13,2016-06-23,2016-06-23,32020,,,31172,0,195662009,4112343,,0,Faringite viral aguda
7641,1091,4262136,2010-08-19,2010-08-19,2010-09-02,2010-09-02,32020,,,31166,0,35999006,4262136,,0,Cegueira
7642,1091,4078393,2010-08-19,2010-08-19,,,32020,,,31166,0,19169002,4078393,,0,Aborto espontâneo na gravidez
7643,1091,4217975,2010-08-19,2010-08-19,2010-09-02,2010-09-02,32020,,,31166,0,72892002,4217975,,0,Otite média não supurativa
7644,1091,4112343,2009-06-10,2009-06-10,2009-06-17,2009-06-17,32020,,,31161,0,195662009,4112343,,0,Faringite viral aguda
7645,1091,4113008,2009-05-28,2009-05-28,2009-06-18,2009-06-18,32020,,,31165,0,284549007,4113008,,0,Laceração de mão
7646,1091,4079750,2003-12-29,2003-12-29,,,32020,,,31171,0,239873007,4079750,,0,Osteoartrite do joelho
7647,1091,0,1997-01-30,1997-01-30,,,32020,,,31162,0,162864005,4060985,,0,IMC 30+ - obesidade
7648,1091,381316,1996-09-05,1996-09-05,,,32020,,,31170,0,230690007,381316,,0,Acidente vascular cerebral
7649,1092,260139,2017-04-17,2017-04-17,2017-05-01,2017-05-01,32020,,,31186,0,10509002,260139,,0,Bronquite aguda
7650,1092,4112343,2016-03-15,2016-03-15,2016-03-23,2016-03-23,32020,,,31185,0,195662009,4112343,,0,Faringite viral aguda
7651,1092,4112343,2015-02-05,2015-02-05,2015-02-17,2015-02-17,32020,,,31184,0,195662009,4112343,,0,Faringite viral aguda
7652,1092,40481087,2014-08-07,2014-08-07,2014-08-28,2014-08-28,32020,,,31183,0,444814009,40481087,,0,Infecção viral das vias aéreas superiores
7653,1093,257012,2014-10-01,2014-10-01,,,32020,,,31205,0,40055000,257012,,0,Sinusite crônica
7654,1093,4294548,2014-09-03,2014-09-03,2014-10-08,2014-10-08,32020,,,31200,0,75498004,4294548,,0,Infecção bacteriana aguda
7655,1093,381316,2008-05-01,2008-05-01,,,32020,,,31199,0,230690007,381316,,0,Acidente vascular cerebral
7656,1093,4311629,1998-01-01,1998-01-01,,,32020,,,31204,0,15777000,40316773,,0,Pré-diabetes
7657,1093,0,1982-02-18,1982-02-18,,,32020,,,31198,0,162864005,4060985,,0,IMC 30+ - obesidade
7658,1093,4078393,1979-09-27,1979-09-27,,,32020,,,31193,0,19169002,4078393,,0,Aborto espontâneo na gravidez
7659,1094,40481087,2016-11-01,2016-11-01,2016-11-15,2016-11-15,32020,,,31232,0,444814009,40481087,,0,Infecção viral das vias aéreas superiores
7660,1094,260139,2014-11-12,2014-11-12,2014-11-26,2014-11-26,32020,,,31239,0,10509002,260139,,0,Bronquite aguda
7661,1094,0,2013-01-17,2013-01-17,,,32020,,,31211,0,429007001,4324181,,0,Histórico de infarto
7662,1094,321042,2013-01-17,2013-01-17,,,32020,,,31211,0,410429000,321042,,0,Parada cardíaca
7663,1094,0,1989-06-15,1989-06-15,,,32020,,,31243,0,408512008,4256640,,0,Alcoolismo relatado pelo paciente
7664,1094,432867,1989-06-15,1989-06-15,,,32020,,,31243,0,55822004,432867,,0,Hiperlipidemia
7665,1094,0,1973-09-06,1973-09-06,,,32020,,,31242,0,162864005,4060985,,0,IMC 30+ - obesidade
7666,1095,261325,2018-09-28,2018-09-28,,,32020,,,31269,0,87433001,261325,,0,Enfisema pulmonar
7667,1095,4217975,2017-06-30,2017-06-30,2017-07-21,2017-07-21,32020,,,31291,0,72892002,4217975,,0,Otite média não supurativa
7668,1095,40481087,2015-09-22,2015-09-22,2015-10-06,2015-10-06,32020,,,31326,0,444814009,40481087,,0,Infecção viral das vias aéreas superiores
7669,1095,4112343,2012-07-13,2012-07-13,2012-07-25,2012-07-25,32020,,,31331,0,195662009,4112343,,0,Faringite viral aguda
7670,1095,4048171,1999-03-30,1999-03-30,2014-03-28,2014-03-28,32020,,,31277,0,232353008,4048171,,0,Perfuração do tímpano
7671,1095,4051466,1998-03-30,1998-03-30,2014-07-09,2014-07-09,32020,,,31301,0,233678006,4051466,,0,Asma na infância
7672,1096,260139,2018-12-23,2018-12-23,2018-12-30,2018-12-30,32020,,,31352,0,10509002,260139,,0,Bronquite aguda
7673,1096,4294548,2016-09-17,2016-09-17,2016-11-05,2016-11-05,32020,,,31354,0,75498004,4294548,,0,Infecção bacteriana aguda
7674,1096,313217,2015-04-26,2015-04-26,,,32020,,,31340,0,49436004,313217,,0,Fibrilação atrial
7675,1096,40481087,2013-06-21,2013-06-21,2013-06-28,2013-06-28,32020,,,31350,0,444814009,40481087,,0,Infecção viral das vias aéreas superiores
7676,1096,4156265,2013-04-06,2013-04-06,2013-04-27,2013-04-27,32020,,,31359,0,370247008,4156265,,0,Lesão facial
7677,1096,4112343,2011-01-23,2011-01-23,2011-02-03,2011-02-03,32020,,,31357,0,195662009,4112343,,0,Faringite viral aguda
7678,1096,375671,2009-05-27,2009-05-27,2009-07-26,2009-07-26,32020,,,31355,0,62564004,375671,,0,Concussão sem perda de consciência
7679,1096,0,1997-03-16,1997-03-16,,,32020,,,31343,0,162864005,4060985,,0,IMC 30+ - obesidade
7680,1096,316866,1975-03-30,1975-03-30,,,32020,,,31337,0,38341003,316866,,0,Hipertensão arterial
7681,1097,0,2017-10-24,2017-10-24,,,32020,,,31361,0,162864005,4060985,,0,IMC 30+ - obesidade
7682,1097,40481087,2012-05-22,2012-05-22,2012-06-12,2012-06-12,32020,,,31360,0,444814009,40481087,,0,Infecção viral das vias aéreas superiores
7683,1098,381316,2006-06-24,2006-06-24,,,32020,,,31375,0,230690007,381316,,0,Acidente vascular cerebral
7684,1098,4079750,2005-05-21,2005-05-21,,,32020,,,31378,0,239873007,4079750,,0,Osteoartrite do joelho
7685,1098,40481087,2004-07-22,2004-07-22,2004-08-12,2004-08-12,32020,,,31380,0,444814009,40481087,,0,Infecção viral das vias aéreas superiores
7686,1098,40481087,2003-06-09,2003-06-09,2003-06-23,2003-06-23,32020,,,31384,0,444814009,40481087,,0,Infecção viral das vias aéreas superiores
7687,1098,40481087,2001-12-03,2001-12-03,2001-12-10,2001-12-10,32020,,,31368,0,444814009,40481087,,0,Infecção viral das vias aéreas superiores
7688,1098,40481087,1999-12-16,1999-12-16,2000-01-06,2000-01-06,32020,,,31364,0,444814009,40481087,,0,Infecção viral das vias aéreas superiores
7689,1098,260139,1999-08-18,1999-08-18,1999-08-25,1999-08-25,32020,,,31373,0,10509002,260139,,0,Bronquite aguda
7690,1098,0,1986-12-20,1986-12-20,,,32020,,,31369,0,162864005,4060985,,0,IMC 30+ - obesidade
7691,1098,316866,1967-11-25,1967-11-25,,,32020,,,31377,0,38341003,316866,,0,Hipertensão arterial
7692,1098,257012,1957-04-10,1957-04-10,,,32020,,,31372,0,40055000,257012,,0,Sinusite crônica
7693,1099,4112343,2012-07-02,2012-07-02,2012-07-11,2012-07-11,32020,,,31387,0,195662009,4112343,,0,Faringite viral aguda
7694,1099,40481087,2012-07-06,2012-07-06,2012-07-20,2012-07-20,32020,,,31389,0,444814009,40481087,,0,Infecção viral das vias aéreas superiores
7695,1099,4149245,2010-11-20,2010-11-20,2011-01-26,2011-01-26,32020,,,31391,0,30832001,4149245,,0,Ruptura de bainha tendínea
7696,1099,0,2010-07-04,2010-07-04,,,32020,,,31388,0,162864005,4060985,,0,IMC 30+ - obesidade
7697,1100,4112343,1977-08-30,1977-08-30,1977-09-08,1977-09-08,32020,,,31441,0,195662009,4112343,,0,Faringite viral aguda
7698,1100,4310703,1976-03-30,1976-03-30,,,32020,,,31401,0,424132000,4310703,,0,Carcinoma de células escamosas da pele
7699,1100,4115276,1976-03-28,1976-03-28,,,32020,,,31452,0,254637007,4115276,,0,Câncer de pulmão não pequenas células
7700,1100,0,1976-03-18,1976-03-18,,,32020,,,31406,0,162573006,4038238,,0,Suspeita de abuso de álcool
7701,1100,4285898,1975-09-23,1975-09-23,1976-11-16,1976-11-16,32020,,,31430,0,68496003,4285898,,0,Pólipo do cólon
7702,1100,81151,1973-05-19,1973-05-19,1973-06-02,1973-06-02,32020,,,31404,0,44465007,81151,,0,Entorse de tornozelo
7703,1100,4311629,1945-01-22,1945-01-22,,,32020,,,31394,0,15777000,40316773,,0,Pré-diabetes
7704,1100,75036,1943-09-18,1943-09-18,,,32020,,,31442,0,201834006,75036,,0,Dermatite perioral
7705,1100,0,1939-01-16,1939-01-16,,,32020,,,31414,0,162864005,4060985,,0,IMC 30+ - obesidade
7706,1100,316866,1929-07-29,1929-07-29,,,32020,,,31408,0,38341003,316866,,0,Hipertensão arterial
7707,1101,0,2009-01-01,2009-01-01,,,32020,,,31460,0,399211009,4163874,,0,Histórico de infarto do miocárdio
7708,1101,4329847,2009-01-01,2009-01-01,,,32020,,,31460,0,22298006,4329847,,0,Infarto do miocárdio
7709,1101,40481087,2004-01-16,2004-01-16,2004-01-23,2004-01-23,32020,,,31463,0,444814009,40481087,,0,Infecção viral das vias aéreas superiores
7710,1101,4285898,2003-09-05,2003-09-05,2004-09-29,2004-09-29,32020,,,31472,0,68496003,4285898,,0,Pólipo do cólon
7711,1101,4112343,2001-03-31,2001-03-31,2001-04-07,2001-04-07,32020,,,31455,0,195662009,4112343,,0,Faringite viral aguda
7712,1101,4112343,2000-07-23,2000-07-23,2000-08-02,2000-08-02,32020,,,31462,0,195662009,4112343,,0,Faringite viral aguda
7713,1101,40481087,1999-07-15,1999-07-15,1999-08-05,1999-08-05,32020,,,31467,0,444814009,40481087,,0,Infecção viral das vias aéreas superiores
7714,1101,75036,1996-08-24,1996-08-24,,,32020,,,31457,0,201834006,75036,,0,Dermatite perioral
7715,1101,4311629,1968-01-18,1968-01-18,,,32020,,,31471,0,15777000,40316773,,0,Pré-diabetes
7716,1102,4112343,2018-08-23,2018-08-23,2018-09-03,2018-09-03,32020,,,31498,0,195662009,4112343,,0,Faringite viral aguda
7717,1102,4180790,2017-04-15,2017-04-15,,,32020,,,31499,0,363406005,4180790,,0,Neoplasia maligna do cólon
7718,1102,4341247,2017-04-08,2017-04-08,,,32020,,,31501,0,236077008,4341247,,0,Prostatite crônica
7719,1102,4245614,2017-04-08,2017-04-08,,,32020,,,31501,0,6072007,4245614,,0,Prolapso de válvula mitral
7720,1102,4112343,2013-03-13,2013-03-13,2013-03-21,2013-03-21,32020,,,31480,0,195662009,4112343,,0,Faringite viral aguda
7721,1102,260139,2012-04-10,2012-04-10,2012-04-17,2012-04-17,32020,,,31487,0,10509002,260139,,0,Bronquite aguda
7722,1102,28060,2010-06-12,2010-06-12,2010-06-24,2010-06-24,32020,,,31491,0,43878008,28060,,0,Faringite estreptocócica
7723,1102,4311629,1968-06-18,1968-06-18,,,32020,,,31497,0,15777000,40316773,,0,Pré-diabetes
7724,1103,4134304,2013-05-07,2013-05-07,2013-07-06,2013-07-06,32020,,,31549,0,263102004,4134304,,0,Ruptura de menisco
7725,1103,317576,2006-07-22,2006-07-22,,,32020,,,31517,0,53741008,317576,,0,Doença arterial coronariana
7726,1103,432867,1987-06-13,1987-06-13,,,32020,,,31512,0,55822004,432867,,0,Hiperlipidemia
7727,1103,0,1983-06-04,1983-06-04,,,32020,,,31523,0,162864005,4060985,,0,IMC 30+ - obesidade
7728,1103,257012,1948-10-30,1948-10-30,,,32020,,,31519,0,40055000,257012,,0,Sinusite crônica
7729,1104,0,1995-06-25,1995-06-25,,,32020,,,31571,0,429007001,4324181,,0,Histórico de infarto
7730,1104,321042,1995-06-25,1995-06-25,,,32020,,,31571,0,410429000,321042,,0,Parada cardíaca
7731,1104,4112343,1994-02-15,1994-02-15,1994-02-23,1994-02-23,32020,,,31554,0,195662009,4112343,,0,Faringite viral aguda
7732,1104,0,1993-03-08,1993-03-08,,,32020,,,31568,0,428251008,4323208,,0,Histórico de apendicectomia
7733,1104,440448,1993-03-08,1993-03-08,,,32020,,,31555,0,74400008,440448,,0,Apendicite
7734,1104,4142905,1991-12-19,1991-12-19,1992-03-18,1992-03-18,32020,,,31569,0,33737001,4142905,,0,Fratura de rádio
7735,1104,4218389,1990-11-03,1990-11-03,1990-11-24,1990-11-24,32020,,,31561,0,39848009,4218389,,0,Lesão em chicote do pescoço
7736,1104,317576,1990-03-31,1990-03-31,,,32020,,,31564,0,53741008,317576,,0,Doença arterial coronariana
7737,1104,40481087,1988-12-22,1988-12-22,1989-01-12,1989-01-12,32020,,,31552,0,444814009,40481087,,0,Infecção viral das vias aéreas superiores
7738,1104,40481087,1988-08-09,1988-08-09,1988-08-16,1988-08-16,32020,,,31562,0,444814009,40481087,,0,Infecção viral das vias aéreas superiores
7739,1105,260139,2013-11-07,2013-11-07,2013-11-21,2013-11-21,32020,,,31579,0,10509002,260139,,0,Bronquite aguda
7740,1105,28060,2012-02-21,2012-02-21,2012-03-01,2012-03-01,32020,,,31575,0,43878008,28060,,0,Faringite estreptocócica
7741,1105,40481087,2011-10-31,2011-10-31,2011-11-14,2011-11-14,32020,,,31581,0,444814009,40481087,,0,Infecção viral das vias aéreas superiores
7742,1105,4079750,1983-03-06,1983-03-06,,,32020,,,31582,0,239873007,4079750,,0,Osteoartrite do joelho
7743,1105,316866,1961-05-09,1961-05-09,,,32020,,,31578,0,38341003,316866,,0,Hipertensão arterial
7744,1106,4146173,2018-02-26,2018-02-26,2018-04-27,2018-04-27,32020,,,31629,0,307731004,4146173,,0,Fibrilação atrial de início recente
7745,1106,40481087,2011-06-03,2011-06-03,2011-06-10,2011-06-10,32020,,,31664,0,444814009,40481087,,0,Infecção viral das vias aéreas superiores
7746,1106,432867,1999-06-27,1999-06-27,,,32020,,,31634,0,55822004,432867,,0,Hiperlipidemia
7747,1106,4208104,1990-03-27,1990-03-27,,,32020,,,31612,0,55680006,4208104,,0,Overdose de droga
7748,1106,0,1985-05-12,1985-05-12,,,32020,,,31660,0,408512008,4256640,,0,Alcoolismo relatado pelo paciente
7749,1106,316866,1969-04-20,1969-04-20,,,32020,,,31607,0,38341003,316866,,0,Hipertensão arterial
7750,1106,0,1967-04-09,1967-04-09,,,32020,,,31617,0,162864005,4060985,,0,IMC 30+ - obesidade
7751,1107,4285898,2016-06-22,2016-06-22,2017-09-15,2017-09-15,32020,,,31682,0,68496003,4285898,,0,Pólipo do cólon
7752,1107,432867,2014-05-11,2014-05-11,,,32020,,,31686,0,55822004,432867,,0,Hiperlipidemia
7753,1107,4237458,2013-09-01,2013-09-01,2013-10-31,2013-10-31,32020,,,31671,0,58150001,4237458,,0,Fratura de clavícula
7754,1107,4112343,2012-04-25,2012-04-25,2012-05-05,2012-05-05,32020,,,31687,0,195662009,4112343,,0,Faringite viral aguda
7755,1107,4311629,1966-04-10,1966-04-10,,,32020,,,31692,0,15777000,40316773,,0,Pré-diabetes
7756,1107,316866,1962-04-01,1962-04-01,,,32020,,,31678,0,38341003,316866,,0,Hipertensão arterial
7757,1108,40481087,2013-11-16,2013-11-16,2013-11-23,2013-11-23,32020,,,31717,0,444814009,40481087,,0,Infecção viral das vias aéreas superiores
7758,1108,439777,2011-10-31,2011-10-31,,,32020,,,31699,0,271737000,439777,,0,Anemia
7759,1108,432867,2003-05-22,2003-05-22,,,32020,,,31710,0,55822004,432867,,0,Hiperlipidemia
7760,1108,0,2001-05-17,2001-05-17,,,32020,,,31708,0,408512008,4256640,,0,Alcoolismo relatado pelo paciente
7761,1108,381316,1997-02-27,1997-02-27,,,32020,,,31718,0,230690007,381316,,0,Acidente vascular cerebral
7762,1108,0,1984-03-08,1984-03-08,,,32020,,,31715,0,162864005,4060985,,0,IMC 30+ - obesidade
7763,1108,257012,1964-11-20,1964-11-20,,,32020,,,31702,0,40055000,257012,,0,Sinusite crônica
7764,1109,40481087,2013-01-12,2013-01-12,2013-01-19,2013-01-19,32020,,,31743,0,444814009,40481087,,0,Infecção viral das vias aéreas superiores
7765,1109,432867,1995-12-29,1995-12-29,,,32020,,,31759,0,55822004,432867,,0,Hiperlipidemia
7766,1109,4311629,1990-12-21,1990-12-21,,,32020,,,31762,0,15777000,40316773,,0,Pré-diabetes
7767,1109,4078393,1985-07-26,1985-07-26,,,32020,,,31738,0,19169002,4078393,,0,Aborto espontâneo na gravidez
7768,1109,0,1984-12-14,1984-12-14,,,32020,,,31755,0,162864005,4060985,,0,IMC 30+ - obesidade
7769,1110,260139,2017-08-11,2017-08-11,2017-08-25,2017-08-25,32020,,,31783,0,10509002,260139,,0,Bronquite aguda
7770,1110,316866,2017-01-04,2017-01-04,,,32020,,,31773,0,38341003,316866,,0,Hipertensão arterial
7771,1110,40481087,2014-10-30,2014-10-30,2014-11-06,2014-11-06,32020,,,31776,0,444814009,40481087,,0,Infecção viral das vias aéreas superiores
7772,1110,4278672,2009-08-13,2009-08-13,2009-09-12,2009-09-12,32020,,,31772,0,65966004,4278672,,0,Fratura do fêmur
7773,1111,381316,2018-12-17,2018-12-17,,,32020,,,31800,0,230690007,381316,,0,Acidente vascular cerebral
7774,1111,4112343,2013-07-09,2013-07-09,2013-07-20,2013-07-20,32020,,,31788,0,195662009,4112343,,0,Faringite viral aguda
7775,1111,260139,2013-05-20,2013-05-20,2013-06-03,2013-06-03,32020,,,31791,0,10509002,260139,,0,Bronquite aguda
7776,1111,313217,2012-09-10,2012-09-10,,,32020,,,31799,0,49436004,313217,,0,Fibrilação atrial
7777,1111,0,1984-06-25,1984-06-25,,,32020,,,31798,0,408512008,4256640,,0,Alcoolismo relatado pelo paciente
7778,1111,257012,1969-05-08,1969-05-08,,,32020,,,31789,0,40055000,257012,,0,Sinusite crônica
7779,1111,0,1963-02-11,1963-02-11,,,32020,,,31787,0,162864005,4060985,,0,IMC 30+ - obesidade
7780,1112,40481087,2016-11-22,2016-11-22,2016-12-13,2016-12-13,32020,,,31804,0,444814009,40481087,,0,Infecção viral das vias aéreas superiores
7781,1112,40481087,2016-06-25,2016-06-25,2016-07-16,2016-07-16,32020,,,31803,0,444814009,40481087,,0,Infecção viral das vias aéreas superiores
7782,1112,4112343,2016-04-26,2016-04-26,2016-05-04,2016-05-04,32020,,,31809,0,195662009,4112343,,0,Faringite viral aguda
7783,1112,40481087,2015-12-08,2015-12-08,2015-12-22,2015-12-22,32020,,,31810,0,444814009,40481087,,0,Infecção viral das vias aéreas superiores
7784,1112,4311629,1994-03-02,1994-03-02,,,32020,,,31812,0,15777000,40316773,,0,Pré-diabetes
7785,1112,0,1968-07-24,1968-07-24,,,32020,,,31811,0,429007001,4324181,,0,Histórico de infarto
7786,1112,321042,1968-07-24,1968-07-24,,,32020,,,31811,0,410429000,321042,,0,Parada cardíaca
7787,1113,4112343,2017-09-17,2017-09-17,2017-09-28,2017-09-28,32020,,,31831,0,195662009,4112343,,0,Faringite viral aguda
7788,1113,260139,2016-07-10,2016-07-10,2016-07-17,2016-07-17,32020,,,31814,0,10509002,260139,,0,Bronquite aguda
7789,1113,4156265,2014-11-14,2014-11-14,2014-12-05,2014-12-05,32020,,,31822,0,370247008,4156265,,0,Lesão facial
7790,1113,192279,2008-08-04,2008-08-04,,,32020,,,31833,0,127013003,192279,,0,Nefropatia diabética
7791,1113,443614,2008-08-04,2008-08-04,,,32020,,,31833,0,431855005,443614,,0,Doença renal crônica estágio 1
7792,1113,4214376,2006-07-31,2006-07-31,,,32020,,,31837,0,80394007,4214376,,0,Hiperglicemia
7793,1113,436940,2004-07-26,2004-07-26,,,32020,,,31825,0,237602007,436940,,0,Síndrome metabólica
7794,1113,4120314,2004-07-26,2004-07-26,,,32020,,,31825,0,302870006,4120314,,0,Hipertrigliceridemia
7795,1113,201826,2002-07-22,2002-07-22,,,32020,,,31835,0,44054006,201826,,0,Diabetes mellitus tipo 2
7796,1113,4311629,1998-06-15,1998-06-15,,,32020,,,31817,0,15777000,40316773,,0,Pré-diabetes
7797,1113,316866,1982-05-24,1982-05-24,,,32020,,,31819,0,38341003,316866,,0,Hipertensão arterial
7798,1113,0,1965-12-24,1965-12-24,,,32020,,,31832,0,428251008,4323208,,0,Histórico de apendicectomia
7799,1113,440448,1965-12-24,1965-12-24,,,32020,,,31828,0,74400008,440448,,0,Apendicite
7800,1114,40481087,2018-09-04,2018-09-04,2018-09-25,2018-09-25,32020,,,31847,0,444814009,40481087,,0,Infecção viral das vias aéreas superiores
7801,1114,260139,2013-12-23,2013-12-23,2013-12-30,2013-12-30,32020,,,31850,0,10509002,260139,,0,Bronquite aguda
7802,1114,40481087,2013-10-11,2013-10-11,2013-10-25,2013-10-25,32020,,,31842,0,444814009,40481087,,0,Infecção viral das vias aéreas superiores
7803,1114,432867,2012-11-05,2012-11-05,,,32020,,,31853,0,55822004,432867,,0,Hiperlipidemia
7804,1114,40481087,2012-11-02,2012-11-02,2012-11-09,2012-11-09,32020,,,31853,0,444814009,40481087,,0,Infecção viral das vias aéreas superiores
7805,1114,4113008,2011-10-25,2011-10-25,2011-11-15,2011-11-15,32020,,,31849,0,284549007,4113008,,0,Laceração de mão
7806,1114,0,2009-08-03,2009-08-03,,,32020,,,31843,0,162864005,4060985,,0,IMC 30+ - obesidade
7807,1114,4078393,2003-04-07,2003-04-07,,,32020,,,31856,0,19169002,4078393,,0,Aborto espontâneo na gravidez
7808,1114,316866,1990-07-09,1990-07-09,,,32020,,,31840,0,38341003,316866,,0,Hipertensão arterial
7809,1115,257012,2018-07-04,2018-07-04,,,32020,,,31882,0,40055000,257012,,0,Sinusite crônica
7810,1115,4294548,2018-04-18,2018-04-18,2018-10-31,2018-10-31,32020,,,31863,0,75498004,4294548,,0,Infecção bacteriana aguda
7811,1115,372328,2014-10-11,2014-10-11,2014-11-17,2014-11-17,32020,,,31860,0,65363002,372328,,0,Otite média
7812,1115,372328,2012-12-06,2012-12-06,2013-02-18,2013-02-18,32020,,,31878,0,65363002,372328,,0,Otite média
7813,1116,372328,2013-08-27,2013-08-27,2013-10-29,2013-10-29,32020,,,31913,0,65363002,372328,,0,Otite média
7814,1116,40481087,2012-05-14,2012-05-14,2012-05-21,2012-05-21,32020,,,31974,0,444814009,40481087,,0,Infecção viral das vias aéreas superiores
7815,1116,257012,2008-09-17,2008-09-17,,,32020,,,31916,0,40055000,257012,,0,Sinusite crônica
7816,1116,4051466,2002-06-13,2002-06-13,,,32020,,,31975,0,233678006,4051466,,0,Asma na infância
7817,1116,40486433,2002-06-13,2002-06-13,,,32020,,,31975,0,446096008,40486433,,0,Esteatose hepática perivenular
7818,1116,0,2001-06-06,2001-06-06,,,32020,,,31915,0,703151001,45766064,,0,Histórico de artroplastia de joelho
7819,1116,4029498,2001-06-06,2001-06-06,,,32020,,,31915,0,128613002,4029498,,0,Transtorno convulsivo
7820,1117,432867,2017-10-16,2017-10-16,,,32020,,,31987,0,55822004,432867,,0,Hiperlipidemia
7821,1117,4116491,2012-08-14,2012-08-14,2012-10-02,2012-10-02,32020,,,31991,0,301011002,4116491,,0,Infecção do trato urinário por E. coli
7822,1117,4311629,2008-08-25,2008-08-25,,,32020,,,31986,0,15777000,40316773,,0,Pré-diabetes
7823,1117,0,2003-09-08,2003-09-08,,,32020,,,31982,0,162864005,4060985,,0,IMC 30+ - obesidade
7824,1118,440086,2018-11-22,2018-11-22,,,32020,,,32006,0,192127007,440086,,0,Transtorno do espectro autista infantil
7825,1118,81151,2017-05-31,2017-05-31,2017-07-05,2017-07-05,32020,,,32004,0,44465007,81151,,0,Entorse de tornozelo
7826,1118,4112343,2014-07-19,2014-07-19,2014-07-28,2014-07-28,32020,,,32001,0,195662009,4112343,,0,Faringite viral aguda
7827,1118,40481087,2013-07-27,2013-07-27,2013-08-17,2013-08-17,32020,,,32009,0,444814009,40481087,,0,Infecção viral das vias aéreas superiores
7828,1118,372328,2012-08-31,2012-08-31,2012-11-10,2012-11-10,32020,,,31997,0,65363002,372328,,0,Otite média
7829,1118,372328,2011-01-03,2011-01-03,2011-11-05,2011-11-05,32020,,,32007,0,65363002,372328,,0,Otite média
7830,1119,28060,2017-10-28,2017-10-28,2017-11-04,2017-11-04,32020,,,32013,0,43878008,28060,,0,Faringite estreptocócica
7831,1119,40481087,2017-01-15,2017-01-15,2017-01-22,2017-01-22,32020,,,32033,0,444814009,40481087,,0,Infecção viral das vias aéreas superiores
7832,1119,4156265,2015-10-25,2015-10-25,2015-11-08,2015-11-08,32020,,,32011,0,370247008,4156265,,0,Lesão facial
7833,1119,4112343,2014-12-01,2014-12-01,2014-12-10,2014-12-10,32020,,,32023,0,195662009,4112343,,0,Faringite viral aguda
7834,1119,0,1998-06-27,1998-06-27,,,32020,,,32012,0,162864005,4060985,,0,IMC 30+ - obesidade
7835,1119,440674,1996-09-08,1996-09-08,,,32020,,,32027,0,90560007,440674,,0,Gota
7836,1119,316866,1978-11-25,1978-11-25,,,32020,,,32016,0,38341003,316866,,0,Hipertensão arterial
7837,1121,0,2009-06-08,2009-06-08,,,32020,,,32046,0,429007001,4324181,,0,Histórico de infarto
7838,1121,321042,2009-06-08,2009-06-08,,,32020,,,32046,0,410429000,321042,,0,Parada cardíaca
7839,1121,40480160,2007-10-21,2007-10-21,2007-11-20,2007-11-20,32020,,,32047,0,443165006,40480160,,0,Faringite aguda
7840,1121,4237458,2007-10-21,2007-10-21,2007-11-20,2007-11-20,32020,,,32047,0,58150001,4237458,,0,Fratura de clavícula
7841,1121,81151,2005-11-09,2005-11-09,2005-11-30,2005-11-30,32020,,,32048,0,44465007,81151,,0,Entorse de tornozelo
7842,1121,80502,2001-06-04,2001-06-04,,,32020,,,32068,0,64859006,80502,,0,Osteoporose
7843,1121,4112343,2000-10-09,2000-10-09,2000-10-20,2000-10-20,32020,,,32041,0,195662009,4112343,,0,Faringite viral aguda
7844,1121,4142905,2000-02-09,2000-02-09,2000-04-09,2000-04-09,32020,,,32049,0,33737001,4142905,,0,Fratura de rádio
7845,1121,257012,1997-05-04,1997-05-04,,,32020,,,32043,0,40055000,257012,,0,Sinusite crônica
7846,1121,317576,1987-09-14,1987-09-14,,,32020,,,32107,0,53741008,317576,,0,Doença arterial coronariana
7847,1121,381316,1977-11-14,1977-11-14,,,32020,,,32069,0,230690007,381316,,0,Acidente vascular cerebral
7848,1121,432867,1971-11-29,1971-11-29,,,32020,,,32063,0,55822004,432867,,0,Hiperlipidemia
7849,1121,4229440,1962-09-13,1962-09-13,,,32020,,,32066,0,88805009,4229440,,0,Cardiomiopatia isquêmica crônica
7850,1121,0,1954-12-27,1954-12-27,,,32020,,,32092,0,162864005,4060985,,0,IMC 30+ - obesidade
7851,1121,439777,1916-09-24,1916-09-24,,,32020,,,32053,0,271737000,439777,,0,Anemia
7852,1122,40481087,2018-04-23,2018-04-23,2018-05-07,2018-05-07,32020,,,32118,0,444814009,40481087,,0,Infecção viral das vias aéreas superiores
7853,1123,40481087,2018-09-17,2018-09-17,2018-09-24,2018-09-24,32020,,,32125,0,444814009,40481087,,0,Infecção viral das vias aéreas superiores
7854,1124,4112343,2018-12-17,2018-12-17,2018-12-26,2018-12-26,32020,,,32142,0,195662009,4112343,,0,Faringite viral aguda
7855,1124,4217975,2018-10-19,2018-10-19,,,32020,,,32178,0,72892002,4217975,,0,Otite média não supurativa
7856,1124,4217975,2017-08-11,2017-08-11,2018-03-16,2018-03-16,32020,,,32133,0,72892002,4217975,,0,Otite média não supurativa
7857,1124,439393,2017-01-27,2017-01-27,2017-03-24,2017-03-24,32020,,,32147,0,398254007,439393,,0,Pré-eclâmpsia
7858,1124,4217975,2016-08-12,2016-08-12,2017-03-24,2017-03-24,32020,,,32139,0,72892002,4217975,,0,Otite média não supurativa
7859,1124,4217975,2015-07-03,2015-07-03,2016-02-05,2016-02-05,32020,,,32127,0,72892002,4217975,,0,Otite média não supurativa
7860,1124,40481087,2011-04-12,2011-04-12,2011-05-03,2011-05-03,32020,,,32172,0,444814009,40481087,,0,Infecção viral das vias aéreas superiores
7861,1124,4217975,2010-11-05,2010-11-05,2010-11-19,2010-11-19,32020,,,32154,0,72892002,4217975,,0,Otite média não supurativa
7862,1124,4217975,2006-08-04,2006-08-04,2007-03-02,2007-03-02,32020,,,32160,0,72892002,4217975,,0,Otite média não supurativa
7863,1124,4217975,2006-04-21,2006-04-21,2006-05-12,2006-05-12,32020,,,32161,0,72892002,4217975,,0,Otite média não supurativa
7864,1124,317576,1992-12-25,1992-12-25,,,32020,,,32138,0,53741008,317576,,0,Doença arterial coronariana
7865,1125,257012,2015-01-27,2015-01-27,,,32020,,,32183,0,40055000,257012,,0,Sinusite crônica
7866,1125,28060,2014-12-14,2014-12-14,2014-12-24,2014-12-24,32020,,,32187,0,43878008,28060,,0,Faringite estreptocócica
7867,1125,4294548,2014-09-23,2014-09-23,2015-07-21,2015-07-21,32020,,,32191,0,75498004,4294548,,0,Infecção bacteriana aguda
7868,1125,316866,2014-01-28,2014-01-28,,,32020,,,32198,0,38341003,316866,,0,Hipertensão arterial
7869,1125,4134304,2010-03-23,2010-03-23,2010-04-22,2010-04-22,32020,,,32195,0,263102004,4134304,,0,Ruptura de menisco
7870,1125,4059173,2009-02-26,2009-02-26,2009-04-27,2009-04-27,32020,,,32197,0,16114001,4059173,,0,Fratura de tornozelo
7871,1126,40481087,2015-03-27,2015-03-27,2015-04-17,2015-04-17,32020,,,32204,0,444814009,40481087,,0,Infecção viral das vias aéreas superiores
7872,1126,4311629,1966-12-25,1966-12-25,,,32020,,,32211,0,15777000,40316773,,0,Pré-diabetes
7873,1127,4112343,2017-12-21,2017-12-21,2018-01-02,2018-01-02,32020,,,32215,0,195662009,4112343,,0,Faringite viral aguda
7874,1127,4112343,2015-12-18,2015-12-18,2015-12-28,2015-12-28,32020,,,32221,0,195662009,4112343,,0,Faringite viral aguda
7875,1127,0,2012-05-21,2012-05-21,,,32020,,,32218,0,162864005,4060985,,0,IMC 30+ - obesidade
7876,1127,40481087,2009-06-28,2009-06-28,2009-07-12,2009-07-12,32020,,,32214,0,444814009,40481087,,0,Infecção viral das vias aéreas superiores
7877,1127,4112343,2009-05-11,2009-05-11,2009-05-19,2009-05-19,32020,,,32223,0,195662009,4112343,,0,Faringite viral aguda
7878,1127,257012,2007-07-02,2007-07-02,,,32020,,,32219,0,40055000,257012,,0,Sinusite crônica
7879,1128,4134304,2013-09-04,2013-09-04,2013-12-03,2013-12-03,32020,,,32279,0,263102004,4134304,,0,Ruptura de menisco
7880,1128,381316,2010-12-24,2010-12-24,,,32020,,,32293,0,230690007,381316,,0,Acidente vascular cerebral
7881,1128,260139,2010-10-02,2010-10-02,2010-10-16,2010-10-16,32020,,,32293,0,10509002,260139,,0,Bronquite aguda
7882,1128,432867,2000-01-21,2000-01-21,,,32020,,,32304,0,55822004,432867,,0,Hiperlipidemia
7883,1128,436096,1990-12-30,1990-12-30,,,32020,,,32234,0,82423001,436096,,0,Dor crônica
7884,1128,4055754,1990-11-16,1990-11-16,,,32020,,,32275,0,196416002,4055754,,0,Esofagite por refluxo
7885,1128,43530652,1990-02-04,1990-02-04,,,32020,,,32287,0,124171000119105,43530652,,0,Nefropatia diabética crônica
7886,1128,0,1971-08-06,1971-08-06,,,32020,,,32295,0,162864005,4060985,,0,IMC 30+ - obesidade
7887,1128,316866,1940-08-23,1940-08-23,,,32020,,,32249,0,38341003,316866,,0,Hipertensão arterial
7888,1128,257012,1931-03-17,1931-03-17,,,32020,,,32305,0,40055000,257012,,0,Sinusite crônica
7889,1129,81151,2017-08-30,2017-08-30,2017-09-20,2017-09-20,32020,,,32321,0,44465007,81151,,0,Entorse de tornozelo
7890,1129,4112343,2016-01-26,2016-01-26,2016-02-03,2016-02-03,32020,,,32311,0,195662009,4112343,,0,Faringite viral aguda
7891,1129,4112343,2014-04-20,2014-04-20,2014-05-03,2014-05-03,32020,,,32308,0,195662009,4112343,,0,Faringite viral aguda
7892,1129,260139,2011-12-02,2011-12-02,2011-12-09,2011-12-09,32020,,,32322,0,10509002,260139,,0,Bronquite aguda
7893,1129,40481087,2011-10-10,2011-10-10,2011-10-17,2011-10-17,32020,,,32314,0,444814009,40481087,,0,Infecção viral das vias aéreas superiores
7894,1130,260139,2014-11-20,2014-11-20,2014-11-27,2014-11-27,32020,,,32358,0,10509002,260139,,0,Bronquite aguda
7895,1130,4109685,2014-07-28,2014-07-28,2014-08-11,2014-08-11,32020,,,32342,0,284551006,4109685,,0,Laceração de pé
7896,1130,381316,2013-04-21,2013-04-21,,,32020,,,32354,0,230690007,381316,,0,Acidente vascular cerebral
7897,1130,40481087,2011-09-13,2011-09-13,2011-09-27,2011-09-27,32020,,,32327,0,444814009,40481087,,0,Infecção viral das vias aéreas superiores
7898,1130,432867,2000-08-27,2000-08-27,,,32020,,,32331,0,55822004,432867,,0,Hiperlipidemia
7899,1130,0,1979-09-23,1979-09-23,,,32020,,,32339,0,162864005,4060985,,0,IMC 30+ - obesidade
7900,1130,316866,1966-09-04,1966-09-04,,,32020,,,32347,0,38341003,316866,,0,Hipertensão arterial
