id_observacao,id_pessoa,id_conceito_observacao,data,data_hora,id_conceito_tipo_observacao,valor_numerico,valor_texto,id_conceito_valor,id_conceito_qualificador,id_conceito_unidade,id_profissional,id_atendimento,id_detalhe_atendimento,codigo_origem_observacao,id_conceito_origem_observacao,unidade,qualificador,nome_observacao
1,7,4240902,2013-09-15,2013-09-15,38000280,,,0,0,0,0,177,0,91935009,4240902,,,Alergia a amendoim
2,19,442116,1941-03-25,1941-03-25,38000280,,,0,0,0,0,586,0,91930004,442116,,,Alergia a ovo
3,27,438614,1960-07-15,1960-07-15,38000280,,,0,0,0,0,790,0,91934008,438614,,,Alergia a castanhas
4,28,4306014,1982-01-24,1982-01-24,38000280,,,0,0,0,0,797,0,419263009,4306014,,,Alergia a ácaros
5,28,4304110,1982-01-24,1982-01-24,38000280,,,0,0,0,0,797,0,419474003,4304110,,,Alergia a amoxicilina
6,28,4240902,1982-01-24,1982-01-24,38000280,,,0,0,0,0,797,0,91935009,4240902,,,Alergia a amendoim
7,35,438614,2001-09-09,2001-09-09,38000280,,,0,0,0,0,906,0,91934008,438614,,,Alergia a castanhas
8,41,4304110,1967-01-08,1967-01-08,38000280,,,0,0,0,0,991,0,419474003,4304110,,,Alergia a amoxicilina
9,41,4048169,1967-01-08,1967-01-08,38000280,,,0,0,0,0,991,0,232350006,4048169,,,Alergia a mofo
10,41,439406,1967-01-08,1967-01-08,38000280,,,0,0,0,0,991,0,232347008,439406,,,Alergia a pólen
11,51,439406,1995-03-13,1995-03-13,38000280,,,0,0,0,0,1228,0,232347008,439406,,,Alergia a pólen
12,51,4306014,1995-03-13,1995-03-13,38000280,,,0,0,0,0,1228,0,419263009,4306014,,,Alergia a ácaros
13,53,438614,1945-06-29,1945-06-29,38000280,,,0,0,0,0,1309,0,91934008,438614,,,Alergia a castanhas
14,62,439406,2006-08-04,2006-08-04,38000280,,,0,0,0,0,1588,0,232347008,439406,,,Alergia a pólen
15,62,4102123,2006-08-04,2006-08-04,38000280,,,0,0,0,0,1588,0,300916003,4102123,,,Alergia a látex
16,62,4304110,2006-08-04,2006-08-04,38000280,,,0,0,0,0,1588,0,419474003,4304110,,,Alergia a amoxicilina
17,62,4048169,2006-08-04,2006-08-04,38000280,,,0,0,0,0,1588,0,232350006,4048169,,,Alergia a mofo
18,62,4302207,2006-08-04,2006-08-04,38000280,,,0,0,0,0,1588,0,418689008,4302207,,,Alergia a grama
19,62,4306014,2006-08-04,2006-08-04,38000280,,,0,0,0,0,1588,0,419263009,4306014,,,Alergia a ácaros
20,62,4139681,2006-08-04,2006-08-04,38000280,,,0,0,0,0,1588,0,425525006,4139681,,,Alergia a trigo
21,62,433644,2006-08-04,2006-08-04,38000280,,,0,0,0,0,1588,0,300913006,433644,,,Alergia a frutos do mar
22,75,4048169,2009-11-20,2009-11-20,38000280,,,0,0,0,0,1898,0,232350006,4048169,,,Alergia a mofo
23,75,4306014,2009-11-20,2009-11-20,38000280,,,0,0,0,0,1898,0,419263009,4306014,,,Alergia a ácaros
24,75,4302207,2009-11-20,2009-11-20,38000280,,,0,0,0,0,1898,0,418689008,4302207,,,Alergia a grama
25,75,433644,2009-11-20,2009-11-20,38000280,,,0,0,0,0,1898,0,300913006,433644,,,Alergia a frutos do mar
26,75,4169137,2009-11-20,2009-11-20,38000280,,,0,0,0,0,1898,0,420174000,4169137,,,Alergia a trigo (confirmada)
27,75,439406,2009-11-20,2009-11-20,38000280,,,0,0,0,0,1898,0,232347008,439406,,,Alergia a pólen
28,75,4219399,2009-11-20,2009-11-20,38000280,,,0,0,0,0,1898,0,417532002,4219399,,,Alergia a aspirina
29,75,4304110,2009-11-20,2009-11-20,38000280,,,0,0,0,0,1898,0,419474003,4304110,,,Alergia a amoxicilina
30,84,4302207,1979-10-16,1979-10-16,38000280,,,0,0,0,0,2174,0,418689008,4302207,,,Alergia a grama
31,84,4306014,1979-10-16,1979-10-16,38000280,,,0,0,0,0,2174,0,419263009,4306014,,,Alergia a ácaros
32,84,439406,1979-10-16,1979-10-16,38000280,,,0,0,0,0,2174,0,232347008,439406,,,Alergia a pólen
33,84,4048169,1979-10-16,1979-10-16,38000280,,,0,0,0,0,2174,0,232350006,4048169,,,Alergia a mofo
34,84,4304110,1979-10-16,1979-10-16,38000280,,,0,0,0,0,2174,0,419474003,4304110,,,Alergia a amoxicilina
35,99,433644,1997-05-11,1997-05-11,38000280,,,0,0,0,0,2901,0,300913006,433644,,,Alergia a frutos do mar
36,99,4306014,1997-05-11,1997-05-11,38000280,,,0,0,0,0,2901,0,419263009,4306014,,,Alergia a ácaros
37,99,4302207,1997-05-11,1997-05-11,38000280,,,0,0,0,0,2901,0,418689008,4302207,,,Alergia a grama
38,99,439406,1997-05-11,1997-05-11,38000280,,,0,0,0,0,2901,0,232347008,439406,,,Alergia a pólen
39,99,4048169,1997-05-11,1997-05-11,38000280,,,0,0,0,0,2901,0,232350006,4048169,,,Alergia a mofo
40,99,4304110,1997-05-11,1997-05-11,38000280,,,0,0,0,0,2901,0,419474003,4304110,,,Alergia a amoxicilina
41,101,433644,1977-12-22,1977-12-22,38000280,,,0,0,0,0,2981,0,300913006,433644,,,Alergia a frutos do mar
42,104,4102123,1992-05-07,1992-05-07,38000280,,,0,0,0,0,3082,0,300916003,4102123,,,Alergia a látex
43,104,4306014,1992-05-07,1992-05-07,38000280,,,0,0,0,0,3082,0,419263009,4306014,,,Alergia a ácaros
44,104,4174876,1992-05-07,1992-05-07,38000280,,,0,0,0,0,3082,0,424213003,4174876,,,Alergia a abelha
45,110,433644,1921-07-12,1921-07-12,38000280,,,0,0,0,0,3220,0,300913006,433644,,,Alergia a frutos do mar
46,113,4139681,1944-10-08,1944-10-08,38000280,,,0,0,0,0,3283,0,425525006,4139681,,,Alergia a trigo
47,113,4306014,1944-10-08,1944-10-08,38000280,,,0,0,0,0,3283,0,419263009,4306014,,,Alergia a ácaros
48,113,4219399,1944-10-08,1944-10-08,38000280,,,0,0,0,0,3283,0,417532002,4219399,,,Alergia a aspirina
49,113,4304110,1944-10-08,1944-10-08,38000280,,,0,0,0,0,3283,0,419474003,4304110,,,Alergia a amoxicilina
50,121,4304110,1922-01-12,1922-01-12,38000280,,,0,0,0,0,3422,0,419474003,4304110,,,Alergia a amoxicilina
51,121,433644,1922-01-12,1922-01-12,38000280,,,0,0,0,0,3422,0,300913006,433644,,,Alergia a frutos do mar
52,126,4174876,2009-05-05,2009-05-05,38000280,,,0,0,0,0,3567,0,424213003,4174876,,,Alergia a abelha
53,126,4304110,2009-05-05,2009-05-05,38000280,,,0,0,0,0,3567,0,419474003,4304110,,,Alergia a amoxicilina
54,126,439406,2009-05-05,2009-05-05,38000280,,,0,0,0,0,3567,0,232347008,439406,,,Alergia a pólen
55,126,4302207,2009-05-05,2009-05-05,38000280,,,0,0,0,0,3567,0,418689008,4302207,,,Alergia a grama
56,126,4306014,2009-05-05,2009-05-05,38000280,,,0,0,0,0,3567,0,419263009,4306014,,,Alergia a ácaros
57,126,433644,2009-05-05,2009-05-05,38000280,,,0,0,0,0,3567,0,300913006,433644,,,Alergia a frutos do mar
58,126,4240902,2009-05-05,2009-05-05,38000280,,,0,0,0,0,3567,0,91935009,4240902,,,Alergia a amendoim
59,133,4048169,1976-01-24,1976-01-24,38000280,,,0,0,0,0,3783,0,232350006,4048169,,,Alergia a mofo
60,150,4304110,1959-10-15,1959-10-15,38000280,,,0,0,0,0,4159,0,419474003,4304110,,,Alergia a amoxicilina
61,150,4174876,1959-10-15,1959-10-15,38000280,,,0,0,0,0,4159,0,424213003,4174876,,,Alergia a abelha
62,150,4048169,1959-10-15,1959-10-15,38000280,,,0,0,0,0,4159,0,232350006,4048169,,,Alergia a mofo
63,150,4240902,1959-10-15,1959-10-15,38000280,,,0,0,0,0,4159,0,91935009,4240902,,,Alergia a amendoim
64,150,4219399,1959-10-15,1959-10-15,38000280,,,0,0,0,0,4159,0,417532002,4219399,,,Alergia a aspirina
65,150,4306014,1959-10-15,1959-10-15,38000280,,,0,0,0,0,4159,0,419263009,4306014,,,Alergia a ácaros
66,150,4302207,1959-10-15,1959-10-15,38000280,,,0,0,0,0,4159,0,418689008,4302207,,,Alergia a grama
67,150,439406,1959-10-15,1959-10-15,38000280,,,0,0,0,0,4159,0,232347008,439406,,,Alergia a pólen
68,157,4304110,1942-10-09,1942-10-09,38000280,,,0,0,0,0,4322,0,419474003,4304110,,,Alergia a amoxicilina
69,163,433644,2005-08-04,2005-08-04,38000280,,,0,0,0,0,4539,0,300913006,433644,,,Alergia a frutos do mar
70,164,433644,1909-09-26,1909-09-26,38000280,,,0,0,0,0,4597,0,300913006,433644,,,Alergia a frutos do mar
71,167,438614,1986-10-11,1986-10-11,38000280,,,0,0,0,0,4758,0,91934008,438614,,,Alergia a castanhas
72,167,4306014,1986-10-11,1986-10-11,38000280,,,0,0,0,0,4758,0,419263009,4306014,,,Alergia a ácaros
73,167,4304110,1986-10-11,1986-10-11,38000280,,,0,0,0,0,4758,0,419474003,4304110,,,Alergia a amoxicilina
74,176,433644,1972-08-31,1972-08-31,38000280,,,0,0,0,0,5033,0,300913006,433644,,,Alergia a frutos do mar
75,185,4169137,1999-12-18,1999-12-18,38000280,,,0,0,0,0,5257,0,420174000,4169137,,,Alergia a trigo (confirmada)
76,185,4102123,1999-12-18,1999-12-18,38000280,,,0,0,0,0,5257,0,300916003,4102123,,,Alergia a látex
77,185,4139681,1999-12-18,1999-12-18,38000280,,,0,0,0,0,5257,0,425525006,4139681,,,Alergia a trigo
78,185,439406,1999-12-18,1999-12-18,38000280,,,0,0,0,0,5257,0,232347008,439406,,,Alergia a pólen
79,185,4304110,1999-12-18,1999-12-18,38000280,,,0,0,0,0,5257,0,419474003,4304110,,,Alergia a amoxicilina
80,193,4306014,1998-11-05,1998-11-05,38000280,,,0,0,0,0,5463,0,419263009,4306014,,,Alergia a ácaros
81,193,4048169,1998-11-05,1998-11-05,38000280,,,0,0,0,0,5463,0,232350006,4048169,,,Alergia a mofo
82,193,439406,1998-11-05,1998-11-05,38000280,,,0,0,0,0,5463,0,232347008,439406,,,Alergia a pólen
83,193,4304110,1998-11-05,1998-11-05,38000280,,,0,0,0,0,5463,0,419474003,4304110,,,Alergia a amoxicilina
84,193,4302207,1998-11-05,1998-11-05,38000280,,,0,0,0,0,5463,0,418689008,4302207,,,Alergia a grama
85,193,433644,1998-11-05,1998-11-05,38000280,,,0,0,0,0,5463,0,300913006,433644,,,Alergia a frutos do mar
86,202,433644,1971-11-02,1971-11-02,38000280,,,0,0,0,0,5922,0,300913006,433644,,,Alergia a frutos do mar
87,215,439406,1955-04-17,1955-04-17,38000280,,,0,0,0,0,6295,0,232347008,439406,,,Alergia a pólen
88,215,4304110,1955-04-17,1955-04-17,38000280,,,0,0,0,0,6295,0,419474003,4304110,,,Alergia a amoxicilina
89,221,433644,1998-03-23,1998-03-23,38000280,,,0,0,0,0,6466,0,300913006,433644,,,Alergia a frutos do mar
90,221,4240902,1998-03-23,1998-03-23,38000280,,,0,0,0,0,6466,0,91935009,4240902,,,Alergia a amendoim
91,221,438614,1998-03-23,1998-03-23,38000280,,,0,0,0,0,6466,0,91934008,438614,,,Alergia a castanhas
92,221,37017711,1998-03-23,1998-03-23,38000280,,,0,0,0,0,6466,0,714035009,37017711,,,Alergia a soja
93,221,4306014,1998-03-23,1998-03-23,38000280,,,0,0,0,0,6466,0,419263009,4306014,,,Alergia a ácaros
94,221,4302207,1998-03-23,1998-03-23,38000280,,,0,0,0,0,6466,0,418689008,4302207,,,Alergia a grama
95,221,439406,1998-03-23,1998-03-23,38000280,,,0,0,0,0,6466,0,232347008,439406,,,Alergia a pólen
96,221,4048169,1998-03-23,1998-03-23,38000280,,,0,0,0,0,6466,0,232350006,4048169,,,Alergia a mofo
97,221,4304110,1998-03-23,1998-03-23,38000280,,,0,0,0,0,6466,0,419474003,4304110,,,Alergia a amoxicilina
98,231,4306014,1964-12-30,1964-12-30,38000280,,,0,0,0,0,6768,0,419263009,4306014,,,Alergia a ácaros
99,231,4302207,1964-12-30,1964-12-30,38000280,,,0,0,0,0,6768,0,418689008,4302207,,,Alergia a grama
100,231,439406,1964-12-30,1964-12-30,38000280,,,0,0,0,0,6768,0,232347008,439406,,,Alergia a pólen
101,231,4048169,1964-12-30,1964-12-30,38000280,,,0,0,0,0,6768,0,232350006,4048169,,,Alergia a mofo
102,231,4304110,1964-12-30,1964-12-30,38000280,,,0,0,0,0,6768,0,419474003,4304110,,,Alergia a amoxicilina
103,235,4139681,1955-07-19,1955-07-19,38000280,,,0,0,0,0,6856,0,425525006,4139681,,,Alergia a trigo
104,243,4240902,1991-09-04,1991-09-04,38000280,,,0,0,0,0,7095,0,91935009,4240902,,,Alergia a amendoim
105,243,4139681,1991-09-04,1991-09-04,38000280,,,0,0,0,0,7095,0,425525006,4139681,,,Alergia a trigo
106,243,4048169,1991-09-04,1991-09-04,38000280,,,0,0,0,0,7095,0,232350006,4048169,,,Alergia a mofo
107,243,4304110,1991-09-04,1991-09-04,38000280,,,0,0,0,0,7095,0,419474003,4304110,,,Alergia a amoxicilina
108,243,4174876,1991-09-04,1991-09-04,38000280,,,0,0,0,0,7095,0,424213003,4174876,,,Alergia a abelha
109,244,4306014,2015-05-24,2015-05-24,38000280,,,0,0,0,0,7112,0,419263009,4306014,,,Alergia a ácaros
110,244,4139681,2015-05-24,2015-05-24,38000280,,,0,0,0,0,7112,0,425525006,4139681,,,Alergia a trigo
111,244,4302207,2015-05-24,2015-05-24,38000280,,,0,0,0,0,7112,0,418689008,4302207,,,Alergia a grama
112,244,37017711,2015-05-24,2015-05-24,38000280,,,0,0,0,0,7112,0,714035009,37017711,,,Alergia a soja
113,244,4169137,2015-05-24,2015-05-24,38000280,,,0,0,0,0,7112,0,420174000,4169137,,,Alergia a trigo (confirmada)
114,244,4048169,2015-05-24,2015-05-24,38000280,,,0,0,0,0,7112,0,232350006,4048169,,,Alergia a mofo
115,244,439406,2015-05-24,2015-05-24,38000280,,,0,0,0,0,7112,0,232347008,439406,,,Alergia a pólen
116,244,4304110,2015-05-24,2015-05-24,38000280,,,0,0,0,0,7112,0,419474003,4304110,,,Alergia a amoxicilina
117,249,4302207,2006-05-20,2006-05-20,38000280,,,0,0,0,0,7239,0,418689008,4302207,,,Alergia a grama
118,249,439406,2006-05-20,2006-05-20,38000280,,,0,0,0,0,7239,0,232347008,439406,,,Alergia a pólen
119,249,4048169,2006-05-20,2006-05-20,38000280,,,0,0,0,0,7239,0,232350006,4048169,,,Alergia a mofo
120,249,4304110,2006-05-20,2006-05-20,38000280,,,0,0,0,0,7239,0,419474003,4304110,,,Alergia a amoxicilina
121,249,4174876,2006-05-20,2006-05-20,38000280,,,0,0,0,0,7239,0,424213003,4174876,,,Alergia a abelha
122,249,4306014,2006-05-20,2006-05-20,38000280,,,0,0,0,0,7239,0,419263009,4306014,,,Alergia a ácaros
123,249,4139681,2006-05-20,2006-05-20,38000280,,,0,0,0,0,7239,0,425525006,4139681,,,Alergia a trigo
124,249,37017711,2006-05-20,2006-05-20,38000280,,,0,0,0,0,7239,0,714035009,37017711,,,Alergia a soja
125,249,433644,2006-05-20,2006-05-20,38000280,,,0,0,0,0,7239,0,300913006,433644,,,Alergia a frutos do mar
126,251,439406,2004-02-29,2004-02-29,38000280,,,0,0,0,0,7297,0,232347008,439406,,,Alergia a pólen
127,251,4306014,2004-02-29,2004-02-29,38000280,,,0,0,0,0,7297,0,419263009,4306014,,,Alergia a ácaros
128,251,37017711,2004-02-29,2004-02-29,38000280,,,0,0,0,0,7297,0,714035009,37017711,,,Alergia a soja
129,251,442116,2004-02-29,2004-02-29,38000280,,,0,0,0,0,7297,0,91930004,442116,,,Alergia a ovo
130,251,4174876,2004-02-29,2004-02-29,38000280,,,0,0,0,0,7297,0,424213003,4174876,,,Alergia a abelha
131,251,4304110,2004-02-29,2004-02-29,38000280,,,0,0,0,0,7297,0,419474003,4304110,,,Alergia a amoxicilina
132,251,4048169,2004-02-29,2004-02-29,38000280,,,0,0,0,0,7297,0,232350006,4048169,,,Alergia a mofo
133,251,4102123,2004-02-29,2004-02-29,38000280,,,0,0,0,0,7297,0,300916003,4102123,,,Alergia a látex
134,251,4302207,2004-02-29,2004-02-29,38000280,,,0,0,0,0,7297,0,418689008,4302207,,,Alergia a grama
135,252,4304110,1963-03-28,1963-03-28,38000280,,,0,0,0,0,7335,0,419474003,4304110,,,Alergia a amoxicilina
136,256,4102123,2013-07-21,2013-07-21,38000280,,,0,0,0,0,7455,0,300916003,4102123,,,Alergia a látex
137,256,4048169,2013-07-21,2013-07-21,38000280,,,0,0,0,0,7455,0,232350006,4048169,,,Alergia a mofo
138,256,439406,2013-07-21,2013-07-21,38000280,,,0,0,0,0,7455,0,232347008,439406,,,Alergia a pólen
139,256,4302207,2013-07-21,2013-07-21,38000280,,,0,0,0,0,7455,0,418689008,4302207,,,Alergia a grama
140,256,4306014,2013-07-21,2013-07-21,38000280,,,0,0,0,0,7455,0,419263009,4306014,,,Alergia a ácaros
141,256,433644,2013-07-21,2013-07-21,38000280,,,0,0,0,0,7455,0,300913006,433644,,,Alergia a frutos do mar
142,256,4304110,2013-07-21,2013-07-21,38000280,,,0,0,0,0,7455,0,419474003,4304110,,,Alergia a amoxicilina
143,263,4240902,1980-08-01,1980-08-01,38000280,,,0,0,0,0,7607,0,91935009,4240902,,,Alergia a amendoim
144,263,433644,1980-08-01,1980-08-01,38000280,,,0,0,0,0,7607,0,300913006,433644,,,Alergia a frutos do mar
145,263,4169137,1980-08-01,1980-08-01,38000280,,,0,0,0,0,7607,0,420174000,4169137,,,Alergia a trigo (confirmada)
146,263,4219399,1980-08-01,1980-08-01,38000280,,,0,0,0,0,7607,0,417532002,4219399,,,Alergia a aspirina
147,275,4174876,1957-07-12,1957-07-12,38000280,,,0,0,0,0,8036,0,424213003,4174876,,,Alergia a abelha
148,275,4102123,1957-07-12,1957-07-12,38000280,,,0,0,0,0,8036,0,300916003,4102123,,,Alergia a látex
149,277,4306014,2000-10-28,2000-10-28,38000280,,,0,0,0,0,8089,0,419263009,4306014,,,Alergia a ácaros
150,277,4174876,2000-10-28,2000-10-28,38000280,,,0,0,0,0,8089,0,424213003,4174876,,,Alergia a abelha
151,277,4304110,2000-10-28,2000-10-28,38000280,,,0,0,0,0,8089,0,419474003,4304110,,,Alergia a amoxicilina
152,277,4048169,2000-10-28,2000-10-28,38000280,,,0,0,0,0,8089,0,232350006,4048169,,,Alergia a mofo
153,277,439406,2000-10-28,2000-10-28,38000280,,,0,0,0,0,8089,0,232347008,439406,,,Alergia a pólen
154,277,4302207,2000-10-28,2000-10-28,38000280,,,0,0,0,0,8089,0,418689008,4302207,,,Alergia a grama
155,277,433644,2000-10-28,2000-10-28,38000280,,,0,0,0,0,8089,0,300913006,433644,,,Alergia a frutos do mar
156,277,4219399,2000-10-28,2000-10-28,38000280,,,0,0,0,0,8089,0,417532002,4219399,,,Alergia a aspirina
157,277,438614,2000-10-28,2000-10-28,38000280,,,0,0,0,0,8089,0,91934008,438614,,,Alergia a castanhas
158,278,433644,1958-04-22,1958-04-22,38000280,,,0,0,0,0,8104,0,300913006,433644,,,Alergia a frutos do mar
159,298,433644,1957-12-17,1957-12-17,38000280,,,0,0,0,0,8621,0,300913006,433644,,,Alergia a frutos do mar
160,300,433644,1976-07-13,1976-07-13,38000280,,,0,0,0,0,8732,0,300913006,433644,,,Alergia a frutos do mar
161,303,439406,1998-09-20,1998-09-20,38000280,,,0,0,0,0,8858,0,232347008,439406,,,Alergia a pólen
162,303,4048169,1998-09-20,1998-09-20,38000280,,,0,0,0,0,8858,0,232350006,4048169,,,Alergia a mofo
163,303,4304110,1998-09-20,1998-09-20,38000280,,,0,0,0,0,8858,0,419474003,4304110,,,Alergia a amoxicilina
164,303,438614,1998-09-20,1998-09-20,38000280,,,0,0,0,0,8858,0,91934008,438614,,,Alergia a castanhas
165,303,4169137,1998-09-20,1998-09-20,38000280,,,0,0,0,0,8858,0,420174000,4169137,,,Alergia a trigo (confirmada)
166,303,4306014,1998-09-20,1998-09-20,38000280,,,0,0,0,0,8858,0,419263009,4306014,,,Alergia a ácaros
167,303,4302207,1998-09-20,1998-09-20,38000280,,,0,0,0,0,8858,0,418689008,4302207,,,Alergia a grama
168,306,4306014,2007-03-10,2007-03-10,38000280,,,0,0,0,0,9030,0,419263009,4306014,,,Alergia a ácaros
169,306,4302207,2007-03-10,2007-03-10,38000280,,,0,0,0,0,9030,0,418689008,4302207,,,Alergia a grama
170,306,439406,2007-03-10,2007-03-10,38000280,,,0,0,0,0,9030,0,232347008,439406,,,Alergia a pólen
171,306,4304110,2007-03-10,2007-03-10,38000280,,,0,0,0,0,9030,0,419474003,4304110,,,Alergia a amoxicilina
172,306,4174876,2007-03-10,2007-03-10,38000280,,,0,0,0,0,9030,0,424213003,4174876,,,Alergia a abelha
173,306,4102123,2007-03-10,2007-03-10,38000280,,,0,0,0,0,9030,0,300916003,4102123,,,Alergia a látex
174,306,438614,2007-03-10,2007-03-10,38000280,,,0,0,0,0,9030,0,91934008,438614,,,Alergia a castanhas
175,306,442116,2007-03-10,2007-03-10,38000280,,,0,0,0,0,9030,0,91930004,442116,,,Alergia a ovo
176,307,4048169,1977-05-09,1977-05-09,38000280,,,0,0,0,0,9061,0,232350006,4048169,,,Alergia a mofo
177,307,4304110,1977-05-09,1977-05-09,38000280,,,0,0,0,0,9061,0,419474003,4304110,,,Alergia a amoxicilina
178,307,4240902,1977-05-09,1977-05-09,38000280,,,0,0,0,0,9061,0,91935009,4240902,,,Alergia a amendoim
179,307,4306014,1977-05-09,1977-05-09,38000280,,,0,0,0,0,9061,0,419263009,4306014,,,Alergia a ácaros
180,307,4302207,1977-05-09,1977-05-09,38000280,,,0,0,0,0,9061,0,418689008,4302207,,,Alergia a grama
181,307,439406,1977-05-09,1977-05-09,38000280,,,0,0,0,0,9061,0,232347008,439406,,,Alergia a pólen
182,310,4219399,1911-08-06,1911-08-06,38000280,,,0,0,0,0,9131,0,417532002,4219399,,,Alergia a aspirina
183,312,4302207,1972-05-10,1972-05-10,38000280,,,0,0,0,0,9217,0,418689008,4302207,,,Alergia a grama
184,312,439406,1972-05-10,1972-05-10,38000280,,,0,0,0,0,9217,0,232347008,439406,,,Alergia a pólen
185,312,4304110,1972-05-10,1972-05-10,38000280,,,0,0,0,0,9217,0,419474003,4304110,,,Alergia a amoxicilina
186,312,4048169,1972-05-10,1972-05-10,38000280,,,0,0,0,0,9217,0,232350006,4048169,,,Alergia a mofo
187,312,4240902,1972-05-10,1972-05-10,38000280,,,0,0,0,0,9217,0,91935009,4240902,,,Alergia a amendoim
188,312,4306014,1972-05-10,1972-05-10,38000280,,,0,0,0,0,9217,0,419263009,4306014,,,Alergia a ácaros
189,312,442116,1972-05-10,1972-05-10,38000280,,,0,0,0,0,9217,0,91930004,442116,,,Alergia a ovo
190,323,4304110,1995-09-28,1995-09-28,38000280,,,0,0,0,0,9504,0,419474003,4304110,,,Alergia a amoxicilina
191,323,4048169,1995-09-28,1995-09-28,38000280,,,0,0,0,0,9504,0,232350006,4048169,,,Alergia a mofo
192,323,439406,1995-09-28,1995-09-28,38000280,,,0,0,0,0,9504,0,232347008,439406,,,Alergia a pólen
193,323,4302207,1995-09-28,1995-09-28,38000280,,,0,0,0,0,9504,0,418689008,4302207,,,Alergia a grama
194,323,4306014,1995-09-28,1995-09-28,38000280,,,0,0,0,0,9504,0,419263009,4306014,,,Alergia a ácaros
195,323,4174876,1995-09-28,1995-09-28,38000280,,,0,0,0,0,9504,0,424213003,4174876,,,Alergia a abelha
196,341,4219399,1915-08-12,1915-08-12,38000280,,,0,0,0,0,9942,0,417532002,4219399,,,Alergia a aspirina
197,344,4240902,1972-11-13,1972-11-13,38000280,,,0,0,0,0,9994,0,91935009,4240902,,,Alergia a amendoim
198,344,4304110,1972-11-13,1972-11-13,38000280,,,0,0,0,0,9994,0,419474003,4304110,,,Alergia a amoxicilina
199,351,439406,1981-01-21,1981-01-21,38000280,,,0,0,0,0,10155,0,232347008,439406,,,Alergia a pólen
200,351,4174876,1981-01-21,1981-01-21,38000280,,,0,0,0,0,10155,0,424213003,4174876,,,Alergia a abelha
201,353,438614,1980-09-18,1980-09-18,38000280,,,0,0,0,0,10216,0,91934008,438614,,,Alergia a castanhas
202,353,4302207,1980-09-18,1980-09-18,38000280,,,0,0,0,0,10216,0,418689008,4302207,,,Alergia a grama
203,353,439406,1980-09-18,1980-09-18,38000280,,,0,0,0,0,10216,0,232347008,439406,,,Alergia a pólen
204,353,4048169,1980-09-18,1980-09-18,38000280,,,0,0,0,0,10216,0,232350006,4048169,,,Alergia a mofo
205,353,4304110,1980-09-18,1980-09-18,38000280,,,0,0,0,0,10216,0,419474003,4304110,,,Alergia a amoxicilina
206,357,433644,1976-11-12,1976-11-12,38000280,,,0,0,0,0,10366,0,300913006,433644,,,Alergia a frutos do mar
207,358,4169137,1969-04-22,1969-04-22,38000280,,,0,0,0,0,10392,0,420174000,4169137,,,Alergia a trigo (confirmada)
208,359,4219399,1964-11-17,1964-11-17,38000280,,,0,0,0,0,10432,0,417532002,4219399,,,Alergia a aspirina
209,369,4304110,1982-03-03,1982-03-03,38000280,,,0,0,0,0,10604,0,419474003,4304110,,,Alergia a amoxicilina
210,369,4306014,1982-03-03,1982-03-03,38000280,,,0,0,0,0,10604,0,419263009,4306014,,,Alergia a ácaros
211,369,4048169,1982-03-03,1982-03-03,38000280,,,0,0,0,0,10604,0,232350006,4048169,,,Alergia a mofo
212,369,439406,1982-03-03,1982-03-03,38000280,,,0,0,0,0,10604,0,232347008,439406,,,Alergia a pólen
213,369,4302207,1982-03-03,1982-03-03,38000280,,,0,0,0,0,10604,0,418689008,4302207,,,Alergia a grama
214,369,4102123,1982-03-03,1982-03-03,38000280,,,0,0,0,0,10604,0,300916003,4102123,,,Alergia a látex
215,383,439406,1986-10-03,1986-10-03,38000280,,,0,0,0,0,10909,0,232347008,439406,,,Alergia a pólen
216,383,4048169,1986-10-03,1986-10-03,38000280,,,0,0,0,0,10909,0,232350006,4048169,,,Alergia a mofo
217,383,4304110,1986-10-03,1986-10-03,38000280,,,0,0,0,0,10909,0,419474003,4304110,,,Alergia a amoxicilina
218,383,4302207,1986-10-03,1986-10-03,38000280,,,0,0,0,0,10909,0,418689008,4302207,,,Alergia a grama
219,383,4306014,1986-10-03,1986-10-03,38000280,,,0,0,0,0,10909,0,419263009,4306014,,,Alergia a ácaros
220,383,4139681,1986-10-03,1986-10-03,38000280,,,0,0,0,0,10909,0,425525006,4139681,,,Alergia a trigo
221,383,442116,1986-10-03,1986-10-03,38000280,,,0,0,0,0,10909,0,91930004,442116,,,Alergia a ovo
222,383,433644,1986-10-03,1986-10-03,38000280,,,0,0,0,0,10909,0,300913006,433644,,,Alergia a frutos do mar
223,384,439406,2000-06-26,2000-06-26,38000280,,,0,0,0,0,10977,0,232347008,439406,,,Alergia a pólen
224,384,4304110,2000-06-26,2000-06-26,38000280,,,0,0,0,0,10977,0,419474003,4304110,,,Alergia a amoxicilina
225,384,4306014,2000-06-26,2000-06-26,38000280,,,0,0,0,0,10977,0,419263009,4306014,,,Alergia a ácaros
226,387,4240902,1914-04-14,1914-04-14,38000280,,,0,0,0,0,11078,0,91935009,4240902,,,Alergia a amendoim
227,388,4219399,2012-09-22,2012-09-22,38000280,,,0,0,0,0,11110,0,417532002,4219399,,,Alergia a aspirina
228,388,4306014,2012-09-22,2012-09-22,38000280,,,0,0,0,0,11110,0,419263009,4306014,,,Alergia a ácaros
229,388,4304110,2012-09-22,2012-09-22,38000280,,,0,0,0,0,11110,0,419474003,4304110,,,Alergia a amoxicilina
230,388,4174876,2012-09-22,2012-09-22,38000280,,,0,0,0,0,11110,0,424213003,4174876,,,Alergia a abelha
231,388,4048169,2012-09-22,2012-09-22,38000280,,,0,0,0,0,11110,0,232350006,4048169,,,Alergia a mofo
232,388,442116,2012-09-22,2012-09-22,38000280,,,0,0,0,0,11110,0,91930004,442116,,,Alergia a ovo
233,388,4240902,2012-09-22,2012-09-22,38000280,,,0,0,0,0,11110,0,91935009,4240902,,,Alergia a amendoim
234,388,439406,2012-09-22,2012-09-22,38000280,,,0,0,0,0,11110,0,232347008,439406,,,Alergia a pólen
235,389,442116,2014-03-28,2014-03-28,38000280,,,0,0,0,0,11121,0,91930004,442116,,,Alergia a ovo
236,389,4048169,2014-03-28,2014-03-28,38000280,,,0,0,0,0,11121,0,232350006,4048169,,,Alergia a mofo
237,389,439406,2014-03-28,2014-03-28,38000280,,,0,0,0,0,11121,0,232347008,439406,,,Alergia a pólen
238,389,4304110,2014-03-28,2014-03-28,38000280,,,0,0,0,0,11121,0,419474003,4304110,,,Alergia a amoxicilina
239,389,4219399,2014-03-28,2014-03-28,38000280,,,0,0,0,0,11121,0,417532002,4219399,,,Alergia a aspirina
240,389,4306014,2014-03-28,2014-03-28,38000280,,,0,0,0,0,11121,0,419263009,4306014,,,Alergia a ácaros
241,389,4102123,2014-03-28,2014-03-28,38000280,,,0,0,0,0,11121,0,300916003,4102123,,,Alergia a látex
242,389,4302207,2014-03-28,2014-03-28,38000280,,,0,0,0,0,11121,0,418689008,4302207,,,Alergia a grama
243,415,4304110,2011-07-02,2011-07-02,38000280,,,0,0,0,0,11931,0,419474003,4304110,,,Alergia a amoxicilina
244,415,4048169,2011-07-02,2011-07-02,38000280,,,0,0,0,0,11931,0,232350006,4048169,,,Alergia a mofo
245,415,439406,2011-07-02,2011-07-02,38000280,,,0,0,0,0,11931,0,232347008,439406,,,Alergia a pólen
246,415,4102123,2011-07-02,2011-07-02,38000280,,,0,0,0,0,11931,0,300916003,4102123,,,Alergia a látex
247,415,4302207,2011-07-02,2011-07-02,38000280,,,0,0,0,0,11931,0,418689008,4302207,,,Alergia a grama
248,415,4306014,2011-07-02,2011-07-02,38000280,,,0,0,0,0,11931,0,419263009,4306014,,,Alergia a ácaros
249,415,4169137,2011-07-02,2011-07-02,38000280,,,0,0,0,0,11931,0,420174000,4169137,,,Alergia a trigo (confirmada)
250,415,4240902,2011-07-02,2011-07-02,38000280,,,0,0,0,0,11931,0,91935009,4240902,,,Alergia a amendoim
251,415,4174876,2011-07-02,2011-07-02,38000280,,,0,0,0,0,11931,0,424213003,4174876,,,Alergia a abelha
252,427,439406,1973-01-18,1973-01-18,38000280,,,0,0,0,0,12226,0,232347008,439406,,,Alergia a pólen
253,427,4102123,1973-01-18,1973-01-18,38000280,,,0,0,0,0,12226,0,300916003,4102123,,,Alergia a látex
254,427,4139681,1973-01-18,1973-01-18,38000280,,,0,0,0,0,12226,0,425525006,4139681,,,Alergia a trigo
255,427,4304110,1973-01-18,1973-01-18,38000280,,,0,0,0,0,12226,0,419474003,4304110,,,Alergia a amoxicilina
256,427,4240902,1973-01-18,1973-01-18,38000280,,,0,0,0,0,12226,0,91935009,4240902,,,Alergia a amendoim
257,445,4174876,1986-09-03,1986-09-03,38000280,,,0,0,0,0,12647,0,424213003,4174876,,,Alergia a abelha
258,445,4304110,1986-09-03,1986-09-03,38000280,,,0,0,0,0,12647,0,419474003,4304110,,,Alergia a amoxicilina
259,445,4048169,1986-09-03,1986-09-03,38000280,,,0,0,0,0,12647,0,232350006,4048169,,,Alergia a mofo
260,445,439406,1986-09-03,1986-09-03,38000280,,,0,0,0,0,12647,0,232347008,439406,,,Alergia a pólen
261,445,4306014,1986-09-03,1986-09-03,38000280,,,0,0,0,0,12647,0,419263009,4306014,,,Alergia a ácaros
262,445,4139681,1986-09-03,1986-09-03,38000280,,,0,0,0,0,12647,0,425525006,4139681,,,Alergia a trigo
263,445,438614,1986-09-03,1986-09-03,38000280,,,0,0,0,0,12647,0,91934008,438614,,,Alergia a castanhas
264,448,4304110,1996-01-07,1996-01-07,38000280,,,0,0,0,0,12677,0,419474003,4304110,,,Alergia a amoxicilina
265,448,4174876,1996-01-07,1996-01-07,38000280,,,0,0,0,0,12677,0,424213003,4174876,,,Alergia a abelha
266,448,4102123,1996-01-07,1996-01-07,38000280,,,0,0,0,0,12677,0,300916003,4102123,,,Alergia a látex
267,448,4240902,1996-01-07,1996-01-07,38000280,,,0,0,0,0,12677,0,91935009,4240902,,,Alergia a amendoim
268,448,4302207,1996-01-07,1996-01-07,38000280,,,0,0,0,0,12677,0,418689008,4302207,,,Alergia a grama
269,448,439406,1996-01-07,1996-01-07,38000280,,,0,0,0,0,12677,0,232347008,439406,,,Alergia a pólen
270,448,4048169,1996-01-07,1996-01-07,38000280,,,0,0,0,0,12677,0,232350006,4048169,,,Alergia a mofo
271,456,4306014,2001-02-26,2001-02-26,38000280,,,0,0,0,0,12937,0,419263009,4306014,,,Alergia a ácaros
272,456,4302207,2001-02-26,2001-02-26,38000280,,,0,0,0,0,12937,0,418689008,4302207,,,Alergia a grama
273,456,439406,2001-02-26,2001-02-26,38000280,,,0,0,0,0,12937,0,232347008,439406,,,Alergia a pólen
274,456,433644,2001-02-26,2001-02-26,38000280,,,0,0,0,0,12937,0,300913006,433644,,,Alergia a frutos do mar
275,456,4304110,2001-02-26,2001-02-26,38000280,,,0,0,0,0,12937,0,419474003,4304110,,,Alergia a amoxicilina
276,456,4174876,2001-02-26,2001-02-26,38000280,,,0,0,0,0,12937,0,424213003,4174876,,,Alergia a abelha
277,459,4169137,1991-05-19,1991-05-19,38000280,,,0,0,0,0,13020,0,420174000,4169137,,,Alergia a trigo (confirmada)
278,459,4219399,1991-05-19,1991-05-19,38000280,,,0,0,0,0,13020,0,417532002,4219399,,,Alergia a aspirina
279,459,438614,1991-05-19,1991-05-19,38000280,,,0,0,0,0,13020,0,91934008,438614,,,Alergia a castanhas
280,459,4240902,1991-05-19,1991-05-19,38000280,,,0,0,0,0,13020,0,91935009,4240902,,,Alergia a amendoim
281,459,439406,1991-05-19,1991-05-19,38000280,,,0,0,0,0,13020,0,232347008,439406,,,Alergia a pólen
282,459,4306014,1991-05-19,1991-05-19,38000280,,,0,0,0,0,13020,0,419263009,4306014,,,Alergia a ácaros
283,459,37017711,1991-05-19,1991-05-19,38000280,,,0,0,0,0,13020,0,714035009,37017711,,,Alergia a soja
284,459,4102123,1991-05-19,1991-05-19,38000280,,,0,0,0,0,13020,0,300916003,4102123,,,Alergia a látex
285,459,4174876,1991-05-19,1991-05-19,38000280,,,0,0,0,0,13020,0,424213003,4174876,,,Alergia a abelha
286,479,4306014,1985-04-25,1985-04-25,38000280,,,0,0,0,0,13594,0,419263009,4306014,,,Alergia a ácaros
287,479,4174876,1985-04-25,1985-04-25,38000280,,,0,0,0,0,13594,0,424213003,4174876,,,Alergia a abelha
288,482,4302207,1958-12-24,1958-12-24,38000280,,,0,0,0,0,13643,0,418689008,4302207,,,Alergia a grama
289,482,4219399,1958-12-24,1958-12-24,38000280,,,0,0,0,0,13643,0,417532002,4219399,,,Alergia a aspirina
290,482,433644,1958-12-24,1958-12-24,38000280,,,0,0,0,0,13643,0,300913006,433644,,,Alergia a frutos do mar
291,482,439406,1958-12-24,1958-12-24,38000280,,,0,0,0,0,13643,0,232347008,439406,,,Alergia a pólen
292,482,4304110,1958-12-24,1958-12-24,38000280,,,0,0,0,0,13643,0,419474003,4304110,,,Alergia a amoxicilina
293,484,439406,1974-10-30,1974-10-30,38000280,,,0,0,0,0,13685,0,232347008,439406,,,Alergia a pólen
294,484,4169137,1974-10-30,1974-10-30,38000280,,,0,0,0,0,13685,0,420174000,4169137,,,Alergia a trigo (confirmada)
295,492,433644,1969-10-01,1969-10-01,38000280,,,0,0,0,0,13873,0,300913006,433644,,,Alergia a frutos do mar
296,494,438614,2002-12-31,2002-12-31,38000280,,,0,0,0,0,14005,0,91934008,438614,,,Alergia a castanhas
297,494,4048169,2002-12-31,2002-12-31,38000280,,,0,0,0,0,14005,0,232350006,4048169,,,Alergia a mofo
298,494,4306014,2002-12-31,2002-12-31,38000280,,,0,0,0,0,14005,0,419263009,4306014,,,Alergia a ácaros
299,494,439406,2002-12-31,2002-12-31,38000280,,,0,0,0,0,14005,0,232347008,439406,,,Alergia a pólen
300,494,4102123,2002-12-31,2002-12-31,38000280,,,0,0,0,0,14005,0,300916003,4102123,,,Alergia a látex
301,494,4304110,2002-12-31,2002-12-31,38000280,,,0,0,0,0,14005,0,419474003,4304110,,,Alergia a amoxicilina
302,506,4306014,1987-02-25,1987-02-25,38000280,,,0,0,0,0,14373,0,419263009,4306014,,,Alergia a ácaros
303,506,4304110,1987-02-25,1987-02-25,38000280,,,0,0,0,0,14373,0,419474003,4304110,,,Alergia a amoxicilina
304,506,439406,1987-02-25,1987-02-25,38000280,,,0,0,0,0,14373,0,232347008,439406,,,Alergia a pólen
305,506,433644,1987-02-25,1987-02-25,38000280,,,0,0,0,0,14373,0,300913006,433644,,,Alergia a frutos do mar
306,506,438614,1987-02-25,1987-02-25,38000280,,,0,0,0,0,14373,0,91934008,438614,,,Alergia a castanhas
307,506,4048169,1987-02-25,1987-02-25,38000280,,,0,0,0,0,14373,0,232350006,4048169,,,Alergia a mofo
308,506,4302207,1987-02-25,1987-02-25,38000280,,,0,0,0,0,14373,0,418689008,4302207,,,Alergia a grama
309,507,439406,1996-09-30,1996-09-30,38000280,,,0,0,0,0,14464,0,232347008,439406,,,Alergia a pólen
310,507,4304110,1996-09-30,1996-09-30,38000280,,,0,0,0,0,14464,0,419474003,4304110,,,Alergia a amoxicilina
311,507,4174876,1996-09-30,1996-09-30,38000280,,,0,0,0,0,14464,0,424213003,4174876,,,Alergia a abelha
312,507,4306014,1996-09-30,1996-09-30,38000280,,,0,0,0,0,14464,0,419263009,4306014,,,Alergia a ácaros
313,507,433644,1996-09-30,1996-09-30,38000280,,,0,0,0,0,14464,0,300913006,433644,,,Alergia a frutos do mar
314,507,4302207,1996-09-30,1996-09-30,38000280,,,0,0,0,0,14464,0,418689008,4302207,,,Alergia a grama
315,507,4048169,1996-09-30,1996-09-30,38000280,,,0,0,0,0,14464,0,232350006,4048169,,,Alergia a mofo
316,514,4306014,1971-12-22,1971-12-22,38000280,,,0,0,0,0,14622,0,419263009,4306014,,,Alergia a ácaros
317,514,4304110,1971-12-22,1971-12-22,38000280,,,0,0,0,0,14622,0,419474003,4304110,,,Alergia a amoxicilina
318,514,4048169,1971-12-22,1971-12-22,38000280,,,0,0,0,0,14622,0,232350006,4048169,,,Alergia a mofo
319,514,439406,1971-12-22,1971-12-22,38000280,,,0,0,0,0,14622,0,232347008,439406,,,Alergia a pólen
320,514,4302207,1971-12-22,1971-12-22,38000280,,,0,0,0,0,14622,0,418689008,4302207,,,Alergia a grama
321,514,438614,1971-12-22,1971-12-22,38000280,,,0,0,0,0,14622,0,91934008,438614,,,Alergia a castanhas
322,525,4174876,2012-01-01,2012-01-01,38000280,,,0,0,0,0,15062,0,424213003,4174876,,,Alergia a abelha
323,525,4169137,2012-01-01,2012-01-01,38000280,,,0,0,0,0,15062,0,420174000,4169137,,,Alergia a trigo (confirmada)
324,525,4306014,2012-01-01,2012-01-01,38000280,,,0,0,0,0,15062,0,419263009,4306014,,,Alergia a ácaros
325,525,4302207,2012-01-01,2012-01-01,38000280,,,0,0,0,0,15062,0,418689008,4302207,,,Alergia a grama
326,525,439406,2012-01-01,2012-01-01,38000280,,,0,0,0,0,15062,0,232347008,439406,,,Alergia a pólen
327,525,4048169,2012-01-01,2012-01-01,38000280,,,0,0,0,0,15062,0,232350006,4048169,,,Alergia a mofo
328,525,4304110,2012-01-01,2012-01-01,38000280,,,0,0,0,0,15062,0,419474003,4304110,,,Alergia a amoxicilina
329,525,433644,2012-01-01,2012-01-01,38000280,,,0,0,0,0,15062,0,300913006,433644,,,Alergia a frutos do mar
330,525,4102123,2012-01-01,2012-01-01,38000280,,,0,0,0,0,15062,0,300916003,4102123,,,Alergia a látex
331,530,439406,1987-12-08,1987-12-08,38000280,,,0,0,0,0,15309,0,232347008,439406,,,Alergia a pólen
332,530,442116,1987-12-08,1987-12-08,38000280,,,0,0,0,0,15309,0,91930004,442116,,,Alergia a ovo
333,530,4306014,1987-12-08,1987-12-08,38000280,,,0,0,0,0,15309,0,419263009,4306014,,,Alergia a ácaros
334,530,4102123,1987-12-08,1987-12-08,38000280,,,0,0,0,0,15309,0,300916003,4102123,,,Alergia a látex
335,534,4304110,1968-08-14,1968-08-14,38000280,,,0,0,0,0,15385,0,419474003,4304110,,,Alergia a amoxicilina
336,534,433644,1968-08-14,1968-08-14,38000280,,,0,0,0,0,15385,0,300913006,433644,,,Alergia a frutos do mar
337,539,4306014,2013-05-18,2013-05-18,38000280,,,0,0,0,0,15481,0,419263009,4306014,,,Alergia a ácaros
338,539,4304110,2013-05-18,2013-05-18,38000280,,,0,0,0,0,15481,0,419474003,4304110,,,Alergia a amoxicilina
339,539,4048169,2013-05-18,2013-05-18,38000280,,,0,0,0,0,15481,0,232350006,4048169,,,Alergia a mofo
340,539,439406,2013-05-18,2013-05-18,38000280,,,0,0,0,0,15481,0,232347008,439406,,,Alergia a pólen
341,539,4302207,2013-05-18,2013-05-18,38000280,,,0,0,0,0,15481,0,418689008,4302207,,,Alergia a grama
342,539,4139681,2013-05-18,2013-05-18,38000280,,,0,0,0,0,15481,0,425525006,4139681,,,Alergia a trigo
343,539,442116,2013-05-18,2013-05-18,38000280,,,0,0,0,0,15481,0,91930004,442116,,,Alergia a ovo
344,539,4169137,2013-05-18,2013-05-18,38000280,,,0,0,0,0,15481,0,420174000,4169137,,,Alergia a trigo (confirmada)
345,539,4219399,2013-05-18,2013-05-18,38000280,,,0,0,0,0,15481,0,417532002,4219399,,,Alergia a aspirina
346,541,4302207,2008-03-16,2008-03-16,38000280,,,0,0,0,0,15544,0,418689008,4302207,,,Alergia a grama
347,541,4048169,2008-03-16,2008-03-16,38000280,,,0,0,0,0,15544,0,232350006,4048169,,,Alergia a mofo
348,541,4304110,2008-03-16,2008-03-16,38000280,,,0,0,0,0,15544,0,419474003,4304110,,,Alergia a amoxicilina
349,541,4174876,2008-03-16,2008-03-16,38000280,,,0,0,0,0,15544,0,424213003,4174876,,,Alergia a abelha
350,541,4240902,2008-03-16,2008-03-16,38000280,,,0,0,0,0,15544,0,91935009,4240902,,,Alergia a amendoim
351,541,4306014,2008-03-16,2008-03-16,38000280,,,0,0,0,0,15544,0,419263009,4306014,,,Alergia a ácaros
352,541,439406,2008-03-16,2008-03-16,38000280,,,0,0,0,0,15544,0,232347008,439406,,,Alergia a pólen
353,549,4240902,1987-08-22,1987-08-22,38000280,,,0,0,0,0,15768,0,91935009,4240902,,,Alergia a amendoim
354,549,4174876,1987-08-22,1987-08-22,38000280,,,0,0,0,0,15768,0,424213003,4174876,,,Alergia a abelha
355,551,4304110,1979-05-10,1979-05-10,38000280,,,0,0,0,0,15781,0,419474003,4304110,,,Alergia a amoxicilina
356,564,4302207,1969-12-05,1969-12-05,38000280,,,0,0,0,0,16096,0,418689008,4302207,,,Alergia a grama
357,564,442116,1969-12-05,1969-12-05,38000280,,,0,0,0,0,16096,0,91930004,442116,,,Alergia a ovo
358,564,4219399,1969-12-05,1969-12-05,38000280,,,0,0,0,0,16096,0,417532002,4219399,,,Alergia a aspirina
359,564,4306014,1969-12-05,1969-12-05,38000280,,,0,0,0,0,16096,0,419263009,4306014,,,Alergia a ácaros
360,564,4304110,1969-12-05,1969-12-05,38000280,,,0,0,0,0,16096,0,419474003,4304110,,,Alergia a amoxicilina
361,564,439406,1969-12-05,1969-12-05,38000280,,,0,0,0,0,16096,0,232347008,439406,,,Alergia a pólen
362,565,4240902,1982-11-07,1982-11-07,38000280,,,0,0,0,0,16114,0,91935009,4240902,,,Alergia a amendoim
363,578,4304110,2018-04-06,2018-04-06,38000280,,,0,0,0,0,16488,0,419474003,4304110,,,Alergia a amoxicilina
364,578,4048169,2018-04-06,2018-04-06,38000280,,,0,0,0,0,16488,0,232350006,4048169,,,Alergia a mofo
365,578,439406,2018-04-06,2018-04-06,38000280,,,0,0,0,0,16488,0,232347008,439406,,,Alergia a pólen
366,578,4302207,2018-04-06,2018-04-06,38000280,,,0,0,0,0,16488,0,418689008,4302207,,,Alergia a grama
367,578,4306014,2018-04-06,2018-04-06,38000280,,,0,0,0,0,16488,0,419263009,4306014,,,Alergia a ácaros
368,578,4139681,2018-04-06,2018-04-06,38000280,,,0,0,0,0,16488,0,425525006,4139681,,,Alergia a trigo
369,580,4219399,2011-01-09,2011-01-09,38000280,,,0,0,0,0,16566,0,417532002,4219399,,,Alergia a aspirina
370,580,4174876,2011-01-09,2011-01-09,38000280,,,0,0,0,0,16566,0,424213003,4174876,,,Alergia a abelha
371,580,4102123,2011-01-09,2011-01-09,38000280,,,0,0,0,0,16566,0,300916003,4102123,,,Alergia a látex
372,580,4048169,2011-01-09,2011-01-09,38000280,,,0,0,0,0,16566,0,232350006,4048169,,,Alergia a mofo
373,580,4306014,2011-01-09,2011-01-09,38000280,,,0,0,0,0,16566,0,419263009,4306014,,,Alergia a ácaros
374,580,4139681,2011-01-09,2011-01-09,38000280,,,0,0,0,0,16566,0,425525006,4139681,,,Alergia a trigo
375,580,442116,2011-01-09,2011-01-09,38000280,,,0,0,0,0,16566,0,91930004,442116,,,Alergia a ovo
376,580,4169137,2011-01-09,2011-01-09,38000280,,,0,0,0,0,16566,0,420174000,4169137,,,Alergia a trigo (confirmada)
377,580,4304110,2011-01-09,2011-01-09,38000280,,,0,0,0,0,16566,0,419474003,4304110,,,Alergia a amoxicilina
378,580,4302207,2011-01-09,2011-01-09,38000280,,,0,0,0,0,16566,0,418689008,4302207,,,Alergia a grama
379,580,439406,2011-01-09,2011-01-09,38000280,,,0,0,0,0,16566,0,232347008,439406,,,Alergia a pólen
380,606,433644,1967-01-18,1967-01-18,38000280,,,0,0,0,0,17136,0,300913006,433644,,,Alergia a frutos do mar
381,609,439406,1995-10-09,1995-10-09,38000280,,,0,0,0,0,17221,0,232347008,439406,,,Alergia a pólen
382,609,433644,1995-10-09,1995-10-09,38000280,,,0,0,0,0,17221,0,300913006,433644,,,Alergia a frutos do mar
383,610,4306014,1909-03-25,1909-03-25,38000280,,,0,0,0,0,17247,0,419263009,4306014,,,Alergia a ácaros
384,626,439406,1939-05-18,1939-05-18,38000280,,,0,0,0,0,17744,0,232347008,439406,,,Alergia a pólen
385,640,439406,1975-06-15,1975-06-15,38000280,,,0,0,0,0,18177,0,232347008,439406,,,Alergia a pólen
386,649,4169137,2011-11-03,2011-11-03,38000280,,,0,0,0,0,18409,0,420174000,4169137,,,Alergia a trigo (confirmada)
387,649,4139681,2011-11-03,2011-11-03,38000280,,,0,0,0,0,18409,0,425525006,4139681,,,Alergia a trigo
388,649,439406,2011-11-03,2011-11-03,38000280,,,0,0,0,0,18409,0,232347008,439406,,,Alergia a pólen
389,649,4048169,2011-11-03,2011-11-03,38000280,,,0,0,0,0,18409,0,232350006,4048169,,,Alergia a mofo
390,649,4304110,2011-11-03,2011-11-03,38000280,,,0,0,0,0,18409,0,419474003,4304110,,,Alergia a amoxicilina
391,658,4306014,1953-03-25,1953-03-25,38000280,,,0,0,0,0,18709,0,419263009,4306014,,,Alergia a ácaros
392,658,4302207,1953-03-25,1953-03-25,38000280,,,0,0,0,0,18709,0,418689008,4302207,,,Alergia a grama
393,658,439406,1953-03-25,1953-03-25,38000280,,,0,0,0,0,18709,0,232347008,439406,,,Alergia a pólen
394,658,4048169,1953-03-25,1953-03-25,38000280,,,0,0,0,0,18709,0,232350006,4048169,,,Alergia a mofo
395,658,4304110,1953-03-25,1953-03-25,38000280,,,0,0,0,0,18709,0,419474003,4304110,,,Alergia a amoxicilina
396,658,37017711,1953-03-25,1953-03-25,38000280,,,0,0,0,0,18709,0,714035009,37017711,,,Alergia a soja
397,658,4219399,1953-03-25,1953-03-25,38000280,,,0,0,0,0,18709,0,417532002,4219399,,,Alergia a aspirina
398,665,438614,2009-02-06,2009-02-06,38000280,,,0,0,0,0,18968,0,91934008,438614,,,Alergia a castanhas
399,665,439406,2009-02-06,2009-02-06,38000280,,,0,0,0,0,18968,0,232347008,439406,,,Alergia a pólen
400,668,433644,2010-07-22,2010-07-22,38000280,,,0,0,0,0,19079,0,300913006,433644,,,Alergia a frutos do mar
401,672,438614,2011-05-09,2011-05-09,38000280,,,0,0,0,0,19164,0,91934008,438614,,,Alergia a castanhas
402,672,4304110,2011-05-09,2011-05-09,38000280,,,0,0,0,0,19164,0,419474003,4304110,,,Alergia a amoxicilina
403,702,439406,1995-02-17,1995-02-17,38000280,,,0,0,0,0,19886,0,232347008,439406,,,Alergia a pólen
404,702,4102123,1995-02-17,1995-02-17,38000280,,,0,0,0,0,19886,0,300916003,4102123,,,Alergia a látex
405,702,438614,1995-02-17,1995-02-17,38000280,,,0,0,0,0,19886,0,91934008,438614,,,Alergia a castanhas
406,702,433644,1995-02-17,1995-02-17,38000280,,,0,0,0,0,19886,0,300913006,433644,,,Alergia a frutos do mar
407,702,4174876,1995-02-17,1995-02-17,38000280,,,0,0,0,0,19886,0,424213003,4174876,,,Alergia a abelha
408,702,4169137,1995-02-17,1995-02-17,38000280,,,0,0,0,0,19886,0,420174000,4169137,,,Alergia a trigo (confirmada)
409,702,4306014,1995-02-17,1995-02-17,38000280,,,0,0,0,0,19886,0,419263009,4306014,,,Alergia a ácaros
410,702,4304110,1995-02-17,1995-02-17,38000280,,,0,0,0,0,19886,0,419474003,4304110,,,Alergia a amoxicilina
411,702,4048169,1995-02-17,1995-02-17,38000280,,,0,0,0,0,19886,0,232350006,4048169,,,Alergia a mofo
412,702,4302207,1995-02-17,1995-02-17,38000280,,,0,0,0,0,19886,0,418689008,4302207,,,Alergia a grama
413,706,4240902,1958-10-30,1958-10-30,38000280,,,0,0,0,0,19977,0,91935009,4240902,,,Alergia a amendoim
414,709,433644,1945-11-18,1945-11-18,38000280,,,0,0,0,0,20070,0,300913006,433644,,,Alergia a frutos do mar
415,712,4048169,2001-04-02,2001-04-02,38000280,,,0,0,0,0,20174,0,232350006,4048169,,,Alergia a mofo
416,712,4102123,2001-04-02,2001-04-02,38000280,,,0,0,0,0,20174,0,300916003,4102123,,,Alergia a látex
417,712,439406,2001-04-02,2001-04-02,38000280,,,0,0,0,0,20174,0,232347008,439406,,,Alergia a pólen
418,712,4302207,2001-04-02,2001-04-02,38000280,,,0,0,0,0,20174,0,418689008,4302207,,,Alergia a grama
419,712,4219399,2001-04-02,2001-04-02,38000280,,,0,0,0,0,20174,0,417532002,4219399,,,Alergia a aspirina
420,712,4240902,2001-04-02,2001-04-02,38000280,,,0,0,0,0,20174,0,91935009,4240902,,,Alergia a amendoim
421,712,4304110,2001-04-02,2001-04-02,38000280,,,0,0,0,0,20174,0,419474003,4304110,,,Alergia a amoxicilina
422,717,433644,1998-07-06,1998-07-06,38000280,,,0,0,0,0,20532,0,300913006,433644,,,Alergia a frutos do mar
423,719,4304110,2004-03-17,2004-03-17,38000280,,,0,0,0,0,20595,0,419474003,4304110,,,Alergia a amoxicilina
424,719,4048169,2004-03-17,2004-03-17,38000280,,,0,0,0,0,20595,0,232350006,4048169,,,Alergia a mofo
425,719,439406,2004-03-17,2004-03-17,38000280,,,0,0,0,0,20595,0,232347008,439406,,,Alergia a pólen
426,719,4302207,2004-03-17,2004-03-17,38000280,,,0,0,0,0,20595,0,418689008,4302207,,,Alergia a grama
427,719,4306014,2004-03-17,2004-03-17,38000280,,,0,0,0,0,20595,0,419263009,4306014,,,Alergia a ácaros
428,719,4139681,2004-03-17,2004-03-17,38000280,,,0,0,0,0,20595,0,425525006,4139681,,,Alergia a trigo
429,733,4219399,1977-01-06,1977-01-06,38000280,,,0,0,0,0,20934,0,417532002,4219399,,,Alergia a aspirina
430,742,4304110,2014-08-23,2014-08-23,38000280,,,0,0,0,0,21264,0,419474003,4304110,,,Alergia a amoxicilina
431,742,4306014,2014-08-23,2014-08-23,38000280,,,0,0,0,0,21264,0,419263009,4306014,,,Alergia a ácaros
432,742,439406,2014-08-23,2014-08-23,38000280,,,0,0,0,0,21264,0,232347008,439406,,,Alergia a pólen
433,742,4219399,2014-08-23,2014-08-23,38000280,,,0,0,0,0,21264,0,417532002,4219399,,,Alergia a aspirina
434,742,4102123,2014-08-23,2014-08-23,38000280,,,0,0,0,0,21264,0,300916003,4102123,,,Alergia a látex
435,742,438614,2014-08-23,2014-08-23,38000280,,,0,0,0,0,21264,0,91934008,438614,,,Alergia a castanhas
436,742,4302207,2014-08-23,2014-08-23,38000280,,,0,0,0,0,21264,0,418689008,4302207,,,Alergia a grama
437,753,433644,2004-06-15,2004-06-15,38000280,,,0,0,0,0,21501,0,300913006,433644,,,Alergia a frutos do mar
438,757,438614,1963-04-28,1963-04-28,38000280,,,0,0,0,0,21615,0,91934008,438614,,,Alergia a castanhas
439,757,4302207,1963-04-28,1963-04-28,38000280,,,0,0,0,0,21615,0,418689008,4302207,,,Alergia a grama
440,767,4302207,2015-05-09,2015-05-09,38000280,,,0,0,0,0,21902,0,418689008,4302207,,,Alergia a grama
441,767,4304110,2015-05-09,2015-05-09,38000280,,,0,0,0,0,21902,0,419474003,4304110,,,Alergia a amoxicilina
442,767,4048169,2015-05-09,2015-05-09,38000280,,,0,0,0,0,21902,0,232350006,4048169,,,Alergia a mofo
443,767,439406,2015-05-09,2015-05-09,38000280,,,0,0,0,0,21902,0,232347008,439406,,,Alergia a pólen
444,767,4306014,2015-05-09,2015-05-09,38000280,,,0,0,0,0,21902,0,419263009,4306014,,,Alergia a ácaros
445,767,442116,2015-05-09,2015-05-09,38000280,,,0,0,0,0,21902,0,91930004,442116,,,Alergia a ovo
446,767,433644,2015-05-09,2015-05-09,38000280,,,0,0,0,0,21902,0,300913006,433644,,,Alergia a frutos do mar
447,784,4240902,2007-07-06,2007-07-06,38000280,,,0,0,0,0,22278,0,91935009,4240902,,,Alergia a amendoim
448,784,4048169,2007-07-06,2007-07-06,38000280,,,0,0,0,0,22278,0,232350006,4048169,,,Alergia a mofo
449,784,4304110,2007-07-06,2007-07-06,38000280,,,0,0,0,0,22278,0,419474003,4304110,,,Alergia a amoxicilina
450,784,4219399,2007-07-06,2007-07-06,38000280,,,0,0,0,0,22278,0,417532002,4219399,,,Alergia a aspirina
451,784,438614,2007-07-06,2007-07-06,38000280,,,0,0,0,0,22278,0,91934008,438614,,,Alergia a castanhas
452,784,442116,2007-07-06,2007-07-06,38000280,,,0,0,0,0,22278,0,91930004,442116,,,Alergia a ovo
453,784,4302207,2007-07-06,2007-07-06,38000280,,,0,0,0,0,22278,0,418689008,4302207,,,Alergia a grama
454,784,439406,2007-07-06,2007-07-06,38000280,,,0,0,0,0,22278,0,232347008,439406,,,Alergia a pólen
455,795,4240902,1977-11-15,1977-11-15,38000280,,,0,0,0,0,22599,0,91935009,4240902,,,Alergia a amendoim
456,795,433644,1977-11-15,1977-11-15,38000280,,,0,0,0,0,22599,0,300913006,433644,,,Alergia a frutos do mar
457,795,4174876,1977-11-15,1977-11-15,38000280,,,0,0,0,0,22599,0,424213003,4174876,,,Alergia a abelha
458,798,4048169,2008-11-17,2008-11-17,38000280,,,0,0,0,0,22650,0,232350006,4048169,,,Alergia a mofo
459,798,439406,2008-11-17,2008-11-17,38000280,,,0,0,0,0,22650,0,232347008,439406,,,Alergia a pólen
460,798,4169137,2008-11-17,2008-11-17,38000280,,,0,0,0,0,22650,0,420174000,4169137,,,Alergia a trigo (confirmada)
461,798,433644,2008-11-17,2008-11-17,38000280,,,0,0,0,0,22650,0,300913006,433644,,,Alergia a frutos do mar
462,798,4304110,2008-11-17,2008-11-17,38000280,,,0,0,0,0,22650,0,419474003,4304110,,,Alergia a amoxicilina
463,798,4219399,2008-11-17,2008-11-17,38000280,,,0,0,0,0,22650,0,417532002,4219399,,,Alergia a aspirina
464,800,4219399,1945-10-16,1945-10-16,38000280,,,0,0,0,0,22704,0,417532002,4219399,,,Alergia a aspirina
465,800,4306014,1945-10-16,1945-10-16,38000280,,,0,0,0,0,22704,0,419263009,4306014,,,Alergia a ácaros
466,816,4240902,2011-07-12,2011-07-12,38000280,,,0,0,0,0,23064,0,91935009,4240902,,,Alergia a amendoim
467,817,4304110,2005-05-03,2005-05-03,38000280,,,0,0,0,0,23099,0,419474003,4304110,,,Alergia a amoxicilina
468,817,439406,2005-05-03,2005-05-03,38000280,,,0,0,0,0,23099,0,232347008,439406,,,Alergia a pólen
469,817,4302207,2005-05-03,2005-05-03,38000280,,,0,0,0,0,23099,0,418689008,4302207,,,Alergia a grama
470,817,4306014,2005-05-03,2005-05-03,38000280,,,0,0,0,0,23099,0,419263009,4306014,,,Alergia a ácaros
471,817,4169137,2005-05-03,2005-05-03,38000280,,,0,0,0,0,23099,0,420174000,4169137,,,Alergia a trigo (confirmada)
472,817,433644,2005-05-03,2005-05-03,38000280,,,0,0,0,0,23099,0,300913006,433644,,,Alergia a frutos do mar
473,817,4240902,2005-05-03,2005-05-03,38000280,,,0,0,0,0,23099,0,91935009,4240902,,,Alergia a amendoim
474,817,4102123,2005-05-03,2005-05-03,38000280,,,0,0,0,0,23099,0,300916003,4102123,,,Alergia a látex
475,817,4048169,2005-05-03,2005-05-03,38000280,,,0,0,0,0,23099,0,232350006,4048169,,,Alergia a mofo
476,820,4306014,1980-06-18,1980-06-18,38000280,,,0,0,0,0,23175,0,419263009,4306014,,,Alergia a ácaros
477,829,4304110,1963-10-22,1963-10-22,38000280,,,0,0,0,0,23426,0,419474003,4304110,,,Alergia a amoxicilina
478,829,4048169,1963-10-22,1963-10-22,38000280,,,0,0,0,0,23426,0,232350006,4048169,,,Alergia a mofo
479,829,4302207,1963-10-22,1963-10-22,38000280,,,0,0,0,0,23426,0,418689008,4302207,,,Alergia a grama
480,829,4306014,1963-10-22,1963-10-22,38000280,,,0,0,0,0,23426,0,419263009,4306014,,,Alergia a ácaros
481,829,439406,1963-10-22,1963-10-22,38000280,,,0,0,0,0,23426,0,232347008,439406,,,Alergia a pólen
482,829,4219399,1963-10-22,1963-10-22,38000280,,,0,0,0,0,23426,0,417532002,4219399,,,Alergia a aspirina
483,846,4240902,1952-10-20,1952-10-20,38000280,,,0,0,0,0,23822,0,91935009,4240902,,,Alergia a amendoim
484,851,4304110,2001-05-27,2001-05-27,38000280,,,0,0,0,0,24010,0,419474003,4304110,,,Alergia a amoxicilina
485,851,4139681,2001-05-27,2001-05-27,38000280,,,0,0,0,0,24010,0,425525006,4139681,,,Alergia a trigo
486,851,4302207,2001-05-27,2001-05-27,38000280,,,0,0,0,0,24010,0,418689008,4302207,,,Alergia a grama
487,851,439406,2001-05-27,2001-05-27,38000280,,,0,0,0,0,24010,0,232347008,439406,,,Alergia a pólen
488,851,4048169,2001-05-27,2001-05-27,38000280,,,0,0,0,0,24010,0,232350006,4048169,,,Alergia a mofo
489,851,4240902,2001-05-27,2001-05-27,38000280,,,0,0,0,0,24010,0,91935009,4240902,,,Alergia a amendoim
490,867,439406,1953-10-05,1953-10-05,38000280,,,0,0,0,0,24503,0,232347008,439406,,,Alergia a pólen
491,867,4304110,1953-10-05,1953-10-05,38000280,,,0,0,0,0,24503,0,419474003,4304110,,,Alergia a amoxicilina
492,869,4304110,1998-12-21,1998-12-21,38000280,,,0,0,0,0,24594,0,419474003,4304110,,,Alergia a amoxicilina
493,869,4048169,1998-12-21,1998-12-21,38000280,,,0,0,0,0,24594,0,232350006,4048169,,,Alergia a mofo
494,869,439406,1998-12-21,1998-12-21,38000280,,,0,0,0,0,24594,0,232347008,439406,,,Alergia a pólen
495,869,4302207,1998-12-21,1998-12-21,38000280,,,0,0,0,0,24594,0,418689008,4302207,,,Alergia a grama
496,869,4306014,1998-12-21,1998-12-21,38000280,,,0,0,0,0,24594,0,419263009,4306014,,,Alergia a ácaros
497,869,433644,1998-12-21,1998-12-21,38000280,,,0,0,0,0,24594,0,300913006,433644,,,Alergia a frutos do mar
498,872,4304110,1984-07-25,1984-07-25,38000280,,,0,0,0,0,24693,0,419474003,4304110,,,Alergia a amoxicilina
499,872,4306014,1984-07-25,1984-07-25,38000280,,,0,0,0,0,24693,0,419263009,4306014,,,Alergia a ácaros
500,872,4302207,1984-07-25,1984-07-25,38000280,,,0,0,0,0,24693,0,418689008,4302207,,,Alergia a grama
501,872,439406,1984-07-25,1984-07-25,38000280,,,0,0,0,0,24693,0,232347008,439406,,,Alergia a pólen
502,872,4048169,1984-07-25,1984-07-25,38000280,,,0,0,0,0,24693,0,232350006,4048169,,,Alergia a mofo
503,879,439406,2000-01-28,2000-01-28,38000280,,,0,0,0,0,24857,0,232347008,439406,,,Alergia a pólen
504,879,4240902,2000-01-28,2000-01-28,38000280,,,0,0,0,0,24857,0,91935009,4240902,,,Alergia a amendoim
505,879,4304110,2000-01-28,2000-01-28,38000280,,,0,0,0,0,24857,0,419474003,4304110,,,Alergia a amoxicilina
506,879,4174876,2000-01-28,2000-01-28,38000280,,,0,0,0,0,24857,0,424213003,4174876,,,Alergia a abelha
507,879,4048169,2000-01-28,2000-01-28,38000280,,,0,0,0,0,24857,0,232350006,4048169,,,Alergia a mofo
508,879,4302207,2000-01-28,2000-01-28,38000280,,,0,0,0,0,24857,0,418689008,4302207,,,Alergia a grama
509,886,438614,1978-10-20,1978-10-20,38000280,,,0,0,0,0,25220,0,91934008,438614,,,Alergia a castanhas
510,886,4048169,1978-10-20,1978-10-20,38000280,,,0,0,0,0,25220,0,232350006,4048169,,,Alergia a mofo
511,886,4240902,1978-10-20,1978-10-20,38000280,,,0,0,0,0,25220,0,91935009,4240902,,,Alergia a amendoim
512,887,4174876,2015-10-31,2015-10-31,38000280,,,0,0,0,0,25295,0,424213003,4174876,,,Alergia a abelha
513,887,4304110,2015-10-31,2015-10-31,38000280,,,0,0,0,0,25295,0,419474003,4304110,,,Alergia a amoxicilina
514,887,439406,2015-10-31,2015-10-31,38000280,,,0,0,0,0,25295,0,232347008,439406,,,Alergia a pólen
515,887,4302207,2015-10-31,2015-10-31,38000280,,,0,0,0,0,25295,0,418689008,4302207,,,Alergia a grama
516,887,4306014,2015-10-31,2015-10-31,38000280,,,0,0,0,0,25295,0,419263009,4306014,,,Alergia a ácaros
517,887,4139681,2015-10-31,2015-10-31,38000280,,,0,0,0,0,25295,0,425525006,4139681,,,Alergia a trigo
518,887,433644,2015-10-31,2015-10-31,38000280,,,0,0,0,0,25295,0,300913006,433644,,,Alergia a frutos do mar
519,896,439406,1985-09-28,1985-09-28,38000280,,,0,0,0,0,25557,0,232347008,439406,,,Alergia a pólen
520,896,4304110,1985-09-28,1985-09-28,38000280,,,0,0,0,0,25557,0,419474003,4304110,,,Alergia a amoxicilina
521,896,4306014,1985-09-28,1985-09-28,38000280,,,0,0,0,0,25557,0,419263009,4306014,,,Alergia a ácaros
522,896,4302207,1985-09-28,1985-09-28,38000280,,,0,0,0,0,25557,0,418689008,4302207,,,Alergia a grama
523,896,4048169,1985-09-28,1985-09-28,38000280,,,0,0,0,0,25557,0,232350006,4048169,,,Alergia a mofo
524,896,438614,1985-09-28,1985-09-28,38000280,,,0,0,0,0,25557,0,91934008,438614,,,Alergia a castanhas
525,903,4174876,1973-02-23,1973-02-23,38000280,,,0,0,0,0,25686,0,424213003,4174876,,,Alergia a abelha
526,906,433644,1991-02-04,1991-02-04,38000280,,,0,0,0,0,25796,0,300913006,433644,,,Alergia a frutos do mar
527,906,4304110,1991-02-04,1991-02-04,38000280,,,0,0,0,0,25796,0,419474003,4304110,,,Alergia a amoxicilina
528,930,4219399,2016-01-13,2016-01-13,38000280,,,0,0,0,0,26405,0,417532002,4219399,,,Alergia a aspirina
529,930,4302207,2016-01-13,2016-01-13,38000280,,,0,0,0,0,26405,0,418689008,4302207,,,Alergia a grama
530,930,439406,2016-01-13,2016-01-13,38000280,,,0,0,0,0,26405,0,232347008,439406,,,Alergia a pólen
531,930,4048169,2016-01-13,2016-01-13,38000280,,,0,0,0,0,26405,0,232350006,4048169,,,Alergia a mofo
532,930,4304110,2016-01-13,2016-01-13,38000280,,,0,0,0,0,26405,0,419474003,4304110,,,Alergia a amoxicilina
533,930,4306014,2016-01-13,2016-01-13,38000280,,,0,0,0,0,26405,0,419263009,4306014,,,Alergia a ácaros
534,940,442116,2016-06-22,2016-06-22,38000280,,,0,0,0,0,26728,0,91930004,442116,,,Alergia a ovo
535,940,4139681,2016-06-22,2016-06-22,38000280,,,0,0,0,0,26728,0,425525006,4139681,,,Alergia a trigo
536,946,4240902,2016-04-27,2016-04-27,38000280,,,0,0,0,0,26902,0,91935009,4240902,,,Alergia a amendoim
537,946,442116,2016-04-27,2016-04-27,38000280,,,0,0,0,0,26902,0,91930004,442116,,,Alergia a ovo
538,946,4219399,2016-04-27,2016-04-27,38000280,,,0,0,0,0,26902,0,417532002,4219399,,,Alergia a aspirina
539,946,439406,2016-04-27,2016-04-27,38000280,,,0,0,0,0,26902,0,232347008,439406,,,Alergia a pólen
540,946,4302207,2016-04-27,2016-04-27,38000280,,,0,0,0,0,26902,0,418689008,4302207,,,Alergia a grama
541,946,4306014,2016-04-27,2016-04-27,38000280,,,0,0,0,0,26902,0,419263009,4306014,,,Alergia a ácaros
542,946,4304110,2016-04-27,2016-04-27,38000280,,,0,0,0,0,26902,0,419474003,4304110,,,Alergia a amoxicilina
543,946,4139681,2016-04-27,2016-04-27,38000280,,,0,0,0,0,26902,0,425525006,4139681,,,Alergia a trigo
544,946,433644,2016-04-27,2016-04-27,38000280,,,0,0,0,0,26902,0,300913006,433644,,,Alergia a frutos do mar
545,952,4302207,1984-07-15,1984-07-15,38000280,,,0,0,0,0,27021,0,418689008,4302207,,,Alergia a grama
546,956,442116,2014-07-11,2014-07-11,38000280,,,0,0,0,0,27179,0,91930004,442116,,,Alergia a ovo
547,956,4139681,2014-07-11,2014-07-11,38000280,,,0,0,0,0,27179,0,425525006,4139681,,,Alergia a trigo
548,956,4306014,2014-07-11,2014-07-11,38000280,,,0,0,0,0,27179,0,419263009,4306014,,,Alergia a ácaros
549,956,4302207,2014-07-11,2014-07-11,38000280,,,0,0,0,0,27179,0,418689008,4302207,,,Alergia a grama
550,956,439406,2014-07-11,2014-07-11,38000280,,,0,0,0,0,27179,0,232347008,439406,,,Alergia a pólen
551,956,4048169,2014-07-11,2014-07-11,38000280,,,0,0,0,0,27179,0,232350006,4048169,,,Alergia a mofo
552,956,4304110,2014-07-11,2014-07-11,38000280,,,0,0,0,0,27179,0,419474003,4304110,,,Alergia a amoxicilina
553,959,438614,1999-04-03,1999-04-03,38000280,,,0,0,0,0,27265,0,91934008,438614,,,Alergia a castanhas
554,981,4306014,1977-12-02,1977-12-02,38000280,,,0,0,0,0,28037,0,419263009,4306014,,,Alergia a ácaros
555,981,4304110,1977-12-02,1977-12-02,38000280,,,0,0,0,0,28037,0,419474003,4304110,,,Alergia a amoxicilina
556,981,4048169,1977-12-02,1977-12-02,38000280,,,0,0,0,0,28037,0,232350006,4048169,,,Alergia a mofo
557,981,439406,1977-12-02,1977-12-02,38000280,,,0,0,0,0,28037,0,232347008,439406,,,Alergia a pólen
558,981,4302207,1977-12-02,1977-12-02,38000280,,,0,0,0,0,28037,0,418689008,4302207,,,Alergia a grama
559,981,438614,1977-12-02,1977-12-02,38000280,,,0,0,0,0,28037,0,91934008,438614,,,Alergia a castanhas
560,1010,433644,1977-10-04,1977-10-04,38000280,,,0,0,0,0,28912,0,300913006,433644,,,Alergia a frutos do mar
561,1010,4302207,1977-10-04,1977-10-04,38000280,,,0,0,0,0,28912,0,418689008,4302207,,,Alergia a grama
562,1010,4174876,1977-10-04,1977-10-04,38000280,,,0,0,0,0,28912,0,424213003,4174876,,,Alergia a abelha
563,1010,438614,1977-10-04,1977-10-04,38000280,,,0,0,0,0,28912,0,91934008,438614,,,Alergia a castanhas
564,1018,4302207,2009-09-11,2009-09-11,38000280,,,0,0,0,0,29163,0,418689008,4302207,,,Alergia a grama
565,1018,4304110,2009-09-11,2009-09-11,38000280,,,0,0,0,0,29163,0,419474003,4304110,,,Alergia a amoxicilina
566,1018,4306014,2009-09-11,2009-09-11,38000280,,,0,0,0,0,29163,0,419263009,4306014,,,Alergia a ácaros
567,1018,439406,2009-09-11,2009-09-11,38000280,,,0,0,0,0,29163,0,232347008,439406,,,Alergia a pólen
568,1018,4048169,2009-09-11,2009-09-11,38000280,,,0,0,0,0,29163,0,232350006,4048169,,,Alergia a mofo
569,1018,433644,2009-09-11,2009-09-11,38000280,,,0,0,0,0,29163,0,300913006,433644,,,Alergia a frutos do mar
570,1025,4048169,2002-06-23,2002-06-23,38000280,,,0,0,0,0,29406,0,232350006,4048169,,,Alergia a mofo
571,1025,4139681,2002-06-23,2002-06-23,38000280,,,0,0,0,0,29406,0,425525006,4139681,,,Alergia a trigo
572,1025,4306014,2002-06-23,2002-06-23,38000280,,,0,0,0,0,29406,0,419263009,4306014,,,Alergia a ácaros
573,1025,439406,2002-06-23,2002-06-23,38000280,,,0,0,0,0,29406,0,232347008,439406,,,Alergia a pólen
574,1025,4302207,2002-06-23,2002-06-23,38000280,,,0,0,0,0,29406,0,418689008,4302207,,,Alergia a grama
575,1025,4304110,2002-06-23,2002-06-23,38000280,,,0,0,0,0,29406,0,419474003,4304110,,,Alergia a amoxicilina
576,1044,439406,1971-04-20,1971-04-20,38000280,,,0,0,0,0,29975,0,232347008,439406,,,Alergia a pólen
577,1047,439406,1986-08-14,1986-08-14,38000280,,,0,0,0,0,30012,0,232347008,439406,,,Alergia a pólen
578,1062,4048169,1994-03-25,1994-03-25,38000280,,,0,0,0,0,30331,0,232350006,4048169,,,Alergia a mofo
579,1062,4306014,1994-03-25,1994-03-25,38000280,,,0,0,0,0,30331,0,419263009,4306014,,,Alergia a ácaros
580,1062,4302207,1994-03-25,1994-03-25,38000280,,,0,0,0,0,30331,0,418689008,4302207,,,Alergia a grama
581,1062,439406,1994-03-25,1994-03-25,38000280,,,0,0,0,0,30331,0,232347008,439406,,,Alergia a pólen
582,1062,4304110,1994-03-25,1994-03-25,38000280,,,0,0,0,0,30331,0,419474003,4304110,,,Alergia a amoxicilina
583,1062,4174876,1994-03-25,1994-03-25,38000280,,,0,0,0,0,30331,0,424213003,4174876,,,Alergia a abelha
584,1083,4306014,2008-10-06,2008-10-06,38000280,,,0,0,0,0,30847,0,419263009,4306014,,,Alergia a ácaros
585,1090,4139681,2003-05-23,2003-05-23,38000280,,,0,0,0,0,31084,0,425525006,4139681,,,Alergia a trigo
586,1090,4219399,2003-05-23,2003-05-23,38000280,,,0,0,0,0,31084,0,417532002,4219399,,,Alergia a aspirina
587,1090,4304110,2003-05-23,2003-05-23,38000280,,,0,0,0,0,31084,0,419474003,4304110,,,Alergia a amoxicilina
588,1090,439406,2003-05-23,2003-05-23,38000280,,,0,0,0,0,31084,0,232347008,439406,,,Alergia a pólen
589,1090,4048169,2003-05-23,2003-05-23,38000280,,,0,0,0,0,31084,0,232350006,4048169,,,Alergia a mofo
590,1090,4306014,2003-05-23,2003-05-23,38000280,,,0,0,0,0,31084,0,419263009,4306014,,,Alergia a ácaros
591,1090,4302207,2003-05-23,2003-05-23,38000280,,,0,0,0,0,31084,0,418689008,4302207,,,Alergia a grama
592,1095,4240902,1996-03-07,1996-03-07,38000280,,,0,0,0,0,31268,0,91935009,4240902,,,Alergia a amendoim
593,1095,4174876,1996-03-07,1996-03-07,38000280,,,0,0,0,0,31268,0,424213003,4174876,,,Alergia a abelha
594,1095,4304110,1996-03-07,1996-03-07,38000280,,,0,0,0,0,31268,0,419474003,4304110,,,Alergia a amoxicilina
595,1095,439406,1996-03-07,1996-03-07,38000280,,,0,0,0,0,31268,0,232347008,439406,,,Alergia a pólen
596,1095,4302207,1996-03-07,1996-03-07,38000280,,,0,0,0,0,31268,0,418689008,4302207,,,Alergia a grama
597,1095,433644,1996-03-07,1996-03-07,38000280,,,0,0,0,0,31268,0,300913006,433644,,,Alergia a frutos do mar
598,1095,4169137,1996-03-07,1996-03-07,38000280,,,0,0,0,0,31268,0,420174000,4169137,,,Alergia a trigo (confirmada)
599,1095,442116,1996-03-07,1996-03-07,38000280,,,0,0,0,0,31268,0,91930004,442116,,,Alergia a ovo
600,1095,4306014,1996-03-07,1996-03-07,38000280,,,0,0,0,0,31268,0,419263009,4306014,,,Alergia a ácaros
601,1095,4219399,1996-03-07,1996-03-07,38000280,,,0,0,0,0,31268,0,417532002,4219399,,,Alergia a aspirina
602,1110,4139681,2000-01-20,2000-01-20,38000280,,,0,0,0,0,31775,0,425525006,4139681,,,Alergia a trigo
603,1110,4306014,2000-01-20,2000-01-20,38000280,,,0,0,0,0,31775,0,419263009,4306014,,,Alergia a ácaros
604,1110,4302207,2000-01-20,2000-01-20,38000280,,,0,0,0,0,31775,0,418689008,4302207,,,Alergia a grama
605,1110,4240902,2000-01-20,2000-01-20,38000280,,,0,0,0,0,31775,0,91935009,4240902,,,Alergia a amendoim
606,1110,4048169,2000-01-20,2000-01-20,38000280,,,0,0,0,0,31775,0,232350006,4048169,,,Alergia a mofo
607,1110,4304110,2000-01-20,2000-01-20,38000280,,,0,0,0,0,31775,0,419474003,4304110,,,Alergia a amoxicilina
608,1110,4174876,2000-01-20,2000-01-20,38000280,,,0,0,0,0,31775,0,424213003,4174876,,,Alergia a abelha
609,1110,4219399,2000-01-20,2000-01-20,38000280,,,0,0,0,0,31775,0,417532002,4219399,,,Alergia a aspirina
610,1110,439406,2000-01-20,2000-01-20,38000280,,,0,0,0,0,31775,0,232347008,439406,,,Alergia a pólen
611,1116,439406,2001-04-14,2001-04-14,38000280,,,0,0,0,0,31923,0,232347008,439406,,,Alergia a pólen
612,1116,438614,2001-04-14,2001-04-14,38000280,,,0,0,0,0,31923,0,91934008,438614,,,Alergia a castanhas
613,1116,4240902,2001-04-14,2001-04-14,38000280,,,0,0,0,0,31923,0,91935009,4240902,,,Alergia a amendoim
614,1116,4302207,2001-04-14,2001-04-14,38000280,,,0,0,0,0,31923,0,418689008,4302207,,,Alergia a grama
615,1116,4139681,2001-04-14,2001-04-14,38000280,,,0,0,0,0,31923,0,425525006,4139681,,,Alergia a trigo
616,1116,4048169,2001-04-14,2001-04-14,38000280,,,0,0,0,0,31923,0,232350006,4048169,,,Alergia a mofo
617,1116,4304110,2001-04-14,2001-04-14,38000280,,,0,0,0,0,31923,0,419474003,4304110,,,Alergia a amoxicilina
618,1116,4102123,2001-04-14,2001-04-14,38000280,,,0,0,0,0,31923,0,300916003,4102123,,,Alergia a látex
619,1116,4306014,2001-04-14,2001-04-14,38000280,,,0,0,0,0,31923,0,419263009,4306014,,,Alergia a ácaros
1,1,0,2013-07-05,2013-07-05,38000276,,,0,0,0,0,2,0,43878008,28060,,,Faringite estreptocócica
2,2,0,2013-10-02,2013-10-02,38000276,,,0,0,0,0,20,0,230690007,381316,,,Acidente vascular cerebral
3,2,0,2013-09-05,2013-09-05,38000276,,,0,0,0,0,20,0,10509002,260139,,,Bronquite aguda
4,2,0,2011-08-15,2011-08-15,38000276,,,0,0,0,0,21,0,444814009,40481087,,,Infecção viral das vias aéreas superiores
5,2,4060985,1987-09-16,1987-09-16,38000276,,,0,0,0,0,8,0,162864005,4060985,,,IMC 30+ - obesidade
6,2,0,1987-06-10,1987-06-10,38000276,,,0,0,0,0,15,0,19169002,4078393,,,Aborto espontâneo na gravidez
7,2,4324181,1986-12-23,1986-12-23,38000276,,,0,0,0,0,16,0,429007001,4324181,,,Histórico de infarto
8,2,0,1986-12-23,1986-12-23,38000276,,,0,0,0,0,16,0,410429000,321042,,,Parada cardíaca
9,3,0,2014-08-06,2014-08-06,38000276,,,0,0,0,0,55,0,444814009,40481087,,,Infecção viral das vias aéreas superiores
10,3,0,2014-05-30,2014-05-30,38000276,,,0,0,0,0,50,0,230690007,381316,,,Acidente vascular cerebral
11,3,0,2009-11-28,2009-11-28,38000276,,,0,0,0,0,26,0,16114001,4059173,,,Fratura de tornozelo
12,3,0,2009-07-24,2009-07-24,38000276,,,0,0,0,0,64,0,195662009,4112343,,,Faringite viral aguda
13,3,0,1989-06-09,1989-06-09,38000276,,,0,0,0,0,53,0,55822004,432867,,,Hiperlipidemia
14,3,0,1979-04-13,1979-04-13,38000276,,,0,0,0,0,72,0,92691004,200970,,,Carcinoma in situ de próstata
15,3,0,1979-04-13,1979-04-13,38000276,,,0,0,0,0,72,0,126906006,4129902,,,Neoplasia de bexiga
16,3,0,1971-02-26,1971-02-26,38000276,,,0,0,0,0,65,0,49436004,313217,,,Fibrilação atrial
17,3,0,1953-01-09,1953-01-09,38000276,,,0,0,0,0,39,0,15777000,40316773,,,Pré-diabetes
18,3,4060985,1948-09-10,1948-09-10,38000276,,,0,0,0,0,31,0,162864005,4060985,,,IMC 30+ - obesidade
19,4,0,2017-02-22,2017-02-22,38000276,,,0,0,0,0,85,0,195662009,4112343,,,Faringite viral aguda
20,4,0,2013-03-29,2013-03-29,38000276,,,0,0,0,0,98,0,65966004,4278672,,,Fratura do fêmur
21,4,0,2011-01-11,2011-01-11,38000276,,,0,0,0,0,89,0,444814009,40481087,,,Infecção viral das vias aéreas superiores
22,4,0,2001-06-02,2001-06-02,38000276,,,0,0,0,0,90,0,237602007,436940,,,Síndrome metabólica
23,4,0,2001-06-02,2001-06-02,38000276,,,0,0,0,0,90,0,302870006,4120314,,,Hipertrigliceridemia
24,4,0,2001-06-02,2001-06-02,38000276,,,0,0,0,0,90,0,80394007,4214376,,,Hiperglicemia
25,4,0,1999-05-29,1999-05-29,38000276,,,0,0,0,0,83,0,368581000119106,37016354,,,Neuropatia por diabetes tipo 2
26,4,0,1999-05-29,1999-05-29,38000276,,,0,0,0,0,83,0,44054006,201826,,,Diabetes mellitus tipo 2
27,4,0,1988-01-09,1988-01-09,38000276,,,0,0,0,0,82,0,19169002,4078393,,,Aborto espontâneo na gravidez
28,5,0,2017-08-11,2017-08-11,38000276,,,0,0,0,0,116,0,195662009,4112343,,,Faringite viral aguda
29,5,0,2016-05-21,2016-05-21,38000276,,,0,0,0,0,112,0,444814009,40481087,,,Infecção viral das vias aéreas superiores
30,5,0,2016-04-07,2016-04-07,38000276,,,0,0,0,0,117,0,195662009,4112343,,,Faringite viral aguda
31,5,0,2015-04-06,2015-04-06,38000276,,,0,0,0,0,113,0,33737001,4142905,,,Fratura de rádio
32,5,0,2013-01-16,2013-01-16,38000276,,,0,0,0,0,101,0,444814009,40481087,,,Infecção viral das vias aéreas superiores
33,5,0,2011-07-23,2011-07-23,38000276,,,0,0,0,0,108,0,15777000,40316773,,,Pré-diabetes
34,5,0,2011-07-11,2011-07-11,38000276,,,0,0,0,0,114,0,10509002,260139,,,Bronquite aguda
35,5,0,2010-10-24,2010-10-24,38000276,,,0,0,0,0,111,0,195662009,4112343,,,Faringite viral aguda
36,5,0,2010-03-14,2010-03-14,38000276,,,0,0,0,0,109,0,195662009,4112343,,,Faringite viral aguda
37,5,0,2009-07-06,2009-07-06,38000276,,,0,0,0,0,110,0,33737001,4142905,,,Fratura de rádio
38,5,4060985,1997-12-20,1997-12-20,38000276,,,0,0,0,0,107,0,162864005,4060985,,,IMC 30+ - obesidade
39,6,0,2016-02-27,2016-02-27,38000276,,,0,0,0,0,146,0,444814009,40481087,,,Infecção viral das vias aéreas superiores
40,6,4060985,2015-12-20,2015-12-20,38000276,,,0,0,0,0,132,0,162864005,4060985,,,IMC 30+ - obesidade
41,6,0,2015-06-14,2015-06-14,38000276,,,0,0,0,0,162,0,72892002,4217975,,,Otite média não supurativa
42,6,0,2015-06-09,2015-06-09,38000276,,,0,0,0,0,128,0,62564004,375671,,,Concussão sem perda de consciência
43,6,0,2014-05-24,2014-05-24,38000276,,,0,0,0,0,152,0,36971009,4283893,,,Sinusite
44,6,0,2013-09-08,2013-09-08,38000276,,,0,0,0,0,164,0,72892002,4217975,,,Otite média não supurativa
45,6,0,2012-11-30,2012-11-30,38000276,,,0,0,0,0,144,0,10509002,260139,,,Bronquite aguda
46,6,0,2009-07-05,2009-07-05,38000276,,,0,0,0,0,151,0,72892002,4217975,,,Otite média não supurativa
47,6,0,2009-02-22,2009-02-22,38000276,,,0,0,0,0,142,0,72892002,4217975,,,Otite média não supurativa
48,6,0,1998-05-17,1998-05-17,38000276,,,0,0,0,0,124,0,38341003,316866,,,Hipertensão arterial
49,7,0,2019-01-04,2019-01-04,38000276,,,0,0,0,0,175,0,44465007,81151,,,Entorse de tornozelo
50,7,0,2017-11-15,2017-11-15,38000276,,,0,0,0,0,170,0,444814009,40481087,,,Infecção viral das vias aéreas superiores
51,7,0,2017-11-10,2017-11-10,38000276,,,0,0,0,0,173,0,263102004,4134304,,,Ruptura de menisco
52,7,0,2015-11-23,2015-11-23,38000276,,,0,0,0,0,192,0,43878008,28060,,,Faringite estreptocócica
53,7,0,2015-08-23,2015-08-23,38000276,,,0,0,0,0,172,0,65363002,372328,,,Otite média
54,7,0,2013-09-02,2013-09-02,38000276,,,0,0,0,0,190,0,241929008,4084167,,,Reação alérgica a alimento
55,8,0,2017-05-16,2017-05-16,38000276,,,0,0,0,0,199,0,283385000,4152936,,,Laceração de ombro
56,8,0,2015-10-12,2015-10-12,38000276,,,0,0,0,0,195,0,195662009,4112343,,,Faringite viral aguda
57,9,0,2018-02-28,2018-02-28,38000276,,,0,0,0,0,213,0,65363002,372328,,,Otite média
58,9,0,2016-06-01,2016-06-01,38000276,,,0,0,0,0,211,0,444814009,40481087,,,Infecção viral das vias aéreas superiores
59,9,0,2015-11-20,2015-11-20,38000276,,,0,0,0,0,217,0,444814009,40481087,,,Infecção viral das vias aéreas superiores
60,9,0,2015-08-13,2015-08-13,38000276,,,0,0,0,0,210,0,263102004,4134304,,,Ruptura de menisco
61,10,0,2017-11-15,2017-11-15,38000276,,,0,0,0,0,235,0,195662009,4112343,,,Faringite viral aguda
62,10,0,2013-12-05,2013-12-05,38000276,,,0,0,0,0,236,0,10509002,260139,,,Bronquite aguda
63,10,0,2013-02-01,2013-02-01,38000276,,,0,0,0,0,227,0,39848009,4218389,,,Lesão em chicote do pescoço
64,10,0,2009-05-23,2009-05-23,38000276,,,0,0,0,0,225,0,230690007,381316,,,Acidente vascular cerebral
65,10,4060985,1987-08-22,1987-08-22,38000276,,,0,0,0,0,223,0,162864005,4060985,,,IMC 30+ - obesidade
66,10,0,1967-06-10,1967-06-10,38000276,,,0,0,0,0,229,0,38341003,316866,,,Hipertensão arterial
67,11,0,2016-08-20,2016-08-20,38000276,,,0,0,0,0,255,0,195662009,4112343,,,Faringite viral aguda
68,11,0,2012-12-31,2012-12-31,38000276,,,0,0,0,0,243,0,201834006,75036,,,Dermatite perioral
69,11,0,2011-03-26,2011-03-26,38000276,,,0,0,0,0,247,0,444814009,40481087,,,Infecção viral das vias aéreas superiores
70,11,0,2000-01-05,2000-01-05,38000276,,,0,0,0,0,245,0,15777000,40316773,,,Pré-diabetes
71,11,4256640,1983-11-30,1983-11-30,38000276,,,0,0,0,0,240,0,408512008,4256640,,,Alcoolismo relatado pelo paciente
72,11,4060985,1969-01-22,1969-01-22,38000276,,,0,0,0,0,246,0,162864005,4060985,,,IMC 30+ - obesidade
73,12,0,1998-03-24,1998-03-24,38000276,,,0,0,0,0,263,0,233604007,255848,,,Pneumonia
74,12,0,1992-02-24,1992-02-24,38000276,,,0,0,0,0,270,0,26929004,378419,,,Doença de Alzheimer
75,12,0,1990-02-04,1990-02-04,38000276,,,0,0,0,0,257,0,444814009,40481087,,,Infecção viral das vias aéreas superiores
76,12,0,1967-07-08,1967-07-08,38000276,,,0,0,0,0,275,0,40055000,257012,,,Sinusite crônica
77,12,0,1966-08-03,1966-08-03,38000276,,,0,0,0,0,278,0,239873007,4079750,,,Osteoartrite do joelho
78,12,0,1930-10-27,1930-10-27,38000276,,,0,0,0,0,265,0,15777000,40316773,,,Pré-diabetes
79,12,0,1930-01-27,1930-01-27,38000276,,,0,0,0,0,262,0,19169002,4078393,,,Aborto espontâneo na gravidez
80,12,0,1926-10-18,1926-10-18,38000276,,,0,0,0,0,259,0,38341003,316866,,,Hipertensão arterial
81,13,0,2019-01-06,2019-01-06,38000276,,,0,0,0,0,283,0,72892002,4217975,,,Otite média não supurativa
82,13,0,2017-12-17,2017-12-17,38000276,,,0,0,0,0,298,0,72892002,4217975,,,Otite média não supurativa
83,13,0,2013-06-16,2013-06-16,38000276,,,0,0,0,0,292,0,72892002,4217975,,,Otite média não supurativa
84,13,0,2013-01-20,2013-01-20,38000276,,,0,0,0,0,285,0,72892002,4217975,,,Otite média não supurativa
85,13,0,2011-12-04,2011-12-04,38000276,,,0,0,0,0,282,0,35999006,4262136,,,Cegueira
86,13,0,2011-12-04,2011-12-04,38000276,,,0,0,0,0,282,0,19169002,4078393,,,Aborto espontâneo na gravidez
87,13,0,2011-12-04,2011-12-04,38000276,,,0,0,0,0,282,0,72892002,4217975,,,Otite média não supurativa
88,13,0,2011-11-05,2011-11-05,38000276,,,0,0,0,0,303,0,444814009,40481087,,,Infecção viral das vias aéreas superiores
89,13,0,2009-04-23,2009-04-23,38000276,,,0,0,0,0,290,0,444814009,40481087,,,Infecção viral das vias aéreas superiores
90,13,4060985,2007-02-11,2007-02-11,38000276,,,0,0,0,0,297,0,162864005,4060985,,,IMC 30+ - obesidade
91,14,0,2013-05-12,2013-05-12,38000276,,,0,0,0,0,329,0,75498004,4294548,,,Infecção bacteriana aguda
92,14,0,2011-08-25,2011-08-25,38000276,,,0,0,0,0,326,0,36971009,4283893,,,Sinusite
93,14,0,2008-09-28,2008-09-28,38000276,,,0,0,0,0,352,0,195662009,4112343,,,Faringite viral aguda
94,14,0,2007-06-02,2007-06-02,38000276,,,0,0,0,0,344,0,444814009,40481087,,,Infecção viral das vias aéreas superiores
95,14,0,2006-07-07,2006-07-07,38000276,,,0,0,0,0,322,0,10509002,260139,,,Bronquite aguda
96,14,0,2005-11-13,2005-11-13,38000276,,,0,0,0,0,313,0,239873007,4079750,,,Osteoartrite do joelho
97,14,0,2005-11-12,2005-11-12,38000276,,,0,0,0,0,342,0,444814009,40481087,,,Infecção viral das vias aéreas superiores
98,14,4324181,1999-10-05,1999-10-05,38000276,,,0,0,0,0,316,0,429007001,4324181,,,Histórico de infarto
99,14,0,1999-10-05,1999-10-05,38000276,,,0,0,0,0,316,0,410429000,321042,,,Parada cardíaca
100,14,0,1998-04-21,1998-04-21,38000276,,,0,0,0,0,358,0,15777000,40316773,,,Pré-diabetes
101,14,0,1994-06-23,1994-06-23,38000276,,,0,0,0,0,348,0,55680006,4208104,,,Overdose de droga
102,14,4060985,1994-05-31,1994-05-31,38000276,,,0,0,0,0,332,0,162864005,4060985,,,IMC 30+ - obesidade
103,14,0,1974-07-09,1974-07-09,38000276,,,0,0,0,0,333,0,40055000,257012,,,Sinusite crônica
104,15,0,2017-12-29,2017-12-29,38000276,,,0,0,0,0,361,0,65966004,4278672,,,Fratura do fêmur
105,15,0,2016-12-20,2016-12-20,38000276,,,0,0,0,0,382,0,65363002,372328,,,Otite média
106,15,0,2016-05-22,2016-05-22,38000276,,,0,0,0,0,369,0,444814009,40481087,,,Infecção viral das vias aéreas superiores
107,15,0,2015-05-02,2015-05-02,38000276,,,0,0,0,0,366,0,10509002,260139,,,Bronquite aguda
108,15,0,2013-03-11,2013-03-11,38000276,,,0,0,0,0,380,0,284551006,4109685,,,Laceração de pé
109,15,0,2012-02-04,2012-02-04,38000276,,,0,0,0,0,362,0,40055000,257012,,,Sinusite crônica
110,15,0,2011-12-24,2011-12-24,38000276,,,0,0,0,0,376,0,36971009,4283893,,,Sinusite
111,16,0,2018-10-30,2018-10-30,38000276,,,0,0,0,0,396,0,444814009,40481087,,,Infecção viral das vias aéreas superiores
112,16,0,2018-08-05,2018-08-05,38000276,,,0,0,0,0,433,0,72892002,4217975,,,Otite média não supurativa
113,16,0,2016-11-13,2016-11-13,38000276,,,0,0,0,0,425,0,72892002,4217975,,,Otite média não supurativa
114,16,0,2014-06-26,2014-06-26,38000276,,,0,0,0,0,388,0,444814009,40481087,,,Infecção viral das vias aéreas superiores
115,16,4060985,2014-01-26,2014-01-26,38000276,,,0,0,0,0,435,0,162864005,4060985,,,IMC 30+ - obesidade
116,16,0,2014-01-16,2014-01-16,38000276,,,0,0,0,0,393,0,10509002,260139,,,Bronquite aguda
117,16,0,2013-09-01,2013-09-01,38000276,,,0,0,0,0,437,0,72892002,4217975,,,Otite média não supurativa
118,16,0,2011-03-29,2011-03-29,38000276,,,0,0,0,0,402,0,444814009,40481087,,,Infecção viral das vias aéreas superiores
119,16,0,2010-05-16,2010-05-16,38000276,,,0,0,0,0,414,0,72892002,4217975,,,Otite média não supurativa
120,16,0,2010-05-03,2010-05-03,38000276,,,0,0,0,0,405,0,444814009,40481087,,,Infecção viral das vias aéreas superiores
121,16,0,2009-09-13,2009-09-13,38000276,,,0,0,0,0,444,0,72892002,4217975,,,Otite média não supurativa
122,16,0,2009-07-12,2009-07-12,38000276,,,0,0,0,0,452,0,38822007,195588,,,Cistite
123,16,0,2008-02-24,2008-02-24,38000276,,,0,0,0,0,397,0,72892002,4217975,,,Otite média não supurativa
124,16,0,2007-08-26,2007-08-26,38000276,,,0,0,0,0,428,0,72892002,4217975,,,Otite média não supurativa
125,16,0,2004-05-09,2004-05-09,38000276,,,0,0,0,0,439,0,72892002,4217975,,,Otite média não supurativa
126,16,0,2003-06-29,2003-06-29,38000276,,,0,0,0,0,410,0,19169002,4078393,,,Aborto espontâneo na gravidez
127,16,0,2003-06-29,2003-06-29,38000276,,,0,0,0,0,410,0,72892002,4217975,,,Otite média não supurativa
128,16,0,2001-11-04,2001-11-04,38000276,,,0,0,0,0,426,0,72892002,4217975,,,Otite média não supurativa
129,16,0,2000-09-28,2000-09-28,38000276,,,0,0,0,0,390,0,40055000,257012,,,Sinusite crônica
130,16,0,1999-08-08,1999-08-08,38000276,,,0,0,0,0,394,0,72892002,4217975,,,Otite média não supurativa
131,16,0,1999-08-01,1999-08-01,38000276,,,0,0,0,0,440,0,38341003,316866,,,Hipertensão arterial
132,17,0,2017-12-26,2017-12-26,38000276,,,0,0,0,0,454,0,444814009,40481087,,,Infecção viral das vias aéreas superiores
133,17,0,2015-12-10,2015-12-10,38000276,,,0,0,0,0,493,0,444814009,40481087,,,Infecção viral das vias aéreas superiores
134,17,0,2015-08-26,2015-08-26,38000276,,,0,0,0,0,494,0,444814009,40481087,,,Infecção viral das vias aéreas superiores
135,17,0,2014-07-15,2014-07-15,38000276,,,0,0,0,0,484,0,44465007,81151,,,Entorse de tornozelo
136,17,0,2014-04-05,2014-04-05,38000276,,,0,0,0,0,500,0,55822004,432867,,,Hiperlipidemia
137,17,0,2014-03-12,2014-03-12,38000276,,,0,0,0,0,472,0,195662009,4112343,,,Faringite viral aguda
138,17,0,2011-10-04,2011-10-04,38000276,,,0,0,0,0,482,0,444814009,40481087,,,Infecção viral das vias aéreas superiores
139,17,0,2009-11-24,2009-11-24,38000276,,,0,0,0,0,492,0,403190006,4296204,,,Queimadura solar de primeiro grau
140,17,0,2007-09-29,2007-09-29,38000276,,,0,0,0,0,502,0,55680006,4208104,,,Overdose de droga
141,17,0,2002-04-13,2002-04-13,38000276,,,0,0,0,0,512,0,15777000,40316773,,,Pré-diabetes
142,17,0,1991-02-15,1991-02-15,38000276,,,0,0,0,0,480,0,196416002,4055754,,,Esofagite por refluxo
143,17,0,1990-04-20,1990-04-20,38000276,,,0,0,0,0,491,0,82423001,436096,,,Dor crônica
144,17,0,1990-03-07,1990-03-07,38000276,,,0,0,0,0,485,0,124171000119105,43530652,,,Nefropatia diabética crônica
145,17,4060985,1990-02-17,1990-02-17,38000276,,,0,0,0,0,469,0,162864005,4060985,,,IMC 30+ - obesidade
146,17,0,1985-04-20,1985-04-20,38000276,,,0,0,0,0,457,0,19169002,4078393,,,Aborto espontâneo na gravidez
147,18,0,2016-04-24,2016-04-24,38000276,,,0,0,0,0,517,0,444814009,40481087,,,Infecção viral das vias aéreas superiores
148,18,0,2014-07-18,2014-07-18,38000276,,,0,0,0,0,531,0,195662009,4112343,,,Faringite viral aguda
149,18,0,2012-09-12,2012-09-12,38000276,,,0,0,0,0,533,0,10509002,260139,,,Bronquite aguda
150,18,4060985,2006-11-20,2006-11-20,38000276,,,0,0,0,0,526,0,162864005,4060985,,,IMC 30+ - obesidade
151,18,0,1977-06-13,1977-06-13,38000276,,,0,0,0,0,523,0,38341003,316866,,,Hipertensão arterial
152,19,0,2016-02-15,2016-02-15,38000276,,,0,0,0,0,544,0,444814009,40481087,,,Infecção viral das vias aéreas superiores
153,19,0,2015-08-19,2015-08-19,38000276,,,0,0,0,0,555,0,444814009,40481087,,,Infecção viral das vias aéreas superiores
154,19,0,2015-01-02,2015-01-02,38000276,,,0,0,0,0,624,0,443165006,40480160,,,Faringite aguda
155,19,0,2015-01-02,2015-01-02,38000276,,,0,0,0,0,624,0,16114001,4059173,,,Fratura de tornozelo
156,19,0,2014-01-26,2014-01-26,38000276,,,0,0,0,0,570,0,43878008,28060,,,Faringite estreptocócica
157,19,0,2010-08-13,2010-08-13,38000276,,,0,0,0,0,538,0,64859006,80502,,,Osteoporose
158,19,0,1996-01-19,1996-01-19,38000276,,,0,0,0,0,607,0,55822004,432867,,,Hiperlipidemia
159,19,0,1992-06-05,1992-06-05,38000276,,,0,0,0,0,623,0,55680006,4208104,,,Overdose de droga
160,19,0,1990-07-14,1990-07-14,38000276,,,0,0,0,0,593,0,196416002,4055754,,,Esofagite por refluxo
161,19,0,1990-05-17,1990-05-17,38000276,,,0,0,0,0,571,0,124171000119105,43530652,,,Nefropatia diabética crônica
162,19,0,1990-04-11,1990-04-11,38000276,,,0,0,0,0,609,0,40055000,257012,,,Sinusite crônica
163,19,0,1990-03-06,1990-03-06,38000276,,,0,0,0,0,622,0,82423001,436096,,,Dor crônica
164,19,0,1984-06-22,1984-06-22,38000276,,,0,0,0,0,549,0,19169002,4078393,,,Aborto espontâneo na gravidez
165,19,4060985,1982-01-29,1982-01-29,38000276,,,0,0,0,0,565,0,162864005,4060985,,,IMC 30+ - obesidade
166,20,0,2018-12-30,2018-12-30,38000276,,,0,0,0,0,637,0,70704007,78272,,,Entorse de punho
167,20,0,2018-12-21,2018-12-21,38000276,,,0,0,0,0,627,0,195662009,4112343,,,Faringite viral aguda
168,20,0,2018-01-02,2018-01-02,38000276,,,0,0,0,0,635,0,10509002,260139,,,Bronquite aguda
169,20,0,2014-03-12,2014-03-12,38000276,,,0,0,0,0,633,0,370247008,4156265,,,Lesão facial
170,20,4060985,2010-06-11,2010-06-11,38000276,,,0,0,0,0,630,0,162864005,4060985,,,IMC 30+ - obesidade
171,20,0,1978-09-21,1978-09-21,38000276,,,0,0,0,0,628,0,70704007,78272,,,Entorse de punho
172,21,0,2017-02-20,2017-02-20,38000276,,,0,0,0,0,644,0,284551006,4109685,,,Laceração de pé
173,21,0,2013-01-12,2013-01-12,38000276,,,0,0,0,0,655,0,10509002,260139,,,Bronquite aguda
174,21,0,2012-02-17,2012-02-17,38000276,,,0,0,0,0,641,0,443165006,40480160,,,Faringite aguda
175,21,0,2012-02-17,2012-02-17,38000276,,,0,0,0,0,641,0,65966004,4278672,,,Fratura do fêmur
176,21,0,2011-02-08,2011-02-08,38000276,,,0,0,0,0,647,0,284549007,4113008,,,Laceração de mão
177,21,0,2010-01-09,2010-01-09,38000276,,,0,0,0,0,660,0,39848009,4218389,,,Lesão em chicote do pescoço
178,21,0,2002-01-31,2002-01-31,38000276,,,0,0,0,0,649,0,64859006,80502,,,Osteoporose
179,21,0,1985-03-14,1985-03-14,38000276,,,0,0,0,0,663,0,15777000,40316773,,,Pré-diabetes
180,21,4060985,1978-11-30,1978-11-30,38000276,,,0,0,0,0,662,0,162864005,4060985,,,IMC 30+ - obesidade
181,21,0,1974-05-02,1974-05-02,38000276,,,0,0,0,0,650,0,19169002,4078393,,,Aborto espontâneo na gravidez
182,21,4323208,1969-02-22,1969-02-22,38000276,,,0,0,0,0,643,0,428251008,4323208,,,Histórico de apendicectomia
183,21,0,1969-02-22,1969-02-22,38000276,,,0,0,0,0,659,0,74400008,440448,,,Apendicite
184,22,0,2018-06-11,2018-06-11,38000276,,,0,0,0,0,666,0,10509002,260139,,,Bronquite aguda
185,22,4060985,2013-05-22,2013-05-22,38000276,,,0,0,0,0,670,0,162864005,4060985,,,IMC 30+ - obesidade
186,23,0,2018-10-29,2018-10-29,38000276,,,0,0,0,0,673,0,444814009,40481087,,,Infecção viral das vias aéreas superiores
187,23,0,2017-11-13,2017-11-13,38000276,,,0,0,0,0,684,0,444814009,40481087,,,Infecção viral das vias aéreas superiores
188,23,0,2017-09-14,2017-09-14,38000276,,,0,0,0,0,683,0,444814009,40481087,,,Infecção viral das vias aéreas superiores
189,23,0,2017-02-08,2017-02-08,38000276,,,0,0,0,0,675,0,43878008,28060,,,Faringite estreptocócica
190,23,0,2012-07-23,2012-07-23,38000276,,,0,0,0,0,685,0,444814009,40481087,,,Infecção viral das vias aéreas superiores
191,23,0,2011-08-26,2011-08-26,38000276,,,0,0,0,0,679,0,44465007,81151,,,Entorse de tornozelo
192,23,0,2009-12-08,2009-12-08,38000276,,,0,0,0,0,680,0,444814009,40481087,,,Infecção viral das vias aéreas superiores
193,23,0,2009-01-17,2009-01-17,38000276,,,0,0,0,0,676,0,283371005,4155034,,,Laceração de antebraço
194,23,0,2004-07-26,2004-07-26,38000276,,,0,0,0,0,672,0,370143000,4152280,,,Transtorno depressivo maior
195,23,0,2003-06-30,2003-06-30,38000276,,,0,0,0,0,678,0,38341003,316866,,,Hipertensão arterial
196,24,0,2018-12-04,2018-12-04,38000276,,,0,0,0,0,707,0,36971009,4283893,,,Sinusite
197,24,0,2017-04-27,2017-04-27,38000276,,,0,0,0,0,733,0,156073000,40318618,,,Obesidade
198,24,0,2017-04-27,2017-04-27,38000276,,,0,0,0,0,733,0,19169002,4078393,,,Aborto espontâneo na gravidez
199,24,0,2017-04-27,2017-04-27,38000276,,,0,0,0,0,733,0,72892002,4217975,,,Otite média não supurativa
200,24,0,2016-12-07,2016-12-07,38000276,,,0,0,0,0,711,0,82423001,436096,,,Dor crônica
201,24,0,2016-05-05,2016-05-05,38000276,,,0,0,0,0,704,0,72892002,4217975,,,Otite média não supurativa
202,24,0,2013-07-27,2013-07-27,38000276,,,0,0,0,0,697,0,301011002,4116491,,,Infecção do trato urinário por E. coli
203,24,0,2011-08-13,2011-08-13,38000276,,,0,0,0,0,709,0,444814009,40481087,,,Infecção viral das vias aéreas superiores
204,24,0,2011-01-11,2011-01-11,38000276,,,0,0,0,0,734,0,10509002,260139,,,Bronquite aguda
205,24,4060985,2009-05-28,2009-05-28,38000276,,,0,0,0,0,725,0,162864005,4060985,,,IMC 30+ - obesidade
206,25,0,2016-12-05,2016-12-05,38000276,,,0,0,0,0,751,0,62106007,378001,,,Concussão com perda de consciência
207,25,0,2016-05-21,2016-05-21,38000276,,,0,0,0,0,747,0,444814009,40481087,,,Infecção viral das vias aéreas superiores
208,25,0,2009-11-30,2009-11-30,38000276,,,0,0,0,0,752,0,68496003,4285898,,,Pólipo do cólon
209,25,4323208,2006-11-19,2006-11-19,38000276,,,0,0,0,0,754,0,428251008,4323208,,,Histórico de apendicectomia
210,25,0,2006-11-19,2006-11-19,38000276,,,0,0,0,0,758,0,74400008,440448,,,Apendicite
211,25,0,1995-02-02,1995-02-02,38000276,,,0,0,0,0,742,0,64859006,80502,,,Osteoporose
212,25,0,1981-09-03,1981-09-03,38000276,,,0,0,0,0,756,0,15777000,40316773,,,Pré-diabetes
213,25,4256640,1979-08-30,1979-08-30,38000276,,,0,0,0,0,753,0,408512008,4256640,,,Alcoolismo relatado pelo paciente
214,25,4060985,1964-08-06,1964-08-06,38000276,,,0,0,0,0,762,0,162864005,4060985,,,IMC 30+ - obesidade
215,25,0,1958-07-24,1958-07-24,38000276,,,0,0,0,0,748,0,40055000,257012,,,Sinusite crônica
216,26,0,2018-07-17,2018-07-17,38000276,,,0,0,0,0,772,0,444814009,40481087,,,Infecção viral das vias aéreas superiores
217,26,0,2014-05-06,2014-05-06,38000276,,,0,0,0,0,770,0,43878008,28060,,,Faringite estreptocócica
218,26,0,2012-08-20,2012-08-20,38000276,,,0,0,0,0,780,0,444814009,40481087,,,Infecção viral das vias aéreas superiores
219,26,0,2001-11-25,2001-11-25,38000276,,,0,0,0,0,765,0,230690007,381316,,,Acidente vascular cerebral
220,26,0,1972-04-24,1972-04-24,38000276,,,0,0,0,0,767,0,239872002,4079749,,,Osteoartrite do quadril
221,26,4060985,1965-04-04,1965-04-04,38000276,,,0,0,0,0,774,0,162864005,4060985,,,IMC 30+ - obesidade
222,27,4163874,1989-08-27,1989-08-27,38000276,,,0,0,0,0,784,0,399211009,4163874,,,Histórico de infarto do miocárdio
223,27,0,1989-08-27,1989-08-27,38000276,,,0,0,0,0,784,0,22298006,4329847,,,Infarto do miocárdio
224,27,4060985,1982-01-03,1982-01-03,38000276,,,0,0,0,0,782,0,162864005,4060985,,,IMC 30+ - obesidade
225,27,0,1981-09-06,1981-09-06,38000276,,,0,0,0,0,787,0,444448004,40479422,,,Neuropatia diabética
226,27,0,1980-05-29,1980-05-29,38000276,,,0,0,0,0,786,0,195662009,4112343,,,Faringite viral aguda
227,27,0,1971-07-18,1971-07-18,38000276,,,0,0,0,0,785,0,53741008,317576,,,Doença arterial coronariana
228,28,0,2011-07-28,2011-07-28,38000276,,,0,0,0,0,792,0,444814009,40481087,,,Infecção viral das vias aéreas superiores
229,28,0,1984-03-27,1984-03-27,38000276,,,0,0,0,0,798,0,232353008,4048171,,,Perfuração do tímpano
230,29,0,2018-07-12,2018-07-12,38000276,,,0,0,0,0,804,0,65363002,372328,,,Otite média
231,30,0,2018-08-10,2018-08-10,38000276,,,0,0,0,0,808,0,713197008,37017023,,,Fibrose cística recorrente
232,30,0,2018-04-24,2018-04-24,38000276,,,0,0,0,0,820,0,444814009,40481087,,,Infecção viral das vias aéreas superiores
233,30,0,2017-08-15,2017-08-15,38000276,,,0,0,0,0,822,0,68496003,4285898,,,Pólipo do cólon
234,30,0,2017-07-28,2017-07-28,38000276,,,0,0,0,0,830,0,195662009,4112343,,,Faringite viral aguda
235,30,0,2016-08-01,2016-08-01,38000276,,,0,0,0,0,806,0,10509002,260139,,,Bronquite aguda
236,30,0,2015-11-15,2015-11-15,38000276,,,0,0,0,0,811,0,444814009,40481087,,,Infecção viral das vias aéreas superiores
237,30,0,2012-12-18,2012-12-18,38000276,,,0,0,0,0,816,0,444814009,40481087,,,Infecção viral das vias aéreas superiores
238,30,0,2009-08-04,2009-08-04,38000276,,,0,0,0,0,827,0,271737000,439777,,,Anemia
239,30,0,2009-04-17,2009-04-17,38000276,,,0,0,0,0,813,0,10509002,260139,,,Bronquite aguda
240,30,4256640,1994-03-07,1994-03-07,38000276,,,0,0,0,0,828,0,408512008,4256640,,,Alcoolismo relatado pelo paciente
241,30,0,1990-11-26,1990-11-26,38000276,,,0,0,0,0,807,0,79586000,199076,,,Gravidez tubária
242,30,0,1987-06-29,1987-06-29,38000276,,,0,0,0,0,812,0,19169002,4078393,,,Aborto espontâneo na gravidez
243,30,4060985,1974-11-04,1974-11-04,38000276,,,0,0,0,0,829,0,162864005,4060985,,,IMC 30+ - obesidade
244,31,0,2018-03-09,2018-03-09,38000276,,,0,0,0,0,846,0,124171000119105,43530652,,,Nefropatia diabética crônica
245,31,0,2010-02-16,2010-02-16,38000276,,,0,0,0,0,834,0,43878008,28060,,,Faringite estreptocócica
246,32,0,2017-01-20,2017-01-20,38000276,,,0,0,0,0,847,0,10509002,260139,,,Bronquite aguda
247,32,0,2016-09-07,2016-09-07,38000276,,,0,0,0,0,859,0,15777000,40316773,,,Pré-diabetes
248,32,0,2016-03-14,2016-03-14,38000276,,,0,0,0,0,857,0,263102004,4134304,,,Ruptura de menisco
249,32,0,2014-11-13,2014-11-13,38000276,,,0,0,0,0,854,0,195662009,4112343,,,Faringite viral aguda
250,32,0,2011-07-20,2011-07-20,38000276,,,0,0,0,0,848,0,444814009,40481087,,,Infecção viral das vias aéreas superiores
251,32,0,2009-05-06,2009-05-06,38000276,,,0,0,0,0,858,0,403192003,4299128,,,Queimadura solar de terceiro grau
252,32,4060985,2002-03-06,2002-03-06,38000276,,,0,0,0,0,855,0,162864005,4060985,,,IMC 30+ - obesidade
253,32,0,1989-02-15,1989-02-15,38000276,,,0,0,0,0,861,0,38341003,316866,,,Hipertensão arterial
254,33,0,2018-05-19,2018-05-19,38000276,,,0,0,0,0,866,0,444814009,40481087,,,Infecção viral das vias aéreas superiores
255,33,0,2018-05-04,2018-05-04,38000276,,,0,0,0,0,863,0,44465007,81151,,,Entorse de tornozelo
256,33,4256640,2016-12-31,2016-12-31,38000276,,,0,0,0,0,871,0,408512008,4256640,,,Alcoolismo relatado pelo paciente
257,33,0,2016-12-31,2016-12-31,38000276,,,0,0,0,0,871,0,49436004,313217,,,Fibrilação atrial
258,33,0,2014-07-26,2014-07-26,38000276,,,0,0,0,0,873,0,39848009,4218389,,,Lesão em chicote do pescoço
259,33,0,2011-07-12,2011-07-12,38000276,,,0,0,0,0,867,0,444814009,40481087,,,Infecção viral das vias aéreas superiores
260,33,4060985,2000-12-02,2000-12-02,38000276,,,0,0,0,0,865,0,162864005,4060985,,,IMC 30+ - obesidade
261,34,0,2018-10-28,2018-10-28,38000276,,,0,0,0,0,875,0,444814009,40481087,,,Infecção viral das vias aéreas superiores
262,34,0,2014-01-13,2014-01-13,38000276,,,0,0,0,0,885,0,40055000,257012,,,Sinusite crônica
263,34,0,2013-12-23,2013-12-23,38000276,,,0,0,0,0,888,0,36971009,4283893,,,Sinusite
264,34,0,2011-04-03,2011-04-03,38000276,,,0,0,0,0,884,0,10509002,260139,,,Bronquite aguda
265,34,0,2009-05-08,2009-05-08,38000276,,,0,0,0,0,879,0,195662009,4112343,,,Faringite viral aguda
266,35,0,2018-04-01,2018-04-01,38000276,,,0,0,0,0,907,0,36971009,4283893,,,Sinusite
267,35,0,2017-05-01,2017-05-01,38000276,,,0,0,0,0,904,0,241929008,4084167,,,Reação alérgica a alimento
268,35,0,2016-03-07,2016-03-07,38000276,,,0,0,0,0,894,0,70704007,78272,,,Entorse de punho
269,35,0,2010-07-14,2010-07-14,38000276,,,0,0,0,0,902,0,10509002,260139,,,Bronquite aguda
270,36,4163874,2014-01-30,2014-01-30,38000276,,,0,0,0,0,919,0,399211009,4163874,,,Histórico de infarto do miocárdio
271,36,0,2014-01-30,2014-01-30,38000276,,,0,0,0,0,919,0,22298006,4329847,,,Infarto do miocárdio
272,36,0,2004-10-19,2004-10-19,38000276,,,0,0,0,0,912,0,195662009,4112343,,,Faringite viral aguda
273,36,0,1982-06-24,1982-06-24,38000276,,,0,0,0,0,918,0,53741008,317576,,,Doença arterial coronariana
274,37,0,2013-10-18,2013-10-18,38000276,,,0,0,0,0,929,0,195662009,4112343,,,Faringite viral aguda
275,37,0,2011-08-18,2011-08-18,38000276,,,0,0,0,0,928,0,10509002,260139,,,Bronquite aguda
276,37,0,2011-06-11,2011-06-11,38000276,,,0,0,0,0,930,0,15777000,40316773,,,Pré-diabetes
277,37,0,1989-01-14,1989-01-14,38000276,,,0,0,0,0,932,0,40055000,257012,,,Sinusite crônica
278,38,0,2018-03-28,2018-03-28,38000276,,,0,0,0,0,947,0,58150001,4237458,,,Fratura de clavícula
279,38,0,2015-10-17,2015-10-17,38000276,,,0,0,0,0,960,0,10509002,260139,,,Bronquite aguda
280,38,0,2014-08-25,2014-08-25,38000276,,,0,0,0,0,946,0,283371005,4155034,,,Laceração de antebraço
281,38,0,2014-07-06,2014-07-06,38000276,,,0,0,0,0,940,0,195662009,4112343,,,Faringite viral aguda
282,38,0,2013-03-14,2013-03-14,38000276,,,0,0,0,0,935,0,444814009,40481087,,,Infecção viral das vias aéreas superiores
283,38,0,2012-10-19,2012-10-19,38000276,,,0,0,0,0,953,0,444814009,40481087,,,Infecção viral das vias aéreas superiores
284,38,0,2009-11-11,2009-11-11,38000276,,,0,0,0,0,942,0,444814009,40481087,,,Infecção viral das vias aéreas superiores
285,38,0,2004-12-21,2004-12-21,38000276,,,0,0,0,0,939,0,19169002,4078393,,,Aborto espontâneo na gravidez
286,38,0,1990-01-02,1990-01-02,38000276,,,0,0,0,0,949,0,15777000,40316773,,,Pré-diabetes
287,38,0,1977-10-11,1977-10-11,38000276,,,0,0,0,0,959,0,38341003,316866,,,Hipertensão arterial
288,39,0,2016-08-02,2016-08-02,38000276,,,0,0,0,0,974,0,36971009,4283893,,,Sinusite
289,39,0,2014-11-30,2014-11-30,38000276,,,0,0,0,0,967,0,62106007,378001,,,Concussão com perda de consciência
290,39,0,2014-06-23,2014-06-23,38000276,,,0,0,0,0,961,0,10509002,260139,,,Bronquite aguda
291,39,0,2011-02-11,2011-02-11,38000276,,,0,0,0,0,968,0,444814009,40481087,,,Infecção viral das vias aéreas superiores
292,39,4060985,2010-10-15,2010-10-15,38000276,,,0,0,0,0,962,0,162864005,4060985,,,IMC 30+ - obesidade
293,39,0,1995-05-02,1995-05-02,38000276,,,0,0,0,0,966,0,40055000,257012,,,Sinusite crônica
294,40,0,2018-12-14,2018-12-14,38000276,,,0,0,0,0,979,0,403191005,4296205,,,Queimadura solar de segundo grau
295,40,4060985,2018-11-11,2018-11-11,38000276,,,0,0,0,0,983,0,162864005,4060985,,,IMC 30+ - obesidade
296,40,0,2014-11-14,2014-11-14,38000276,,,0,0,0,0,978,0,284551006,4109685,,,Laceração de pé
297,40,0,2010-02-24,2010-02-24,38000276,,,0,0,0,0,982,0,284549007,4113008,,,Laceração de mão
298,41,0,2016-04-29,2016-04-29,38000276,,,0,0,0,0,987,0,68496003,4285898,,,Pólipo do cólon
299,41,0,2014-12-26,2014-12-26,38000276,,,0,0,0,0,993,0,195662009,4112343,,,Faringite viral aguda
300,41,0,2013-07-24,2013-07-24,38000276,,,0,0,0,0,999,0,444814009,40481087,,,Infecção viral das vias aéreas superiores
301,41,0,2011-04-18,2011-04-18,38000276,,,0,0,0,0,988,0,271737000,439777,,,Anemia
302,41,0,2009-09-20,2009-09-20,38000276,,,0,0,0,0,997,0,444814009,40481087,,,Infecção viral das vias aéreas superiores
303,41,0,1998-03-20,1998-03-20,38000276,,,0,0,0,0,984,0,15777000,40316773,,,Pré-diabetes
304,41,4060985,1992-04-03,1992-04-03,38000276,,,0,0,0,0,995,0,162864005,4060985,,,IMC 30+ - obesidade
305,41,0,1969-05-05,1969-05-05,38000276,,,0,0,0,0,992,0,232353008,4048171,,,Perfuração do tímpano
306,42,0,2018-03-12,2018-03-12,38000276,,,0,0,0,0,1013,0,201834006,75036,,,Dermatite perioral
307,42,0,2016-03-10,2016-03-10,38000276,,,0,0,0,0,1018,0,15777000,40316773,,,Pré-diabetes
308,42,0,2014-04-10,2014-04-10,38000276,,,0,0,0,0,1016,0,156073000,40318618,,,Obesidade
309,42,0,2014-04-10,2014-04-10,38000276,,,0,0,0,0,1016,0,19169002,4078393,,,Aborto espontâneo na gravidez
310,42,0,2014-04-10,2014-04-10,38000276,,,0,0,0,0,1016,0,72892002,4217975,,,Otite média não supurativa
311,42,0,2013-04-07,2013-04-07,38000276,,,0,0,0,0,1007,0,444814009,40481087,,,Infecção viral das vias aéreas superiores
312,42,0,2010-02-25,2010-02-25,38000276,,,0,0,0,0,1019,0,444814009,40481087,,,Infecção viral das vias aéreas superiores
313,43,0,2017-06-07,2017-06-07,38000276,,,0,0,0,0,1026,0,444814009,40481087,,,Infecção viral das vias aéreas superiores
314,43,4256640,2015-01-03,2015-01-03,38000276,,,0,0,0,0,1028,0,408512008,4256640,,,Alcoolismo relatado pelo paciente
315,43,0,2013-08-27,2013-08-27,38000276,,,0,0,0,0,1023,0,283385000,4152936,,,Laceração de ombro
316,43,4060985,1998-02-21,1998-02-21,38000276,,,0,0,0,0,1022,0,162864005,4060985,,,IMC 30+ - obesidade
317,44,0,2017-07-01,2017-07-01,38000276,,,0,0,0,0,1038,0,43878008,28060,,,Faringite estreptocócica
318,44,0,2012-08-24,2012-08-24,38000276,,,0,0,0,0,1036,0,65363002,372328,,,Otite média
319,45,0,2017-07-25,2017-07-25,38000276,,,0,0,0,0,1056,0,44465007,81151,,,Entorse de tornozelo
320,45,0,2015-09-24,2015-09-24,38000276,,,0,0,0,0,1061,0,195662009,4112343,,,Faringite viral aguda
321,45,0,2014-10-18,2014-10-18,38000276,,,0,0,0,0,1054,0,403190006,4296204,,,Queimadura solar de primeiro grau
322,45,0,2012-01-05,2012-01-05,38000276,,,0,0,0,0,1049,0,40055000,257012,,,Sinusite crônica
323,45,0,2011-11-10,2011-11-10,38000276,,,0,0,0,0,1062,0,36971009,4283893,,,Sinusite
324,45,4060985,2001-11-18,2001-11-18,38000276,,,0,0,0,0,1057,0,162864005,4060985,,,IMC 30+ - obesidade
325,45,0,1991-12-08,1991-12-08,38000276,,,0,0,0,0,1055,0,87433001,261325,,,Enfisema pulmonar
326,46,0,1995-02-07,1995-02-07,38000276,,,0,0,0,0,1086,0,62564004,375671,,,Concussão sem perda de consciência
327,46,0,1993-04-04,1993-04-04,38000276,,,0,0,0,0,1089,0,67811000119102,37395648,,,Câncer de pulmão de pequenas células primário
328,46,0,1993-04-03,1993-04-03,38000276,,,0,0,0,0,1079,0,254632001,4110591,,,Câncer de pulmão de pequenas células
329,46,4038238,1993-03-22,1993-03-22,38000276,,,0,0,0,0,1085,0,162573006,4038238,,,Suspeita de abuso de álcool
330,46,0,1990-08-28,1990-08-28,38000276,,,0,0,0,0,1099,0,92691004,200970,,,Carcinoma in situ de próstata
331,46,0,1990-08-28,1990-08-28,38000276,,,0,0,0,0,1099,0,126906006,4129902,,,Neoplasia de bexiga
332,46,0,1990-06-16,1990-06-16,38000276,,,0,0,0,0,1075,0,271737000,439777,,,Anemia
333,46,0,1988-07-08,1988-07-08,38000276,,,0,0,0,0,1084,0,44465007,81151,,,Entorse de tornozelo
334,46,4060985,1977-07-25,1977-07-25,38000276,,,0,0,0,0,1117,0,162864005,4060985,,,IMC 30+ - obesidade
335,46,42709996,1954-09-13,1954-09-13,38000276,,,0,0,0,0,1073,0,449868002,42709996,,,Fumante atual de cigarro
336,47,0,2018-07-11,2018-07-11,38000276,,,0,0,0,0,1134,0,195662009,4112343,,,Faringite viral aguda
337,47,0,2016-10-24,2016-10-24,38000276,,,0,0,0,0,1140,0,713197008,37017023,,,Fibrose cística recorrente
338,47,0,2015-07-02,2015-07-02,38000276,,,0,0,0,0,1137,0,55822004,432867,,,Hiperlipidemia
339,47,0,2015-06-14,2015-06-14,38000276,,,0,0,0,0,1131,0,195662009,4112343,,,Faringite viral aguda
340,47,0,2015-06-02,2015-06-02,38000276,,,0,0,0,0,1121,0,68496003,4285898,,,Pólipo do cólon
341,47,4060985,2001-02-01,2001-02-01,38000276,,,0,0,0,0,1126,0,162864005,4060985,,,IMC 30+ - obesidade
342,47,0,1978-07-27,1978-07-27,38000276,,,0,0,0,0,1138,0,38341003,316866,,,Hipertensão arterial
343,48,0,2017-05-19,2017-05-19,38000276,,,0,0,0,0,1147,0,10509002,260139,,,Bronquite aguda
344,48,0,2016-09-14,2016-09-14,38000276,,,0,0,0,0,1150,0,55680006,4208104,,,Overdose de droga
345,48,0,2015-10-21,2015-10-21,38000276,,,0,0,0,0,1151,0,444814009,40481087,,,Infecção viral das vias aéreas superiores
346,48,0,2015-10-11,2015-10-11,38000276,,,0,0,0,0,1158,0,82423001,436096,,,Dor crônica
347,48,0,2015-07-03,2015-07-03,38000276,,,0,0,0,0,1143,0,124171000119105,43530652,,,Nefropatia diabética crônica
348,48,0,2015-04-27,2015-04-27,38000276,,,0,0,0,0,1161,0,196416002,4055754,,,Esofagite por refluxo
349,48,0,2013-02-17,2013-02-17,38000276,,,0,0,0,0,1168,0,195662009,4112343,,,Faringite viral aguda
350,48,0,2011-03-19,2011-03-19,38000276,,,0,0,0,0,1164,0,195662009,4112343,,,Faringite viral aguda
351,48,0,2011-01-02,2011-01-02,38000276,,,0,0,0,0,1148,0,10509002,260139,,,Bronquite aguda
352,49,0,2002-02-10,2002-02-10,38000276,,,0,0,0,0,1208,0,444814009,40481087,,,Infecção viral das vias aéreas superiores
353,49,0,1998-12-06,1998-12-06,38000276,,,0,0,0,0,1211,0,55680006,4208104,,,Overdose de droga
354,49,4060985,1998-11-15,1998-11-15,38000276,,,0,0,0,0,1193,0,162864005,4060985,,,IMC 30+ - obesidade
355,49,0,1996-12-12,1996-12-12,38000276,,,0,0,0,0,1187,0,65363002,372328,,,Otite média
356,49,0,1996-02-27,1996-02-27,38000276,,,0,0,0,0,1194,0,40275004,134438,,,Dermatite de contato
357,49,0,1995-07-21,1995-07-21,38000276,,,0,0,0,0,1176,0,43878008,28060,,,Faringite estreptocócica
358,49,0,1991-01-19,1991-01-19,38000276,,,0,0,0,0,1205,0,124171000119105,43530652,,,Nefropatia diabética crônica
359,49,0,1990-10-07,1990-10-07,38000276,,,0,0,0,0,1191,0,196416002,4055754,,,Esofagite por refluxo
360,49,0,1990-04-07,1990-04-07,38000276,,,0,0,0,0,1186,0,82423001,436096,,,Dor crônica
361,50,0,2017-08-25,2017-08-25,38000276,,,0,0,0,0,1223,0,10509002,260139,,,Bronquite aguda
362,50,0,2014-01-11,2014-01-11,38000276,,,0,0,0,0,1217,0,284549007,4113008,,,Laceração de mão
363,50,0,2011-10-25,2011-10-25,38000276,,,0,0,0,0,1220,0,38341003,316866,,,Hipertensão arterial
364,50,0,2011-05-31,2011-05-31,38000276,,,0,0,0,0,1216,0,10509002,260139,,,Bronquite aguda
365,50,0,2010-10-12,2010-10-12,38000276,,,0,0,0,0,1224,0,75498004,4294548,,,Infecção bacteriana aguda
366,50,0,2010-09-30,2010-09-30,38000276,,,0,0,0,0,1222,0,195662009,4112343,,,Faringite viral aguda
367,50,0,2010-07-01,2010-07-01,38000276,,,0,0,0,0,1214,0,444814009,40481087,,,Infecção viral das vias aéreas superiores
368,51,0,2014-12-30,2014-12-30,38000276,,,0,0,0,0,1234,0,15777000,40316773,,,Pré-diabetes
369,51,0,2013-01-01,2013-01-01,38000276,,,0,0,0,0,1241,0,72892002,4217975,,,Otite média não supurativa
370,51,0,2010-12-15,2010-12-15,38000276,,,0,0,0,0,1245,0,444814009,40481087,,,Infecção viral das vias aéreas superiores
371,51,0,2009-05-01,2009-05-01,38000276,,,0,0,0,0,1226,0,195662009,4112343,,,Faringite viral aguda
372,51,0,1995-02-17,1995-02-17,38000276,,,0,0,0,0,1235,0,232353008,4048171,,,Perfuração do tímpano
373,52,0,2016-09-07,2016-09-07,38000276,,,0,0,0,0,1261,0,72892002,4217975,,,Otite média não supurativa
374,52,0,2015-09-30,2015-09-30,38000276,,,0,0,0,0,1263,0,72892002,4217975,,,Otite média não supurativa
375,52,0,2015-03-21,2015-03-21,38000276,,,0,0,0,0,1267,0,444814009,40481087,,,Infecção viral das vias aéreas superiores
376,52,0,2013-10-02,2013-10-02,38000276,,,0,0,0,0,1298,0,72892002,4217975,,,Otite média não supurativa
377,52,0,2004-12-15,2004-12-15,38000276,,,0,0,0,0,1287,0,38341003,316866,,,Hipertensão arterial
378,52,4256640,2000-11-22,2000-11-22,38000276,,,0,0,0,0,1286,0,408512008,4256640,,,Alcoolismo relatado pelo paciente
379,52,4060985,1994-08-03,1994-08-03,38000276,,,0,0,0,0,1304,0,162864005,4060985,,,IMC 30+ - obesidade
380,53,0,2017-05-03,2017-05-03,38000276,,,0,0,0,0,1314,0,370247008,4156265,,,Lesão facial
381,53,0,2011-01-10,2011-01-10,38000276,,,0,0,0,0,1307,0,444814009,40481087,,,Infecção viral das vias aéreas superiores
382,53,0,2010-03-11,2010-03-11,38000276,,,0,0,0,0,1325,0,36971009,4283893,,,Sinusite
383,53,0,1984-02-12,1984-02-12,38000276,,,0,0,0,0,1321,0,271737000,439777,,,Anemia
384,53,0,1979-01-02,1979-01-02,38000276,,,0,0,0,0,1316,0,19169002,4078393,,,Aborto espontâneo na gravidez
385,53,0,1972-11-28,1972-11-28,38000276,,,0,0,0,0,1315,0,15777000,40316773,,,Pré-diabetes
386,53,0,1962-05-29,1962-05-29,38000276,,,0,0,0,0,1318,0,38341003,316866,,,Hipertensão arterial
387,54,0,2018-10-04,2018-10-04,38000276,,,0,0,0,0,1338,0,65966004,4278672,,,Fratura do fêmur
388,54,0,2016-09-09,2016-09-09,38000276,,,0,0,0,0,1337,0,70704007,78272,,,Entorse de punho
389,54,0,2015-08-10,2015-08-10,38000276,,,0,0,0,0,1326,0,444814009,40481087,,,Infecção viral das vias aéreas superiores
390,54,0,2015-06-17,2015-06-17,38000276,,,0,0,0,0,1336,0,65966004,4278672,,,Fratura do fêmur
391,54,0,2012-09-06,2012-09-06,38000276,,,0,0,0,0,1334,0,75498004,4294548,,,Infecção bacteriana aguda
392,55,0,2018-08-22,2018-08-22,38000276,,,0,0,0,0,1358,0,65363002,372328,,,Otite média
393,55,0,2018-06-06,2018-06-06,38000276,,,0,0,0,0,1361,0,10509002,260139,,,Bronquite aguda
394,55,0,2018-04-22,2018-04-22,38000276,,,0,0,0,0,1368,0,195662009,4112343,,,Faringite viral aguda
395,55,0,2018-02-07,2018-02-07,38000276,,,0,0,0,0,1371,0,195662009,4112343,,,Faringite viral aguda
396,55,0,2017-03-20,2017-03-20,38000276,,,0,0,0,0,1370,0,444814009,40481087,,,Infecção viral das vias aéreas superiores
397,55,0,2015-08-30,2015-08-30,38000276,,,0,0,0,0,1369,0,65363002,372328,,,Otite média
398,55,0,2014-09-02,2014-09-02,38000276,,,0,0,0,0,1363,0,444814009,40481087,,,Infecção viral das vias aéreas superiores
399,55,0,2013-12-27,2013-12-27,38000276,,,0,0,0,0,1359,0,65363002,372328,,,Otite média
400,56,0,2017-08-18,2017-08-18,38000276,,,0,0,0,0,1382,0,444814009,40481087,,,Infecção viral das vias aéreas superiores
401,56,0,2013-10-23,2013-10-23,38000276,,,0,0,0,0,1385,0,444814009,40481087,,,Infecção viral das vias aéreas superiores
402,56,0,2012-11-18,2012-11-18,38000276,,,0,0,0,0,1381,0,370247008,4156265,,,Lesão facial
403,57,0,2018-08-11,2018-08-11,38000276,,,0,0,0,0,1408,0,72892002,4217975,,,Otite média não supurativa
404,57,0,2018-07-02,2018-07-02,38000276,,,0,0,0,0,1396,0,301011002,4116491,,,Infecção do trato urinário por E. coli
405,57,0,2014-07-15,2014-07-15,38000276,,,0,0,0,0,1417,0,444814009,40481087,,,Infecção viral das vias aéreas superiores
406,57,0,2013-12-28,2013-12-28,38000276,,,0,0,0,0,1436,0,195662009,4112343,,,Faringite viral aguda
407,57,0,2009-08-28,2009-08-28,38000276,,,0,0,0,0,1434,0,444814009,40481087,,,Infecção viral das vias aéreas superiores
408,57,0,2009-07-24,2009-07-24,38000276,,,0,0,0,0,1419,0,39848009,4218389,,,Lesão em chicote do pescoço
409,58,0,2010-11-17,2010-11-17,38000276,,,0,0,0,0,1475,0,284551006,4109685,,,Laceração de pé
410,58,0,2009-02-07,2009-02-07,38000276,,,0,0,0,0,1444,0,40055000,257012,,,Sinusite crônica
411,58,0,2008-11-29,2008-11-29,38000276,,,0,0,0,0,1481,0,36971009,4283893,,,Sinusite
412,58,0,2007-11-19,2007-11-19,38000276,,,0,0,0,0,1479,0,124171000119105,43530652,,,Nefropatia diabética crônica
413,58,0,2007-01-10,2007-01-10,38000276,,,0,0,0,0,1456,0,196416002,4055754,,,Esofagite por refluxo
414,58,0,2006-08-06,2006-08-06,38000276,,,0,0,0,0,1454,0,82423001,436096,,,Dor crônica
415,59,0,2017-11-19,2017-11-19,38000276,,,0,0,0,0,1494,0,10509002,260139,,,Bronquite aguda
416,60,0,2013-06-12,2013-06-12,38000276,,,0,0,0,0,1495,0,444814009,40481087,,,Infecção viral das vias aéreas superiores
417,60,0,2013-04-21,2013-04-21,38000276,,,0,0,0,0,1509,0,195662009,4112343,,,Faringite viral aguda
418,60,0,2013-03-30,2013-03-30,38000276,,,0,0,0,0,1507,0,444814009,40481087,,,Infecção viral das vias aéreas superiores
419,60,0,2012-09-19,2012-09-19,38000276,,,0,0,0,0,1499,0,10509002,260139,,,Bronquite aguda
420,60,0,2010-02-14,2010-02-14,38000276,,,0,0,0,0,1503,0,10509002,260139,,,Bronquite aguda
421,60,0,2010-02-20,2010-02-20,38000276,,,0,0,0,0,1513,0,64859006,80502,,,Osteoporose
422,60,0,1981-08-22,1981-08-22,38000276,,,0,0,0,0,1510,0,19169002,4078393,,,Aborto espontâneo na gravidez
423,60,4060985,1981-08-08,1981-08-08,38000276,,,0,0,0,0,1496,0,162864005,4060985,,,IMC 30+ - obesidade
424,61,0,2018-02-02,2018-02-02,38000276,,,0,0,0,0,1531,0,43878008,28060,,,Faringite estreptocócica
425,61,0,2016-10-12,2016-10-12,38000276,,,0,0,0,0,1550,0,72892002,4217975,,,Otite média não supurativa
426,61,4256640,2012-05-23,2012-05-23,38000276,,,0,0,0,0,1555,0,408512008,4256640,,,Alcoolismo relatado pelo paciente
427,61,0,2010-02-17,2010-02-17,38000276,,,0,0,0,0,1566,0,72892002,4217975,,,Otite média não supurativa
428,61,0,2000-08-08,2000-08-08,38000276,,,0,0,0,0,1573,0,82423001,436096,,,Dor crônica
429,61,0,2000-02-16,2000-02-16,38000276,,,0,0,0,0,1565,0,19169002,4078393,,,Aborto espontâneo na gravidez
430,61,4060985,1998-02-11,1998-02-11,38000276,,,0,0,0,0,1523,0,162864005,4060985,,,IMC 30+ - obesidade
431,61,0,1994-02-02,1994-02-02,38000276,,,0,0,0,0,1556,0,38341003,316866,,,Hipertensão arterial
432,62,0,2014-07-11,2014-07-11,38000276,,,0,0,0,0,1596,0,43878008,28060,,,Faringite estreptocócica
433,62,0,2010-04-03,2010-04-03,38000276,,,0,0,0,0,1597,0,241929008,4084167,,,Reação alérgica a alimento
434,62,0,2009-10-29,2009-10-29,38000276,,,0,0,0,0,1576,0,65363002,372328,,,Otite média
435,62,0,2009-06-06,2009-06-06,38000276,,,0,0,0,0,1591,0,65363002,372328,,,Otite média
436,62,0,2007-10-02,2007-10-02,38000276,,,0,0,0,0,1589,0,232353008,4048171,,,Perfuração do tímpano
437,62,0,2006-05-30,2006-05-30,38000276,,,0,0,0,0,1585,0,24079001,133834,,,Dermatite atópica
438,63,0,1988-05-17,1988-05-17,38000276,,,0,0,0,0,1604,0,233604007,255848,,,Pneumonia
439,63,0,1984-03-15,1984-03-15,38000276,,,0,0,0,0,1605,0,283371005,4155034,,,Laceração de antebraço
440,63,0,1982-11-15,1982-11-15,38000276,,,0,0,0,0,1619,0,26929004,378419,,,Doença de Alzheimer
441,63,0,1980-01-05,1980-01-05,38000276,,,0,0,0,0,1621,0,68496003,4285898,,,Pólipo do cólon
442,63,4060985,1942-05-18,1942-05-18,38000276,,,0,0,0,0,1607,0,162864005,4060985,,,IMC 30+ - obesidade
443,64,0,2018-08-02,2018-08-02,38000276,,,0,0,0,0,1626,0,444814009,40481087,,,Infecção viral das vias aéreas superiores
444,64,4060985,2018-03-18,2018-03-18,38000276,,,0,0,0,0,1622,0,162864005,4060985,,,IMC 30+ - obesidade
445,65,0,2010-12-09,2010-12-09,38000276,,,0,0,0,0,1636,0,39848009,4218389,,,Lesão em chicote do pescoço
446,65,0,2009-09-30,2009-09-30,38000276,,,0,0,0,0,1641,0,301011002,4116491,,,Infecção do trato urinário por E. coli
447,65,0,2009-09-19,2009-09-19,38000276,,,0,0,0,0,1637,0,109838007,79740,,,Carcinoma de cólon
448,65,0,2009-09-14,2009-09-14,38000276,,,0,0,0,0,1644,0,713197008,37017023,,,Fibrose cística recorrente
449,65,0,2009-01-18,2009-01-18,38000276,,,0,0,0,0,1635,0,62106007,378001,,,Concussão com perda de consciência
450,65,0,2008-08-20,2008-08-20,38000276,,,0,0,0,0,1651,0,68496003,4285898,,,Pólipo do cólon
451,65,0,2007-07-22,2007-07-22,38000276,,,0,0,0,0,1654,0,444814009,40481087,,,Infecção viral das vias aéreas superiores
452,65,0,2006-06-24,2006-06-24,38000276,,,0,0,0,0,1653,0,10509002,260139,,,Bronquite aguda
453,65,0,2005-08-08,2005-08-08,38000276,,,0,0,0,0,1634,0,38822007,195588,,,Cistite
454,65,0,2002-08-09,2002-08-09,38000276,,,0,0,0,0,1638,0,19169002,4078393,,,Aborto espontâneo na gravidez
455,65,0,1992-08-11,1992-08-11,38000276,,,0,0,0,0,1642,0,271737000,439777,,,Anemia
456,65,4256640,1990-11-09,1990-11-09,38000276,,,0,0,0,0,1639,0,408512008,4256640,,,Alcoolismo relatado pelo paciente
457,65,4060985,1975-10-24,1975-10-24,38000276,,,0,0,0,0,1645,0,162864005,4060985,,,IMC 30+ - obesidade
458,66,0,2016-07-17,2016-07-17,38000276,,,0,0,0,0,1661,0,444814009,40481087,,,Infecção viral das vias aéreas superiores
459,66,0,2016-05-13,2016-05-13,38000276,,,0,0,0,0,1665,0,58150001,4237458,,,Fratura de clavícula
460,66,0,2010-12-02,2010-12-02,38000276,,,0,0,0,0,1669,0,444814009,40481087,,,Infecção viral das vias aéreas superiores
461,66,0,2009-12-21,2009-12-21,38000276,,,0,0,0,0,1658,0,444814009,40481087,,,Infecção viral das vias aéreas superiores
462,66,0,2009-09-17,2009-09-17,38000276,,,0,0,0,0,1657,0,58150001,4237458,,,Fratura de clavícula
463,66,0,1998-02-21,1998-02-21,38000276,,,0,0,0,0,1663,0,15777000,40316773,,,Pré-diabetes
464,66,4060985,1995-02-18,1995-02-18,38000276,,,0,0,0,0,1655,0,162864005,4060985,,,IMC 30+ - obesidade
465,67,0,2017-12-20,2017-12-20,38000276,,,0,0,0,0,1675,0,72892002,4217975,,,Otite média não supurativa
466,67,0,2017-02-26,2017-02-26,38000276,,,0,0,0,0,1687,0,44465007,81151,,,Entorse de tornozelo
467,67,0,2016-09-03,2016-09-03,38000276,,,0,0,0,0,1756,0,444814009,40481087,,,Infecção viral das vias aéreas superiores
468,67,0,2016-01-27,2016-01-27,38000276,,,0,0,0,0,1735,0,156073000,40318618,,,Obesidade
469,67,0,2016-01-27,2016-01-27,38000276,,,0,0,0,0,1735,0,72892002,4217975,,,Otite média não supurativa
470,67,0,2013-10-11,2013-10-11,38000276,,,0,0,0,0,1685,0,55680006,4208104,,,Overdose de droga
471,67,0,2012-09-05,2012-09-05,38000276,,,0,0,0,0,1766,0,72892002,4217975,,,Otite média não supurativa
472,67,0,2012-01-04,2012-01-04,38000276,,,0,0,0,0,1693,0,156073000,40318618,,,Obesidade
473,67,0,2012-01-04,2012-01-04,38000276,,,0,0,0,0,1693,0,72892002,4217975,,,Otite média não supurativa
474,67,0,2011-09-07,2011-09-07,38000276,,,0,0,0,0,1709,0,72892002,4217975,,,Otite média não supurativa
475,67,0,2011-03-30,2011-03-30,38000276,,,0,0,0,0,1717,0,156073000,40318618,,,Obesidade
476,67,0,2011-03-30,2011-03-30,38000276,,,0,0,0,0,1717,0,19169002,4078393,,,Aborto espontâneo na gravidez
477,67,0,2011-03-30,2011-03-30,38000276,,,0,0,0,0,1717,0,72892002,4217975,,,Otite média não supurativa
478,67,0,2010-04-14,2010-04-14,38000276,,,0,0,0,0,1695,0,72892002,4217975,,,Otite média não supurativa
479,67,0,2009-04-08,2009-04-08,38000276,,,0,0,0,0,1779,0,72892002,4217975,,,Otite média não supurativa
480,67,4060985,2006-05-17,2006-05-17,38000276,,,0,0,0,0,1781,0,162864005,4060985,,,IMC 30+ - obesidade
481,67,45766064,1983-11-29,1983-11-29,38000276,,,0,0,0,0,1681,0,703151001,45766064,,,Histórico de artroplastia de joelho
482,67,0,1983-11-29,1983-11-29,38000276,,,0,0,0,0,1681,0,128613002,4029498,,,Transtorno convulsivo
483,69,0,2018-05-04,2018-05-04,38000276,,,0,0,0,0,1795,0,68496003,4285898,,,Pólipo do cólon
484,69,0,2014-12-14,2014-12-14,38000276,,,0,0,0,0,1804,0,195662009,4112343,,,Faringite viral aguda
485,69,0,2014-08-25,2014-08-25,38000276,,,0,0,0,0,1805,0,10509002,260139,,,Bronquite aguda
486,69,0,2011-02-18,2011-02-18,38000276,,,0,0,0,0,1790,0,195662009,4112343,,,Faringite viral aguda
487,69,0,1998-05-31,1998-05-31,38000276,,,0,0,0,0,1792,0,15777000,40316773,,,Pré-diabetes
488,69,0,1981-06-28,1981-06-28,38000276,,,0,0,0,0,1794,0,38341003,316866,,,Hipertensão arterial
489,70,0,2017-05-18,2017-05-18,38000276,,,0,0,0,0,1815,0,15724005,4048695,,,Fratura de vértebra
490,70,0,2014-07-13,2014-07-13,38000276,,,0,0,0,0,1807,0,444814009,40481087,,,Infecção viral das vias aéreas superiores
491,70,0,2012-09-23,2012-09-23,38000276,,,0,0,0,0,1806,0,444814009,40481087,,,Infecção viral das vias aéreas superiores
492,70,0,2012-07-06,2012-07-06,38000276,,,0,0,0,0,1814,0,444448004,40479422,,,Neuropatia diabética
493,70,4060985,2011-11-21,2011-11-21,38000276,,,0,0,0,0,1812,0,162864005,4060985,,,IMC 30+ - obesidade
494,71,0,2018-09-11,2018-09-11,38000276,,,0,0,0,0,1823,0,65363002,372328,,,Otite média
495,71,0,2017-12-30,2017-12-30,38000276,,,0,0,0,0,1817,0,65363002,372328,,,Otite média
496,71,0,2017-02-12,2017-02-12,38000276,,,0,0,0,0,1826,0,444814009,40481087,,,Infecção viral das vias aéreas superiores
497,72,0,2016-03-24,2016-03-24,38000276,,,0,0,0,0,1832,0,444814009,40481087,,,Infecção viral das vias aéreas superiores
498,73,4323208,2018-02-11,2018-02-11,38000276,,,0,0,0,0,1854,0,428251008,4323208,,,Histórico de apendicectomia
499,73,0,2018-02-11,2018-02-11,38000276,,,0,0,0,0,1849,0,74400008,440448,,,Apendicite
500,73,0,2013-05-28,2013-05-28,38000276,,,0,0,0,0,1844,0,36971009,4283893,,,Sinusite
501,73,0,2012-12-31,2012-12-31,38000276,,,0,0,0,0,1840,0,444814009,40481087,,,Infecção viral das vias aéreas superiores
502,73,0,2010-03-14,2010-03-14,38000276,,,0,0,0,0,1852,0,195662009,4112343,,,Faringite viral aguda
503,73,0,2010-02-11,2010-02-11,38000276,,,0,0,0,0,1846,0,65363002,372328,,,Otite média
504,74,0,2018-11-12,2018-11-12,38000276,,,0,0,0,0,1871,0,195662009,4112343,,,Faringite viral aguda
505,74,0,2017-12-19,2017-12-19,38000276,,,0,0,0,0,1877,0,53741008,317576,,,Doença arterial coronariana
506,74,0,2015-12-08,2015-12-08,38000276,,,0,0,0,0,1866,0,444814009,40481087,,,Infecção viral das vias aéreas superiores
507,74,0,2015-07-28,2015-07-28,38000276,,,0,0,0,0,1874,0,40055000,257012,,,Sinusite crônica
508,74,0,2015-07-07,2015-07-07,38000276,,,0,0,0,0,1861,0,36971009,4283893,,,Sinusite
509,74,0,2014-01-07,2014-01-07,38000276,,,0,0,0,0,1869,0,26929004,378419,,,Doença de Alzheimer
510,74,0,2013-08-23,2013-08-23,38000276,,,0,0,0,0,1864,0,10509002,260139,,,Bronquite aguda
511,74,0,2012-02-01,2012-02-01,38000276,,,0,0,0,0,1862,0,195662009,4112343,,,Faringite viral aguda
512,74,0,2010-12-02,2010-12-02,38000276,,,0,0,0,0,1878,0,444814009,40481087,,,Infecção viral das vias aéreas superiores
513,74,0,2009-02-28,2009-02-28,38000276,,,0,0,0,0,1860,0,58150001,4237458,,,Fratura de clavícula
514,74,0,1968-04-16,1968-04-16,38000276,,,0,0,0,0,1875,0,19169002,4078393,,,Aborto espontâneo na gravidez
515,74,0,1957-07-02,1957-07-02,38000276,,,0,0,0,0,1857,0,15777000,40316773,,,Pré-diabetes
516,75,0,2015-03-25,2015-03-25,38000276,,,0,0,0,0,1882,0,43878008,28060,,,Faringite estreptocócica
517,75,0,2014-01-05,2014-01-05,38000276,,,0,0,0,0,1888,0,65363002,372328,,,Otite média
518,75,0,2013-06-20,2013-06-20,38000276,,,0,0,0,0,1900,0,446096008,40486433,,,Esteatose hepática perivenular
519,75,0,2011-04-30,2011-04-30,38000276,,,0,0,0,0,1896,0,65363002,372328,,,Otite média
520,75,0,2011-04-01,2011-04-01,38000276,,,0,0,0,0,1902,0,241929008,4084167,,,Reação alérgica a alimento
521,75,0,2010-04-08,2010-04-08,38000276,,,0,0,0,0,1895,0,43878008,28060,,,Faringite estreptocócica
522,75,0,2009-11-06,2009-11-06,38000276,,,0,0,0,0,1904,0,241929008,4084167,,,Reação alérgica a alimento
523,76,0,2018-01-17,2018-01-17,38000276,,,0,0,0,0,1917,0,1551000119108,43530656,,,Retinopatia diabética não proliferativa
524,76,0,2018-01-17,2018-01-17,38000276,,,0,0,0,0,1917,0,15777000,40316773,,,Pré-diabetes
525,76,0,2015-08-26,2015-08-26,38000276,,,0,0,0,0,1927,0,39848009,4218389,,,Lesão em chicote do pescoço
526,76,0,2013-04-17,2013-04-17,38000276,,,0,0,0,0,1928,0,68496003,4285898,,,Pólipo do cólon
527,76,0,2011-08-28,2011-08-28,38000276,,,0,0,0,0,1946,0,444814009,40481087,,,Infecção viral das vias aéreas superiores
528,76,0,2010-04-24,2010-04-24,38000276,,,0,0,0,0,1925,0,62106007,378001,,,Concussão com perda de consciência
529,76,0,2009-11-25,2009-11-25,38000276,,,0,0,0,0,1932,0,10509002,260139,,,Bronquite aguda
530,76,0,2002-11-13,2002-11-13,38000276,,,0,0,0,0,1936,0,55822004,432867,,,Hiperlipidemia
531,76,0,2001-11-07,2001-11-07,38000276,,,0,0,0,0,1907,0,422034002,4226121,,,Retinopatia diabética proliferativa
532,76,0,1997-08-21,1997-08-21,38000276,,,0,0,0,0,1910,0,201834006,75036,,,Dermatite perioral
533,76,0,1994-08-22,1994-08-22,38000276,,,0,0,0,0,1945,0,88805009,4229440,,,Cardiomiopatia isquêmica crônica
534,76,4323208,1989-08-25,1989-08-25,38000276,,,0,0,0,0,1912,0,428251008,4323208,,,Histórico de apendicectomia
535,76,0,1989-08-25,1989-08-25,38000276,,,0,0,0,0,1922,0,74400008,440448,,,Apendicite
536,76,0,1989-08-25,1989-08-25,38000276,,,0,0,0,0,1922,0,47693006,4166224,,,Ruptura de apêndice
537,76,0,1988-09-14,1988-09-14,38000276,,,0,0,0,0,1929,0,237602007,436940,,,Síndrome metabólica
538,76,0,1988-09-14,1988-09-14,38000276,,,0,0,0,0,1929,0,302870006,4120314,,,Hipertrigliceridemia
539,76,0,1988-09-14,1988-09-14,38000276,,,0,0,0,0,1929,0,80394007,4214376,,,Hiperglicemia
540,76,0,1986-09-10,1986-09-10,38000276,,,0,0,0,0,1914,0,44054006,201826,,,Diabetes mellitus tipo 2
541,76,4060985,1969-02-19,1969-02-19,38000276,,,0,0,0,0,1938,0,162864005,4060985,,,IMC 30+ - obesidade
542,76,4324181,1952-03-12,1952-03-12,38000276,,,0,0,0,0,1921,0,429007001,4324181,,,Histórico de infarto
543,76,0,1952-03-12,1952-03-12,38000276,,,0,0,0,0,1921,0,410429000,321042,,,Parada cardíaca
544,78,0,2017-11-16,2017-11-16,38000276,,,0,0,0,0,1965,0,444814009,40481087,,,Infecção viral das vias aéreas superiores
545,78,0,2016-12-08,2016-12-08,38000276,,,0,0,0,0,1962,0,444814009,40481087,,,Infecção viral das vias aéreas superiores
546,78,0,2016-05-28,2016-05-28,38000276,,,0,0,0,0,1966,0,444814009,40481087,,,Infecção viral das vias aéreas superiores
547,78,0,2016-05-05,2016-05-05,38000276,,,0,0,0,0,1969,0,40930008,140673,,,Hipotireoidismo
548,78,0,2016-03-03,2016-03-03,38000276,,,0,0,0,0,1971,0,195662009,4112343,,,Faringite viral aguda
549,78,0,2009-01-26,2009-01-26,38000276,,,0,0,0,0,1973,0,195662009,4112343,,,Faringite viral aguda
550,78,4060985,1990-12-19,1990-12-19,38000276,,,0,0,0,0,1974,0,162864005,4060985,,,IMC 30+ - obesidade
551,79,0,2017-09-08,2017-09-08,38000276,,,0,0,0,0,1993,0,198992004,137613,,,Pré-eclâmpsia leve
552,79,0,2017-02-24,2017-02-24,38000276,,,0,0,0,0,2003,0,72892002,4217975,,,Otite média não supurativa
553,79,0,2015-03-09,2015-03-09,38000276,,,0,0,0,0,1999,0,10509002,260139,,,Bronquite aguda
554,79,0,2012-07-27,2012-07-27,38000276,,,0,0,0,0,1996,0,72892002,4217975,,,Otite média não supurativa
555,79,0,2010-05-09,2010-05-09,38000276,,,0,0,0,0,1995,0,444448004,40479422,,,Neuropatia diabética
556,79,0,2008-01-18,2008-01-18,38000276,,,0,0,0,0,1997,0,15777000,40316773,,,Pré-diabetes
557,80,0,2014-08-22,2014-08-22,38000276,,,0,0,0,0,2049,0,36971009,4283893,,,Sinusite
558,80,0,2013-06-26,2013-06-26,38000276,,,0,0,0,0,2020,0,283371005,4155034,,,Laceração de antebraço
559,80,0,2013-05-19,2013-05-19,38000276,,,0,0,0,0,2048,0,301011002,4116491,,,Infecção do trato urinário por E. coli
560,80,0,2009-10-02,2009-10-02,38000276,,,0,0,0,0,2031,0,444814009,40481087,,,Infecção viral das vias aéreas superiores
561,80,4060985,2009-06-10,2009-06-10,38000276,,,0,0,0,0,2028,0,162864005,4060985,,,IMC 30+ - obesidade
562,80,0,1996-10-23,1996-10-23,38000276,,,0,0,0,0,2033,0,19169002,4078393,,,Aborto espontâneo na gravidez
563,80,0,1972-09-06,1972-09-06,38000276,,,0,0,0,0,2034,0,40055000,257012,,,Sinusite crônica
564,81,0,2007-01-13,2007-01-13,38000276,,,0,0,0,0,2075,0,444814009,40481087,,,Infecção viral das vias aéreas superiores
565,81,0,2002-12-03,2002-12-03,38000276,,,0,0,0,0,2073,0,44465007,81151,,,Entorse de tornozelo
566,81,0,1994-03-31,1994-03-31,38000276,,,0,0,0,0,2091,0,55822004,432867,,,Hiperlipidemia
567,81,0,1984-04-05,1984-04-05,38000276,,,0,0,0,0,2084,0,185086009,258780,,,DPOC exacerbada
568,81,0,1969-06-05,1969-06-05,38000276,,,0,0,0,0,2086,0,15777000,40316773,,,Pré-diabetes
569,81,4060985,1963-05-30,1963-05-30,38000276,,,0,0,0,0,2064,0,162864005,4060985,,,IMC 30+ - obesidade
570,82,0,2015-06-13,2015-06-13,38000276,,,0,0,0,0,2132,0,10509002,260139,,,Bronquite aguda
571,82,0,2006-07-18,2006-07-18,38000276,,,0,0,0,0,2136,0,368581000119106,37016354,,,Neuropatia por diabetes tipo 2
572,82,0,2002-06-25,2002-06-25,38000276,,,0,0,0,0,2123,0,64859006,80502,,,Osteoporose
573,82,0,1999-06-08,1999-06-08,38000276,,,0,0,0,0,2109,0,55822004,432867,,,Hiperlipidemia
574,82,0,1993-01-08,1993-01-08,38000276,,,0,0,0,0,2117,0,713197008,37017023,,,Fibrose cística recorrente
575,82,0,1992-01-14,1992-01-14,38000276,,,0,0,0,0,2106,0,68496003,4285898,,,Pólipo do cólon
576,82,0,1991-01-16,1991-01-16,38000276,,,0,0,0,0,2137,0,40055000,257012,,,Sinusite crônica
577,82,0,1981-03-31,1981-03-31,38000276,,,0,0,0,0,2140,0,237602007,436940,,,Síndrome metabólica
578,82,0,1981-03-31,1981-03-31,38000276,,,0,0,0,0,2140,0,302870006,4120314,,,Hipertrigliceridemia
579,82,0,1981-03-31,1981-03-31,38000276,,,0,0,0,0,2140,0,80394007,4214376,,,Hiperglicemia
580,82,0,1978-03-28,1978-03-28,38000276,,,0,0,0,0,2103,0,44054006,201826,,,Diabetes mellitus tipo 2
581,82,0,1978-03-28,1978-03-28,38000276,,,0,0,0,0,2103,0,38341003,316866,,,Hipertensão arterial
582,82,4256640,1975-03-25,1975-03-25,38000276,,,0,0,0,0,2124,0,408512008,4256640,,,Alcoolismo relatado pelo paciente
583,82,0,1974-06-25,1974-06-25,38000276,,,0,0,0,0,2110,0,19169002,4078393,,,Aborto espontâneo na gravidez
584,82,4323208,1972-01-08,1972-01-08,38000276,,,0,0,0,0,2118,0,428251008,4323208,,,Histórico de apendicectomia
585,82,0,1972-01-08,1972-01-08,38000276,,,0,0,0,0,2114,0,74400008,440448,,,Apendicite
586,82,4060985,1956-02-14,1956-02-14,38000276,,,0,0,0,0,2119,0,162864005,4060985,,,IMC 30+ - obesidade
587,83,0,2018-11-18,2018-11-18,38000276,,,0,0,0,0,2146,0,444814009,40481087,,,Infecção viral das vias aéreas superiores
588,83,0,2017-12-31,2017-12-31,38000276,,,0,0,0,0,2154,0,39848009,4218389,,,Lesão em chicote do pescoço
589,83,0,2011-01-30,2011-01-30,38000276,,,0,0,0,0,2145,0,444814009,40481087,,,Infecção viral das vias aéreas superiores
590,83,0,2010-06-27,2010-06-27,38000276,,,0,0,0,0,2149,0,10509002,260139,,,Bronquite aguda
591,83,4060985,2000-10-05,2000-10-05,38000276,,,0,0,0,0,2144,0,162864005,4060985,,,IMC 30+ - obesidade
592,83,4323208,1979-07-31,1979-07-31,38000276,,,0,0,0,0,2151,0,428251008,4323208,,,Histórico de apendicectomia
593,83,0,1979-07-31,1979-07-31,38000276,,,0,0,0,0,2153,0,74400008,440448,,,Apendicite
594,83,0,1979-07-31,1979-07-31,38000276,,,0,0,0,0,2153,0,47693006,4166224,,,Ruptura de apêndice
595,84,0,2018-10-08,2018-10-08,38000276,,,0,0,0,0,2165,0,55822004,432867,,,Hiperlipidemia
596,84,0,2017-09-12,2017-09-12,38000276,,,0,0,0,0,2169,0,301011002,4116491,,,Infecção do trato urinário por E. coli
597,84,0,2014-11-23,2014-11-23,38000276,,,0,0,0,0,2175,0,10509002,260139,,,Bronquite aguda
598,84,0,2012-07-30,2012-07-30,38000276,,,0,0,0,0,2172,0,15777000,40316773,,,Pré-diabetes
599,84,0,2010-12-29,2010-12-29,38000276,,,0,0,0,0,2156,0,195662009,4112343,,,Faringite viral aguda
600,84,4323208,2007-09-17,2007-09-17,38000276,,,0,0,0,0,2157,0,428251008,4323208,,,Histórico de apendicectomia
601,84,0,2007-09-17,2007-09-17,38000276,,,0,0,0,0,2159,0,74400008,440448,,,Apendicite
602,84,0,2007-09-17,2007-09-17,38000276,,,0,0,0,0,2159,0,47693006,4166224,,,Ruptura de apêndice
603,84,4060985,2000-07-17,2000-07-17,38000276,,,0,0,0,0,2166,0,162864005,4060985,,,IMC 30+ - obesidade
604,84,0,1993-07-05,1993-07-05,38000276,,,0,0,0,0,2163,0,38341003,316866,,,Hipertensão arterial
605,84,0,1979-09-29,1979-09-29,38000276,,,0,0,0,0,2171,0,232353008,4048171,,,Perfuração do tímpano
606,85,0,2018-03-25,2018-03-25,38000276,,,0,0,0,0,2188,0,10509002,260139,,,Bronquite aguda
607,85,0,2015-10-23,2015-10-23,38000276,,,0,0,0,0,2197,0,444814009,40481087,,,Infecção viral das vias aéreas superiores
608,85,0,2015-01-14,2015-01-14,38000276,,,0,0,0,0,2196,0,195662009,4112343,,,Faringite viral aguda
609,85,0,2013-11-12,2013-11-12,38000276,,,0,0,0,0,2185,0,43878008,28060,,,Faringite estreptocócica
610,85,0,2013-09-01,2013-09-01,38000276,,,0,0,0,0,2178,0,43878008,28060,,,Faringite estreptocócica
611,85,0,2009-07-08,2009-07-08,38000276,,,0,0,0,0,2198,0,195662009,4112343,,,Faringite viral aguda
612,85,4060985,1986-11-25,1986-11-25,38000276,,,0,0,0,0,2190,0,162864005,4060985,,,IMC 30+ - obesidade
613,86,0,1971-03-15,1971-03-15,38000276,,,0,0,0,0,2207,0,110030002,4001336,,,Transtorno por concussão
614,86,0,1971-02-26,1971-02-26,38000276,,,0,0,0,0,2212,0,65363002,372328,,,Otite média
615,86,0,1969-12-21,1969-12-21,38000276,,,0,0,0,0,2208,0,195662009,4112343,,,Faringite viral aguda
616,86,0,1969-11-20,1969-11-20,38000276,,,0,0,0,0,2211,0,65363002,372328,,,Otite média
617,87,0,2018-03-30,2018-03-30,38000276,,,0,0,0,0,2214,0,283371005,4155034,,,Laceração de antebraço
618,87,4060985,2017-09-18,2017-09-18,38000276,,,0,0,0,0,2237,0,162864005,4060985,,,IMC 30+ - obesidade
619,87,0,2016-09-20,2016-09-20,38000276,,,0,0,0,0,2238,0,271737000,439777,,,Anemia
620,87,0,2013-09-02,2013-09-02,38000276,,,0,0,0,0,2223,0,43878008,28060,,,Faringite estreptocócica
621,87,0,2012-01-13,2012-01-13,38000276,,,0,0,0,0,2235,0,444814009,40481087,,,Infecção viral das vias aéreas superiores
622,87,0,2010-10-04,2010-10-04,38000276,,,0,0,0,0,2259,0,72892002,4217975,,,Otite média não supurativa
623,87,0,1994-10-17,1994-10-17,38000276,,,0,0,0,0,2216,0,55680006,4208104,,,Overdose de droga
624,87,0,1992-02-16,1992-02-16,38000276,,,0,0,0,0,2250,0,124171000119105,43530652,,,Nefropatia diabética crônica
625,87,0,1990-08-09,1990-08-09,38000276,,,0,0,0,0,2277,0,196416002,4055754,,,Esofagite por refluxo
626,87,0,1990-03-02,1990-03-02,38000276,,,0,0,0,0,2219,0,82423001,436096,,,Dor crônica
627,88,0,2017-01-05,2017-01-05,38000276,,,0,0,0,0,2295,0,10509002,260139,,,Bronquite aguda
628,88,0,2015-09-01,2015-09-01,38000276,,,0,0,0,0,2290,0,72892002,4217975,,,Otite média não supurativa
629,88,0,2014-11-11,2014-11-11,38000276,,,0,0,0,0,2323,0,198992004,137613,,,Pré-eclâmpsia leve
630,88,0,2014-04-29,2014-04-29,38000276,,,0,0,0,0,2328,0,72892002,4217975,,,Otite média não supurativa
631,88,0,2014-01-04,2014-01-04,38000276,,,0,0,0,0,2313,0,195662009,4112343,,,Faringite viral aguda
632,88,0,2013-05-28,2013-05-28,38000276,,,0,0,0,0,2287,0,72892002,4217975,,,Otite média não supurativa
633,88,0,2013-03-17,2013-03-17,38000276,,,0,0,0,0,2312,0,444448004,40479422,,,Neuropatia diabética
634,88,0,2012-10-23,2012-10-23,38000276,,,0,0,0,0,2304,0,35999006,4262136,,,Cegueira
635,88,0,2012-10-23,2012-10-23,38000276,,,0,0,0,0,2304,0,72892002,4217975,,,Otite média não supurativa
636,88,0,2012-07-17,2012-07-17,38000276,,,0,0,0,0,2332,0,87433001,261325,,,Enfisema pulmonar
637,88,0,2009-11-20,2009-11-20,38000276,,,0,0,0,0,2314,0,444814009,40481087,,,Infecção viral das vias aéreas superiores
638,88,0,2009-03-10,2009-03-10,38000276,,,0,0,0,0,2329,0,35999006,4262136,,,Cegueira
639,88,0,2009-03-10,2009-03-10,38000276,,,0,0,0,0,2329,0,19169002,4078393,,,Aborto espontâneo na gravidez
640,88,0,2009-03-10,2009-03-10,38000276,,,0,0,0,0,2329,0,72892002,4217975,,,Otite média não supurativa
641,88,0,2007-09-10,2007-09-10,38000276,,,0,0,0,0,2303,0,40055000,257012,,,Sinusite crônica
642,88,0,2005-07-05,2005-07-05,38000276,,,0,0,0,0,2322,0,38341003,316866,,,Hipertensão arterial
643,89,0,2018-09-10,2018-09-10,38000276,,,0,0,0,0,2366,0,301011002,4116491,,,Infecção do trato urinário por E. coli
644,89,0,2016-09-19,2016-09-19,38000276,,,0,0,0,0,2340,0,363406005,4180790,,,Neoplasia maligna do cólon
645,89,0,2016-09-10,2016-09-10,38000276,,,0,0,0,0,2342,0,236077008,4341247,,,Prostatite crônica
646,89,0,2016-09-10,2016-09-10,38000276,,,0,0,0,0,2342,0,6072007,4245614,,,Prolapso de válvula mitral
647,89,0,2013-11-05,2013-11-05,38000276,,,0,0,0,0,2357,0,195662009,4112343,,,Faringite viral aguda
648,89,0,2012-12-10,2012-12-10,38000276,,,0,0,0,0,2369,0,72892002,4217975,,,Otite média não supurativa
649,89,0,2009-11-12,2009-11-12,38000276,,,0,0,0,0,2359,0,44465007,81151,,,Entorse de tornozelo
650,89,0,2009-09-12,2009-09-12,38000276,,,0,0,0,0,2370,0,239872002,4079749,,,Osteoartrite do quadril
651,89,4060985,2004-11-08,2004-11-08,38000276,,,0,0,0,0,2379,0,162864005,4060985,,,IMC 30+ - obesidade
652,89,0,1996-12-09,1996-12-09,38000276,,,0,0,0,0,2362,0,19169002,4078393,,,Aborto espontâneo na gravidez
653,90,0,2017-11-25,2017-11-25,38000276,,,0,0,0,0,2418,0,422034002,4226121,,,Retinopatia diabética proliferativa
654,90,0,2017-11-25,2017-11-25,38000276,,,0,0,0,0,2418,0,237602007,436940,,,Síndrome metabólica
655,90,0,2017-11-25,2017-11-25,38000276,,,0,0,0,0,2418,0,302870006,4120314,,,Hipertrigliceridemia
656,90,0,2017-11-25,2017-11-25,38000276,,,0,0,0,0,2418,0,80394007,4214376,,,Hiperglicemia
657,90,0,2017-11-25,2017-11-25,38000276,,,0,0,0,0,2418,0,53741008,317576,,,Doença arterial coronariana
658,90,0,2015-11-21,2015-11-21,38000276,,,0,0,0,0,2405,0,368581000119106,37016354,,,Neuropatia por diabetes tipo 2
659,90,0,2015-11-21,2015-11-21,38000276,,,0,0,0,0,2405,0,44054006,201826,,,Diabetes mellitus tipo 2
660,90,0,2013-11-08,2013-11-08,38000276,,,0,0,0,0,2391,0,10509002,260139,,,Bronquite aguda
661,90,0,2012-03-26,2012-03-26,38000276,,,0,0,0,0,2401,0,301011002,4116491,,,Infecção do trato urinário por E. coli
662,90,4256640,2007-11-17,2007-11-17,38000276,,,0,0,0,0,2384,0,408512008,4256640,,,Alcoolismo relatado pelo paciente
663,90,4060985,1990-04-07,1990-04-07,38000276,,,0,0,0,0,2446,0,162864005,4060985,,,IMC 30+ - obesidade
664,90,0,1987-04-04,1987-04-04,38000276,,,0,0,0,0,2441,0,38341003,316866,,,Hipertensão arterial
665,91,0,2015-10-21,2015-10-21,38000276,,,0,0,0,0,2452,0,195662009,4112343,,,Faringite viral aguda
666,91,0,2013-04-20,2013-04-20,38000276,,,0,0,0,0,2457,0,403190006,4296204,,,Queimadura solar de primeiro grau
667,91,0,2011-04-01,2011-04-01,38000276,,,0,0,0,0,2458,0,62106007,378001,,,Concussão com perda de consciência
668,91,4060985,2003-12-17,2003-12-17,38000276,,,0,0,0,0,2459,0,162864005,4060985,,,IMC 30+ - obesidade
669,91,0,1966-01-12,1966-01-12,38000276,,,0,0,0,0,2449,0,40055000,257012,,,Sinusite crônica
670,93,0,2013-04-14,2013-04-14,38000276,,,0,0,0,0,2469,0,444814009,40481087,,,Infecção viral das vias aéreas superiores
671,93,0,2004-12-11,2004-12-11,38000276,,,0,0,0,0,2466,0,15777000,40316773,,,Pré-diabetes
672,94,4163874,2003-05-23,2003-05-23,38000276,,,0,0,0,0,2496,0,399211009,4163874,,,Histórico de infarto do miocárdio
673,94,0,2003-05-23,2003-05-23,38000276,,,0,0,0,0,2496,0,22298006,4329847,,,Infarto do miocárdio
674,94,0,2003-02-06,2003-02-06,38000276,,,0,0,0,0,2489,0,88805009,4229440,,,Cardiomiopatia isquêmica crônica
675,94,0,2002-09-20,2002-09-20,38000276,,,0,0,0,0,2493,0,53741008,317576,,,Doença arterial coronariana
676,94,0,2002-09-12,2002-09-12,38000276,,,0,0,0,0,2491,0,10509002,260139,,,Bronquite aguda
677,94,0,2000-07-14,2000-07-14,38000276,,,0,0,0,0,2506,0,127013003,192279,,,Nefropatia diabética
678,94,0,2000-07-14,2000-07-14,38000276,,,0,0,0,0,2506,0,431855005,443614,,,Doença renal crônica estágio 1
679,94,0,1998-01-23,1998-01-23,38000276,,,0,0,0,0,2498,0,15777000,40316773,,,Pré-diabetes
680,94,0,1978-03-10,1978-03-10,38000276,,,0,0,0,0,2503,0,1501000119109,43530685,,,Polineuropatia por diabetes tipo 2
681,94,0,1978-03-10,1978-03-10,38000276,,,0,0,0,0,2503,0,80394007,4214376,,,Hiperglicemia
682,94,0,1969-01-03,1969-01-03,38000276,,,0,0,0,0,2486,0,1551000119108,43530656,,,Retinopatia diabética não proliferativa
683,94,0,1965-12-31,1965-12-31,38000276,,,0,0,0,0,2492,0,422034002,4226121,,,Retinopatia diabética proliferativa
684,94,0,1965-12-31,1965-12-31,38000276,,,0,0,0,0,2492,0,237602007,436940,,,Síndrome metabólica
685,94,0,1965-12-31,1965-12-31,38000276,,,0,0,0,0,2492,0,302870006,4120314,,,Hipertrigliceridemia
686,94,0,1962-12-28,1962-12-28,38000276,,,0,0,0,0,2471,0,368581000119106,37016354,,,Neuropatia por diabetes tipo 2
687,94,0,1962-12-28,1962-12-28,38000276,,,0,0,0,0,2471,0,44054006,201826,,,Diabetes mellitus tipo 2
688,94,0,1952-12-12,1952-12-12,38000276,,,0,0,0,0,2504,0,38341003,316866,,,Hipertensão arterial
689,95,0,2018-04-02,2018-04-02,38000276,,,0,0,0,0,2523,0,43878008,28060,,,Faringite estreptocócica
690,95,0,2016-04-02,2016-04-02,38000276,,,0,0,0,0,2516,0,195662009,4112343,,,Faringite viral aguda
691,95,0,2016-03-02,2016-03-02,38000276,,,0,0,0,0,2533,0,230690007,381316,,,Acidente vascular cerebral
692,95,0,2014-02-02,2014-02-02,38000276,,,0,0,0,0,2520,0,43878008,28060,,,Faringite estreptocócica
693,95,0,2012-05-13,2012-05-13,38000276,,,0,0,0,0,2529,0,444814009,40481087,,,Infecção viral das vias aéreas superiores
694,95,0,2011-04-30,2011-04-30,38000276,,,0,0,0,0,2522,0,444814009,40481087,,,Infecção viral das vias aéreas superiores
695,95,0,2009-04-14,2009-04-14,38000276,,,0,0,0,0,2519,0,444814009,40481087,,,Infecção viral das vias aéreas superiores
696,95,0,2006-07-26,2006-07-26,38000276,,,0,0,0,0,2530,0,15777000,40316773,,,Pré-diabetes
697,95,0,2006-07-26,2006-07-26,38000276,,,0,0,0,0,2530,0,80394007,4214376,,,Hiperglicemia
698,95,0,2002-07-17,2002-07-17,38000276,,,0,0,0,0,2511,0,368581000119106,37016354,,,Neuropatia por diabetes tipo 2
699,95,0,2002-07-17,2002-07-17,38000276,,,0,0,0,0,2511,0,237602007,436940,,,Síndrome metabólica
700,95,0,2002-07-17,2002-07-17,38000276,,,0,0,0,0,2511,0,302870006,4120314,,,Hipertrigliceridemia
701,95,0,2000-07-12,2000-07-12,38000276,,,0,0,0,0,2526,0,44054006,201826,,,Diabetes mellitus tipo 2
702,95,0,1994-12-30,1994-12-30,38000276,,,0,0,0,0,2513,0,201834006,75036,,,Dermatite perioral
703,95,0,1977-06-08,1977-06-08,38000276,,,0,0,0,0,2512,0,19169002,4078393,,,Aborto espontâneo na gravidez
704,95,0,1976-09-15,1976-09-15,38000276,,,0,0,0,0,2532,0,38341003,316866,,,Hipertensão arterial
705,96,0,2016-12-29,2016-12-29,38000276,,,0,0,0,0,2564,0,55680006,4208104,,,Overdose de droga
706,96,4060985,2011-08-01,2011-08-01,38000276,,,0,0,0,0,2584,0,162864005,4060985,,,IMC 30+ - obesidade
707,96,0,2011-07-22,2011-07-22,38000276,,,0,0,0,0,2548,0,10509002,260139,,,Bronquite aguda
708,96,0,2011-07-06,2011-07-06,38000276,,,0,0,0,0,2538,0,444814009,40481087,,,Infecção viral das vias aéreas superiores
709,96,0,2011-03-09,2011-03-09,38000276,,,0,0,0,0,2560,0,196416002,4055754,,,Esofagite por refluxo
710,96,0,2010-04-24,2010-04-24,38000276,,,0,0,0,0,2549,0,195662009,4112343,,,Faringite viral aguda
711,96,0,2009-12-20,2009-12-20,38000276,,,0,0,0,0,2570,0,82423001,436096,,,Dor crônica
712,96,0,2009-09-16,2009-09-16,38000276,,,0,0,0,0,2557,0,124171000119105,43530652,,,Nefropatia diabética crônica
713,96,0,2009-02-23,2009-02-23,38000276,,,0,0,0,0,2534,0,444814009,40481087,,,Infecção viral das vias aéreas superiores
714,97,0,2013-07-08,2013-07-08,38000276,,,0,0,0,0,2729,0,283385000,4152936,,,Laceração de ombro
715,97,0,2009-10-09,2009-10-09,38000276,,,0,0,0,0,,0,230690007,381316,,,Acidente vascular cerebral
716,97,0,2002-02-01,2002-02-01,38000276,,,0,0,0,0,2630,0,53741008,317576,,,Doença arterial coronariana
717,97,0,1995-03-17,1995-03-17,38000276,,,0,0,0,0,,0,49436004,313217,,,Fibrilação atrial
718,97,0,1990-01-26,1990-01-26,38000276,,,0,0,0,0,2609,0,26929004,378419,,,Doença de Alzheimer
719,97,0,1953-05-22,1953-05-22,38000276,,,0,0,0,0,2646,0,97331000119101,45770830,,,Obesidade mórbida
720,97,0,1953-05-22,1953-05-22,38000276,,,0,0,0,0,2646,0,1551000119108,43530656,,,Retinopatia diabética não proliferativa
721,97,0,1953-05-22,1953-05-22,38000276,,,0,0,0,0,2646,0,90781000119102,45769905,,,Doença renal crônica por diabetes
722,97,0,1953-05-22,1953-05-22,38000276,,,0,0,0,0,2646,0,431856006,443601,,,Doença renal crônica estágio 4
723,97,0,1953-05-22,1953-05-22,38000276,,,0,0,0,0,2646,0,15777000,40316773,,,Pré-diabetes
724,97,0,1941-12-19,1941-12-19,38000276,,,0,0,0,0,2621,0,422034002,4226121,,,Retinopatia diabética proliferativa
725,97,0,1941-12-19,1941-12-19,38000276,,,0,0,0,0,2621,0,127013003,192279,,,Nefropatia diabética
726,97,0,1941-12-19,1941-12-19,38000276,,,0,0,0,0,2621,0,431855005,443614,,,Doença renal crônica estágio 1
727,97,0,1941-12-19,1941-12-19,38000276,,,0,0,0,0,2621,0,237602007,436940,,,Síndrome metabólica
728,97,0,1941-12-19,1941-12-19,38000276,,,0,0,0,0,2621,0,302870006,4120314,,,Hipertrigliceridemia
729,97,0,1941-12-19,1941-12-19,38000276,,,0,0,0,0,2621,0,80394007,4214376,,,Hiperglicemia
730,97,0,1939-05-05,1939-05-05,38000276,,,0,0,0,0,2682,0,44054006,201826,,,Diabetes mellitus tipo 2
731,97,4060985,1933-04-28,1933-04-28,38000276,,,0,0,0,0,2625,0,162864005,4060985,,,IMC 30+ - obesidade
732,97,0,1929-04-19,1929-04-19,38000276,,,0,0,0,0,2687,0,38341003,316866,,,Hipertensão arterial
733,97,4323208,1923-02-23,1923-02-23,38000276,,,0,0,0,0,2734,0,428251008,4323208,,,Histórico de apendicectomia
734,97,0,1923-02-23,1923-02-23,38000276,,,0,0,0,0,2629,0,74400008,440448,,,Apendicite
735,98,0,2017-05-20,2017-05-20,38000276,,,0,0,0,0,2836,0,195662009,4112343,,,Faringite viral aguda
736,98,0,2015-12-29,2015-12-29,38000276,,,0,0,0,0,2846,0,284549007,4113008,,,Laceração de mão
737,98,0,2009-02-12,2009-02-12,38000276,,,0,0,0,0,2845,0,444814009,40481087,,,Infecção viral das vias aéreas superiores
738,98,0,2007-09-27,2007-09-27,38000276,,,0,0,0,0,2841,0,15777000,40316773,,,Pré-diabetes
739,98,4060985,2005-04-21,2005-04-21,38000276,,,0,0,0,0,2837,0,162864005,4060985,,,IMC 30+ - obesidade
740,98,0,1986-03-27,1986-03-27,38000276,,,0,0,0,0,2847,0,38341003,316866,,,Hipertensão arterial
741,98,0,1978-09-18,1978-09-18,38000276,,,0,0,0,0,2838,0,271737000,439777,,,Anemia
742,99,0,2016-09-26,2016-09-26,38000276,,,0,0,0,0,2927,0,241929008,4084167,,,Reação alérgica a alimento
743,99,0,2016-09-12,2016-09-12,38000276,,,0,0,0,0,2898,0,198992004,137613,,,Pré-eclâmpsia leve
744,99,0,2016-02-29,2016-02-29,38000276,,,0,0,0,0,2902,0,72892002,4217975,,,Otite média não supurativa
745,99,4323208,2014-08-10,2014-08-10,38000276,,,0,0,0,0,2870,0,428251008,4323208,,,Histórico de apendicectomia
746,99,0,2014-08-10,2014-08-10,38000276,,,0,0,0,0,2947,0,74400008,440448,,,Apendicite
747,99,0,2012-09-17,2012-09-17,38000276,,,0,0,0,0,2891,0,263102004,4134304,,,Ruptura de menisco
748,99,0,2011-01-20,2011-01-20,38000276,,,0,0,0,0,2920,0,444814009,40481087,,,Infecção viral das vias aéreas superiores
749,99,4060985,2010-08-30,2010-08-30,38000276,,,0,0,0,0,2911,0,162864005,4060985,,,IMC 30+ - obesidade
750,99,0,1999-08-19,1999-08-19,38000276,,,0,0,0,0,2905,0,367498001,4280726,,,Gripe sazonal
751,99,0,1997-04-16,1997-04-16,38000276,,,0,0,0,0,2939,0,24079001,133834,,,Dermatite atópica
752,100,0,1971-03-06,1971-03-06,38000276,,,0,0,0,0,2964,0,195662009,4112343,,,Faringite viral aguda
753,100,45766064,1970-08-02,1970-08-02,38000276,,,0,0,0,0,2961,0,703151001,45766064,,,Histórico de artroplastia de joelho
754,100,0,1970-08-02,1970-08-02,38000276,,,0,0,0,0,2961,0,128613002,4029498,,,Transtorno convulsivo
755,100,0,1965-07-04,1965-07-04,38000276,,,0,0,0,0,2965,0,284551006,4109685,,,Laceração de pé
756,100,0,1964-01-17,1964-01-17,38000276,,,0,0,0,0,2951,0,444814009,40481087,,,Infecção viral das vias aéreas superiores
757,100,0,1961-06-25,1961-06-25,38000276,,,0,0,0,0,2950,0,65363002,372328,,,Otite média
758,101,0,2018-08-18,2018-08-18,38000276,,,0,0,0,0,2999,0,444814009,40481087,,,Infecção viral das vias aéreas superiores
759,101,0,2012-07-15,2012-07-15,38000276,,,0,0,0,0,2971,0,72892002,4217975,,,Otite média não supurativa
760,101,4060985,2011-08-07,2011-08-07,38000276,,,0,0,0,0,2969,0,162864005,4060985,,,IMC 30+ - obesidade
761,101,0,2010-08-15,2010-08-15,38000276,,,0,0,0,0,2982,0,72892002,4217975,,,Otite média não supurativa
762,102,0,2006-03-28,2006-03-28,38000276,,,0,0,0,0,3031,0,109838007,79740,,,Carcinoma de cólon
763,102,0,2006-03-22,2006-03-22,38000276,,,0,0,0,0,3043,0,713197008,37017023,,,Fibrose cística recorrente
764,102,0,2004-11-27,2004-11-27,38000276,,,0,0,0,0,3021,0,68496003,4285898,,,Pólipo do cólon
765,102,0,2003-12-25,2003-12-25,38000276,,,0,0,0,0,3022,0,444814009,40481087,,,Infecção viral das vias aéreas superiores
766,102,0,2003-01-15,2003-01-15,38000276,,,0,0,0,0,3016,0,55822004,432867,,,Hiperlipidemia
767,102,0,1998-12-23,1998-12-23,38000276,,,0,0,0,0,3046,0,15777000,40316773,,,Pré-diabetes
768,102,0,1995-11-17,1995-11-17,38000276,,,0,0,0,0,3036,0,88805009,4229440,,,Cardiomiopatia isquêmica crônica
769,102,0,1994-11-17,1994-11-17,38000276,,,0,0,0,0,3035,0,239873007,4079750,,,Osteoartrite do joelho
770,102,4256640,1984-12-05,1984-12-05,38000276,,,0,0,0,0,3028,0,408512008,4256640,,,Alcoolismo relatado pelo paciente
771,102,4060985,1973-02-07,1973-02-07,38000276,,,0,0,0,0,3027,0,162864005,4060985,,,IMC 30+ - obesidade
772,103,0,2016-02-17,2016-02-17,38000276,,,0,0,0,0,3056,0,10509002,260139,,,Bronquite aguda
773,103,0,2013-07-18,2013-07-18,38000276,,,0,0,0,0,3065,0,284549007,4113008,,,Laceração de mão
774,103,0,2011-05-13,2011-05-13,38000276,,,0,0,0,0,3060,0,301011002,4116491,,,Infecção do trato urinário por E. coli
775,103,0,2010-01-01,2010-01-01,38000276,,,0,0,0,0,3058,0,40055000,257012,,,Sinusite crônica
776,103,0,2009-11-13,2009-11-13,38000276,,,0,0,0,0,3052,0,36971009,4283893,,,Sinusite
777,103,0,2002-07-16,2002-07-16,38000276,,,0,0,0,0,3068,0,275272006,4166590,,,Projeção de hemorragia
778,103,4060985,1997-02-23,1997-02-23,38000276,,,0,0,0,0,3059,0,162864005,4060985,,,IMC 30+ - obesidade
779,103,0,1976-01-25,1976-01-25,38000276,,,0,0,0,0,3069,0,38341003,316866,,,Hipertensão arterial
780,104,0,2018-10-17,2018-10-17,38000276,,,0,0,0,0,3113,0,72892002,4217975,,,Otite média não supurativa
781,104,0,2010-09-01,2010-09-01,38000276,,,0,0,0,0,3083,0,38341003,316866,,,Hipertensão arterial
782,104,0,2010-06-11,2010-06-11,38000276,,,0,0,0,0,3076,0,195662009,4112343,,,Faringite viral aguda
783,104,0,1995-09-03,1995-09-03,38000276,,,0,0,0,0,3087,0,367498001,4280726,,,Gripe sazonal
784,105,0,2018-03-14,2018-03-14,38000276,,,0,0,0,0,3126,0,10509002,260139,,,Bronquite aguda
785,105,0,2016-11-16,2016-11-16,38000276,,,0,0,0,0,3133,0,70704007,78272,,,Entorse de punho
786,105,0,2016-03-29,2016-03-29,38000276,,,0,0,0,0,3136,0,444814009,40481087,,,Infecção viral das vias aéreas superiores
787,105,0,2016-03-22,2016-03-22,38000276,,,0,0,0,0,3134,0,65363002,372328,,,Otite média
788,106,0,2013-06-22,2013-06-22,38000276,,,0,0,0,0,3141,0,195662009,4112343,,,Faringite viral aguda
789,106,0,2013-05-07,2013-05-07,38000276,,,0,0,0,0,3140,0,195662009,4112343,,,Faringite viral aguda
790,106,0,2011-04-03,2011-04-03,38000276,,,0,0,0,0,3147,0,40055000,257012,,,Sinusite crônica
791,106,0,2010-12-19,2010-12-19,38000276,,,0,0,0,0,3148,0,75498004,4294548,,,Infecção bacteriana aguda
792,106,0,2008-03-24,2008-03-24,38000276,,,0,0,0,0,3155,0,38341003,316866,,,Hipertensão arterial
793,107,0,2018-06-07,2018-06-07,38000276,,,0,0,0,0,3160,0,75498004,4294548,,,Infecção bacteriana aguda
794,107,0,2016-06-11,2016-06-11,38000276,,,0,0,0,0,3158,0,43878008,28060,,,Faringite estreptocócica
795,107,0,2013-01-06,2013-01-06,38000276,,,0,0,0,0,3166,0,82423001,436096,,,Dor crônica
796,107,0,2010-09-03,2010-09-03,38000276,,,0,0,0,0,3159,0,10509002,260139,,,Bronquite aguda
797,107,0,2009-10-03,2009-10-03,38000276,,,0,0,0,0,3164,0,195662009,4112343,,,Faringite viral aguda
798,107,4060985,1998-08-16,1998-08-16,38000276,,,0,0,0,0,3161,0,162864005,4060985,,,IMC 30+ - obesidade
799,108,0,2017-11-27,2017-11-27,38000276,,,0,0,0,0,3182,0,10509002,260139,,,Bronquite aguda
800,108,0,2014-06-14,2014-06-14,38000276,,,0,0,0,0,3172,0,444814009,40481087,,,Infecção viral das vias aéreas superiores
801,108,0,2009-11-10,2009-11-10,38000276,,,0,0,0,0,3177,0,40055000,257012,,,Sinusite crônica
802,108,0,2009-10-27,2009-10-27,38000276,,,0,0,0,0,3173,0,36971009,4283893,,,Sinusite
803,108,0,2002-05-16,2002-05-16,38000276,,,0,0,0,0,3178,0,87433001,261325,,,Enfisema pulmonar
804,108,4256640,2002-05-16,2002-05-16,38000276,,,0,0,0,0,3178,0,408512008,4256640,,,Alcoolismo relatado pelo paciente
805,108,4060985,1985-03-21,1985-03-21,38000276,,,0,0,0,0,3180,0,162864005,4060985,,,IMC 30+ - obesidade
806,109,4163874,2013-11-24,2013-11-24,38000276,,,0,0,0,0,3196,0,399211009,4163874,,,Histórico de infarto do miocárdio
807,109,0,2013-11-24,2013-11-24,38000276,,,0,0,0,0,3196,0,22298006,4329847,,,Infarto do miocárdio
808,109,0,2012-01-22,2012-01-22,38000276,,,0,0,0,0,3188,0,1551000119108,43530656,,,Retinopatia diabética não proliferativa
809,109,0,2009-01-04,2009-01-04,38000276,,,0,0,0,0,3189,0,422034002,4226121,,,Retinopatia diabética proliferativa
810,109,0,2009-01-04,2009-01-04,38000276,,,0,0,0,0,3189,0,53741008,317576,,,Doença arterial coronariana
811,109,0,2007-06-28,2007-06-28,38000276,,,0,0,0,0,3200,0,16114001,4059173,,,Fratura de tornozelo
812,109,0,2006-01-18,2006-01-18,38000276,,,0,0,0,0,3202,0,195662009,4112343,,,Faringite viral aguda
813,109,0,2004-12-08,2004-12-08,38000276,,,0,0,0,0,3187,0,10509002,260139,,,Bronquite aguda
814,109,0,2003-02-02,2003-02-02,38000276,,,0,0,0,0,3194,0,237602007,436940,,,Síndrome metabólica
815,109,0,2003-02-02,2003-02-02,38000276,,,0,0,0,0,3194,0,302870006,4120314,,,Hipertrigliceridemia
816,109,0,2003-02-02,2003-02-02,38000276,,,0,0,0,0,3194,0,80394007,4214376,,,Hiperglicemia
817,109,0,2001-01-28,2001-01-28,38000276,,,0,0,0,0,3192,0,44054006,201826,,,Diabetes mellitus tipo 2
818,109,0,2001-01-28,2001-01-28,38000276,,,0,0,0,0,3192,0,38341003,316866,,,Hipertensão arterial
819,109,0,1994-01-16,1994-01-16,38000276,,,0,0,0,0,3190,0,15777000,40316773,,,Pré-diabetes
820,109,4060985,1986-08-03,1986-08-03,38000276,,,0,0,0,0,3198,0,162864005,4060985,,,IMC 30+ - obesidade
821,110,0,2003-09-26,2003-09-26,38000276,,,0,0,0,0,3221,0,444814009,40481087,,,Infecção viral das vias aéreas superiores
822,110,0,1999-11-12,1999-11-12,38000276,,,0,0,0,0,3230,0,284551006,4109685,,,Laceração de pé
823,110,0,1997-03-01,1997-03-01,38000276,,,0,0,0,0,3244,0,26929004,378419,,,Doença de Alzheimer
824,110,0,1977-11-12,1977-11-12,38000276,,,0,0,0,0,3240,0,55822004,432867,,,Hiperlipidemia
825,110,4060985,1958-12-06,1958-12-06,38000276,,,0,0,0,0,3206,0,162864005,4060985,,,IMC 30+ - obesidade
826,110,4323208,1933-09-30,1933-09-30,38000276,,,0,0,0,0,3227,0,428251008,4323208,,,Histórico de apendicectomia
827,110,0,1933-09-30,1933-09-30,38000276,,,0,0,0,0,3229,0,74400008,440448,,,Apendicite
828,111,0,2017-07-09,2017-07-09,38000276,,,0,0,0,0,3269,0,49436004,313217,,,Fibrilação atrial
829,111,0,2016-06-23,2016-06-23,38000276,,,0,0,0,0,3272,0,10509002,260139,,,Bronquite aguda
830,111,0,2013-03-15,2013-03-15,38000276,,,0,0,0,0,3254,0,195662009,4112343,,,Faringite viral aguda
831,111,0,2008-02-24,2008-02-24,38000276,,,0,0,0,0,3270,0,64859006,80502,,,Osteoporose
832,111,0,1993-06-06,1993-06-06,38000276,,,0,0,0,0,3262,0,19169002,4078393,,,Aborto espontâneo na gravidez
833,111,4256640,1991-01-13,1991-01-13,38000276,,,0,0,0,0,3255,0,408512008,4256640,,,Alcoolismo relatado pelo paciente
834,111,4060985,1975-10-19,1975-10-19,38000276,,,0,0,0,0,3263,0,162864005,4060985,,,IMC 30+ - obesidade
835,112,0,2011-08-29,2011-08-29,38000276,,,0,0,0,0,3276,0,15777000,40316773,,,Pré-diabetes
836,112,4060985,2005-08-22,2005-08-22,38000276,,,0,0,0,0,3275,0,162864005,4060985,,,IMC 30+ - obesidade
837,113,0,2006-05-02,2006-05-02,38000276,,,0,0,0,0,3295,0,43878008,28060,,,Faringite estreptocócica
838,113,0,2005-09-17,2005-09-17,38000276,,,0,0,0,0,3299,0,10509002,260139,,,Bronquite aguda
839,113,0,2005-04-21,2005-04-21,38000276,,,0,0,0,0,3302,0,230690007,381316,,,Acidente vascular cerebral
840,113,0,1998-05-06,1998-05-06,38000276,,,0,0,0,0,3301,0,444814009,40481087,,,Infecção viral das vias aéreas superiores
841,113,0,1997-03-17,1997-03-17,38000276,,,0,0,0,0,3289,0,201834006,75036,,,Dermatite perioral
842,113,4060985,1986-04-10,1986-04-10,38000276,,,0,0,0,0,3298,0,162864005,4060985,,,IMC 30+ - obesidade
843,113,0,1978-04-18,1978-04-18,38000276,,,0,0,0,0,3281,0,40055000,257012,,,Sinusite crônica
844,113,0,1963-02-07,1963-02-07,38000276,,,0,0,0,0,3304,0,19169002,4078393,,,Aborto espontâneo na gravidez
845,113,0,1962-11-29,1962-11-29,38000276,,,0,0,0,0,3294,0,38341003,316866,,,Hipertensão arterial
846,113,0,1948-04-05,1948-04-05,38000276,,,0,0,0,0,3284,0,232353008,4048171,,,Perfuração do tímpano
847,114,0,2018-04-18,2018-04-18,38000276,,,0,0,0,0,3310,0,72892002,4217975,,,Otite média não supurativa
848,114,0,2017-08-20,2017-08-20,38000276,,,0,0,0,0,3322,0,10509002,260139,,,Bronquite aguda
849,114,0,2014-08-27,2014-08-27,38000276,,,0,0,0,0,3325,0,10509002,260139,,,Bronquite aguda
850,114,0,2013-01-02,2013-01-02,38000276,,,0,0,0,0,3317,0,403191005,4296205,,,Queimadura solar de segundo grau
851,115,0,2016-05-11,2016-05-11,38000276,,,0,0,0,0,3341,0,444814009,40481087,,,Infecção viral das vias aéreas superiores
852,115,0,2015-06-16,2015-06-16,38000276,,,0,0,0,0,3334,0,40055000,257012,,,Sinusite crônica
853,115,0,2015-04-14,2015-04-14,38000276,,,0,0,0,0,3344,0,36971009,4283893,,,Sinusite
854,115,0,2010-12-25,2010-12-25,38000276,,,0,0,0,0,3340,0,195662009,4112343,,,Faringite viral aguda
855,115,0,2002-08-22,2002-08-22,38000276,,,0,0,0,0,3332,0,15777000,40316773,,,Pré-diabetes
856,115,4060985,1993-08-12,1993-08-12,38000276,,,0,0,0,0,3345,0,162864005,4060985,,,IMC 30+ - obesidade
857,115,0,1983-07-28,1983-07-28,38000276,,,0,0,0,0,3337,0,38341003,316866,,,Hipertensão arterial
858,116,0,2015-11-25,2015-11-25,38000276,,,0,0,0,0,3349,0,444814009,40481087,,,Infecção viral das vias aéreas superiores
859,116,0,2015-09-17,2015-09-17,38000276,,,0,0,0,0,3355,0,195662009,4112343,,,Faringite viral aguda
860,116,0,2011-05-25,2011-05-25,38000276,,,0,0,0,0,3353,0,283371005,4155034,,,Laceração de antebraço
861,116,0,2011-05-04,2011-05-04,38000276,,,0,0,0,0,3348,0,444814009,40481087,,,Infecção viral das vias aéreas superiores
862,117,0,2013-05-15,2013-05-15,38000276,,,0,0,0,0,3362,0,65363002,372328,,,Otite média
863,117,0,2012-07-08,2012-07-08,38000276,,,0,0,0,0,3364,0,444814009,40481087,,,Infecção viral das vias aéreas superiores
864,117,0,2010-04-28,2010-04-28,38000276,,,0,0,0,0,3361,0,62106007,378001,,,Concussão com perda de consciência
865,117,0,2009-01-18,2009-01-18,38000276,,,0,0,0,0,3365,0,15777000,40316773,,,Pré-diabetes
866,117,0,2009-01-18,2009-01-18,38000276,,,0,0,0,0,3365,0,38341003,316866,,,Hipertensão arterial
867,117,0,2009-01-11,2009-01-11,38000276,,,0,0,0,0,3368,0,10509002,260139,,,Bronquite aguda
868,118,0,2016-02-04,2016-02-04,38000276,,,0,0,0,0,3369,0,284551006,4109685,,,Laceração de pé
869,118,0,2013-02-19,2013-02-19,38000276,,,0,0,0,0,3371,0,62106007,378001,,,Concussão com perda de consciência
870,118,0,2010-05-15,2010-05-15,38000276,,,0,0,0,0,3370,0,444814009,40481087,,,Infecção viral das vias aéreas superiores
871,118,0,1989-10-30,1989-10-30,38000276,,,0,0,0,0,3373,0,15777000,40316773,,,Pré-diabetes
872,118,4324181,1969-10-20,1969-10-20,38000276,,,0,0,0,0,3379,0,429007001,4324181,,,Histórico de infarto
873,118,0,1969-10-20,1969-10-20,38000276,,,0,0,0,0,3379,0,410429000,321042,,,Parada cardíaca
874,119,0,2013-10-28,2013-10-28,38000276,,,0,0,0,0,3396,0,195662009,4112343,,,Faringite viral aguda
875,119,0,2011-09-10,2011-09-10,38000276,,,0,0,0,0,3393,0,444814009,40481087,,,Infecção viral das vias aéreas superiores
876,119,0,1996-07-15,1996-07-15,38000276,,,0,0,0,0,3383,0,239873007,4079750,,,Osteoartrite do joelho
877,119,0,1992-06-20,1992-06-20,38000276,,,0,0,0,0,3386,0,19169002,4078393,,,Aborto espontâneo na gravidez
878,119,0,1984-03-24,1984-03-24,38000276,,,0,0,0,0,3392,0,15777000,40316773,,,Pré-diabetes
879,120,0,2012-07-28,2012-07-28,38000276,,,0,0,0,0,3405,0,444814009,40481087,,,Infecção viral das vias aéreas superiores
880,120,0,2011-11-25,2011-11-25,38000276,,,0,0,0,0,3400,0,38341003,316866,,,Hipertensão arterial
881,120,0,2009-12-20,2009-12-20,38000276,,,0,0,0,0,3407,0,444814009,40481087,,,Infecção viral das vias aéreas superiores
882,120,0,2009-04-08,2009-04-08,38000276,,,0,0,0,0,3404,0,444814009,40481087,,,Infecção viral das vias aéreas superiores
883,121,0,2016-05-25,2016-05-25,38000276,,,0,0,0,0,3426,0,444814009,40481087,,,Infecção viral das vias aéreas superiores
884,121,0,2011-12-05,2011-12-05,38000276,,,0,0,0,0,3466,0,444814009,40481087,,,Infecção viral das vias aéreas superiores
885,121,0,2010-03-17,2010-03-17,38000276,,,0,0,0,0,3411,0,443165006,40480160,,,Faringite aguda
886,121,0,2010-03-17,2010-03-17,38000276,,,0,0,0,0,3411,0,65966004,4278672,,,Fratura do fêmur
887,121,0,2004-09-11,2004-09-11,38000276,,,0,0,0,0,3450,0,271737000,439777,,,Anemia
888,121,0,2000-11-04,2000-11-04,38000276,,,0,0,0,0,3463,0,64859006,80502,,,Osteoporose
889,121,0,1985-05-25,1985-05-25,38000276,,,0,0,0,0,3435,0,55822004,432867,,,Hiperlipidemia
890,121,0,1979-07-07,1979-07-07,38000276,,,0,0,0,0,3455,0,230690007,381316,,,Acidente vascular cerebral
891,121,0,1948-08-21,1948-08-21,38000276,,,0,0,0,0,3454,0,15777000,40316773,,,Pré-diabetes
892,121,0,1939-05-06,1939-05-06,38000276,,,0,0,0,0,3458,0,38341003,316866,,,Hipertensão arterial
893,122,0,2016-06-08,2016-06-08,38000276,,,0,0,0,0,3487,0,444814009,40481087,,,Infecção viral das vias aéreas superiores
894,122,0,2014-12-01,2014-12-01,38000276,,,0,0,0,0,3491,0,444814009,40481087,,,Infecção viral das vias aéreas superiores
895,122,0,2014-06-13,2014-06-13,38000276,,,0,0,0,0,3489,0,72892002,4217975,,,Otite média não supurativa
896,122,0,2014-02-16,2014-02-16,38000276,,,0,0,0,0,3484,0,10509002,260139,,,Bronquite aguda
897,122,0,2013-01-28,2013-01-28,38000276,,,0,0,0,0,3482,0,444814009,40481087,,,Infecção viral das vias aéreas superiores
898,122,0,2013-01-10,2013-01-10,38000276,,,0,0,0,0,3508,0,198992004,137613,,,Pré-eclâmpsia leve
899,122,0,2012-06-29,2012-06-29,38000276,,,0,0,0,0,3509,0,79586000,199076,,,Gravidez tubária
900,122,0,2012-06-29,2012-06-29,38000276,,,0,0,0,0,3509,0,72892002,4217975,,,Otite média não supurativa
901,122,0,2011-11-28,2011-11-28,38000276,,,0,0,0,0,3501,0,195662009,4112343,,,Faringite viral aguda
902,122,0,2010-05-07,2010-05-07,38000276,,,0,0,0,0,3494,0,19169002,4078393,,,Aborto espontâneo na gravidez
903,122,0,2010-05-07,2010-05-07,38000276,,,0,0,0,0,3494,0,72892002,4217975,,,Otite média não supurativa
904,122,0,2009-05-31,2009-05-31,38000276,,,0,0,0,0,3499,0,195662009,4112343,,,Faringite viral aguda
905,122,4060985,2009-06-05,2009-06-05,38000276,,,0,0,0,0,3504,0,162864005,4060985,,,IMC 30+ - obesidade
906,125,0,2018-07-19,2018-07-19,38000276,,,0,0,0,0,3542,0,10509002,260139,,,Bronquite aguda
907,125,0,2017-01-25,2017-01-25,38000276,,,0,0,0,0,3544,0,283371005,4155034,,,Laceração de antebraço
908,125,0,2015-02-21,2015-02-21,38000276,,,0,0,0,0,3539,0,44465007,81151,,,Entorse de tornozelo
909,125,0,2013-12-28,2013-12-28,38000276,,,0,0,0,0,3520,0,65966004,4278672,,,Fratura do fêmur
910,125,0,2013-12-01,2013-12-01,38000276,,,0,0,0,0,3518,0,10509002,260139,,,Bronquite aguda
911,125,0,2013-05-29,2013-05-29,38000276,,,0,0,0,0,3546,0,40055000,257012,,,Sinusite crônica
912,125,0,2013-05-15,2013-05-15,38000276,,,0,0,0,0,3533,0,36971009,4283893,,,Sinusite
913,125,0,1990-09-24,1990-09-24,38000276,,,0,0,0,0,3524,0,87433001,261325,,,Enfisema pulmonar
914,125,0,1988-10-03,1988-10-03,38000276,,,0,0,0,0,3522,0,19169002,4078393,,,Aborto espontâneo na gravidez
915,125,0,1984-09-17,1984-09-17,38000276,,,0,0,0,0,3538,0,15777000,40316773,,,Pré-diabetes
916,125,0,1977-09-05,1977-09-05,38000276,,,0,0,0,0,3547,0,38341003,316866,,,Hipertensão arterial
917,126,0,2015-01-20,2015-01-20,38000276,,,0,0,0,0,3548,0,10509002,260139,,,Bronquite aguda
918,126,0,2012-10-28,2012-10-28,38000276,,,0,0,0,0,3551,0,233678006,4051466,,,Asma na infância
919,126,0,2011-09-12,2011-09-12,38000276,,,0,0,0,0,3561,0,16114001,4059173,,,Fratura de tornozelo
920,126,0,2010-10-29,2010-10-29,38000276,,,0,0,0,0,3574,0,367498001,4280726,,,Gripe sazonal
921,126,0,2010-10-12,2010-10-12,38000276,,,0,0,0,0,3556,0,39848009,4218389,,,Lesão em chicote do pescoço
922,126,0,2010-03-21,2010-03-21,38000276,,,0,0,0,0,3571,0,444814009,40481087,,,Infecção viral das vias aéreas superiores
923,126,0,2009-12-24,2009-12-24,38000276,,,0,0,0,0,3559,0,444814009,40481087,,,Infecção viral das vias aéreas superiores
924,128,0,2015-09-21,2015-09-21,38000276,,,0,0,0,0,3608,0,72892002,4217975,,,Otite média não supurativa
925,128,0,2014-12-01,2014-12-01,38000276,,,0,0,0,0,3590,0,198992004,137613,,,Pré-eclâmpsia leve
926,128,0,2014-05-19,2014-05-19,38000276,,,0,0,0,0,3594,0,72892002,4217975,,,Otite média não supurativa
927,128,0,2010-09-20,2010-09-20,38000276,,,0,0,0,0,3583,0,15777000,40316773,,,Pré-diabetes
928,128,0,2009-08-31,2009-08-31,38000276,,,0,0,0,0,3612,0,72892002,4217975,,,Otite média não supurativa
929,128,0,2006-09-11,2006-09-11,38000276,,,0,0,0,0,3606,0,38341003,316866,,,Hipertensão arterial
930,129,0,2017-12-29,2017-12-29,38000276,,,0,0,0,0,3629,0,72892002,4217975,,,Otite média não supurativa
931,129,0,2017-01-13,2017-01-13,38000276,,,0,0,0,0,3666,0,72892002,4217975,,,Otite média não supurativa
932,129,0,2016-07-15,2016-07-15,38000276,,,0,0,0,0,3645,0,284549007,4113008,,,Laceração de mão
933,129,4060985,2014-08-15,2014-08-15,38000276,,,0,0,0,0,3630,0,162864005,4060985,,,IMC 30+ - obesidade
934,129,0,2014-07-18,2014-07-18,38000276,,,0,0,0,0,3624,0,198992004,137613,,,Pré-eclâmpsia leve
935,129,0,2014-01-03,2014-01-03,38000276,,,0,0,0,0,3635,0,72892002,4217975,,,Otite média não supurativa
936,129,0,2012-12-28,2012-12-28,38000276,,,0,0,0,0,3616,0,72892002,4217975,,,Otite média não supurativa
937,129,0,2011-12-31,2011-12-31,38000276,,,0,0,0,0,3664,0,444814009,40481087,,,Infecção viral das vias aéreas superiores
938,129,0,2005-06-05,2005-06-05,38000276,,,0,0,0,0,3632,0,271737000,439777,,,Anemia
939,130,4256640,1998-12-01,1998-12-01,38000276,,,0,0,0,0,3678,0,408512008,4256640,,,Alcoolismo relatado pelo paciente
940,130,4060985,1983-03-08,1983-03-08,38000276,,,0,0,0,0,3670,0,162864005,4060985,,,IMC 30+ - obesidade
941,130,0,1973-03-06,1973-03-06,38000276,,,0,0,0,0,3677,0,19169002,4078393,,,Aborto espontâneo na gravidez
942,130,0,1969-07-08,1969-07-08,38000276,,,0,0,0,0,3676,0,38341003,316866,,,Hipertensão arterial
943,132,0,2014-06-12,2014-06-12,38000276,,,0,0,0,0,3703,0,55680006,4208104,,,Overdose de droga
944,132,0,2014-04-27,2014-04-27,38000276,,,0,0,0,0,3773,0,444814009,40481087,,,Infecção viral das vias aéreas superiores
945,132,0,2014-01-25,2014-01-25,38000276,,,0,0,0,0,3734,0,72892002,4217975,,,Otite média não supurativa
946,132,0,2010-12-22,2010-12-22,38000276,,,0,0,0,0,3770,0,444814009,40481087,,,Infecção viral das vias aéreas superiores
947,132,0,1995-06-25,1995-06-25,38000276,,,0,0,0,0,3766,0,196416002,4055754,,,Esofagite por refluxo
948,132,0,1995-04-05,1995-04-05,38000276,,,0,0,0,0,3728,0,82423001,436096,,,Dor crônica
949,132,0,1995-02-06,1995-02-06,38000276,,,0,0,0,0,3772,0,124171000119105,43530652,,,Nefropatia diabética crônica
950,132,0,1988-06-05,1988-06-05,38000276,,,0,0,0,0,3699,0,40055000,257012,,,Sinusite crônica
951,133,0,2017-08-25,2017-08-25,38000276,,,0,0,0,0,3778,0,444814009,40481087,,,Infecção viral das vias aéreas superiores
952,133,0,2014-10-14,2014-10-14,38000276,,,0,0,0,0,3780,0,444814009,40481087,,,Infecção viral das vias aéreas superiores
953,133,0,2012-03-14,2012-03-14,38000276,,,0,0,0,0,3784,0,36971009,4283893,,,Sinusite
954,133,0,2010-08-07,2010-08-07,38000276,,,0,0,0,0,3777,0,444814009,40481087,,,Infecção viral das vias aéreas superiores
955,133,0,2009-01-20,2009-01-20,38000276,,,0,0,0,0,3779,0,195662009,4112343,,,Faringite viral aguda
956,133,0,1979-04-22,1979-04-22,38000276,,,0,0,0,0,3776,0,446096008,40486433,,,Esteatose hepática perivenular
957,134,0,2018-04-19,2018-04-19,38000276,,,0,0,0,0,3818,0,444814009,40481087,,,Infecção viral das vias aéreas superiores
958,134,0,2017-12-14,2017-12-14,38000276,,,0,0,0,0,3816,0,65363002,372328,,,Otite média
959,134,0,2017-10-03,2017-10-03,38000276,,,0,0,0,0,3803,0,195662009,4112343,,,Faringite viral aguda
960,134,0,2015-09-27,2015-09-27,38000276,,,0,0,0,0,3813,0,43878008,28060,,,Faringite estreptocócica
961,135,0,2017-01-04,2017-01-04,38000276,,,0,0,0,0,3820,0,444814009,40481087,,,Infecção viral das vias aéreas superiores
962,136,0,2018-07-19,2018-07-19,38000276,,,0,0,0,0,3842,0,195662009,4112343,,,Faringite viral aguda
963,136,0,2014-10-10,2014-10-10,38000276,,,0,0,0,0,3843,0,444814009,40481087,,,Infecção viral das vias aéreas superiores
964,136,0,2014-07-31,2014-07-31,38000276,,,0,0,0,0,3841,0,10509002,260139,,,Bronquite aguda
965,136,0,2014-06-29,2014-06-29,38000276,,,0,0,0,0,3851,0,284551006,4109685,,,Laceração de pé
966,136,0,2013-03-01,2013-03-01,38000276,,,0,0,0,0,3824,0,195662009,4112343,,,Faringite viral aguda
967,136,0,2011-08-16,2011-08-16,38000276,,,0,0,0,0,3828,0,79586000,199076,,,Gravidez tubária
968,136,0,2011-08-16,2011-08-16,38000276,,,0,0,0,0,3828,0,72892002,4217975,,,Otite média não supurativa
969,136,0,2007-12-25,2007-12-25,38000276,,,0,0,0,0,3855,0,19169002,4078393,,,Aborto espontâneo na gravidez
970,136,0,1996-10-01,1996-10-01,38000276,,,0,0,0,0,3834,0,15777000,40316773,,,Pré-diabetes
971,136,4060985,1987-09-22,1987-09-22,38000276,,,0,0,0,0,3845,0,162864005,4060985,,,IMC 30+ - obesidade
972,136,0,1980-09-09,1980-09-09,38000276,,,0,0,0,0,3832,0,38341003,316866,,,Hipertensão arterial
973,136,0,1978-01-27,1978-01-27,38000276,,,0,0,0,0,3826,0,40055000,257012,,,Sinusite crônica
974,138,0,2016-10-28,2016-10-28,38000276,,,0,0,0,0,3859,0,444814009,40481087,,,Infecção viral das vias aéreas superiores
975,138,0,2013-08-08,2013-08-08,38000276,,,0,0,0,0,3869,0,368581000119106,37016354,,,Neuropatia por diabetes tipo 2
976,138,0,2010-07-26,2010-07-26,38000276,,,0,0,0,0,3871,0,195662009,4112343,,,Faringite viral aguda
977,138,0,2009-11-19,2009-11-19,38000276,,,0,0,0,0,3872,0,72892002,4217975,,,Otite média não supurativa
978,138,0,2009-10-15,2009-10-15,38000276,,,0,0,0,0,3886,0,237602007,436940,,,Síndrome metabólica
979,138,0,2009-10-15,2009-10-15,38000276,,,0,0,0,0,3886,0,80394007,4214376,,,Hiperglicemia
980,138,0,2009-10-14,2009-10-14,38000276,,,0,0,0,0,3886,0,444814009,40481087,,,Infecção viral das vias aéreas superiores
981,138,0,2008-08-14,2008-08-14,38000276,,,0,0,0,0,3870,0,302870006,4120314,,,Hipertrigliceridemia
982,138,0,2005-08-11,2005-08-11,38000276,,,0,0,0,0,3888,0,44054006,201826,,,Diabetes mellitus tipo 2
983,138,0,1992-07-23,1992-07-23,38000276,,,0,0,0,0,3865,0,38341003,316866,,,Hipertensão arterial
984,140,0,2012-03-29,2012-03-29,38000276,,,0,0,0,0,3911,0,44465007,81151,,,Entorse de tornozelo
985,141,0,2018-01-08,2018-01-08,38000276,,,0,0,0,0,3931,0,284549007,4113008,,,Laceração de mão
986,141,0,2016-02-11,2016-02-11,38000276,,,0,0,0,0,3920,0,444448004,40479422,,,Neuropatia diabética
987,141,0,2015-04-30,2015-04-30,38000276,,,0,0,0,0,3925,0,444814009,40481087,,,Infecção viral das vias aéreas superiores
988,141,0,2003-08-14,2003-08-14,38000276,,,0,0,0,0,3921,0,197927001,4056621,,,Uretrite recorrente
989,141,4060985,2001-07-28,2001-07-28,38000276,,,0,0,0,0,3916,0,162864005,4060985,,,IMC 30+ - obesidade
990,141,0,1988-01-02,1988-01-02,38000276,,,0,0,0,0,3919,0,19169002,4078393,,,Aborto espontâneo na gravidez
991,142,0,2011-08-02,2011-08-02,38000276,,,0,0,0,0,3961,0,363406005,4180790,,,Neoplasia maligna do cólon
992,142,0,2011-07-28,2011-07-28,38000276,,,0,0,0,0,3959,0,713197008,37017023,,,Fibrose cística recorrente
993,142,0,2010-06-03,2010-06-03,38000276,,,0,0,0,0,3939,0,68496003,4285898,,,Pólipo do cólon
994,142,0,2008-10-17,2008-10-17,38000276,,,0,0,0,0,3950,0,444814009,40481087,,,Infecção viral das vias aéreas superiores
995,142,0,2007-03-14,2007-03-14,38000276,,,0,0,0,0,3948,0,10509002,260139,,,Bronquite aguda
996,142,0,2006-07-08,2006-07-08,38000276,,,0,0,0,0,3943,0,10509002,260139,,,Bronquite aguda
997,142,0,1998-05-24,1998-05-24,38000276,,,0,0,0,0,3946,0,239872002,4079749,,,Osteoartrite do quadril
998,142,0,1990-08-30,1990-08-30,38000276,,,0,0,0,0,3945,0,87433001,261325,,,Enfisema pulmonar
999,142,0,1990-08-30,1990-08-30,38000276,,,0,0,0,0,3945,0,237602007,436940,,,Síndrome metabólica
1000,142,0,1990-08-30,1990-08-30,38000276,,,0,0,0,0,3945,0,302870006,4120314,,,Hipertrigliceridemia
1001,142,0,1990-08-30,1990-08-30,38000276,,,0,0,0,0,3945,0,80394007,4214376,,,Hiperglicemia
1002,142,0,1987-08-27,1987-08-27,38000276,,,0,0,0,0,3954,0,44054006,201826,,,Diabetes mellitus tipo 2
1003,142,0,1982-12-02,1982-12-02,38000276,,,0,0,0,0,3944,0,15777000,40316773,,,Pré-diabetes
1004,143,0,2018-12-18,2018-12-18,38000276,,,0,0,0,0,4008,0,65363002,372328,,,Otite média
1005,143,0,2015-03-16,2015-03-16,38000276,,,0,0,0,0,3986,0,72892002,4217975,,,Otite média não supurativa
1006,143,0,2014-11-24,2014-11-24,38000276,,,0,0,0,0,4006,0,72892002,4217975,,,Otite média não supurativa
1007,143,0,2013-12-09,2013-12-09,38000276,,,0,0,0,0,3996,0,72892002,4217975,,,Otite média não supurativa
1008,143,0,2012-12-24,2012-12-24,38000276,,,0,0,0,0,3977,0,79586000,199076,,,Gravidez tubária
1009,143,0,2012-12-24,2012-12-24,38000276,,,0,0,0,0,3977,0,72892002,4217975,,,Otite média não supurativa
1010,143,0,2012-02-27,2012-02-27,38000276,,,0,0,0,0,3992,0,72892002,4217975,,,Otite média não supurativa
1011,143,0,2010-03-22,2010-03-22,38000276,,,0,0,0,0,4011,0,156073000,40318618,,,Obesidade
1012,143,0,2010-03-22,2010-03-22,38000276,,,0,0,0,0,4011,0,19169002,4078393,,,Aborto espontâneo na gravidez
1013,143,0,2010-03-22,2010-03-22,38000276,,,0,0,0,0,4011,0,72892002,4217975,,,Otite média não supurativa
1014,143,0,2009-06-22,2009-06-22,38000276,,,0,0,0,0,4009,0,72892002,4217975,,,Otite média não supurativa
1015,143,0,2007-01-15,2007-01-15,38000276,,,0,0,0,0,4005,0,38341003,316866,,,Hipertensão arterial
1016,143,0,1992-10-29,1992-10-29,38000276,,,0,0,0,0,3995,0,65363002,372328,,,Otite média
1017,144,0,2008-06-09,2008-06-09,38000276,,,0,0,0,0,4021,0,44054006,201826,,,Diabetes mellitus tipo 2
1018,144,0,2006-05-10,2006-05-10,38000276,,,0,0,0,0,4018,0,84757009,380378,,,Epilepsia
1019,144,45766064,2006-05-10,2006-05-10,38000276,,,0,0,0,0,4018,0,703151001,45766064,,,Histórico de artroplastia de joelho
1020,144,0,2006-05-10,2006-05-10,38000276,,,0,0,0,0,4018,0,128613002,4029498,,,Transtorno convulsivo
1021,144,0,2005-10-22,2005-10-22,38000276,,,0,0,0,0,4013,0,10509002,260139,,,Bronquite aguda
1022,144,0,2002-11-23,2002-11-23,38000276,,,0,0,0,0,4024,0,444814009,40481087,,,Infecção viral das vias aéreas superiores
1023,144,4256640,2002-05-27,2002-05-27,38000276,,,0,0,0,0,4022,0,408512008,4256640,,,Alcoolismo relatado pelo paciente
1024,144,0,2000-08-22,2000-08-22,38000276,,,0,0,0,0,4015,0,43878008,28060,,,Faringite estreptocócica
1025,144,4060985,1984-07-23,1984-07-23,38000276,,,0,0,0,0,4016,0,162864005,4060985,,,IMC 30+ - obesidade
1026,144,0,1980-07-14,1980-07-14,38000276,,,0,0,0,0,4014,0,38341003,316866,,,Hipertensão arterial
1027,145,0,2017-07-08,2017-07-08,38000276,,,0,0,0,0,4043,0,195662009,4112343,,,Faringite viral aguda
1028,145,0,2017-04-25,2017-04-25,38000276,,,0,0,0,0,4035,0,195662009,4112343,,,Faringite viral aguda
1029,145,0,2016-11-16,2016-11-16,38000276,,,0,0,0,0,4029,0,444814009,40481087,,,Infecção viral das vias aéreas superiores
1030,145,0,2016-02-15,2016-02-15,38000276,,,0,0,0,0,4033,0,10509002,260139,,,Bronquite aguda
1031,145,0,2015-08-20,2015-08-20,38000276,,,0,0,0,0,4032,0,43878008,28060,,,Faringite estreptocócica
1032,145,0,2013-12-25,2013-12-25,38000276,,,0,0,0,0,4045,0,65363002,372328,,,Otite média
1033,146,0,2018-08-25,2018-08-25,38000276,,,0,0,0,0,4060,0,195662009,4112343,,,Faringite viral aguda
1034,146,0,2018-05-13,2018-05-13,38000276,,,0,0,0,0,4086,0,72892002,4217975,,,Otite média não supurativa
1035,146,0,2017-12-24,2017-12-24,38000276,,,0,0,0,0,4078,0,72892002,4217975,,,Otite média não supurativa
1036,146,0,2017-02-19,2017-02-19,38000276,,,0,0,0,0,4066,0,72892002,4217975,,,Otite média não supurativa
1037,146,0,2013-05-12,2013-05-12,38000276,,,0,0,0,0,4068,0,72892002,4217975,,,Otite média não supurativa
1038,146,0,2011-02-26,2011-02-26,38000276,,,0,0,0,0,4073,0,10509002,260139,,,Bronquite aguda
1039,146,0,2009-08-30,2009-08-30,38000276,,,0,0,0,0,4091,0,72892002,4217975,,,Otite média não supurativa
1040,146,0,2009-07-15,2009-07-15,38000276,,,0,0,0,0,4090,0,44465007,81151,,,Entorse de tornozelo
1041,146,4324181,1990-07-01,1990-07-01,38000276,,,0,0,0,0,4089,0,429007001,4324181,,,Histórico de infarto
1042,146,0,1990-07-01,1990-07-01,38000276,,,0,0,0,0,4089,0,410429000,321042,,,Parada cardíaca
1043,147,0,2013-07-31,2013-07-31,38000276,,,0,0,0,0,4103,0,444814009,40481087,,,Infecção viral das vias aéreas superiores
1044,147,0,1993-11-01,1993-11-01,38000276,,,0,0,0,0,4105,0,185086009,258780,,,DPOC exacerbada
1045,147,0,1991-01-14,1991-01-14,38000276,,,0,0,0,0,4101,0,15777000,40316773,,,Pré-diabetes
1046,147,4256640,1982-01-04,1982-01-04,38000276,,,0,0,0,0,4109,0,408512008,4256640,,,Alcoolismo relatado pelo paciente
1047,147,4060985,1963-11-04,1963-11-04,38000276,,,0,0,0,0,4111,0,162864005,4060985,,,IMC 30+ - obesidade
1048,148,0,2018-04-30,2018-04-30,38000276,,,0,0,0,0,4115,0,15777000,40316773,,,Pré-diabetes
1049,148,0,2016-06-07,2016-06-07,38000276,,,0,0,0,0,4120,0,30832001,4149245,,,Ruptura de bainha tendínea
1050,148,0,2015-05-12,2015-05-12,38000276,,,0,0,0,0,4117,0,75498004,4294548,,,Infecção bacteriana aguda
1051,148,0,2011-01-11,2011-01-11,38000276,,,0,0,0,0,4116,0,43878008,28060,,,Faringite estreptocócica
1052,148,0,2010-10-04,2010-10-04,38000276,,,0,0,0,0,4121,0,43878008,28060,,,Faringite estreptocócica
1053,148,0,2010-04-18,2010-04-18,38000276,,,0,0,0,0,4123,0,444814009,40481087,,,Infecção viral das vias aéreas superiores
1054,149,0,2015-10-14,2015-10-14,38000276,,,0,0,0,0,4128,0,195662009,4112343,,,Faringite viral aguda
1055,149,0,2015-02-07,2015-02-07,38000276,,,0,0,0,0,4139,0,55822004,432867,,,Hiperlipidemia
1056,149,0,2014-06-12,2014-06-12,38000276,,,0,0,0,0,4144,0,444814009,40481087,,,Infecção viral das vias aéreas superiores
1057,149,0,2014-01-22,2014-01-22,38000276,,,0,0,0,0,4141,0,10509002,260139,,,Bronquite aguda
1058,149,0,2013-02-22,2013-02-22,38000276,,,0,0,0,0,4148,0,713197008,37017023,,,Fibrose cística recorrente
1059,149,0,2012-04-27,2012-04-27,38000276,,,0,0,0,0,4135,0,444814009,40481087,,,Infecção viral das vias aéreas superiores
1060,149,0,2011-12-30,2011-12-30,38000276,,,0,0,0,0,4134,0,68496003,4285898,,,Pólipo do cólon
1061,149,0,2011-08-20,2011-08-20,38000276,,,0,0,0,0,4147,0,195662009,4112343,,,Faringite viral aguda
1062,149,4060985,1971-02-13,1971-02-13,38000276,,,0,0,0,0,4140,0,162864005,4060985,,,IMC 30+ - obesidade
1063,150,0,2018-03-19,2018-03-19,38000276,,,0,0,0,0,4184,0,10509002,260139,,,Bronquite aguda
1064,150,0,2018-02-01,2018-02-01,38000276,,,0,0,0,0,4169,0,10509002,260139,,,Bronquite aguda
1065,150,0,2016-09-23,2016-09-23,38000276,,,0,0,0,0,4157,0,43878008,28060,,,Faringite estreptocócica
1066,150,0,2013-06-13,2013-06-13,38000276,,,0,0,0,0,4177,0,444814009,40481087,,,Infecção viral das vias aéreas superiores
1067,150,0,2012-01-07,2012-01-07,38000276,,,0,0,0,0,4171,0,55822004,432867,,,Hiperlipidemia
1068,150,4256640,2006-09-23,2006-09-23,38000276,,,0,0,0,0,4161,0,408512008,4256640,,,Alcoolismo relatado pelo paciente
1069,150,0,2003-05-17,2003-05-17,38000276,,,0,0,0,0,4165,0,19169002,4078393,,,Aborto espontâneo na gravidez
1070,150,4060985,1992-01-11,1992-01-11,38000276,,,0,0,0,0,4170,0,162864005,4060985,,,IMC 30+ - obesidade
1071,150,0,1967-08-07,1967-08-07,38000276,,,0,0,0,0,4160,0,84757009,380378,,,Epilepsia
1072,150,45766064,1967-08-07,1967-08-07,38000276,,,0,0,0,0,4160,0,703151001,45766064,,,Histórico de artroplastia de joelho
1073,150,0,1967-08-07,1967-08-07,38000276,,,0,0,0,0,4160,0,128613002,4029498,,,Transtorno convulsivo
1074,150,0,1963-08-15,1963-08-15,38000276,,,0,0,0,0,4181,0,232353008,4048171,,,Perfuração do tímpano
1075,150,0,1961-05-02,1961-05-02,38000276,,,0,0,0,0,4173,0,24079001,133834,,,Dermatite atópica
1076,151,0,2017-11-11,2017-11-11,38000276,,,0,0,0,0,4194,0,195662009,4112343,,,Faringite viral aguda
1077,151,0,2015-06-12,2015-06-12,38000276,,,0,0,0,0,4186,0,38341003,316866,,,Hipertensão arterial
1078,151,0,2013-04-21,2013-04-21,38000276,,,0,0,0,0,4190,0,195662009,4112343,,,Faringite viral aguda
1079,151,0,2012-03-06,2012-03-06,38000276,,,0,0,0,0,4193,0,10509002,260139,,,Bronquite aguda
1080,151,0,2011-07-21,2011-07-21,38000276,,,0,0,0,0,4195,0,195662009,4112343,,,Faringite viral aguda
1081,152,0,2018-11-09,2018-11-09,38000276,,,0,0,0,0,4239,0,444814009,40481087,,,Infecção viral das vias aéreas superiores
1082,152,0,2018-01-31,2018-01-31,38000276,,,0,0,0,0,4234,0,72892002,4217975,,,Otite média não supurativa
1083,152,0,2016-05-28,2016-05-28,38000276,,,0,0,0,0,4224,0,403190006,4296204,,,Queimadura solar de primeiro grau
1084,152,0,2015-08-09,2015-08-09,38000276,,,0,0,0,0,4252,0,10509002,260139,,,Bronquite aguda
1085,152,0,2015-07-05,2015-07-05,38000276,,,0,0,0,0,4233,0,195662009,4112343,,,Faringite viral aguda
1086,152,0,2014-12-15,2014-12-15,38000276,,,0,0,0,0,4251,0,444814009,40481087,,,Infecção viral das vias aéreas superiores
1087,152,0,2013-07-28,2013-07-28,38000276,,,0,0,0,0,4199,0,239873007,4079750,,,Osteoartrite do joelho
1088,152,0,2012-10-07,2012-10-07,38000276,,,0,0,0,0,4203,0,10509002,260139,,,Bronquite aguda
1089,152,0,2010-12-15,2010-12-15,38000276,,,0,0,0,0,4240,0,398254007,439393,,,Pré-eclâmpsia
1090,152,0,2010-06-30,2010-06-30,38000276,,,0,0,0,0,4214,0,72892002,4217975,,,Otite média não supurativa
1091,152,0,2009-07-15,2009-07-15,38000276,,,0,0,0,0,4204,0,72892002,4217975,,,Otite média não supurativa
1092,152,4060985,2009-03-04,2009-03-04,38000276,,,0,0,0,0,4254,0,162864005,4060985,,,IMC 30+ - obesidade
1093,153,0,2015-03-06,2015-03-06,38000276,,,0,0,0,0,4266,0,75498004,4294548,,,Infecção bacteriana aguda
1094,153,0,2010-02-10,2010-02-10,38000276,,,0,0,0,0,4268,0,10509002,260139,,,Bronquite aguda
1095,153,0,2009-03-07,2009-03-07,38000276,,,0,0,0,0,4265,0,444814009,40481087,,,Infecção viral das vias aéreas superiores
1096,154,0,2018-06-09,2018-06-09,38000276,,,0,0,0,0,4290,0,65966004,4278672,,,Fratura do fêmur
1097,154,4324181,2013-03-03,2013-03-03,38000276,,,0,0,0,0,4286,0,429007001,4324181,,,Histórico de infarto
1098,154,0,2013-03-03,2013-03-03,38000276,,,0,0,0,0,4286,0,410429000,321042,,,Parada cardíaca
1099,154,4060985,1989-12-10,1989-12-10,38000276,,,0,0,0,0,4276,0,162864005,4060985,,,IMC 30+ - obesidade
1100,155,0,2015-12-09,2015-12-09,38000276,,,0,0,0,0,4302,0,195662009,4112343,,,Faringite viral aguda
1101,155,0,2011-01-19,2011-01-19,38000276,,,0,0,0,0,4295,0,195662009,4112343,,,Faringite viral aguda
1102,156,0,2017-11-15,2017-11-15,38000276,,,0,0,0,0,4313,0,444814009,40481087,,,Infecção viral das vias aéreas superiores
1103,156,0,2014-10-04,2014-10-04,38000276,,,0,0,0,0,4308,0,444814009,40481087,,,Infecção viral das vias aéreas superiores
1104,156,0,2013-09-21,2013-09-21,38000276,,,0,0,0,0,4314,0,65966004,4278672,,,Fratura do fêmur
1105,156,0,2011-07-02,2011-07-02,38000276,,,0,0,0,0,4312,0,444814009,40481087,,,Infecção viral das vias aéreas superiores
1106,156,0,2000-11-03,2000-11-03,38000276,,,0,0,0,0,4310,0,40055000,257012,,,Sinusite crônica
1107,157,0,2018-08-31,2018-08-31,38000276,,,0,0,0,0,4333,0,195662009,4112343,,,Faringite viral aguda
1108,157,0,2017-08-06,2017-08-06,38000276,,,0,0,0,0,4321,0,10509002,260139,,,Bronquite aguda
1109,157,0,2010-06-03,2010-06-03,38000276,,,0,0,0,0,4329,0,195662009,4112343,,,Faringite viral aguda
1110,157,0,2009-09-17,2009-09-17,38000276,,,0,0,0,0,4336,0,39848009,4218389,,,Lesão em chicote do pescoço
1111,157,0,1994-08-11,1994-08-11,38000276,,,0,0,0,0,4323,0,230690007,381316,,,Acidente vascular cerebral
1112,157,4060985,1982-11-25,1982-11-25,38000276,,,0,0,0,0,4340,0,162864005,4060985,,,IMC 30+ - obesidade
1113,157,0,1942-09-19,1942-09-19,38000276,,,0,0,0,0,4325,0,232353008,4048171,,,Perfuração do tímpano
1114,158,0,2016-03-19,2016-03-19,38000276,,,0,0,0,0,4354,0,33737001,4142905,,,Fratura de rádio
1115,158,0,2015-01-24,2015-01-24,38000276,,,0,0,0,0,4355,0,58150001,4237458,,,Fratura de clavícula
1116,158,0,2013-08-05,2013-08-05,38000276,,,0,0,0,0,4358,0,444814009,40481087,,,Infecção viral das vias aéreas superiores
1117,158,0,2012-12-27,2012-12-27,38000276,,,0,0,0,0,4357,0,10509002,260139,,,Bronquite aguda
1118,158,0,1990-07-10,1990-07-10,38000276,,,0,0,0,0,4356,0,271737000,439777,,,Anemia
1119,158,4256640,1985-05-10,1985-05-10,38000276,,,0,0,0,0,4353,0,408512008,4256640,,,Alcoolismo relatado pelo paciente
1120,158,4060985,1968-03-22,1968-03-22,38000276,,,0,0,0,0,4348,0,162864005,4060985,,,IMC 30+ - obesidade
1121,159,0,2018-01-10,2018-01-10,38000276,,,0,0,0,0,4367,0,75498004,4294548,,,Infecção bacteriana aguda
1122,159,0,2013-12-11,2013-12-11,38000276,,,0,0,0,0,4369,0,65966004,4278672,,,Fratura do fêmur
1123,159,0,2012-06-17,2012-06-17,38000276,,,0,0,0,0,4373,0,195662009,4112343,,,Faringite viral aguda
1124,160,0,2016-07-04,2016-07-04,38000276,,,0,0,0,0,4393,0,72892002,4217975,,,Otite média não supurativa
1125,160,0,2015-05-29,2015-05-29,38000276,,,0,0,0,0,4403,0,444814009,40481087,,,Infecção viral das vias aéreas superiores
1126,160,0,2013-06-24,2013-06-24,38000276,,,0,0,0,0,4420,0,72892002,4217975,,,Otite média não supurativa
1127,160,4060985,2013-05-06,2013-05-06,38000276,,,0,0,0,0,4377,0,162864005,4060985,,,IMC 30+ - obesidade
1128,160,0,2013-03-21,2013-03-21,38000276,,,0,0,0,0,4406,0,444814009,40481087,,,Infecção viral das vias aéreas superiores
1129,160,0,2012-04-09,2012-04-09,38000276,,,0,0,0,0,4407,0,72892002,4217975,,,Otite média não supurativa
1130,160,0,2011-01-03,2011-01-03,38000276,,,0,0,0,0,4415,0,72892002,4217975,,,Otite média não supurativa
1131,160,0,2009-10-27,2009-10-27,38000276,,,0,0,0,0,4383,0,43878008,28060,,,Faringite estreptocócica
1132,160,0,2002-11-04,2002-11-04,38000276,,,0,0,0,0,4374,0,38341003,316866,,,Hipertensão arterial
1133,161,4163874,1978-05-01,1978-05-01,38000276,,,0,0,0,0,4442,0,399211009,4163874,,,Histórico de infarto do miocárdio
1134,161,0,1978-05-01,1978-05-01,38000276,,,0,0,0,0,4442,0,22298006,4329847,,,Infarto do miocárdio
1135,161,0,1978-03-16,1978-03-16,38000276,,,0,0,0,0,4457,0,10509002,260139,,,Bronquite aguda
1136,161,0,1977-02-25,1977-02-25,38000276,,,0,0,0,0,4443,0,444448004,40479422,,,Neuropatia diabética
1137,161,0,1976-11-12,1976-11-12,38000276,,,0,0,0,0,4431,0,10509002,260139,,,Bronquite aguda
1138,161,0,1975-09-23,1975-09-23,38000276,,,0,0,0,0,4464,0,68496003,4285898,,,Pólipo do cólon
1139,161,0,1975-03-14,1975-03-14,38000276,,,0,0,0,0,4432,0,10509002,260139,,,Bronquite aguda
1140,161,0,1974-05-10,1974-05-10,38000276,,,0,0,0,0,4456,0,444814009,40481087,,,Infecção viral das vias aéreas superiores
1141,161,0,1971-03-14,1971-03-14,38000276,,,0,0,0,0,4482,0,10509002,260139,,,Bronquite aguda
1142,161,0,1968-11-11,1968-11-11,38000276,,,0,0,0,0,4466,0,49436004,313217,,,Fibrilação atrial
1143,161,0,1968-09-11,1968-09-11,38000276,,,0,0,0,0,4445,0,239873007,4079750,,,Osteoartrite do joelho
1144,161,0,1966-10-31,1966-10-31,38000276,,,0,0,0,0,4441,0,53741008,317576,,,Doença arterial coronariana
1145,161,0,1961-10-02,1961-10-02,38000276,,,0,0,0,0,4475,0,55822004,432867,,,Hiperlipidemia
1146,161,4256640,1958-10-20,1958-10-20,38000276,,,0,0,0,0,4476,0,408512008,4256640,,,Alcoolismo relatado pelo paciente
1147,161,4060985,1938-11-21,1938-11-21,38000276,,,0,0,0,0,4471,0,162864005,4060985,,,IMC 30+ - obesidade
1148,161,0,1928-11-05,1928-11-05,38000276,,,0,0,0,0,4472,0,38341003,316866,,,Hipertensão arterial
1149,162,0,2017-02-27,2017-02-27,38000276,,,0,0,0,0,4504,0,195662009,4112343,,,Faringite viral aguda
1150,162,0,2014-08-04,2014-08-04,38000276,,,0,0,0,0,4491,0,195662009,4112343,,,Faringite viral aguda
1151,162,0,2012-07-12,2012-07-12,38000276,,,0,0,0,0,4484,0,10509002,260139,,,Bronquite aguda
1152,162,0,2001-01-05,2001-01-05,38000276,,,0,0,0,0,4495,0,19169002,4078393,,,Aborto espontâneo na gravidez
1153,162,4324181,2000-07-21,2000-07-21,38000276,,,0,0,0,0,4489,0,429007001,4324181,,,Histórico de infarto
1154,162,0,2000-07-21,2000-07-21,38000276,,,0,0,0,0,4489,0,410429000,321042,,,Parada cardíaca
1155,162,4256640,1997-06-13,1997-06-13,38000276,,,0,0,0,0,4492,0,408512008,4256640,,,Alcoolismo relatado pelo paciente
1156,162,4060985,1981-04-03,1981-04-03,38000276,,,0,0,0,0,4487,0,162864005,4060985,,,IMC 30+ - obesidade
1157,162,0,1971-09-24,1971-09-24,38000276,,,0,0,0,0,4503,0,38341003,316866,,,Hipertensão arterial
1158,162,0,1967-07-20,1967-07-20,38000276,,,0,0,0,0,4486,0,40055000,257012,,,Sinusite crônica
1159,163,0,2015-07-31,2015-07-31,38000276,,,0,0,0,0,4549,0,195662009,4112343,,,Faringite viral aguda
1160,163,0,2015-05-31,2015-05-31,38000276,,,0,0,0,0,4522,0,62564004,375671,,,Concussão sem perda de consciência
1161,163,0,2015-05-10,2015-05-10,38000276,,,0,0,0,0,4544,0,444814009,40481087,,,Infecção viral das vias aéreas superiores
1162,163,0,2015-04-17,2015-04-17,38000276,,,0,0,0,0,4527,0,195662009,4112343,,,Faringite viral aguda
1163,163,0,2013-02-10,2013-02-10,38000276,,,0,0,0,0,4516,0,263102004,4134304,,,Ruptura de menisco
1164,163,0,2011-12-20,2011-12-20,38000276,,,0,0,0,0,4530,0,195662009,4112343,,,Faringite viral aguda
1165,163,0,2010-07-28,2010-07-28,38000276,,,0,0,0,0,4538,0,10509002,260139,,,Bronquite aguda
1166,163,0,2009-07-31,2009-07-31,38000276,,,0,0,0,0,4511,0,241929008,4084167,,,Reação alérgica a alimento
1167,164,4163874,1999-01-25,1999-01-25,38000276,,,0,0,0,0,4570,0,399211009,4163874,,,Histórico de infarto do miocárdio
1168,164,0,1999-01-25,1999-01-25,38000276,,,0,0,0,0,4570,0,22298006,4329847,,,Infarto do miocárdio
1169,164,0,1998-09-30,1998-09-30,38000276,,,0,0,0,0,4567,0,283371005,4155034,,,Laceração de antebraço
1170,164,0,1996-11-18,1996-11-18,38000276,,,0,0,0,0,4565,0,284549007,4113008,,,Laceração de mão
1171,164,0,1993-02-20,1993-02-20,38000276,,,0,0,0,0,4622,0,36971009,4283893,,,Sinusite
1172,164,0,1993-02-01,1993-02-01,38000276,,,0,0,0,0,4643,0,53741008,317576,,,Doença arterial coronariana
1173,164,0,1990-02-09,1990-02-09,38000276,,,0,0,0,0,4609,0,444814009,40481087,,,Infecção viral das vias aéreas superiores
1174,164,0,1990-01-08,1990-01-08,38000276,,,0,0,0,0,4587,0,10509002,260139,,,Bronquite aguda
1175,164,0,1959-02-16,1959-02-16,38000276,,,0,0,0,0,4579,0,55822004,432867,,,Hiperlipidemia
1176,164,4256640,1955-08-01,1955-08-01,38000276,,,0,0,0,0,4560,0,408512008,4256640,,,Alcoolismo relatado pelo paciente
1177,164,4060985,1936-10-26,1936-10-26,38000276,,,0,0,0,0,4672,0,162864005,4060985,,,IMC 30+ - obesidade
1178,164,0,1926-10-11,1926-10-11,38000276,,,0,0,0,0,4636,0,38341003,316866,,,Hipertensão arterial
1179,165,0,2018-10-06,2018-10-06,38000276,,,0,0,0,0,4697,0,88805009,4229440,,,Cardiomiopatia isquêmica crônica
1180,165,0,2015-10-14,2015-10-14,38000276,,,0,0,0,0,4689,0,10509002,260139,,,Bronquite aguda
1181,165,0,2013-01-10,2013-01-10,38000276,,,0,0,0,0,4713,0,195662009,4112343,,,Faringite viral aguda
1182,165,0,2010-10-08,2010-10-08,38000276,,,0,0,0,0,4715,0,271737000,439777,,,Anemia
1183,165,0,2002-09-12,2002-09-12,38000276,,,0,0,0,0,4711,0,55822004,432867,,,Hiperlipidemia
1184,165,0,1989-08-17,1989-08-17,38000276,,,0,0,0,0,4710,0,5602001,438130,,,Dor por opioides
1185,165,4060985,1986-08-14,1986-08-14,38000276,,,0,0,0,0,4709,0,162864005,4060985,,,IMC 30+ - obesidade
1186,166,0,2018-11-05,2018-11-05,38000276,,,0,0,0,0,4733,0,53741008,317576,,,Doença arterial coronariana
1187,166,0,2015-10-19,2015-10-19,38000276,,,0,0,0,0,4742,0,64859006,80502,,,Osteoporose
1188,166,0,2011-08-16,2011-08-16,38000276,,,0,0,0,0,4731,0,68496003,4285898,,,Pólipo do cólon
1189,166,0,1996-07-01,1996-07-01,38000276,,,0,0,0,0,4730,0,15777000,40316773,,,Pré-diabetes
1190,166,0,1979-04-02,1979-04-02,38000276,,,0,0,0,0,4728,0,79586000,199076,,,Gravidez tubária
1191,166,0,1978-11-27,1978-11-27,38000276,,,0,0,0,0,4739,0,19169002,4078393,,,Aborto espontâneo na gravidez
1192,166,4256640,1978-11-06,1978-11-06,38000276,,,0,0,0,0,4741,0,408512008,4256640,,,Alcoolismo relatado pelo paciente
1193,166,4060985,1963-09-16,1963-09-16,38000276,,,0,0,0,0,4727,0,162864005,4060985,,,IMC 30+ - obesidade
1194,166,4323208,1946-06-27,1946-06-27,38000276,,,0,0,0,0,4724,0,428251008,4323208,,,Histórico de apendicectomia
1195,166,0,1946-06-27,1946-06-27,38000276,,,0,0,0,0,4729,0,74400008,440448,,,Apendicite
1196,166,0,1946-06-27,1946-06-27,38000276,,,0,0,0,0,4729,0,47693006,4166224,,,Ruptura de apêndice
1197,167,0,2018-07-20,2018-07-20,38000276,,,0,0,0,0,4781,0,72892002,4217975,,,Otite média não supurativa
1198,167,0,2017-01-23,2017-01-23,38000276,,,0,0,0,0,4772,0,195662009,4112343,,,Faringite viral aguda
1199,167,0,2016-06-24,2016-06-24,38000276,,,0,0,0,0,4747,0,72892002,4217975,,,Otite média não supurativa
1200,167,4256640,2015-11-13,2015-11-13,38000276,,,0,0,0,0,4767,0,408512008,4256640,,,Alcoolismo relatado pelo paciente
1201,167,0,2015-10-30,2015-10-30,38000276,,,0,0,0,0,4765,0,10509002,260139,,,Bronquite aguda
1202,167,0,2010-05-19,2010-05-19,38000276,,,0,0,0,0,4780,0,444814009,40481087,,,Infecção viral das vias aéreas superiores
1203,167,0,2009-08-26,2009-08-26,38000276,,,0,0,0,0,4779,0,444814009,40481087,,,Infecção viral das vias aéreas superiores
1204,167,4060985,1999-01-15,1999-01-15,38000276,,,0,0,0,0,4764,0,162864005,4060985,,,IMC 30+ - obesidade
1205,167,0,1991-02-06,1991-02-06,38000276,,,0,0,0,0,4774,0,446096008,40486433,,,Esteatose hepática perivenular
1206,168,4163874,1993-11-10,1993-11-10,38000276,,,0,0,0,0,4788,0,399211009,4163874,,,Histórico de infarto do miocárdio
1207,168,0,1993-11-10,1993-11-10,38000276,,,0,0,0,0,4788,0,22298006,4329847,,,Infarto do miocárdio
1208,168,0,1993-05-05,1993-05-05,38000276,,,0,0,0,0,4787,0,44465007,81151,,,Entorse de tornozelo
1209,168,4060985,1991-08-14,1991-08-14,38000276,,,0,0,0,0,4790,0,162864005,4060985,,,IMC 30+ - obesidade
1210,168,0,1991-08-14,1991-08-14,38000276,,,0,0,0,0,4790,0,53741008,317576,,,Doença arterial coronariana
1211,168,0,1989-12-02,1989-12-02,38000276,,,0,0,0,0,4784,0,444814009,40481087,,,Infecção viral das vias aéreas superiores
1212,168,0,1985-07-29,1985-07-29,38000276,,,0,0,0,0,4792,0,10509002,260139,,,Bronquite aguda
1213,168,0,1985-05-20,1985-05-20,38000276,,,0,0,0,0,4783,0,40275004,134438,,,Dermatite de contato
1214,169,0,2016-05-24,2016-05-24,38000276,,,0,0,0,0,4802,0,444814009,40481087,,,Infecção viral das vias aéreas superiores
1215,169,0,2014-01-07,2014-01-07,38000276,,,0,0,0,0,4796,0,10509002,260139,,,Bronquite aguda
1216,169,0,2012-08-15,2012-08-15,38000276,,,0,0,0,0,4809,0,195662009,4112343,,,Faringite viral aguda
1217,169,0,2011-12-25,2011-12-25,38000276,,,0,0,0,0,4799,0,444814009,40481087,,,Infecção viral das vias aéreas superiores
1218,170,0,2015-05-22,2015-05-22,38000276,,,0,0,0,0,4819,0,444814009,40481087,,,Infecção viral das vias aéreas superiores
1219,170,0,2015-03-09,2015-03-09,38000276,,,0,0,0,0,4823,0,444814009,40481087,,,Infecção viral das vias aéreas superiores
1220,170,0,2014-06-04,2014-06-04,38000276,,,0,0,0,0,4822,0,10509002,260139,,,Bronquite aguda
1221,170,0,2010-10-20,2010-10-20,38000276,,,0,0,0,0,4817,0,40055000,257012,,,Sinusite crônica
1222,170,0,2010-09-29,2010-09-29,38000276,,,0,0,0,0,4814,0,36971009,4283893,,,Sinusite
1223,170,0,2010-06-09,2010-06-09,38000276,,,0,0,0,0,4820,0,195662009,4112343,,,Faringite viral aguda
1224,170,0,2004-08-04,2004-08-04,38000276,,,0,0,0,0,4824,0,15777000,40316773,,,Pré-diabetes
1225,170,0,1991-07-17,1991-07-17,38000276,,,0,0,0,0,4818,0,38341003,316866,,,Hipertensão arterial
1226,171,0,2017-05-07,2017-05-07,38000276,,,0,0,0,0,4831,0,444814009,40481087,,,Infecção viral das vias aéreas superiores
1227,171,0,2015-07-04,2015-07-04,38000276,,,0,0,0,0,4836,0,444814009,40481087,,,Infecção viral das vias aéreas superiores
1228,171,0,2010-12-15,2010-12-15,38000276,,,0,0,0,0,4835,0,444814009,40481087,,,Infecção viral das vias aéreas superiores
1229,171,0,2005-10-24,2005-10-24,38000276,,,0,0,0,0,4834,0,15777000,40316773,,,Pré-diabetes
1230,172,0,2011-06-22,2011-06-22,38000276,,,0,0,0,0,4872,0,444814009,40481087,,,Infecção viral das vias aéreas superiores
1231,172,0,2010-03-29,2010-03-29,38000276,,,0,0,0,0,4863,0,444814009,40481087,,,Infecção viral das vias aéreas superiores
1232,173,4163874,1999-06-18,1999-06-18,38000276,,,0,0,0,0,4927,0,399211009,4163874,,,Histórico de infarto do miocárdio
1233,173,0,1999-06-18,1999-06-18,38000276,,,0,0,0,0,4927,0,22298006,4329847,,,Infarto do miocárdio
1234,173,0,1999-04-24,1999-04-24,38000276,,,0,0,0,0,4929,0,444814009,40481087,,,Infecção viral das vias aéreas superiores
1235,173,0,1997-03-07,1997-03-07,38000276,,,0,0,0,0,4935,0,444814009,40481087,,,Infecção viral das vias aéreas superiores
1236,173,0,1994-04-03,1994-04-03,38000276,,,0,0,0,0,4928,0,443165006,40480160,,,Faringite aguda
1237,173,0,1994-04-03,1994-04-03,38000276,,,0,0,0,0,4928,0,65966004,4278672,,,Fratura do fêmur
1238,173,0,1994-01-03,1994-01-03,38000276,,,0,0,0,0,4921,0,36971009,4283893,,,Sinusite
1239,173,0,1993-08-23,1993-08-23,38000276,,,0,0,0,0,4910,0,444814009,40481087,,,Infecção viral das vias aéreas superiores
1240,173,0,1993-04-25,1993-04-25,38000276,,,0,0,0,0,4909,0,68496003,4285898,,,Pólipo do cólon
1241,173,0,1993-02-19,1993-02-19,38000276,,,0,0,0,0,4936,0,26929004,378419,,,Doença de Alzheimer
1242,173,0,1992-09-11,1992-09-11,38000276,,,0,0,0,0,4896,0,230690007,381316,,,Acidente vascular cerebral
1243,173,0,1984-09-28,1984-09-28,38000276,,,0,0,0,0,4922,0,53741008,317576,,,Doença arterial coronariana
1244,173,0,1983-09-23,1983-09-23,38000276,,,0,0,0,0,4886,0,64859006,80502,,,Osteoporose
1245,173,0,1976-08-13,1976-08-13,38000276,,,0,0,0,0,4894,0,55822004,432867,,,Hiperlipidemia
1246,173,0,1966-02-12,1966-02-12,38000276,,,0,0,0,0,4898,0,40055000,257012,,,Sinusite crônica
1247,173,4060985,1955-08-26,1955-08-26,38000276,,,0,0,0,0,4907,0,162864005,4060985,,,IMC 30+ - obesidade
1248,173,0,1931-05-15,1931-05-15,38000276,,,0,0,0,0,4884,0,38341003,316866,,,Hipertensão arterial
1249,174,0,2017-04-08,2017-04-08,38000276,,,0,0,0,0,4938,0,72892002,4217975,,,Otite média não supurativa
1250,174,0,2016-01-24,2016-01-24,38000276,,,0,0,0,0,4967,0,40055000,257012,,,Sinusite crônica
1251,174,0,2015-12-27,2015-12-27,38000276,,,0,0,0,0,4951,0,75498004,4294548,,,Infecção bacteriana aguda
1252,174,0,2015-04-11,2015-04-11,38000276,,,0,0,0,0,4980,0,156073000,40318618,,,Obesidade
1253,174,0,2015-04-11,2015-04-11,38000276,,,0,0,0,0,4980,0,19169002,4078393,,,Aborto espontâneo na gravidez
1254,174,0,2015-04-11,2015-04-11,38000276,,,0,0,0,0,4980,0,72892002,4217975,,,Otite média não supurativa
1255,174,0,2013-03-30,2013-03-30,38000276,,,0,0,0,0,4982,0,72892002,4217975,,,Otite média não supurativa
1256,174,4060985,2012-02-18,2012-02-18,38000276,,,0,0,0,0,4989,0,162864005,4060985,,,IMC 30+ - obesidade
1257,174,0,2011-09-17,2011-09-17,38000276,,,0,0,0,0,4942,0,72892002,4217975,,,Otite média não supurativa
1258,174,0,2010-02-04,2010-02-04,38000276,,,0,0,0,0,4973,0,444814009,40481087,,,Infecção viral das vias aéreas superiores
1259,174,0,2009-03-21,2009-03-21,38000276,,,0,0,0,0,4962,0,72892002,4217975,,,Otite média não supurativa
1260,175,0,1998-10-30,1998-10-30,38000276,,,0,0,0,0,5023,0,444814009,40481087,,,Infecção viral das vias aéreas superiores
1261,175,0,1988-09-05,1988-09-05,38000276,,,0,0,0,0,5020,0,64859006,80502,,,Osteoporose
1262,175,0,1987-02-02,1987-02-02,38000276,,,0,0,0,0,5006,0,26929004,378419,,,Doença de Alzheimer
1263,175,0,1958-07-14,1958-07-14,38000276,,,0,0,0,0,5011,0,15777000,40316773,,,Pré-diabetes
1264,175,4256640,1944-04-17,1944-04-17,38000276,,,0,0,0,0,5016,0,408512008,4256640,,,Alcoolismo relatado pelo paciente
1265,175,0,1941-07-07,1941-07-07,38000276,,,0,0,0,0,5008,0,19169002,4078393,,,Aborto espontâneo na gravidez
1266,175,4060985,1927-07-18,1927-07-18,38000276,,,0,0,0,0,5018,0,162864005,4060985,,,IMC 30+ - obesidade
1267,176,0,2018-12-13,2018-12-13,38000276,,,0,0,0,0,5028,0,444814009,40481087,,,Infecção viral das vias aéreas superiores
1268,176,0,2014-08-25,2014-08-25,38000276,,,0,0,0,0,5032,0,43878008,28060,,,Faringite estreptocócica
1269,176,4060985,2013-09-03,2013-09-03,38000276,,,0,0,0,0,5034,0,162864005,4060985,,,IMC 30+ - obesidade
1270,176,0,2012-12-19,2012-12-19,38000276,,,0,0,0,0,5030,0,195662009,4112343,,,Faringite viral aguda
1271,176,0,2011-08-17,2011-08-17,38000276,,,0,0,0,0,5029,0,43878008,28060,,,Faringite estreptocócica
1272,176,0,2011-03-06,2011-03-06,38000276,,,0,0,0,0,5036,0,75498004,4294548,,,Infecção bacteriana aguda
1273,176,0,1989-11-28,1989-11-28,38000276,,,0,0,0,0,5025,0,38341003,316866,,,Hipertensão arterial
1274,177,0,2011-03-13,2011-03-13,38000276,,,0,0,0,0,5038,0,44465007,81151,,,Entorse de tornozelo
1275,179,4060985,2018-03-20,2018-03-20,38000276,,,0,0,0,0,5050,0,162864005,4060985,,,IMC 30+ - obesidade
1276,179,0,2018-02-04,2018-02-04,38000276,,,0,0,0,0,5051,0,195662009,4112343,,,Faringite viral aguda
1277,179,0,2017-01-24,2017-01-24,38000276,,,0,0,0,0,5056,0,370247008,4156265,,,Lesão facial
1278,179,0,2015-09-29,2015-09-29,38000276,,,0,0,0,0,5058,0,40275004,134438,,,Dermatite de contato
1279,179,0,2015-03-16,2015-03-16,38000276,,,0,0,0,0,5052,0,444814009,40481087,,,Infecção viral das vias aéreas superiores
1280,179,0,2014-05-28,2014-05-28,38000276,,,0,0,0,0,5057,0,444814009,40481087,,,Infecção viral das vias aéreas superiores
1281,179,0,2013-08-05,2013-08-05,38000276,,,0,0,0,0,5053,0,10509002,260139,,,Bronquite aguda
1282,179,0,2010-05-10,2010-05-10,38000276,,,0,0,0,0,5055,0,10509002,260139,,,Bronquite aguda
1283,180,0,1990-06-27,1990-06-27,38000276,,,0,0,0,0,5074,0,233604007,255848,,,Pneumonia
1284,180,0,1990-06-03,1990-06-03,38000276,,,0,0,0,0,5082,0,195662009,4112343,,,Faringite viral aguda
1285,180,0,1989-08-22,1989-08-22,38000276,,,0,0,0,0,5088,0,10509002,260139,,,Bronquite aguda
1286,180,0,1984-01-30,1984-01-30,38000276,,,0,0,0,0,5071,0,26929004,378419,,,Doença de Alzheimer
1287,180,0,1982-07-31,1982-07-31,38000276,,,0,0,0,0,5097,0,235919008,196456,,,Doença hepática alcoólica
1288,180,0,1982-07-31,1982-07-31,38000276,,,0,0,0,0,5097,0,65275009,198809,,,Colecistite aguda
1289,180,4256640,1956-09-10,1956-09-10,38000276,,,0,0,0,0,5076,0,408512008,4256640,,,Alcoolismo relatado pelo paciente
1290,180,0,1954-09-06,1954-09-06,38000276,,,0,0,0,0,5063,0,55822004,432867,,,Hiperlipidemia
1291,180,4060985,1939-10-30,1939-10-30,38000276,,,0,0,0,0,5087,0,162864005,4060985,,,IMC 30+ - obesidade
1292,180,0,1911-01-30,1911-01-30,38000276,,,0,0,0,0,5064,0,40055000,257012,,,Sinusite crônica
1293,181,0,2018-10-16,2018-10-16,38000276,,,0,0,0,0,5124,0,444814009,40481087,,,Infecção viral das vias aéreas superiores
1294,181,0,2018-02-28,2018-02-28,38000276,,,0,0,0,0,5129,0,15777000,40316773,,,Pré-diabetes
1295,181,0,2015-02-06,2015-02-06,38000276,,,0,0,0,0,5130,0,10509002,260139,,,Bronquite aguda
1296,181,0,2013-04-11,2013-04-11,38000276,,,0,0,0,0,5130,0,195662009,4112343,,,Faringite viral aguda
1297,181,0,2012-07-02,2012-07-02,38000276,,,0,0,0,0,5123,0,10509002,260139,,,Bronquite aguda
1298,182,0,2016-12-08,2016-12-08,38000276,,,0,0,0,0,5134,0,62106007,378001,,,Concussão com perda de consciência
1299,182,0,2016-11-21,2016-11-21,38000276,,,0,0,0,0,5135,0,75498004,4294548,,,Infecção bacteriana aguda
1300,182,0,2009-06-16,2009-06-16,38000276,,,0,0,0,0,5136,0,444814009,40481087,,,Infecção viral das vias aéreas superiores
1301,182,0,2008-07-14,2008-07-14,38000276,,,0,0,0,0,5140,0,65363002,372328,,,Otite média
1302,183,0,2017-10-16,2017-10-16,38000276,,,0,0,0,0,5155,0,10509002,260139,,,Bronquite aguda
1303,183,0,2013-01-05,2013-01-05,38000276,,,0,0,0,0,5149,0,38341003,316866,,,Hipertensão arterial
1304,183,0,2010-03-04,2010-03-04,38000276,,,0,0,0,0,5147,0,195662009,4112343,,,Faringite viral aguda
1305,183,0,2009-05-30,2009-05-30,38000276,,,0,0,0,0,5156,0,195662009,4112343,,,Faringite viral aguda
1306,183,0,2009-03-21,2009-03-21,38000276,,,0,0,0,0,5153,0,283385000,4152936,,,Laceração de ombro
1307,184,0,2018-08-30,2018-08-30,38000276,,,0,0,0,0,5164,0,65363002,372328,,,Otite média
1308,184,0,2016-10-25,2016-10-25,38000276,,,0,0,0,0,5170,0,65363002,372328,,,Otite média
1309,185,0,2017-01-29,2017-01-29,38000276,,,0,0,0,0,5268,0,38341003,316866,,,Hipertensão arterial
1310,185,0,2016-06-12,2016-06-12,38000276,,,0,0,0,0,5250,0,72892002,4217975,,,Otite média não supurativa
1311,185,0,2014-02-19,2014-02-19,38000276,,,0,0,0,0,5223,0,241929008,4084167,,,Reação alérgica a alimento
1312,185,0,2013-03-13,2013-03-13,38000276,,,0,0,0,0,5222,0,284551006,4109685,,,Laceração de pé
1313,185,0,2012-03-18,2012-03-18,38000276,,,0,0,0,0,5221,0,62106007,378001,,,Concussão com perda de consciência
1314,185,0,2010-09-30,2010-09-30,38000276,,,0,0,0,0,5265,0,195662009,4112343,,,Faringite viral aguda
1315,185,0,2007-12-04,2007-12-04,38000276,,,0,0,0,0,5244,0,192127007,440086,,,Transtorno do espectro autista infantil
1316,185,0,2002-12-12,2002-12-12,38000276,,,0,0,0,0,5180,0,233678006,4051466,,,Asma na infância
1317,185,0,2001-08-29,2001-08-29,38000276,,,0,0,0,0,5227,0,24079001,133834,,,Dermatite atópica
1318,185,0,2000-12-12,2000-12-12,38000276,,,0,0,0,0,5176,0,232353008,4048171,,,Perfuração do tímpano
1319,186,0,2017-08-26,2017-08-26,38000276,,,0,0,0,0,5287,0,195662009,4112343,,,Faringite viral aguda
1320,186,0,2017-05-27,2017-05-27,38000276,,,0,0,0,0,5280,0,62106007,378001,,,Concussão com perda de consciência
1321,186,0,2015-07-21,2015-07-21,38000276,,,0,0,0,0,5286,0,444814009,40481087,,,Infecção viral das vias aéreas superiores
1322,186,0,2011-06-23,2011-06-23,38000276,,,0,0,0,0,5279,0,68496003,4285898,,,Pólipo do cólon
1323,186,4323208,2006-06-13,2006-06-13,38000276,,,0,0,0,0,5292,0,428251008,4323208,,,Histórico de apendicectomia
1324,186,0,2006-06-13,2006-06-13,38000276,,,0,0,0,0,5282,0,74400008,440448,,,Apendicite
1325,186,0,2006-06-13,2006-06-13,38000276,,,0,0,0,0,5282,0,47693006,4166224,,,Ruptura de apêndice
1326,186,0,1988-01-14,1988-01-14,38000276,,,0,0,0,0,5273,0,15777000,40316773,,,Pré-diabetes
1327,186,0,1981-12-23,1981-12-23,38000276,,,0,0,0,0,5277,0,40055000,257012,,,Sinusite crônica
1328,187,0,2017-10-08,2017-10-08,38000276,,,0,0,0,0,5299,0,44054006,201826,,,Diabetes mellitus tipo 2
1329,187,0,2017-10-08,2017-10-08,38000276,,,0,0,0,0,5299,0,38341003,316866,,,Hipertensão arterial
1330,187,0,2014-04-05,2014-04-05,38000276,,,0,0,0,0,5295,0,444814009,40481087,,,Infecção viral das vias aéreas superiores
1331,187,0,2009-08-19,2009-08-19,38000276,,,0,0,0,0,5301,0,195662009,4112343,,,Faringite viral aguda
1332,188,4163874,1993-09-20,1993-09-20,38000276,,,0,0,0,0,5309,0,399211009,4163874,,,Histórico de infarto do miocárdio
1333,188,0,1993-09-20,1993-09-20,38000276,,,0,0,0,0,5309,0,22298006,4329847,,,Infarto do miocárdio
1334,188,0,1992-06-11,1992-06-11,38000276,,,0,0,0,0,5307,0,195662009,4112343,,,Faringite viral aguda
1335,188,0,1991-11-10,1991-11-10,38000276,,,0,0,0,0,5318,0,10509002,260139,,,Bronquite aguda
1336,188,0,1991-05-05,1991-05-05,38000276,,,0,0,0,0,5320,0,195662009,4112343,,,Faringite viral aguda
1337,188,0,1991-03-17,1991-03-17,38000276,,,0,0,0,0,5304,0,444814009,40481087,,,Infecção viral das vias aéreas superiores
1338,188,0,1991-01-25,1991-01-25,38000276,,,0,0,0,0,5312,0,444814009,40481087,,,Infecção viral das vias aéreas superiores
1339,188,0,1989-06-27,1989-06-27,38000276,,,0,0,0,0,5323,0,195662009,4112343,,,Faringite viral aguda
1340,188,0,1987-02-03,1987-02-03,38000276,,,0,0,0,0,5317,0,444814009,40481087,,,Infecção viral das vias aéreas superiores
1341,188,0,1986-08-11,1986-08-11,38000276,,,0,0,0,0,5315,0,53741008,317576,,,Doença arterial coronariana
1342,188,0,1985-06-17,1985-06-17,38000276,,,0,0,0,0,5322,0,239873007,4079750,,,Osteoartrite do joelho
1343,188,0,1947-12-29,1947-12-29,38000276,,,0,0,0,0,5311,0,15777000,40316773,,,Pré-diabetes
1344,189,0,2017-08-13,2017-08-13,38000276,,,0,0,0,0,5346,0,230690007,381316,,,Acidente vascular cerebral
1345,189,0,2017-04-05,2017-04-05,38000276,,,0,0,0,0,5372,0,444814009,40481087,,,Infecção viral das vias aéreas superiores
1346,189,0,2016-11-27,2016-11-27,38000276,,,0,0,0,0,5371,0,195662009,4112343,,,Faringite viral aguda
1347,189,0,2013-11-25,2013-11-25,38000276,,,0,0,0,0,5350,0,444814009,40481087,,,Infecção viral das vias aéreas superiores
1348,189,0,2013-02-17,2013-02-17,38000276,,,0,0,0,0,5337,0,263102004,4134304,,,Ruptura de menisco
1349,189,0,2009-11-19,2009-11-19,38000276,,,0,0,0,0,5368,0,444814009,40481087,,,Infecção viral das vias aéreas superiores
1350,189,0,2009-05-26,2009-05-26,38000276,,,0,0,0,0,5367,0,195662009,4112343,,,Faringite viral aguda
1351,189,0,1992-03-29,1992-03-29,38000276,,,0,0,0,0,5325,0,55822004,432867,,,Hiperlipidemia
1352,189,0,1975-08-17,1975-08-17,38000276,,,0,0,0,0,5352,0,15777000,40316773,,,Pré-diabetes
1353,189,4323208,1963-02-12,1963-02-12,38000276,,,0,0,0,0,5354,0,428251008,4323208,,,Histórico de apendicectomia
1354,189,0,1963-02-12,1963-02-12,38000276,,,0,0,0,0,5338,0,74400008,440448,,,Apendicite
1355,189,0,1963-02-12,1963-02-12,38000276,,,0,0,0,0,5338,0,47693006,4166224,,,Ruptura de apêndice
1356,190,0,2014-11-26,2014-11-26,38000276,,,0,0,0,0,5379,0,38822007,195588,,,Cistite
1357,190,0,2012-11-24,2012-11-24,38000276,,,0,0,0,0,5384,0,36971009,4283893,,,Sinusite
1358,190,0,2010-10-10,2010-10-10,38000276,,,0,0,0,0,5375,0,444814009,40481087,,,Infecção viral das vias aéreas superiores
1359,190,0,2009-10-23,2009-10-23,38000276,,,0,0,0,0,5380,0,444814009,40481087,,,Infecção viral das vias aéreas superiores
1360,190,0,2006-07-26,2006-07-26,38000276,,,0,0,0,0,5382,0,19169002,4078393,,,Aborto espontâneo na gravidez
1361,190,4060985,2005-11-16,2005-11-16,38000276,,,0,0,0,0,5381,0,162864005,4060985,,,IMC 30+ - obesidade
1362,191,0,2016-01-09,2016-01-09,38000276,,,0,0,0,0,5397,0,43878008,28060,,,Faringite estreptocócica
1363,191,0,2015-07-10,2015-07-10,38000276,,,0,0,0,0,5385,0,444814009,40481087,,,Infecção viral das vias aéreas superiores
1364,191,0,2012-07-24,2012-07-24,38000276,,,0,0,0,0,5394,0,70704007,78272,,,Entorse de punho
1365,191,0,2012-01-05,2012-01-05,38000276,,,0,0,0,0,5400,0,444814009,40481087,,,Infecção viral das vias aéreas superiores
1366,191,0,2010-12-11,2010-12-11,38000276,,,0,0,0,0,5387,0,444814009,40481087,,,Infecção viral das vias aéreas superiores
1367,192,0,2018-08-22,2018-08-22,38000276,,,0,0,0,0,5406,0,370247008,4156265,,,Lesão facial
1368,192,0,2018-06-17,2018-06-17,38000276,,,0,0,0,0,5409,0,43878008,28060,,,Faringite estreptocócica
1369,192,0,2005-01-29,2005-01-29,38000276,,,0,0,0,0,5410,0,239872002,4079749,,,Osteoartrite do quadril
1370,192,0,1989-03-20,1989-03-20,38000276,,,0,0,0,0,5415,0,15777000,40316773,,,Pré-diabetes
1371,192,4060985,1986-03-17,1986-03-17,38000276,,,0,0,0,0,5413,0,162864005,4060985,,,IMC 30+ - obesidade
1372,192,0,1968-02-08,1968-02-08,38000276,,,0,0,0,0,5403,0,84757009,380378,,,Epilepsia
1373,192,45766064,1968-02-08,1968-02-08,38000276,,,0,0,0,0,5403,0,703151001,45766064,,,Histórico de artroplastia de joelho
1374,192,0,1968-02-08,1968-02-08,38000276,,,0,0,0,0,5403,0,128613002,4029498,,,Transtorno convulsivo
1375,192,0,1958-12-06,1958-12-06,38000276,,,0,0,0,0,5419,0,40055000,257012,,,Sinusite crônica
1376,193,0,2012-07-12,2012-07-12,38000276,,,0,0,0,0,5495,0,195662009,4112343,,,Faringite viral aguda
1377,193,0,2010-10-12,2010-10-12,38000276,,,0,0,0,0,5430,0,444814009,40481087,,,Infecção viral das vias aéreas superiores
1378,193,0,2010-07-10,2010-07-10,38000276,,,0,0,0,0,5450,0,40055000,257012,,,Sinusite crônica
1379,193,0,2010-05-22,2010-05-22,38000276,,,0,0,0,0,5481,0,75498004,4294548,,,Infecção bacteriana aguda
1380,193,0,2009-08-26,2009-08-26,38000276,,,0,0,0,0,5451,0,241929008,4084167,,,Reação alérgica a alimento
1381,193,0,2003-12-03,2003-12-03,38000276,,,0,0,0,0,5464,0,24079001,133834,,,Dermatite atópica
1382,194,4163874,2014-04-06,2014-04-06,38000276,,,0,0,0,0,5542,0,399211009,4163874,,,Histórico de infarto do miocárdio
1383,194,0,2014-04-06,2014-04-06,38000276,,,0,0,0,0,5542,0,22298006,4329847,,,Infarto do miocárdio
1384,194,0,2011-11-22,2011-11-22,38000276,,,0,0,0,0,5557,0,10509002,260139,,,Bronquite aguda
1385,194,0,2010-04-30,2010-04-30,38000276,,,0,0,0,0,5642,0,10509002,260139,,,Bronquite aguda
1386,194,0,2007-09-09,2007-09-09,38000276,,,0,0,0,0,,0,53741008,317576,,,Doença arterial coronariana
1387,194,0,2005-11-28,2005-11-28,38000276,,,0,0,0,0,5661,0,444814009,40481087,,,Infecção viral das vias aéreas superiores
1388,194,0,2004-06-11,2004-06-11,38000276,,,0,0,0,0,5578,0,43878008,28060,,,Faringite estreptocócica
1389,194,0,2000-11-29,2000-11-29,38000276,,,0,0,0,0,5552,0,55680006,4208104,,,Overdose de droga
1390,194,0,1998-02-28,1998-02-28,38000276,,,0,0,0,0,5525,0,239872002,4079749,,,Osteoartrite do quadril
1391,194,0,1991-05-05,1991-05-05,38000276,,,0,0,0,0,5603,0,55822004,432867,,,Hiperlipidemia
1392,194,0,1990-11-20,1990-11-20,38000276,,,0,0,0,0,5584,0,124171000119105,43530652,,,Nefropatia diabética crônica
1393,194,0,1990-10-14,1990-10-14,38000276,,,0,0,0,0,5629,0,82423001,436096,,,Dor crônica
1394,194,0,1990-02-06,1990-02-06,38000276,,,0,0,0,0,5587,0,196416002,4055754,,,Esofagite por refluxo
1395,194,0,1986-11-16,1986-11-16,38000276,,,0,0,0,0,5596,0,237602007,436940,,,Síndrome metabólica
1396,194,0,1983-11-13,1983-11-13,38000276,,,0,0,0,0,5560,0,127013003,192279,,,Nefropatia diabética
1397,194,0,1983-11-13,1983-11-13,38000276,,,0,0,0,0,5560,0,431855005,443614,,,Doença renal crônica estágio 1
1398,194,0,1983-11-13,1983-11-13,38000276,,,0,0,0,0,5560,0,302870006,4120314,,,Hipertrigliceridemia
1399,194,0,1982-03-21,1982-03-21,38000276,,,0,0,0,0,5623,0,44054006,201826,,,Diabetes mellitus tipo 2
1400,195,0,2018-12-05,2018-12-05,38000276,,,0,0,0,0,5709,0,444814009,40481087,,,Infecção viral das vias aéreas superiores
1401,195,0,2018-03-15,2018-03-15,38000276,,,0,0,0,0,5713,0,65966004,4278672,,,Fratura do fêmur
1402,195,0,2016-08-28,2016-08-28,38000276,,,0,0,0,0,5715,0,444814009,40481087,,,Infecção viral das vias aéreas superiores
1403,195,0,2015-04-28,2015-04-28,38000276,,,0,0,0,0,5668,0,55680006,4208104,,,Overdose de droga
1404,195,0,2005-07-05,2005-07-05,38000276,,,0,0,0,0,5670,0,15777000,40316773,,,Pré-diabetes
1405,195,0,2001-06-02,2001-06-02,38000276,,,0,0,0,0,5667,0,271737000,439777,,,Anemia
1406,195,0,1998-02-08,1998-02-08,38000276,,,0,0,0,0,5706,0,124171000119105,43530652,,,Nefropatia diabética crônica
1407,195,0,1997-08-16,1997-08-16,38000276,,,0,0,0,0,5684,0,196416002,4055754,,,Esofagite por refluxo
1408,195,0,1997-07-10,1997-07-10,38000276,,,0,0,0,0,5687,0,82423001,436096,,,Dor crônica
1409,197,0,2017-11-06,2017-11-06,38000276,,,0,0,0,0,5739,0,72892002,4217975,,,Otite média não supurativa
1410,197,0,2016-09-07,2016-09-07,38000276,,,0,0,0,0,5752,0,10509002,260139,,,Bronquite aguda
1411,197,0,2015-06-22,2015-06-22,38000276,,,0,0,0,0,5760,0,156073000,40318618,,,Obesidade
1412,197,0,2015-06-22,2015-06-22,38000276,,,0,0,0,0,5760,0,19169002,4078393,,,Aborto espontâneo na gravidez
1413,197,0,2015-06-22,2015-06-22,38000276,,,0,0,0,0,5760,0,72892002,4217975,,,Otite média não supurativa
1414,197,0,2014-12-15,2014-12-15,38000276,,,0,0,0,0,5753,0,72892002,4217975,,,Otite média não supurativa
1415,197,0,2014-01-12,2014-01-12,38000276,,,0,0,0,0,5749,0,40055000,257012,,,Sinusite crônica
1416,197,0,2013-10-27,2013-10-27,38000276,,,0,0,0,0,5778,0,75498004,4294548,,,Infecção bacteriana aguda
1417,197,0,2013-07-22,2013-07-22,38000276,,,0,0,0,0,5747,0,198992004,137613,,,Pré-eclâmpsia leve
1418,197,0,2013-01-07,2013-01-07,38000276,,,0,0,0,0,5751,0,72892002,4217975,,,Otite média não supurativa
1419,198,0,2015-04-20,2015-04-20,38000276,,,0,0,0,0,5793,0,230265002,4043241,,,Enxaqueca sem aura
1420,198,0,2013-06-27,2013-06-27,38000276,,,0,0,0,0,5795,0,195662009,4112343,,,Faringite viral aguda
1421,198,0,2011-11-28,2011-11-28,38000276,,,0,0,0,0,5836,0,127013003,192279,,,Nefropatia diabética
1422,198,0,2011-11-28,2011-11-28,38000276,,,0,0,0,0,5836,0,431855005,443614,,,Doença renal crônica estágio 1
1423,198,0,2010-08-23,2010-08-23,38000276,,,0,0,0,0,5823,0,422034002,4226121,,,Retinopatia diabética proliferativa
1424,198,0,2008-08-11,2008-08-11,38000276,,,0,0,0,0,5800,0,237602007,436940,,,Síndrome metabólica
1425,198,0,2008-08-11,2008-08-11,38000276,,,0,0,0,0,5800,0,302870006,4120314,,,Hipertrigliceridemia
1426,198,0,2008-08-11,2008-08-11,38000276,,,0,0,0,0,5800,0,80394007,4214376,,,Hiperglicemia
1427,198,0,2007-08-06,2007-08-06,38000276,,,0,0,0,0,5816,0,44054006,201826,,,Diabetes mellitus tipo 2
1428,198,4256640,2005-07-25,2005-07-25,38000276,,,0,0,0,0,5788,0,408512008,4256640,,,Alcoolismo relatado pelo paciente
1429,198,4060985,1987-06-22,1987-06-22,38000276,,,0,0,0,0,5852,0,162864005,4060985,,,IMC 30+ - obesidade
1430,198,0,1974-06-03,1974-06-03,38000276,,,0,0,0,0,5850,0,38341003,316866,,,Hipertensão arterial
1431,199,0,2018-02-20,2018-02-20,38000276,,,0,0,0,0,5861,0,283385000,4152936,,,Laceração de ombro
1432,199,0,2014-03-02,2014-03-02,38000276,,,0,0,0,0,5880,0,444814009,40481087,,,Infecção viral das vias aéreas superiores
1433,199,0,2013-07-14,2013-07-14,38000276,,,0,0,0,0,5876,0,444814009,40481087,,,Infecção viral das vias aéreas superiores
1434,199,0,2012-01-07,2012-01-07,38000276,,,0,0,0,0,5877,0,195662009,4112343,,,Faringite viral aguda
1435,199,0,2011-03-09,2011-03-09,38000276,,,0,0,0,0,5868,0,68496003,4285898,,,Pólipo do cólon
1436,199,0,2009-07-03,2009-07-03,38000276,,,0,0,0,0,5864,0,39848009,4218389,,,Lesão em chicote do pescoço
1437,199,4060985,1998-03-20,1998-03-20,38000276,,,0,0,0,0,5858,0,162864005,4060985,,,IMC 30+ - obesidade
1438,200,0,2017-07-14,2017-07-14,38000276,,,0,0,0,0,5899,0,43878008,28060,,,Faringite estreptocócica
1439,200,0,2014-06-04,2014-06-04,38000276,,,0,0,0,0,5901,0,444814009,40481087,,,Infecção viral das vias aéreas superiores
1440,200,4256640,2012-02-27,2012-02-27,38000276,,,0,0,0,0,5890,0,408512008,4256640,,,Alcoolismo relatado pelo paciente
1441,200,0,2011-06-28,2011-06-28,38000276,,,0,0,0,0,5893,0,36971009,4283893,,,Sinusite
1442,200,0,2011-01-02,2011-01-02,38000276,,,0,0,0,0,5894,0,39848009,4218389,,,Lesão em chicote do pescoço
1443,200,0,2002-02-06,2002-02-06,38000276,,,0,0,0,0,5886,0,239872002,4079749,,,Osteoartrite do quadril
1444,200,4060985,1999-08-23,1999-08-23,38000276,,,0,0,0,0,5883,0,162864005,4060985,,,IMC 30+ - obesidade
1445,201,0,2017-01-16,2017-01-16,38000276,,,0,0,0,0,5905,0,444814009,40481087,,,Infecção viral das vias aéreas superiores
1446,201,0,2011-12-12,2011-12-12,38000276,,,0,0,0,0,5910,0,15777000,40316773,,,Pré-diabetes
1447,201,0,2011-04-03,2011-04-03,38000276,,,0,0,0,0,5909,0,403190006,4296204,,,Queimadura solar de primeiro grau
1448,201,4060985,2003-12-22,2003-12-22,38000276,,,0,0,0,0,5903,0,162864005,4060985,,,IMC 30+ - obesidade
1449,202,0,2016-06-17,2016-06-17,38000276,,,0,0,0,0,5918,0,195662009,4112343,,,Faringite viral aguda
1450,202,0,2011-10-08,2011-10-08,38000276,,,0,0,0,0,5921,0,10509002,260139,,,Bronquite aguda
1451,202,4060985,2011-04-29,2011-04-29,38000276,,,0,0,0,0,5917,0,162864005,4060985,,,IMC 30+ - obesidade
1452,203,0,2018-07-01,2018-07-01,38000276,,,0,0,0,0,5931,0,263102004,4134304,,,Ruptura de menisco
1453,203,0,1995-12-01,1995-12-01,38000276,,,0,0,0,0,5932,0,15777000,40316773,,,Pré-diabetes
1454,203,4256640,1992-11-27,1992-11-27,38000276,,,0,0,0,0,5929,0,408512008,4256640,,,Alcoolismo relatado pelo paciente
1455,203,0,1979-09-29,1979-09-29,38000276,,,0,0,0,0,5937,0,40055000,257012,,,Sinusite crônica
1456,203,4060985,1972-09-29,1972-09-29,38000276,,,0,0,0,0,5927,0,162864005,4060985,,,IMC 30+ - obesidade
1457,204,0,2017-09-08,2017-09-08,38000276,,,0,0,0,0,5954,0,70704007,78272,,,Entorse de punho
1458,204,0,2017-07-31,2017-07-31,38000276,,,0,0,0,0,5941,0,195662009,4112343,,,Faringite viral aguda
1459,204,0,2017-04-20,2017-04-20,38000276,,,0,0,0,0,5946,0,43878008,28060,,,Faringite estreptocócica
1460,204,0,2013-01-26,2013-01-26,38000276,,,0,0,0,0,5948,0,195662009,4112343,,,Faringite viral aguda
1461,204,0,2011-09-05,2011-09-05,38000276,,,0,0,0,0,5943,0,444814009,40481087,,,Infecção viral das vias aéreas superiores
1462,204,0,2010-07-20,2010-07-20,38000276,,,0,0,0,0,5945,0,444814009,40481087,,,Infecção viral das vias aéreas superiores
1463,204,0,2010-02-12,2010-02-12,38000276,,,0,0,0,0,5952,0,39848009,4218389,,,Lesão em chicote do pescoço
1464,205,0,2016-07-28,2016-07-28,38000276,,,0,0,0,0,5989,0,195662009,4112343,,,Faringite viral aguda
1465,205,0,2016-05-04,2016-05-04,38000276,,,0,0,0,0,5978,0,307731004,4146173,,,Fibrilação atrial de início recente
1466,205,0,2014-12-20,2014-12-20,38000276,,,0,0,0,0,6008,0,237602007,436940,,,Síndrome metabólica
1467,205,0,2014-12-20,2014-12-20,38000276,,,0,0,0,0,6008,0,302870006,4120314,,,Hipertrigliceridemia
1468,205,0,2014-12-20,2014-12-20,38000276,,,0,0,0,0,6008,0,80394007,4214376,,,Hiperglicemia
1469,205,0,2012-12-15,2012-12-15,38000276,,,0,0,0,0,5993,0,44054006,201826,,,Diabetes mellitus tipo 2
1470,205,0,2012-12-15,2012-12-15,38000276,,,0,0,0,0,5993,0,38341003,316866,,,Hipertensão arterial
1471,205,4060985,2009-12-12,2009-12-12,38000276,,,0,0,0,0,5988,0,162864005,4060985,,,IMC 30+ - obesidade
1472,205,0,2009-12-06,2009-12-06,38000276,,,0,0,0,0,5988,0,444814009,40481087,,,Infecção viral das vias aéreas superiores
1473,205,0,1995-06-27,1995-06-27,38000276,,,0,0,0,0,6004,0,55680006,4208104,,,Overdose de droga
1474,205,0,1990-07-29,1990-07-29,38000276,,,0,0,0,0,6011,0,124171000119105,43530652,,,Nefropatia diabética crônica
1475,205,0,1990-05-25,1990-05-25,38000276,,,0,0,0,0,6010,0,82423001,436096,,,Dor crônica
1476,205,0,1990-02-05,1990-02-05,38000276,,,0,0,0,0,6009,0,196416002,4055754,,,Esofagite por refluxo
1477,206,0,2017-09-05,2017-09-05,38000276,,,0,0,0,0,6027,0,10509002,260139,,,Bronquite aguda
1478,206,0,2015-11-15,2015-11-15,38000276,,,0,0,0,0,6021,0,64859006,80502,,,Osteoporose
1479,206,0,2015-10-04,2015-10-04,38000276,,,0,0,0,0,6023,0,444814009,40481087,,,Infecção viral das vias aéreas superiores
1480,206,0,2011-05-19,2011-05-19,38000276,,,0,0,0,0,6030,0,38822007,195588,,,Cistite
1481,206,0,2011-01-02,2011-01-02,38000276,,,0,0,0,0,6022,0,36971009,4283893,,,Sinusite
1482,206,0,1975-07-13,1975-07-13,38000276,,,0,0,0,0,6029,0,15777000,40316773,,,Pré-diabetes
1483,206,0,1973-05-27,1973-05-27,38000276,,,0,0,0,0,6026,0,38341003,316866,,,Hipertensão arterial
1484,207,0,2012-04-01,2012-04-01,38000276,,,0,0,0,0,6078,0,195662009,4112343,,,Faringite viral aguda
1485,207,0,2009-07-08,2009-07-08,38000276,,,0,0,0,0,6037,0,444814009,40481087,,,Infecção viral das vias aéreas superiores
1486,208,0,2015-10-25,2015-10-25,38000276,,,0,0,0,0,6091,0,195662009,4112343,,,Faringite viral aguda
1487,208,0,2010-08-30,2010-08-30,38000276,,,0,0,0,0,6093,0,62106007,378001,,,Concussão com perda de consciência
1488,208,4060985,2001-06-22,2001-06-22,38000276,,,0,0,0,0,6089,0,162864005,4060985,,,IMC 30+ - obesidade
1489,208,0,1987-12-04,1987-12-04,38000276,,,0,0,0,0,6092,0,19169002,4078393,,,Aborto espontâneo na gravidez
1490,209,0,2018-08-11,2018-08-11,38000276,,,0,0,0,0,6101,0,403190006,4296204,,,Queimadura solar de primeiro grau
1491,209,0,2015-07-31,2015-07-31,38000276,,,0,0,0,0,6115,0,444814009,40481087,,,Infecção viral das vias aéreas superiores
1492,209,0,2015-02-07,2015-02-07,38000276,,,0,0,0,0,6100,0,44465007,81151,,,Entorse de tornozelo
1493,209,0,2011-04-06,2011-04-06,38000276,,,0,0,0,0,6109,0,301011002,4116491,,,Infecção do trato urinário por E. coli
1494,209,0,2009-02-20,2009-02-20,38000276,,,0,0,0,0,6103,0,301011002,4116491,,,Infecção do trato urinário por E. coli
1495,209,0,2009-01-15,2009-01-15,38000276,,,0,0,0,0,6107,0,195662009,4112343,,,Faringite viral aguda
1496,209,0,2005-05-31,2005-05-31,38000276,,,0,0,0,0,6112,0,368581000119106,37016354,,,Neuropatia por diabetes tipo 2
1497,209,0,1999-05-25,1999-05-25,38000276,,,0,0,0,0,6104,0,237602007,436940,,,Síndrome metabólica
1498,209,0,1999-05-25,1999-05-25,38000276,,,0,0,0,0,6104,0,302870006,4120314,,,Hipertrigliceridemia
1499,209,0,1999-05-25,1999-05-25,38000276,,,0,0,0,0,6104,0,80394007,4214376,,,Hiperglicemia
1500,209,0,1996-05-21,1996-05-21,38000276,,,0,0,0,0,6110,0,44054006,201826,,,Diabetes mellitus tipo 2
1501,209,0,1989-05-09,1989-05-09,38000276,,,0,0,0,0,6116,0,38341003,316866,,,Hipertensão arterial
1502,209,4060985,1981-11-03,1981-11-03,38000276,,,0,0,0,0,6102,0,162864005,4060985,,,IMC 30+ - obesidade
1503,210,0,2014-11-18,2014-11-18,38000276,,,0,0,0,0,6131,0,64859006,80502,,,Osteoporose
1504,210,0,2010-10-21,2010-10-21,38000276,,,0,0,0,0,6133,0,195662009,4112343,,,Faringite viral aguda
1505,210,0,1997-12-16,1997-12-16,38000276,,,0,0,0,0,6137,0,49436004,313217,,,Fibrilação atrial
1506,210,0,1997-11-15,1997-11-15,38000276,,,0,0,0,0,6125,0,201834006,75036,,,Dermatite perioral
1507,210,0,1984-11-28,1984-11-28,38000276,,,0,0,0,0,6127,0,87433001,261325,,,Enfisema pulmonar
1508,210,4060985,1984-12-04,1984-12-04,38000276,,,0,0,0,0,6127,0,162864005,4060985,,,IMC 30+ - obesidade
1509,210,0,1970-12-10,1970-12-10,38000276,,,0,0,0,0,6121,0,40055000,257012,,,Sinusite crônica
1510,211,0,2017-05-30,2017-05-30,38000276,,,0,0,0,0,6145,0,15777000,40316773,,,Pré-diabetes
1511,211,0,2012-06-20,2012-06-20,38000276,,,0,0,0,0,6144,0,195662009,4112343,,,Faringite viral aguda
1512,211,4060985,2012-06-12,2012-06-12,38000276,,,0,0,0,0,6139,0,162864005,4060985,,,IMC 30+ - obesidade
1513,212,0,2018-10-27,2018-10-27,38000276,,,0,0,0,0,6166,0,195662009,4112343,,,Faringite viral aguda
1514,212,0,2017-04-06,2017-04-06,38000276,,,0,0,0,0,6200,0,72892002,4217975,,,Otite média não supurativa
1515,212,4060985,2013-05-23,2013-05-23,38000276,,,0,0,0,0,6152,0,162864005,4060985,,,IMC 30+ - obesidade
1516,212,0,2013-05-11,2013-05-11,38000276,,,0,0,0,0,6155,0,10509002,260139,,,Bronquite aguda
1517,212,0,2012-11-08,2012-11-08,38000276,,,0,0,0,0,6156,0,72892002,4217975,,,Otite média não supurativa
1518,212,0,2011-10-20,2011-10-20,38000276,,,0,0,0,0,6165,0,72892002,4217975,,,Otite média não supurativa
1519,212,0,2010-02-04,2010-02-04,38000276,,,0,0,0,0,6170,0,72892002,4217975,,,Otite média não supurativa
1520,212,0,2009-10-15,2009-10-15,38000276,,,0,0,0,0,6193,0,72892002,4217975,,,Otite média não supurativa
1521,213,0,2014-07-20,2014-07-20,38000276,,,0,0,0,0,6246,0,444814009,40481087,,,Infecção viral das vias aéreas superiores
1522,213,0,2012-05-27,2012-05-27,38000276,,,0,0,0,0,6224,0,15777000,40316773,,,Pré-diabetes
1523,213,0,2011-09-26,2011-09-26,38000276,,,0,0,0,0,6251,0,195662009,4112343,,,Faringite viral aguda
1524,213,0,2009-02-10,2009-02-10,38000276,,,0,0,0,0,6231,0,36971009,4283893,,,Sinusite
1525,213,0,2007-04-28,2007-04-28,38000276,,,0,0,0,0,6214,0,201834006,75036,,,Dermatite perioral
1526,213,4060985,2001-05-20,2001-05-20,38000276,,,0,0,0,0,6237,0,162864005,4060985,,,IMC 30+ - obesidade
1527,213,0,1987-07-19,1987-07-19,38000276,,,0,0,0,0,6243,0,19169002,4078393,,,Aborto espontâneo na gravidez
1528,214,0,2014-08-19,2014-08-19,38000276,,,0,0,0,0,6267,0,10509002,260139,,,Bronquite aguda
1529,214,0,2011-06-09,2011-06-09,38000276,,,0,0,0,0,6275,0,70704007,78272,,,Entorse de punho
1530,214,0,1999-12-04,1999-12-04,38000276,,,0,0,0,0,6263,0,239873007,4079750,,,Osteoartrite do joelho
1531,214,0,1973-07-23,1973-07-23,38000276,,,0,0,0,0,6268,0,79586000,199076,,,Gravidez tubária
1532,214,0,1971-02-22,1971-02-22,38000276,,,0,0,0,0,6264,0,15777000,40316773,,,Pré-diabetes
1533,214,0,1969-02-17,1969-02-17,38000276,,,0,0,0,0,6274,0,19169002,4078393,,,Aborto espontâneo na gravidez
1534,214,0,1951-10-28,1951-10-28,38000276,,,0,0,0,0,6265,0,40055000,257012,,,Sinusite crônica
1535,215,0,2002-10-04,2002-10-04,38000276,,,0,0,0,0,6288,0,444814009,40481087,,,Infecção viral das vias aéreas superiores
1536,215,0,2000-12-01,2000-12-01,38000276,,,0,0,0,0,6301,0,87433001,261325,,,Enfisema pulmonar
1537,215,4060985,1992-08-14,1992-08-14,38000276,,,0,0,0,0,6289,0,162864005,4060985,,,IMC 30+ - obesidade
1538,215,0,1956-07-15,1956-07-15,38000276,,,0,0,0,0,6285,0,367498001,4280726,,,Gripe sazonal
1539,216,0,2016-09-29,2016-09-29,38000276,,,0,0,0,0,6303,0,195662009,4112343,,,Faringite viral aguda
1540,216,0,2013-10-21,2013-10-21,38000276,,,0,0,0,0,6308,0,40055000,257012,,,Sinusite crônica
1541,216,0,2013-09-30,2013-09-30,38000276,,,0,0,0,0,6309,0,36971009,4283893,,,Sinusite
1542,216,4060985,2004-06-27,2004-06-27,38000276,,,0,0,0,0,6305,0,162864005,4060985,,,IMC 30+ - obesidade
1543,216,4323208,1973-02-23,1973-02-23,38000276,,,0,0,0,0,6311,0,428251008,4323208,,,Histórico de apendicectomia
1544,216,0,1973-02-23,1973-02-23,38000276,,,0,0,0,0,6313,0,74400008,440448,,,Apendicite
1545,216,0,1973-02-23,1973-02-23,38000276,,,0,0,0,0,6313,0,47693006,4166224,,,Ruptura de apêndice
1546,217,0,2019-01-03,2019-01-03,38000276,,,0,0,0,0,6330,0,72892002,4217975,,,Otite média não supurativa
1547,217,0,2018-10-19,2018-10-19,38000276,,,0,0,0,0,6328,0,444814009,40481087,,,Infecção viral das vias aéreas superiores
1548,217,0,2017-11-22,2017-11-22,38000276,,,0,0,0,0,6317,0,195662009,4112343,,,Faringite viral aguda
1549,217,0,2017-08-11,2017-08-11,38000276,,,0,0,0,0,6316,0,271737000,439777,,,Anemia
1550,217,0,2014-06-26,2014-06-26,38000276,,,0,0,0,0,6322,0,38341003,316866,,,Hipertensão arterial
1551,217,0,2013-06-15,2013-06-15,38000276,,,0,0,0,0,6324,0,10509002,260139,,,Bronquite aguda
1552,217,0,2011-01-07,2011-01-07,38000276,,,0,0,0,0,6329,0,370247008,4156265,,,Lesão facial
1553,218,0,2018-10-20,2018-10-20,38000276,,,0,0,0,0,6337,0,72892002,4217975,,,Otite média não supurativa
1554,218,0,2018-02-24,2018-02-24,38000276,,,0,0,0,0,6365,0,398254007,439393,,,Pré-eclâmpsia
1555,218,0,2017-09-09,2017-09-09,38000276,,,0,0,0,0,6368,0,72892002,4217975,,,Otite média não supurativa
1556,218,0,2013-10-19,2013-10-19,38000276,,,0,0,0,0,6350,0,72892002,4217975,,,Otite média não supurativa
1557,218,0,2013-04-27,2013-04-27,38000276,,,0,0,0,0,6340,0,398254007,439393,,,Pré-eclâmpsia
1558,218,0,2012-11-10,2012-11-10,38000276,,,0,0,0,0,6339,0,72892002,4217975,,,Otite média não supurativa
1559,218,0,2012-09-11,2012-09-11,38000276,,,0,0,0,0,6353,0,43878008,28060,,,Faringite estreptocócica
1560,218,0,2012-06-23,2012-06-23,38000276,,,0,0,0,0,6359,0,156073000,40318618,,,Obesidade
1561,218,0,2012-06-23,2012-06-23,38000276,,,0,0,0,0,6359,0,19169002,4078393,,,Aborto espontâneo na gravidez
1562,218,0,2012-06-23,2012-06-23,38000276,,,0,0,0,0,6359,0,72892002,4217975,,,Otite média não supurativa
1563,218,4060985,2011-04-09,2011-04-09,38000276,,,0,0,0,0,6355,0,162864005,4060985,,,IMC 30+ - obesidade
1564,218,0,2007-02-24,2007-02-24,38000276,,,0,0,0,0,6347,0,72892002,4217975,,,Otite média não supurativa
1565,219,0,2017-06-19,2017-06-19,38000276,,,0,0,0,0,6401,0,72892002,4217975,,,Otite média não supurativa
1566,219,4256640,2015-05-18,2015-05-18,38000276,,,0,0,0,0,6431,0,408512008,4256640,,,Alcoolismo relatado pelo paciente
1567,219,0,2015-03-30,2015-03-30,38000276,,,0,0,0,0,6424,0,72892002,4217975,,,Otite média não supurativa
1568,219,0,2013-10-21,2013-10-21,38000276,,,0,0,0,0,6377,0,398254007,439393,,,Pré-eclâmpsia
1569,219,0,2013-05-06,2013-05-06,38000276,,,0,0,0,0,6382,0,72892002,4217975,,,Otite média não supurativa
1570,219,0,2012-06-15,2012-06-15,38000276,,,0,0,0,0,6403,0,195662009,4112343,,,Faringite viral aguda
1571,219,0,2012-06-04,2012-06-04,38000276,,,0,0,0,0,6430,0,35999006,4262136,,,Cegueira
1572,219,0,2012-06-04,2012-06-04,38000276,,,0,0,0,0,6430,0,19169002,4078393,,,Aborto espontâneo na gravidez
1573,219,0,2012-06-04,2012-06-04,38000276,,,0,0,0,0,6430,0,72892002,4217975,,,Otite média não supurativa
1574,219,0,2010-11-01,2010-11-01,38000276,,,0,0,0,0,6390,0,72892002,4217975,,,Otite média não supurativa
1575,219,4060985,1997-07-28,1997-07-28,38000276,,,0,0,0,0,6376,0,162864005,4060985,,,IMC 30+ - obesidade
1576,219,0,1989-07-13,1989-07-13,38000276,,,0,0,0,0,6396,0,271737000,439777,,,Anemia
1577,220,0,2015-05-21,2015-05-21,38000276,,,0,0,0,0,6448,0,10509002,260139,,,Bronquite aguda
1578,220,0,2015-03-11,2015-03-11,38000276,,,0,0,0,0,6452,0,10509002,260139,,,Bronquite aguda
1579,220,0,2013-07-24,2013-07-24,38000276,,,0,0,0,0,6434,0,195662009,4112343,,,Faringite viral aguda
1580,220,0,2011-12-21,2011-12-21,38000276,,,0,0,0,0,6433,0,195662009,4112343,,,Faringite viral aguda
1581,220,0,2008-08-08,2008-08-08,38000276,,,0,0,0,0,6440,0,68496003,4285898,,,Pólipo do cólon
1582,220,0,2005-02-09,2005-02-09,38000276,,,0,0,0,0,6438,0,196416002,4055754,,,Esofagite por refluxo
1583,220,0,1986-09-01,1986-09-01,38000276,,,0,0,0,0,6436,0,15777000,40316773,,,Pré-diabetes
1584,220,0,1980-08-25,1980-08-25,38000276,,,0,0,0,0,6439,0,19169002,4078393,,,Aborto espontâneo na gravidez
1585,220,4060985,1973-05-28,1973-05-28,38000276,,,0,0,0,0,6447,0,162864005,4060985,,,IMC 30+ - obesidade
1586,221,0,2016-01-16,2016-01-16,38000276,,,0,0,0,0,6453,0,38341003,316866,,,Hipertensão arterial
1587,221,0,2015-01-07,2015-01-07,38000276,,,0,0,0,0,6531,0,444814009,40481087,,,Infecção viral das vias aéreas superiores
1588,221,0,2014-10-11,2014-10-11,38000276,,,0,0,0,0,6489,0,44465007,81151,,,Entorse de tornozelo
1589,221,0,2002-07-18,2002-07-18,38000276,,,0,0,0,0,6468,0,446096008,40486433,,,Esteatose hepática perivenular
1590,221,0,2000-06-03,2000-06-03,38000276,,,0,0,0,0,6469,0,24079001,133834,,,Dermatite atópica
1591,222,0,2016-11-26,2016-11-26,38000276,,,0,0,0,0,6556,0,444814009,40481087,,,Infecção viral das vias aéreas superiores
1592,222,0,2014-06-17,2014-06-17,38000276,,,0,0,0,0,6554,0,49436004,313217,,,Fibrilação atrial
1593,222,0,2001-06-05,2001-06-05,38000276,,,0,0,0,0,6544,0,55822004,432867,,,Hiperlipidemia
1594,222,4060985,1996-01-23,1996-01-23,38000276,,,0,0,0,0,6560,0,162864005,4060985,,,IMC 30+ - obesidade
1595,222,0,1967-05-03,1967-05-03,38000276,,,0,0,0,0,6553,0,40055000,257012,,,Sinusite crônica
1596,223,0,2015-01-27,2015-01-27,38000276,,,0,0,0,0,6568,0,444814009,40481087,,,Infecção viral das vias aéreas superiores
1597,223,0,2013-04-09,2013-04-09,38000276,,,0,0,0,0,6589,0,444814009,40481087,,,Infecção viral das vias aéreas superiores
1598,223,0,2009-11-28,2009-11-28,38000276,,,0,0,0,0,6585,0,444814009,40481087,,,Infecção viral das vias aéreas superiores
1599,223,0,2009-11-08,2009-11-08,38000276,,,0,0,0,0,6576,0,55822004,432867,,,Hiperlipidemia
1600,223,0,1999-09-19,1999-09-19,38000276,,,0,0,0,0,6581,0,15777000,40316773,,,Pré-diabetes
1601,223,4060985,1982-05-02,1982-05-02,38000276,,,0,0,0,0,6584,0,162864005,4060985,,,IMC 30+ - obesidade
1602,223,0,1950-08-19,1950-08-19,38000276,,,0,0,0,0,6591,0,40055000,257012,,,Sinusite crônica
1603,224,0,2018-08-04,2018-08-04,38000276,,,0,0,0,0,6594,0,444470001,40479768,,,Lesão do nervo ulnar
1604,224,0,2015-02-02,2015-02-02,38000276,,,0,0,0,0,6602,0,444814009,40481087,,,Infecção viral das vias aéreas superiores
1605,224,0,2012-05-29,2012-05-29,38000276,,,0,0,0,0,6595,0,195662009,4112343,,,Faringite viral aguda
1606,225,0,2017-10-24,2017-10-24,38000276,,,0,0,0,0,6609,0,444814009,40481087,,,Infecção viral das vias aéreas superiores
1607,225,0,2017-09-10,2017-09-10,38000276,,,0,0,0,0,6611,0,444814009,40481087,,,Infecção viral das vias aéreas superiores
1608,225,0,2016-10-16,2016-10-16,38000276,,,0,0,0,0,6615,0,444814009,40481087,,,Infecção viral das vias aéreas superiores
1609,225,0,2012-10-15,2012-10-15,38000276,,,0,0,0,0,6618,0,444814009,40481087,,,Infecção viral das vias aéreas superiores
1610,225,4060985,2009-01-23,2009-01-23,38000276,,,0,0,0,0,6610,0,162864005,4060985,,,IMC 30+ - obesidade
1611,225,0,1987-08-07,1987-08-07,38000276,,,0,0,0,0,6614,0,38341003,316866,,,Hipertensão arterial
1612,226,0,2014-01-27,2014-01-27,38000276,,,0,0,0,0,6621,0,444814009,40481087,,,Infecção viral das vias aéreas superiores
1613,226,0,2011-07-21,2011-07-21,38000276,,,0,0,0,0,6630,0,444814009,40481087,,,Infecção viral das vias aéreas superiores
1614,226,0,2011-02-05,2011-02-05,38000276,,,0,0,0,0,6628,0,444814009,40481087,,,Infecção viral das vias aéreas superiores
1615,226,0,2011-01-14,2011-01-14,38000276,,,0,0,0,0,6632,0,195662009,4112343,,,Faringite viral aguda
1616,226,4256640,2000-12-14,2000-12-14,38000276,,,0,0,0,0,6622,0,408512008,4256640,,,Alcoolismo relatado pelo paciente
1617,226,0,1993-03-11,1993-03-11,38000276,,,0,0,0,0,6633,0,38341003,316866,,,Hipertensão arterial
1618,226,4060985,1982-12-23,1982-12-23,38000276,,,0,0,0,0,6626,0,162864005,4060985,,,IMC 30+ - obesidade
1619,227,0,2018-01-06,2018-01-06,38000276,,,0,0,0,0,6638,0,444814009,40481087,,,Infecção viral das vias aéreas superiores
1620,227,0,2017-07-24,2017-07-24,38000276,,,0,0,0,0,6637,0,262574004,4094814,,,Ferimento por arma branca
1621,227,0,2015-04-25,2015-04-25,38000276,,,0,0,0,0,6639,0,444814009,40481087,,,Infecção viral das vias aéreas superiores
1622,227,0,2015-01-23,2015-01-23,38000276,,,0,0,0,0,6644,0,15777000,40316773,,,Pré-diabetes
1623,228,0,2016-05-26,2016-05-26,38000276,,,0,0,0,0,6680,0,444814009,40481087,,,Infecção viral das vias aéreas superiores
1624,228,0,2013-05-05,2013-05-05,38000276,,,0,0,0,0,6661,0,713197008,37017023,,,Fibrose cística recorrente
1625,228,0,2012-04-10,2012-04-10,38000276,,,0,0,0,0,6689,0,68496003,4285898,,,Pólipo do cólon
1626,228,0,2011-12-26,2011-12-26,38000276,,,0,0,0,0,6648,0,359817006,4230399,,,Doença renal crônica estágio 2
1627,228,0,2010-01-28,2010-01-28,38000276,,,0,0,0,0,6700,0,195662009,4112343,,,Faringite viral aguda
1628,228,0,2003-05-08,2003-05-08,38000276,,,0,0,0,0,6654,0,92691004,200970,,,Carcinoma in situ de próstata
1629,228,0,2003-05-08,2003-05-08,38000276,,,0,0,0,0,6654,0,126906006,4129902,,,Neoplasia de bexiga
1630,228,0,1992-04-02,1992-04-02,38000276,,,0,0,0,0,6672,0,239872002,4079749,,,Osteoartrite do quadril
1631,228,0,1986-07-11,1986-07-11,38000276,,,0,0,0,0,6668,0,40055000,257012,,,Sinusite crônica
1632,228,0,1986-04-30,1986-04-30,38000276,,,0,0,0,0,6674,0,55822004,432867,,,Hiperlipidemia
1633,228,4060985,1984-04-25,1984-04-25,38000276,,,0,0,0,0,6664,0,162864005,4060985,,,IMC 30+ - obesidade
1634,229,0,2009-11-12,2009-11-12,38000276,,,0,0,0,0,6703,0,10509002,260139,,,Bronquite aguda
1635,230,0,2018-07-04,2018-07-04,38000276,,,0,0,0,0,6727,0,195662009,4112343,,,Faringite viral aguda
1636,230,0,2015-02-24,2015-02-24,38000276,,,0,0,0,0,6725,0,40055000,257012,,,Sinusite crônica
1637,230,0,2015-02-03,2015-02-03,38000276,,,0,0,0,0,6724,0,36971009,4283893,,,Sinusite
1638,230,0,2014-07-07,2014-07-07,38000276,,,0,0,0,0,6721,0,10509002,260139,,,Bronquite aguda
1639,230,0,2014-01-10,2014-01-10,38000276,,,0,0,0,0,6723,0,43878008,28060,,,Faringite estreptocócica
1640,230,4060985,2013-10-23,2013-10-23,38000276,,,0,0,0,0,6722,0,162864005,4060985,,,IMC 30+ - obesidade
1641,231,0,2015-12-07,2015-12-07,38000276,,,0,0,0,0,6739,0,301011002,4116491,,,Infecção do trato urinário por E. coli
1642,231,0,2014-12-24,2014-12-24,38000276,,,0,0,0,0,6769,0,10509002,260139,,,Bronquite aguda
1643,231,0,2014-10-24,2014-10-24,38000276,,,0,0,0,0,6741,0,301011002,4116491,,,Infecção do trato urinário por E. coli
1644,231,0,2014-07-25,2014-07-25,38000276,,,0,0,0,0,6762,0,195662009,4112343,,,Faringite viral aguda
1645,231,0,2012-10-25,2012-10-25,38000276,,,0,0,0,0,6744,0,35999006,4262136,,,Cegueira
1646,231,0,2012-10-25,2012-10-25,38000276,,,0,0,0,0,6744,0,19169002,4078393,,,Aborto espontâneo na gravidez
1647,231,0,2012-10-25,2012-10-25,38000276,,,0,0,0,0,6744,0,72892002,4217975,,,Otite média não supurativa
1648,231,4256640,2010-08-19,2010-08-19,38000276,,,0,0,0,0,6730,0,408512008,4256640,,,Alcoolismo relatado pelo paciente
1649,231,4060985,1994-02-10,1994-02-10,38000276,,,0,0,0,0,6757,0,162864005,4060985,,,IMC 30+ - obesidade
1650,231,0,1969-11-11,1969-11-11,38000276,,,0,0,0,0,6749,0,446096008,40486433,,,Esteatose hepática perivenular
1651,231,0,1964-12-12,1964-12-12,38000276,,,0,0,0,0,6740,0,24079001,133834,,,Dermatite atópica
1652,232,0,2017-12-10,2017-12-10,38000276,,,0,0,0,0,6790,0,444814009,40481087,,,Infecção viral das vias aéreas superiores
1653,232,0,2016-09-07,2016-09-07,38000276,,,0,0,0,0,6787,0,40055000,257012,,,Sinusite crônica
1654,232,0,2016-07-27,2016-07-27,38000276,,,0,0,0,0,6779,0,36971009,4283893,,,Sinusite
1655,232,0,2009-09-26,2009-09-26,38000276,,,0,0,0,0,6783,0,239872002,4079749,,,Osteoartrite do quadril
1656,232,4060985,1999-07-14,1999-07-14,38000276,,,0,0,0,0,6788,0,162864005,4060985,,,IMC 30+ - obesidade
1657,233,0,2013-09-10,2013-09-10,38000276,,,0,0,0,0,6794,0,444814009,40481087,,,Infecção viral das vias aéreas superiores
1658,233,0,2011-05-08,2011-05-08,38000276,,,0,0,0,0,6791,0,444814009,40481087,,,Infecção viral das vias aéreas superiores
1659,233,0,2011-05-06,2011-05-06,38000276,,,0,0,0,0,6801,0,68496003,4285898,,,Pólipo do cólon
1660,233,4323208,2011-04-24,2011-04-24,38000276,,,0,0,0,0,6809,0,428251008,4323208,,,Histórico de apendicectomia
1661,233,0,2011-04-24,2011-04-24,38000276,,,0,0,0,0,6815,0,74400008,440448,,,Apendicite
1662,233,0,2009-05-15,2009-05-15,38000276,,,0,0,0,0,6803,0,15777000,40316773,,,Pré-diabetes
1663,233,0,2003-05-02,2003-05-02,38000276,,,0,0,0,0,6807,0,55822004,432867,,,Hiperlipidemia
1664,233,4060985,1998-04-24,1998-04-24,38000276,,,0,0,0,0,6804,0,162864005,4060985,,,IMC 30+ - obesidade
1665,233,0,1980-05-09,1980-05-09,38000276,,,0,0,0,0,6811,0,38341003,316866,,,Hipertensão arterial
1666,234,0,2012-01-20,2012-01-20,38000276,,,0,0,0,0,6838,0,10509002,260139,,,Bronquite aguda
1667,234,4060985,1996-02-11,1996-02-11,38000276,,,0,0,0,0,6833,0,162864005,4060985,,,IMC 30+ - obesidade
1668,234,0,1975-05-18,1975-05-18,38000276,,,0,0,0,0,6828,0,38341003,316866,,,Hipertensão arterial
1669,235,0,2018-11-07,2018-11-07,38000276,,,0,0,0,0,6853,0,44465007,81151,,,Entorse de tornozelo
1670,235,0,2014-01-27,2014-01-27,38000276,,,0,0,0,0,6850,0,36971009,4283893,,,Sinusite
1671,235,0,2013-04-29,2013-04-29,38000276,,,0,0,0,0,6842,0,10509002,260139,,,Bronquite aguda
1672,235,0,2011-11-28,2011-11-28,38000276,,,0,0,0,0,6863,0,40055000,257012,,,Sinusite crônica
1673,235,0,2011-10-03,2011-10-03,38000276,,,0,0,0,0,6849,0,75498004,4294548,,,Infecção bacteriana aguda
1674,235,0,2001-03-26,2001-03-26,38000276,,,0,0,0,0,6841,0,15777000,40316773,,,Pré-diabetes
1675,235,0,1986-05-02,1986-05-02,38000276,,,0,0,0,0,6861,0,197927001,4056621,,,Uretrite recorrente
1676,235,4060985,1985-12-16,1985-12-16,38000276,,,0,0,0,0,6862,0,162864005,4060985,,,IMC 30+ - obesidade
1677,236,0,2016-05-16,2016-05-16,38000276,,,0,0,0,0,6873,0,72892002,4217975,,,Otite média não supurativa
1678,236,0,2015-12-20,2015-12-20,38000276,,,0,0,0,0,6919,0,72892002,4217975,,,Otite média não supurativa
1679,236,0,2015-09-07,2015-09-07,38000276,,,0,0,0,0,6920,0,156073000,40318618,,,Obesidade
1680,236,0,2015-09-07,2015-09-07,38000276,,,0,0,0,0,6920,0,72892002,4217975,,,Otite média não supurativa
1681,236,0,2014-11-05,2014-11-05,38000276,,,0,0,0,0,6901,0,195662009,4112343,,,Faringite viral aguda
1682,236,0,2013-04-12,2013-04-12,38000276,,,0,0,0,0,6940,0,55680006,4208104,,,Overdose de droga
1683,236,4060985,2012-12-02,2012-12-02,38000276,,,0,0,0,0,6869,0,162864005,4060985,,,IMC 30+ - obesidade
1684,236,0,2012-08-20,2012-08-20,38000276,,,0,0,0,0,6909,0,72892002,4217975,,,Otite média não supurativa
1685,236,0,2012-03-04,2012-03-04,38000276,,,0,0,0,0,6876,0,72892002,4217975,,,Otite média não supurativa
1686,236,0,2011-01-02,2011-01-02,38000276,,,0,0,0,0,6877,0,72892002,4217975,,,Otite média não supurativa
1687,236,0,2006-11-05,2006-11-05,38000276,,,0,0,0,0,6939,0,19169002,4078393,,,Aborto espontâneo na gravidez
1688,236,0,2002-12-23,2002-12-23,38000276,,,0,0,0,0,6925,0,82423001,436096,,,Dor crônica
1689,236,0,2002-05-25,2002-05-25,38000276,,,0,0,0,0,6879,0,196416002,4055754,,,Esofagite por refluxo
1690,236,0,2001-12-29,2001-12-29,38000276,,,0,0,0,0,6921,0,124171000119105,43530652,,,Nefropatia diabética crônica
1691,237,0,2018-01-31,2018-01-31,38000276,,,0,0,0,0,6959,0,444814009,40481087,,,Infecção viral das vias aéreas superiores
1692,237,0,2013-02-04,2013-02-04,38000276,,,0,0,0,0,6961,0,444814009,40481087,,,Infecção viral das vias aéreas superiores
1693,237,0,2009-12-07,2009-12-07,38000276,,,0,0,0,0,6962,0,44465007,81151,,,Entorse de tornozelo
1694,237,0,2009-02-20,2009-02-20,38000276,,,0,0,0,0,6960,0,195662009,4112343,,,Faringite viral aguda
1695,237,0,2000-01-11,2000-01-11,38000276,,,0,0,0,0,6964,0,15777000,40316773,,,Pré-diabetes
1696,238,0,2017-10-26,2017-10-26,38000276,,,0,0,0,0,6972,0,72892002,4217975,,,Otite média não supurativa
1697,238,0,2012-07-05,2012-07-05,38000276,,,0,0,0,0,6997,0,72892002,4217975,,,Otite média não supurativa
1698,238,4060985,2005-05-12,2005-05-12,38000276,,,0,0,0,0,6994,0,162864005,4060985,,,IMC 30+ - obesidade
1699,239,0,2017-07-02,2017-07-02,38000276,,,0,0,0,0,7015,0,195662009,4112343,,,Faringite viral aguda
1700,239,0,2015-09-13,2015-09-13,38000276,,,0,0,0,0,7013,0,38341003,316866,,,Hipertensão arterial
1701,239,0,2013-11-20,2013-11-20,38000276,,,0,0,0,0,7008,0,284549007,4113008,,,Laceração de mão
1702,239,0,2013-01-10,2013-01-10,38000276,,,0,0,0,0,7005,0,70704007,78272,,,Entorse de punho
1703,239,0,2000-08-07,2000-08-07,38000276,,,0,0,0,0,7006,0,40055000,257012,,,Sinusite crônica
1704,240,0,2005-12-07,2005-12-07,38000276,,,0,0,0,0,7029,0,195662009,4112343,,,Faringite viral aguda
1705,240,0,2005-01-01,2005-01-01,38000276,,,0,0,0,0,7024,0,44465007,81151,,,Entorse de tornozelo
1706,240,0,2002-11-13,2002-11-13,38000276,,,0,0,0,0,7020,0,263102004,4134304,,,Ruptura de menisco
1707,240,4163874,1995-08-20,1995-08-20,38000276,,,0,0,0,0,7033,0,399211009,4163874,,,Histórico de infarto do miocárdio
1708,240,0,1995-08-20,1995-08-20,38000276,,,0,0,0,0,7033,0,22298006,4329847,,,Infarto do miocárdio
1709,240,0,1994-04-03,1994-04-03,38000276,,,0,0,0,0,7035,0,53741008,317576,,,Doença arterial coronariana
1710,240,0,1975-03-09,1975-03-09,38000276,,,0,0,0,0,7019,0,15777000,40316773,,,Pré-diabetes
1711,240,0,1975-03-09,1975-03-09,38000276,,,0,0,0,0,7019,0,38341003,316866,,,Hipertensão arterial
1712,241,0,2013-08-01,2013-08-01,38000276,,,0,0,0,0,7064,0,444814009,40481087,,,Infecção viral das vias aéreas superiores
1713,241,0,2013-02-24,2013-02-24,38000276,,,0,0,0,0,7048,0,35999006,4262136,,,Cegueira
1714,241,0,2013-02-24,2013-02-24,38000276,,,0,0,0,0,7048,0,72892002,4217975,,,Otite média não supurativa
1715,241,0,2008-09-14,2008-09-14,38000276,,,0,0,0,0,7044,0,72892002,4217975,,,Otite média não supurativa
1716,241,0,2003-05-25,2003-05-25,38000276,,,0,0,0,0,7052,0,15777000,40316773,,,Pré-diabetes
1717,241,0,2001-02-18,2001-02-18,38000276,,,0,0,0,0,7053,0,79586000,199076,,,Gravidez tubária
1718,241,0,2000-10-22,2000-10-22,38000276,,,0,0,0,0,7040,0,19169002,4078393,,,Aborto espontâneo na gravidez
1719,241,4060985,1989-03-12,1989-03-12,38000276,,,0,0,0,0,7042,0,162864005,4060985,,,IMC 30+ - obesidade
1720,241,0,1982-02-28,1982-02-28,38000276,,,0,0,0,0,7049,0,38341003,316866,,,Hipertensão arterial
1721,242,0,2014-08-15,2014-08-15,38000276,,,0,0,0,0,7080,0,195662009,4112343,,,Faringite viral aguda
1722,242,0,2014-01-01,2014-01-01,38000276,,,0,0,0,0,7069,0,195662009,4112343,,,Faringite viral aguda
1723,242,0,2012-10-06,2012-10-06,38000276,,,0,0,0,0,7082,0,68496003,4285898,,,Pólipo do cólon
1724,242,0,2009-11-03,2009-11-03,38000276,,,0,0,0,0,7079,0,10509002,260139,,,Bronquite aguda
1725,242,0,2008-12-12,2008-12-12,38000276,,,0,0,0,0,7078,0,55822004,432867,,,Hiperlipidemia
1726,242,0,1981-12-25,1981-12-25,38000276,,,0,0,0,0,7071,0,15777000,40316773,,,Pré-diabetes
1727,243,0,2017-07-06,2017-07-06,38000276,,,0,0,0,0,7094,0,444814009,40481087,,,Infecção viral das vias aéreas superiores
1728,243,0,2011-08-22,2011-08-22,38000276,,,0,0,0,0,7099,0,70704007,78272,,,Entorse de punho
1729,243,0,2011-06-17,2011-06-17,38000276,,,0,0,0,0,7101,0,195662009,4112343,,,Faringite viral aguda
1730,243,0,1994-06-28,1994-06-28,38000276,,,0,0,0,0,7098,0,446096008,40486433,,,Esteatose hepática perivenular
1731,244,0,2018-06-25,2018-06-25,38000276,,,0,0,0,0,7121,0,10509002,260139,,,Bronquite aguda
1732,244,0,2016-02-09,2016-02-09,38000276,,,0,0,0,0,7105,0,195662009,4112343,,,Faringite viral aguda
1733,244,0,2014-12-12,2014-12-12,38000276,,,0,0,0,0,7111,0,65363002,372328,,,Otite média
1734,245,0,2016-12-17,2016-12-17,38000276,,,0,0,0,0,7169,0,444814009,40481087,,,Infecção viral das vias aéreas superiores
1735,245,0,2013-04-27,2013-04-27,38000276,,,0,0,0,0,7179,0,195662009,4112343,,,Faringite viral aguda
1736,245,0,2011-02-27,2011-02-27,38000276,,,0,0,0,0,7180,0,195662009,4112343,,,Faringite viral aguda
1737,245,0,2010-07-18,2010-07-18,38000276,,,0,0,0,0,7144,0,10509002,260139,,,Bronquite aguda
1738,245,0,2009-07-12,2009-07-12,38000276,,,0,0,0,0,7165,0,38822007,195588,,,Cistite
1739,245,0,2005-09-05,2005-09-05,38000276,,,0,0,0,0,7159,0,19169002,4078393,,,Aborto espontâneo na gravidez
1740,245,45766064,1987-07-18,1987-07-18,38000276,,,0,0,0,0,7155,0,703151001,45766064,,,Histórico de artroplastia de joelho
1741,245,0,1987-07-18,1987-07-18,38000276,,,0,0,0,0,7155,0,128613002,4029498,,,Transtorno convulsivo
1742,246,0,2017-12-02,2017-12-02,38000276,,,0,0,0,0,7190,0,10509002,260139,,,Bronquite aguda
1743,246,0,2014-06-28,2014-06-28,38000276,,,0,0,0,0,7192,0,10509002,260139,,,Bronquite aguda
1744,246,0,2012-07-25,2012-07-25,38000276,,,0,0,0,0,7186,0,359817006,4230399,,,Doença renal crônica estágio 2
1745,247,0,2014-04-13,2014-04-13,38000276,,,0,0,0,0,7207,0,444814009,40481087,,,Infecção viral das vias aéreas superiores
1746,247,4256640,2011-02-25,2011-02-25,38000276,,,0,0,0,0,7206,0,408512008,4256640,,,Alcoolismo relatado pelo paciente
1747,247,4060985,1991-04-19,1991-04-19,38000276,,,0,0,0,0,7204,0,162864005,4060985,,,IMC 30+ - obesidade
1748,248,0,2018-07-05,2018-07-05,38000276,,,0,0,0,0,7219,0,72892002,4217975,,,Otite média não supurativa
1749,248,0,2014-06-09,2014-06-09,38000276,,,0,0,0,0,7220,0,195662009,4112343,,,Faringite viral aguda
1750,249,0,2014-10-24,2014-10-24,38000276,,,0,0,0,0,7256,0,444814009,40481087,,,Infecção viral das vias aéreas superiores
1751,249,0,2011-08-08,2011-08-08,38000276,,,0,0,0,0,7247,0,65363002,372328,,,Otite média
1752,249,0,2011-02-09,2011-02-09,38000276,,,0,0,0,0,7254,0,241929008,4084167,,,Reação alérgica a alimento
1753,249,0,2010-06-21,2010-06-21,38000276,,,0,0,0,0,7237,0,24079001,133834,,,Dermatite atópica
1754,249,0,2010-06-20,2010-06-20,38000276,,,0,0,0,0,7259,0,444814009,40481087,,,Infecção viral das vias aéreas superiores
1755,249,0,2008-09-14,2008-09-14,38000276,,,0,0,0,0,7242,0,367498001,4280726,,,Gripe sazonal
1756,250,0,2012-01-12,2012-01-12,38000276,,,0,0,0,0,7273,0,444814009,40481087,,,Infecção viral das vias aéreas superiores
1757,250,0,2010-12-18,2010-12-18,38000276,,,0,0,0,0,7260,0,444814009,40481087,,,Infecção viral das vias aéreas superiores
1758,250,0,2008-06-21,2008-06-21,38000276,,,0,0,0,0,7261,0,109838007,79740,,,Carcinoma de cólon
1759,250,0,2008-06-16,2008-06-16,38000276,,,0,0,0,0,7263,0,713197008,37017023,,,Fibrose cística recorrente
1760,250,0,2007-04-23,2007-04-23,38000276,,,0,0,0,0,7274,0,68496003,4285898,,,Pólipo do cólon
1761,250,0,2006-05-17,2006-05-17,38000276,,,0,0,0,0,7277,0,15777000,40316773,,,Pré-diabetes
1762,250,4060985,1992-04-29,1992-04-29,38000276,,,0,0,0,0,7264,0,162864005,4060985,,,IMC 30+ - obesidade
1763,250,42709996,1987-02-25,1987-02-25,38000276,,,0,0,0,0,7278,0,449868002,42709996,,,Fumante atual de cigarro
1764,250,0,1984-02-22,1984-02-22,38000276,,,0,0,0,0,7275,0,5602001,438130,,,Dor por opioides
1765,250,0,1964-10-08,1964-10-08,38000276,,,0,0,0,0,7269,0,40055000,257012,,,Sinusite crônica
1766,251,0,2015-12-29,2015-12-29,38000276,,,0,0,0,0,7304,0,444814009,40481087,,,Infecção viral das vias aéreas superiores
1767,251,0,2014-09-12,2014-09-12,38000276,,,0,0,0,0,7293,0,444814009,40481087,,,Infecção viral das vias aéreas superiores
1768,251,0,2012-06-08,2012-06-08,38000276,,,0,0,0,0,7310,0,444814009,40481087,,,Infecção viral das vias aéreas superiores
1769,251,0,2011-04-15,2011-04-15,38000276,,,0,0,0,0,7311,0,10509002,260139,,,Bronquite aguda
1770,251,0,2011-02-21,2011-02-21,38000276,,,0,0,0,0,7299,0,444814009,40481087,,,Infecção viral das vias aéreas superiores
1771,251,0,2010-11-15,2010-11-15,38000276,,,0,0,0,0,7289,0,403191005,4296205,,,Queimadura solar de segundo grau
1772,251,0,2007-05-02,2007-05-02,38000276,,,0,0,0,0,7313,0,232353008,4048171,,,Perfuração do tímpano
1773,251,0,2007-02-11,2007-02-11,38000276,,,0,0,0,0,7283,0,24079001,133834,,,Dermatite atópica
1774,251,0,2006-05-02,2006-05-02,38000276,,,0,0,0,0,7291,0,233678006,4051466,,,Asma na infância
1775,252,0,2018-12-17,2018-12-17,38000276,,,0,0,0,0,7329,0,10509002,260139,,,Bronquite aguda
1776,252,0,2015-07-08,2015-07-08,38000276,,,0,0,0,0,7318,0,195662009,4112343,,,Faringite viral aguda
1777,252,0,2010-02-12,2010-02-12,38000276,,,0,0,0,0,7315,0,444814009,40481087,,,Infecção viral das vias aéreas superiores
1778,252,0,2010-01-17,2010-01-17,38000276,,,0,0,0,0,7316,0,15777000,40316773,,,Pré-diabetes
1779,252,4256640,2002-05-19,2002-05-19,38000276,,,0,0,0,0,7332,0,408512008,4256640,,,Alcoolismo relatado pelo paciente
1780,252,4060985,1988-04-17,1988-04-17,38000276,,,0,0,0,0,7314,0,162864005,4060985,,,IMC 30+ - obesidade
1781,252,0,1987-07-12,1987-07-12,38000276,,,0,0,0,0,7330,0,19169002,4078393,,,Aborto espontâneo na gravidez
1782,253,0,2017-11-05,2017-11-05,38000276,,,0,0,0,0,7358,0,10509002,260139,,,Bronquite aguda
1783,253,0,2017-05-26,2017-05-26,38000276,,,0,0,0,0,7352,0,36971009,4283893,,,Sinusite
1784,253,0,2014-12-21,2014-12-21,38000276,,,0,0,0,0,7338,0,58150001,4237458,,,Fratura de clavícula
1785,253,0,2013-10-27,2013-10-27,38000276,,,0,0,0,0,7336,0,16114001,4059173,,,Fratura de tornozelo
1786,253,0,2013-08-02,2013-08-02,38000276,,,0,0,0,0,7351,0,444814009,40481087,,,Infecção viral das vias aéreas superiores
1787,253,0,2006-03-07,2006-03-07,38000276,,,0,0,0,0,7353,0,92691004,200970,,,Carcinoma in situ de próstata
1788,253,0,2006-03-07,2006-03-07,38000276,,,0,0,0,0,7353,0,126906006,4129902,,,Neoplasia de bexiga
1789,253,0,1988-04-23,1988-04-23,38000276,,,0,0,0,0,7357,0,40055000,257012,,,Sinusite crônica
1790,253,42709996,1979-07-02,1979-07-02,38000276,,,0,0,0,0,7349,0,449868002,42709996,,,Fumante atual de cigarro
1791,253,0,1977-06-19,1977-06-19,38000276,,,0,0,0,0,7337,0,201834006,75036,,,Dermatite perioral
1792,253,0,1973-06-25,1973-06-25,38000276,,,0,0,0,0,7360,0,15777000,40316773,,,Pré-diabetes
1793,253,4060985,1965-02-15,1965-02-15,38000276,,,0,0,0,0,7344,0,162864005,4060985,,,IMC 30+ - obesidade
1794,254,0,2015-04-12,2015-04-12,38000276,,,0,0,0,0,7390,0,195662009,4112343,,,Faringite viral aguda
1795,254,0,2014-05-20,2014-05-20,38000276,,,0,0,0,0,7386,0,444814009,40481087,,,Infecção viral das vias aéreas superiores
1796,254,4060985,2014-04-29,2014-04-29,38000276,,,0,0,0,0,7393,0,162864005,4060985,,,IMC 30+ - obesidade
1797,254,0,2013-03-12,2013-03-12,38000276,,,0,0,0,0,7404,0,72892002,4217975,,,Otite média não supurativa
1798,254,0,2009-08-21,2009-08-21,38000276,,,0,0,0,0,7364,0,444814009,40481087,,,Infecção viral das vias aéreas superiores
1799,254,0,2006-03-07,2006-03-07,38000276,,,0,0,0,0,7395,0,19169002,4078393,,,Aborto espontâneo na gravidez
1800,255,0,2012-11-25,2012-11-25,38000276,,,0,0,0,0,7413,0,87433001,261325,,,Enfisema pulmonar
1801,255,0,2007-03-04,2007-03-04,38000276,,,0,0,0,0,7416,0,195662009,4112343,,,Faringite viral aguda
1802,255,0,2005-04-25,2005-04-25,38000276,,,0,0,0,0,7415,0,44465007,81151,,,Entorse de tornozelo
1803,255,0,2005-04-14,2005-04-14,38000276,,,0,0,0,0,7421,0,10509002,260139,,,Bronquite aguda
1804,255,0,2004-06-06,2004-06-06,38000276,,,0,0,0,0,7410,0,195662009,4112343,,,Faringite viral aguda
1805,255,0,2003-01-06,2003-01-06,38000276,,,0,0,0,0,7426,0,65966004,4278672,,,Fratura do fêmur
1806,255,0,1983-07-17,1983-07-17,38000276,,,0,0,0,0,7422,0,15777000,40316773,,,Pré-diabetes
1807,255,0,1976-07-04,1976-07-04,38000276,,,0,0,0,0,7425,0,38341003,316866,,,Hipertensão arterial
1808,255,0,1976-06-17,1976-06-17,38000276,,,0,0,0,0,7424,0,40055000,257012,,,Sinusite crônica
1809,256,0,2018-09-12,2018-09-12,38000276,,,0,0,0,0,7448,0,444814009,40481087,,,Infecção viral das vias aéreas superiores
1810,256,0,2017-02-10,2017-02-10,38000276,,,0,0,0,0,7456,0,44465007,81151,,,Entorse de tornozelo
1811,256,0,2016-04-15,2016-04-15,38000276,,,0,0,0,0,7458,0,446096008,40486433,,,Esteatose hepática perivenular
1812,256,0,2014-04-16,2014-04-16,38000276,,,0,0,0,0,7439,0,233678006,4051466,,,Asma na infância
1813,256,0,2013-05-06,2013-05-06,38000276,,,0,0,0,0,7451,0,195662009,4112343,,,Faringite viral aguda
1814,256,0,2013-05-04,2013-05-04,38000276,,,0,0,0,0,7440,0,44465007,81151,,,Entorse de tornozelo
1815,256,0,2012-09-06,2012-09-06,38000276,,,0,0,0,0,7444,0,65363002,372328,,,Otite média
1816,257,0,2018-09-11,2018-09-11,38000276,,,0,0,0,0,7478,0,195662009,4112343,,,Faringite viral aguda
1817,257,0,2016-02-21,2016-02-21,38000276,,,0,0,0,0,7488,0,72892002,4217975,,,Otite média não supurativa
1818,257,4060985,2005-02-20,2005-02-20,38000276,,,0,0,0,0,7475,0,162864005,4060985,,,IMC 30+ - obesidade
1819,257,0,1989-10-29,1989-10-29,38000276,,,0,0,0,0,7471,0,40055000,257012,,,Sinusite crônica
1820,258,0,2018-04-25,2018-04-25,38000276,,,0,0,0,0,7507,0,283385000,4152936,,,Laceração de ombro
1821,258,0,2015-01-01,2015-01-01,38000276,,,0,0,0,0,7494,0,444814009,40481087,,,Infecção viral das vias aéreas superiores
1822,258,4323208,2012-10-21,2012-10-21,38000276,,,0,0,0,0,7509,0,428251008,4323208,,,Histórico de apendicectomia
1823,258,0,2012-10-21,2012-10-21,38000276,,,0,0,0,0,7502,0,74400008,440448,,,Apendicite
1824,258,0,2011-09-13,2011-09-13,38000276,,,0,0,0,0,7499,0,43878008,28060,,,Faringite estreptocócica
1825,258,0,2011-06-18,2011-06-18,38000276,,,0,0,0,0,7511,0,398254007,439393,,,Pré-eclâmpsia
1826,258,4060985,2011-05-28,2011-05-28,38000276,,,0,0,0,0,7508,0,162864005,4060985,,,IMC 30+ - obesidade
1827,258,0,2011-01-01,2011-01-01,38000276,,,0,0,0,0,7500,0,72892002,4217975,,,Otite média não supurativa
1828,258,0,2010-09-06,2010-09-06,38000276,,,0,0,0,0,7489,0,44465007,81151,,,Entorse de tornozelo
1829,259,0,2017-08-14,2017-08-14,38000276,,,0,0,0,0,7522,0,58150001,4237458,,,Fratura de clavícula
1830,259,0,2016-07-20,2016-07-20,38000276,,,0,0,0,0,7520,0,62106007,378001,,,Concussão com perda de consciência
1831,260,0,2018-12-08,2018-12-08,38000276,,,0,0,0,0,7548,0,444814009,40481087,,,Infecção viral das vias aéreas superiores
1832,260,0,2011-07-21,2011-07-21,38000276,,,0,0,0,0,7549,0,444814009,40481087,,,Infecção viral das vias aéreas superiores
1833,260,0,2001-02-24,2001-02-24,38000276,,,0,0,0,0,7532,0,15777000,40316773,,,Pré-diabetes
1834,260,0,1984-05-19,1984-05-19,38000276,,,0,0,0,0,7534,0,38341003,316866,,,Hipertensão arterial
1835,261,0,2017-07-27,2017-07-27,38000276,,,0,0,0,0,7574,0,198992004,137613,,,Pré-eclâmpsia leve
1836,261,0,2017-01-12,2017-01-12,38000276,,,0,0,0,0,7573,0,72892002,4217975,,,Otite média não supurativa
1837,261,0,2012-09-20,2012-09-20,38000276,,,0,0,0,0,7566,0,1551000119108,43530656,,,Retinopatia diabética não proliferativa
1838,261,0,2009-02-02,2009-02-02,38000276,,,0,0,0,0,7591,0,444814009,40481087,,,Infecção viral das vias aéreas superiores
1839,261,0,2009-01-01,2009-01-01,38000276,,,0,0,0,0,7587,0,72892002,4217975,,,Otite média não supurativa
1840,261,0,2004-01-22,2004-01-22,38000276,,,0,0,0,0,7572,0,368581000119106,37016354,,,Neuropatia por diabetes tipo 2
1841,261,0,2004-01-22,2004-01-22,38000276,,,0,0,0,0,7572,0,422034002,4226121,,,Retinopatia diabética proliferativa
1842,261,0,2004-01-22,2004-01-22,38000276,,,0,0,0,0,7572,0,237602007,436940,,,Síndrome metabólica
1843,261,0,2004-01-22,2004-01-22,38000276,,,0,0,0,0,7572,0,80394007,4214376,,,Hiperglicemia
1844,261,0,2001-01-18,2001-01-18,38000276,,,0,0,0,0,7590,0,302870006,4120314,,,Hipertrigliceridemia
1845,261,0,1998-01-15,1998-01-15,38000276,,,0,0,0,0,7576,0,44054006,201826,,,Diabetes mellitus tipo 2
1846,261,0,1991-01-03,1991-01-03,38000276,,,0,0,0,0,7581,0,38341003,316866,,,Hipertensão arterial
1847,262,0,2018-03-31,2018-03-31,38000276,,,0,0,0,0,7596,0,127013003,192279,,,Nefropatia diabética
1848,262,0,2018-03-31,2018-03-31,38000276,,,0,0,0,0,7596,0,431855005,443614,,,Doença renal crônica estágio 1
1849,262,0,2018-03-31,2018-03-31,38000276,,,0,0,0,0,7596,0,237602007,436940,,,Síndrome metabólica
1850,262,0,2018-03-31,2018-03-31,38000276,,,0,0,0,0,7596,0,302870006,4120314,,,Hipertrigliceridemia
1851,262,0,2018-03-31,2018-03-31,38000276,,,0,0,0,0,7596,0,80394007,4214376,,,Hiperglicemia
1852,262,0,2017-07-15,2017-07-15,38000276,,,0,0,0,0,7597,0,44054006,201826,,,Diabetes mellitus tipo 2
1853,262,0,2016-10-19,2016-10-19,38000276,,,0,0,0,0,7604,0,444814009,40481087,,,Infecção viral das vias aéreas superiores
1854,262,0,2013-11-18,2013-11-18,38000276,,,0,0,0,0,7601,0,444814009,40481087,,,Infecção viral das vias aéreas superiores
1855,262,0,2011-11-23,2011-11-23,38000276,,,0,0,0,0,7599,0,39848009,4218389,,,Lesão em chicote do pescoço
1856,262,4060985,2005-11-05,2005-11-05,38000276,,,0,0,0,0,7602,0,162864005,4060985,,,IMC 30+ - obesidade
1857,262,0,1989-10-14,1989-10-14,38000276,,,0,0,0,0,7603,0,38341003,316866,,,Hipertensão arterial
1858,263,4256640,2019-01-08,2019-01-08,38000276,,,0,0,0,0,7606,0,408512008,4256640,,,Alcoolismo relatado pelo paciente
1859,263,0,2018-05-11,2018-05-11,38000276,,,0,0,0,0,7626,0,283385000,4152936,,,Laceração de ombro
1860,263,0,2015-02-23,2015-02-23,38000276,,,0,0,0,0,7639,0,40055000,257012,,,Sinusite crônica
1861,263,0,2014-12-01,2014-12-01,38000276,,,0,0,0,0,7635,0,36971009,4283893,,,Sinusite
1862,263,0,2014-04-24,2014-04-24,38000276,,,0,0,0,0,7616,0,195662009,4112343,,,Faringite viral aguda
1863,263,0,2012-12-24,2012-12-24,38000276,,,0,0,0,0,7619,0,10509002,260139,,,Bronquite aguda
1864,263,0,2010-02-09,2010-02-09,38000276,,,0,0,0,0,7622,0,72892002,4217975,,,Otite média não supurativa
1865,263,0,2009-06-23,2009-06-23,38000276,,,0,0,0,0,7627,0,72892002,4217975,,,Otite média não supurativa
1866,263,4060985,2004-06-29,2004-06-29,38000276,,,0,0,0,0,7618,0,162864005,4060985,,,IMC 30+ - obesidade
1867,263,0,1997-06-17,1997-06-17,38000276,,,0,0,0,0,7634,0,38341003,316866,,,Hipertensão arterial
1868,263,4323208,1990-04-23,1990-04-23,38000276,,,0,0,0,0,7621,0,428251008,4323208,,,Histórico de apendicectomia
1869,263,0,1990-04-23,1990-04-23,38000276,,,0,0,0,0,7625,0,74400008,440448,,,Apendicite
1870,264,0,2016-12-02,2016-12-02,38000276,,,0,0,0,0,7640,0,68496003,4285898,,,Pólipo do cólon
1871,264,0,2015-01-17,2015-01-17,38000276,,,0,0,0,0,7659,0,444814009,40481087,,,Infecção viral das vias aéreas superiores
1872,264,0,2012-02-09,2012-02-09,38000276,,,0,0,0,0,7648,0,444814009,40481087,,,Infecção viral das vias aéreas superiores
1873,264,4256640,1998-09-15,1998-09-15,38000276,,,0,0,0,0,7654,0,408512008,4256640,,,Alcoolismo relatado pelo paciente
1874,264,4060985,1982-05-18,1982-05-18,38000276,,,0,0,0,0,7671,0,162864005,4060985,,,IMC 30+ - obesidade
1875,264,0,1975-05-06,1975-05-06,38000276,,,0,0,0,0,7668,0,38341003,316866,,,Hipertensão arterial
1876,264,0,2000-09-19,2000-09-19,38000276,,,0,0,0,0,7650,0,55822004,432867,,,Hiperlipidemia
1877,266,0,2017-09-08,2017-09-08,38000276,,,0,0,0,0,7691,0,444814009,40481087,,,Infecção viral das vias aéreas superiores
1878,266,0,2016-09-02,2016-09-02,38000276,,,0,0,0,0,7684,0,10509002,260139,,,Bronquite aguda
1879,266,0,2012-09-08,2012-09-08,38000276,,,0,0,0,0,7687,0,403191005,4296205,,,Queimadura solar de segundo grau
1880,266,4060985,1994-10-23,1994-10-23,38000276,,,0,0,0,0,7686,0,162864005,4060985,,,IMC 30+ - obesidade
1881,266,0,1982-10-03,1982-10-03,38000276,,,0,0,0,0,7685,0,40055000,257012,,,Sinusite crônica
1882,267,0,2014-10-07,2014-10-07,38000276,,,0,0,0,0,7706,0,195662009,4112343,,,Faringite viral aguda
1883,267,0,2014-08-26,2014-08-26,38000276,,,0,0,0,0,7711,0,195662009,4112343,,,Faringite viral aguda
1884,267,0,2012-01-31,2012-01-31,38000276,,,0,0,0,0,7714,0,263102004,4134304,,,Ruptura de menisco
1885,267,0,2012-01-03,2012-01-03,38000276,,,0,0,0,0,7700,0,444814009,40481087,,,Infecção viral das vias aéreas superiores
1886,267,0,2009-03-14,2009-03-14,38000276,,,0,0,0,0,7708,0,195662009,4112343,,,Faringite viral aguda
1887,267,0,2009-01-27,2009-01-27,38000276,,,0,0,0,0,7704,0,55822004,432867,,,Hiperlipidemia
1888,267,4256640,2007-01-23,2007-01-23,38000276,,,0,0,0,0,7718,0,408512008,4256640,,,Alcoolismo relatado pelo paciente
1889,267,4060985,1989-04-25,1989-04-25,38000276,,,0,0,0,0,7716,0,162864005,4060985,,,IMC 30+ - obesidade
1890,268,0,2016-07-28,2016-07-28,38000276,,,0,0,0,0,7722,0,43878008,28060,,,Faringite estreptocócica
1891,268,0,2016-01-29,2016-01-29,38000276,,,0,0,0,0,7725,0,39848009,4218389,,,Lesão em chicote do pescoço
1892,268,0,2015-04-10,2015-04-10,38000276,,,0,0,0,0,7723,0,10509002,260139,,,Bronquite aguda
1893,268,0,2012-02-14,2012-02-14,38000276,,,0,0,0,0,7732,0,44465007,81151,,,Entorse de tornozelo
1894,268,0,2011-08-25,2011-08-25,38000276,,,0,0,0,0,7730,0,444814009,40481087,,,Infecção viral das vias aéreas superiores
1895,268,4060985,2010-02-03,2010-02-03,38000276,,,0,0,0,0,7727,0,162864005,4060985,,,IMC 30+ - obesidade
1896,268,0,2000-01-19,2000-01-19,38000276,,,0,0,0,0,7726,0,38341003,316866,,,Hipertensão arterial
1897,269,0,2016-08-05,2016-08-05,38000276,,,0,0,0,0,7748,0,72892002,4217975,,,Otite média não supurativa
1898,269,0,2015-11-13,2015-11-13,38000276,,,0,0,0,0,7750,0,72892002,4217975,,,Otite média não supurativa
1899,269,0,2015-09-30,2015-09-30,38000276,,,0,0,0,0,7737,0,195662009,4112343,,,Faringite viral aguda
1900,269,0,2014-02-03,2014-02-03,38000276,,,0,0,0,0,7751,0,239873007,4079750,,,Osteoartrite do joelho
1901,269,0,2013-09-27,2013-09-27,38000276,,,0,0,0,0,7752,0,38341003,316866,,,Hipertensão arterial
1902,269,0,2013-06-11,2013-06-11,38000276,,,0,0,0,0,7753,0,301011002,4116491,,,Infecção do trato urinário por E. coli
1903,269,0,2012-10-22,2012-10-22,38000276,,,0,0,0,0,7754,0,444814009,40481087,,,Infecção viral das vias aéreas superiores
1904,269,0,2012-10-03,2012-10-03,38000276,,,0,0,0,0,7758,0,43878008,28060,,,Faringite estreptocócica
1905,270,0,2017-10-01,2017-10-01,38000276,,,0,0,0,0,7814,0,444814009,40481087,,,Infecção viral das vias aéreas superiores
1906,270,0,2016-03-28,2016-03-28,38000276,,,0,0,0,0,7876,0,444814009,40481087,,,Infecção viral das vias aéreas superiores
1907,270,0,2011-10-03,2011-10-03,38000276,,,0,0,0,0,7866,0,55680006,4208104,,,Overdose de droga
1908,270,0,2011-06-29,2011-06-29,38000276,,,0,0,0,0,7868,0,283371005,4155034,,,Laceração de antebraço
1909,270,0,2010-07-04,2010-07-04,38000276,,,0,0,0,0,7870,0,16114001,4059173,,,Fratura de tornozelo
1910,270,0,1997-01-19,1997-01-19,38000276,,,0,0,0,0,7874,0,92691004,200970,,,Carcinoma in situ de próstata
1911,270,0,1997-01-19,1997-01-19,38000276,,,0,0,0,0,7874,0,126906006,4129902,,,Neoplasia de bexiga
1912,270,0,1992-02-25,1992-02-25,38000276,,,0,0,0,0,7828,0,82423001,436096,,,Dor crônica
1913,270,0,1990-07-10,1990-07-10,38000276,,,0,0,0,0,7818,0,124171000119105,43530652,,,Nefropatia diabética crônica
1914,270,0,1990-04-13,1990-04-13,38000276,,,0,0,0,0,7857,0,196416002,4055754,,,Esofagite por refluxo
1915,270,42709996,1988-05-14,1988-05-14,38000276,,,0,0,0,0,7791,0,449868002,42709996,,,Fumante atual de cigarro
1916,270,0,1976-04-03,1976-04-03,38000276,,,0,0,0,0,7869,0,15777000,40316773,,,Pré-diabetes
1917,270,0,1976-04-03,1976-04-03,38000276,,,0,0,0,0,7869,0,55822004,432867,,,Hiperlipidemia
1918,270,4324181,1941-11-22,1941-11-22,38000276,,,0,0,0,0,7872,0,429007001,4324181,,,Histórico de infarto
1919,270,0,1941-11-22,1941-11-22,38000276,,,0,0,0,0,7872,0,410429000,321042,,,Parada cardíaca
1920,271,0,2018-03-20,2018-03-20,38000276,,,0,0,0,0,7909,0,195662009,4112343,,,Faringite viral aguda
1921,271,0,2017-11-06,2017-11-06,38000276,,,0,0,0,0,7906,0,195662009,4112343,,,Faringite viral aguda
1922,271,0,2015-09-21,2015-09-21,38000276,,,0,0,0,0,7888,0,10509002,260139,,,Bronquite aguda
1923,271,4060985,2015-04-03,2015-04-03,38000276,,,0,0,0,0,7881,0,162864005,4060985,,,IMC 30+ - obesidade
1924,271,0,2013-11-01,2013-11-01,38000276,,,0,0,0,0,7911,0,72892002,4217975,,,Otite média não supurativa
1925,271,0,2012-07-26,2012-07-26,38000276,,,0,0,0,0,7882,0,444814009,40481087,,,Infecção viral das vias aéreas superiores
1926,271,0,2009-09-11,2009-09-11,38000276,,,0,0,0,0,7912,0,72892002,4217975,,,Otite média não supurativa
1927,271,0,2009-01-17,2009-01-17,38000276,,,0,0,0,0,7902,0,58150001,4237458,,,Fratura de clavícula
1928,271,0,2009-01-12,2009-01-12,38000276,,,0,0,0,0,7889,0,195662009,4112343,,,Faringite viral aguda
1929,272,4163874,2006-10-04,2006-10-04,38000276,,,0,0,0,0,7924,0,399211009,4163874,,,Histórico de infarto do miocárdio
1930,272,0,2006-10-04,2006-10-04,38000276,,,0,0,0,0,7924,0,22298006,4329847,,,Infarto do miocárdio
1931,272,0,2002-12-10,2002-12-10,38000276,,,0,0,0,0,7932,0,195662009,4112343,,,Faringite viral aguda
1932,272,0,2002-05-24,2002-05-24,38000276,,,0,0,0,0,7929,0,10509002,260139,,,Bronquite aguda
1933,272,0,2001-07-20,2001-07-20,38000276,,,0,0,0,0,7926,0,10509002,260139,,,Bronquite aguda
1934,272,0,2000-09-20,2000-09-20,38000276,,,0,0,0,0,7928,0,38341003,316866,,,Hipertensão arterial
1935,272,0,1995-08-23,1995-08-23,38000276,,,0,0,0,0,7933,0,53741008,317576,,,Doença arterial coronariana
1936,273,0,2016-01-16,2016-01-16,38000276,,,0,0,0,0,7954,0,195662009,4112343,,,Faringite viral aguda
1937,273,0,2015-12-01,2015-12-01,38000276,,,0,0,0,0,7962,0,68496003,4285898,,,Pólipo do cólon
1938,273,0,2013-10-08,2013-10-08,38000276,,,0,0,0,0,7944,0,44465007,81151,,,Entorse de tornozelo
1939,273,0,2004-12-03,2004-12-03,38000276,,,0,0,0,0,7991,0,64859006,80502,,,Osteoporose
1940,273,0,1994-01-21,1994-01-21,38000276,,,0,0,0,0,7942,0,55680006,4208104,,,Overdose de droga
1941,273,0,1990-04-06,1990-04-06,38000276,,,0,0,0,0,7940,0,124171000119105,43530652,,,Nefropatia diabética crônica
1942,273,0,1988-11-25,1988-11-25,38000276,,,0,0,0,0,7983,0,15777000,40316773,,,Pré-diabetes
1943,273,0,1988-11-25,1988-11-25,38000276,,,0,0,0,0,7983,0,55822004,432867,,,Hiperlipidemia
1944,273,4060985,1972-11-24,1972-11-24,38000276,,,0,0,0,0,7957,0,162864005,4060985,,,IMC 30+ - obesidade
1945,274,0,2017-02-04,2017-02-04,38000276,,,0,0,0,0,8018,0,64859006,80502,,,Osteoporose
1946,274,0,2012-03-15,2012-03-15,38000276,,,0,0,0,0,8021,0,195662009,4112343,,,Faringite viral aguda
1947,274,0,2009-11-29,2009-11-29,38000276,,,0,0,0,0,8012,0,370247008,4156265,,,Lesão facial
1948,274,0,2009-01-24,2009-01-24,38000276,,,0,0,0,0,8015,0,444814009,40481087,,,Infecção viral das vias aéreas superiores
1949,274,4256640,2004-12-04,2004-12-04,38000276,,,0,0,0,0,8023,0,408512008,4256640,,,Alcoolismo relatado pelo paciente
1950,274,0,2002-03-23,2002-03-23,38000276,,,0,0,0,0,8028,0,19169002,4078393,,,Aborto espontâneo na gravidez
1951,274,0,1997-01-29,1997-01-29,38000276,,,0,0,0,0,8030,0,82423001,436096,,,Dor crônica
1952,274,4060985,1988-11-12,1988-11-12,38000276,,,0,0,0,0,8029,0,162864005,4060985,,,IMC 30+ - obesidade
1953,274,0,1983-11-12,1983-11-12,38000276,,,0,0,0,0,8019,0,40055000,257012,,,Sinusite crônica
1954,275,0,2016-03-19,2016-03-19,38000276,,,0,0,0,0,8033,0,75498004,4294548,,,Infecção bacteriana aguda
1955,275,0,2011-07-04,2011-07-04,38000276,,,0,0,0,0,8052,0,195662009,4112343,,,Faringite viral aguda
1956,275,0,2010-10-10,2010-10-10,38000276,,,0,0,0,0,8039,0,10509002,260139,,,Bronquite aguda
1957,275,0,1985-09-30,1985-09-30,38000276,,,0,0,0,0,8038,0,40055000,257012,,,Sinusite crônica
1958,275,4323208,1977-11-21,1977-11-21,38000276,,,0,0,0,0,8049,0,428251008,4323208,,,Histórico de apendicectomia
1959,275,0,1977-11-21,1977-11-21,38000276,,,0,0,0,0,8045,0,74400008,440448,,,Apendicite
1960,275,0,1975-07-19,1975-07-19,38000276,,,0,0,0,0,8040,0,15777000,40316773,,,Pré-diabetes
1961,275,0,1975-07-19,1975-07-19,38000276,,,0,0,0,0,8040,0,38341003,316866,,,Hipertensão arterial
1962,276,4324181,1987-04-27,1987-04-27,38000276,,,0,0,0,0,8063,0,429007001,4324181,,,Histórico de infarto
1963,276,0,1987-04-27,1987-04-27,38000276,,,0,0,0,0,8063,0,410429000,321042,,,Parada cardíaca
1964,276,0,1986-07-03,1986-07-03,38000276,,,0,0,0,0,8057,0,444814009,40481087,,,Infecção viral das vias aéreas superiores
1965,276,0,1985-10-07,1985-10-07,38000276,,,0,0,0,0,8071,0,230690007,381316,,,Acidente vascular cerebral
1966,276,0,1983-09-11,1983-09-11,38000276,,,0,0,0,0,8073,0,195662009,4112343,,,Faringite viral aguda
1967,276,0,1981-06-16,1981-06-16,38000276,,,0,0,0,0,8068,0,444814009,40481087,,,Infecção viral das vias aéreas superiores
1968,276,0,1980-09-21,1980-09-21,38000276,,,0,0,0,0,8062,0,68496003,4285898,,,Pólipo do cólon
1969,276,0,1977-05-16,1977-05-16,38000276,,,0,0,0,0,8070,0,53741008,317576,,,Doença arterial coronariana
1970,276,0,1962-11-12,1962-11-12,38000276,,,0,0,0,0,8058,0,15777000,40316773,,,Pré-diabetes
1971,276,4256640,1955-11-07,1955-11-07,38000276,,,0,0,0,0,8065,0,408512008,4256640,,,Alcoolismo relatado pelo paciente
1972,276,4060985,1936-02-10,1936-02-10,38000276,,,0,0,0,0,8061,0,162864005,4060985,,,IMC 30+ - obesidade
1973,276,0,1929-01-28,1929-01-28,38000276,,,0,0,0,0,8066,0,38341003,316866,,,Hipertensão arterial
1974,277,0,2012-09-10,2012-09-10,38000276,,,0,0,0,0,8076,0,39848009,4218389,,,Lesão em chicote do pescoço
1975,277,0,2009-08-11,2009-08-11,38000276,,,0,0,0,0,8084,0,444814009,40481087,,,Infecção viral das vias aéreas superiores
1976,277,0,2004-01-23,2004-01-23,38000276,,,0,0,0,0,8085,0,232353008,4048171,,,Perfuração do tímpano
1977,277,0,2003-01-23,2003-01-23,38000276,,,0,0,0,0,8090,0,233678006,4051466,,,Asma na infância
1978,278,0,2015-12-01,2015-12-01,38000276,,,0,0,0,0,8119,0,444814009,40481087,,,Infecção viral das vias aéreas superiores
1979,278,0,2015-07-29,2015-07-29,38000276,,,0,0,0,0,8107,0,195662009,4112343,,,Faringite viral aguda
1980,278,0,2014-03-13,2014-03-13,38000276,,,0,0,0,0,8136,0,444814009,40481087,,,Infecção viral das vias aéreas superiores
1981,278,0,2012-07-01,2012-07-01,38000276,,,0,0,0,0,8116,0,444814009,40481087,,,Infecção viral das vias aéreas superiores
1982,278,0,2011-01-08,2011-01-08,38000276,,,0,0,0,0,8106,0,444814009,40481087,,,Infecção viral das vias aéreas superiores
1983,278,0,2009-09-26,2009-09-26,38000276,,,0,0,0,0,8112,0,444814009,40481087,,,Infecção viral das vias aéreas superiores
1984,278,4256640,1999-07-24,1999-07-24,38000276,,,0,0,0,0,8129,0,408512008,4256640,,,Alcoolismo relatado pelo paciente
1985,278,0,1999-07-24,1999-07-24,38000276,,,0,0,0,0,8129,0,55822004,432867,,,Hiperlipidemia
1986,278,4060985,1982-09-04,1982-09-04,38000276,,,0,0,0,0,8122,0,162864005,4060985,,,IMC 30+ - obesidade
1987,279,0,2017-05-05,2017-05-05,38000276,,,0,0,0,0,8143,0,195662009,4112343,,,Faringite viral aguda
1988,280,0,2017-10-29,2017-10-29,38000276,,,0,0,0,0,8158,0,10509002,260139,,,Bronquite aguda
1989,280,0,2013-07-14,2013-07-14,38000276,,,0,0,0,0,8160,0,10509002,260139,,,Bronquite aguda
1990,280,0,2011-05-31,2011-05-31,38000276,,,0,0,0,0,8159,0,444814009,40481087,,,Infecção viral das vias aéreas superiores
1991,281,0,2015-05-10,2015-05-10,38000276,,,0,0,0,0,8164,0,195662009,4112343,,,Faringite viral aguda
1992,281,0,2015-01-09,2015-01-09,38000276,,,0,0,0,0,8166,0,10509002,260139,,,Bronquite aguda
1993,282,0,2010-08-22,2010-08-22,38000276,,,0,0,0,0,8192,0,307731004,4146173,,,Fibrilação atrial de início recente
1994,282,0,1969-06-16,1969-06-16,38000276,,,0,0,0,0,8196,0,15777000,40316773,,,Pré-diabetes
1995,282,45766064,1954-01-11,1954-01-11,38000276,,,0,0,0,0,8208,0,703151001,45766064,,,Histórico de artroplastia de joelho
1996,282,0,1954-01-11,1954-01-11,38000276,,,0,0,0,0,8208,0,128613002,4029498,,,Transtorno convulsivo
1997,282,0,1997-01-13,1997-01-13,38000276,,,0,0,0,0,8185,0,55822004,432867,,,Hiperlipidemia
1998,283,0,2016-12-22,2016-12-22,38000276,,,0,0,0,0,8233,0,64859006,80502,,,Osteoporose
1999,283,0,2015-07-14,2015-07-14,38000276,,,0,0,0,0,8215,0,444814009,40481087,,,Infecção viral das vias aéreas superiores
2000,283,0,2015-03-26,2015-03-26,38000276,,,0,0,0,0,8212,0,75498004,4294548,,,Infecção bacteriana aguda
2001,283,0,2014-04-01,2014-04-01,38000276,,,0,0,0,0,8236,0,444814009,40481087,,,Infecção viral das vias aéreas superiores
2002,283,0,2011-11-24,2011-11-24,38000276,,,0,0,0,0,8237,0,55822004,432867,,,Hiperlipidemia
2003,283,0,2010-10-30,2010-10-30,38000276,,,0,0,0,0,8240,0,43878008,28060,,,Faringite estreptocócica
2004,283,0,1990-05-26,1990-05-26,38000276,,,0,0,0,0,8220,0,196416002,4055754,,,Esofagite por refluxo
2005,283,0,1990-05-12,1990-05-12,38000276,,,0,0,0,0,8225,0,55680006,4208104,,,Overdose de droga
2006,283,0,1982-02-25,1982-02-25,38000276,,,0,0,0,0,8232,0,19169002,4078393,,,Aborto espontâneo na gravidez
2007,283,0,1977-01-06,1977-01-06,38000276,,,0,0,0,0,8230,0,15777000,40316773,,,Pré-diabetes
2008,284,0,2018-04-07,2018-04-07,38000276,,,0,0,0,0,8251,0,444814009,40481087,,,Infecção viral das vias aéreas superiores
2009,284,0,2017-07-21,2017-07-21,38000276,,,0,0,0,0,8258,0,195662009,4112343,,,Faringite viral aguda
2010,284,0,2017-05-19,2017-05-19,38000276,,,0,0,0,0,8288,0,444814009,40481087,,,Infecção viral das vias aéreas superiores
2011,284,0,2016-08-02,2016-08-02,38000276,,,0,0,0,0,8290,0,444814009,40481087,,,Infecção viral das vias aéreas superiores
2012,284,0,2016-02-04,2016-02-04,38000276,,,0,0,0,0,8291,0,192127007,440086,,,Transtorno do espectro autista infantil
2013,284,0,2012-08-27,2012-08-27,38000276,,,0,0,0,0,8248,0,15724005,4048695,,,Fratura de vértebra
2014,284,0,2011-06-10,2011-06-10,38000276,,,0,0,0,0,8264,0,444814009,40481087,,,Infecção viral das vias aéreas superiores
2015,285,0,2015-12-25,2015-12-25,38000276,,,0,0,0,0,8301,0,10509002,260139,,,Bronquite aguda
2016,285,0,2013-01-18,2013-01-18,38000276,,,0,0,0,0,8304,0,444448004,40479422,,,Neuropatia diabética
2017,285,0,2012-08-20,2012-08-20,38000276,,,0,0,0,0,8315,0,15777000,40316773,,,Pré-diabetes
2018,285,0,2007-07-28,2007-07-28,38000276,,,0,0,0,0,8314,0,239872002,4079749,,,Osteoartrite do quadril
2019,285,0,2004-10-11,2004-10-11,38000276,,,0,0,0,0,8307,0,19169002,4078393,,,Aborto espontâneo na gravidez
2020,285,4256640,2004-08-23,2004-08-23,38000276,,,0,0,0,0,8302,0,408512008,4256640,,,Alcoolismo relatado pelo paciente
2021,285,4060985,1985-10-14,1985-10-14,38000276,,,0,0,0,0,8310,0,162864005,4060985,,,IMC 30+ - obesidade
2022,286,0,2018-08-22,2018-08-22,38000276,,,0,0,0,0,8332,0,72892002,4217975,,,Otite média não supurativa
2023,286,0,2014-11-11,2014-11-11,38000276,,,0,0,0,0,8338,0,195662009,4112343,,,Faringite viral aguda
2024,286,0,2012-06-11,2012-06-11,38000276,,,0,0,0,0,8344,0,43878008,28060,,,Faringite estreptocócica
2025,286,4256640,2012-05-02,2012-05-02,38000276,,,0,0,0,0,8337,0,408512008,4256640,,,Alcoolismo relatado pelo paciente
2026,286,0,2011-08-17,2011-08-17,38000276,,,0,0,0,0,8318,0,72892002,4217975,,,Otite média não supurativa
2027,286,0,2008-03-19,2008-03-19,38000276,,,0,0,0,0,8321,0,72892002,4217975,,,Otite média não supurativa
2028,286,0,2003-09-03,2003-09-03,38000276,,,0,0,0,0,8328,0,19169002,4078393,,,Aborto espontâneo na gravidez
2029,286,0,2003-09-03,2003-09-03,38000276,,,0,0,0,0,8328,0,72892002,4217975,,,Otite média não supurativa
2030,286,0,1999-02-10,1999-02-10,38000276,,,0,0,0,0,8320,0,72892002,4217975,,,Otite média não supurativa
2031,286,4060985,1997-04-16,1997-04-16,38000276,,,0,0,0,0,8325,0,162864005,4060985,,,IMC 30+ - obesidade
2032,286,0,1992-05-06,1992-05-06,38000276,,,0,0,0,0,8336,0,72892002,4217975,,,Otite média não supurativa
2033,287,0,2017-10-29,2017-10-29,38000276,,,0,0,0,0,8390,0,444814009,40481087,,,Infecção viral das vias aéreas superiores
2034,287,0,2014-01-09,2014-01-09,38000276,,,0,0,0,0,8400,0,55822004,432867,,,Hiperlipidemia
2035,287,0,2011-10-25,2011-10-25,38000276,,,0,0,0,0,8357,0,10509002,260139,,,Bronquite aguda
2036,287,0,2009-07-23,2009-07-23,38000276,,,0,0,0,0,8404,0,307731004,4146173,,,Fibrilação atrial de início recente
2037,287,0,1987-12-24,1987-12-24,38000276,,,0,0,0,0,8375,0,15777000,40316773,,,Pré-diabetes
2038,287,0,1987-12-24,1987-12-24,38000276,,,0,0,0,0,8375,0,80394007,4214376,,,Hiperglicemia
2039,287,0,1987-03-19,1987-03-19,38000276,,,0,0,0,0,8408,0,127013003,192279,,,Nefropatia diabética
2040,287,0,1987-03-19,1987-03-19,38000276,,,0,0,0,0,8408,0,431855005,443614,,,Doença renal crônica estágio 1
2041,287,0,1985-03-14,1985-03-14,38000276,,,0,0,0,0,8405,0,237602007,436940,,,Síndrome metabólica
2042,287,0,1985-03-14,1985-03-14,38000276,,,0,0,0,0,8405,0,302870006,4120314,,,Hipertrigliceridemia
2043,287,0,1982-03-11,1982-03-11,38000276,,,0,0,0,0,8394,0,44054006,201826,,,Diabetes mellitus tipo 2
2044,287,0,1982-03-11,1982-03-11,38000276,,,0,0,0,0,8394,0,38341003,316866,,,Hipertensão arterial
2045,288,0,2017-10-29,2017-10-29,38000276,,,0,0,0,0,8427,0,195662009,4112343,,,Faringite viral aguda
2046,288,0,2013-03-30,2013-03-30,38000276,,,0,0,0,0,8432,0,444814009,40481087,,,Infecção viral das vias aéreas superiores
2047,288,0,2010-04-24,2010-04-24,38000276,,,0,0,0,0,8424,0,444814009,40481087,,,Infecção viral das vias aéreas superiores
2048,288,0,2010-04-07,2010-04-07,38000276,,,0,0,0,0,8426,0,15777000,40316773,,,Pré-diabetes
2049,288,0,2009-11-18,2009-11-18,38000276,,,0,0,0,0,8433,0,58150001,4237458,,,Fratura de clavícula
2050,288,0,1978-06-01,1978-06-01,38000276,,,0,0,0,0,8430,0,40055000,257012,,,Sinusite crônica
2051,289,0,2018-02-21,2018-02-21,38000276,,,0,0,0,0,8448,0,65363002,372328,,,Otite média
2052,289,0,2016-09-07,2016-09-07,38000276,,,0,0,0,0,8444,0,444814009,40481087,,,Infecção viral das vias aéreas superiores
2053,289,0,2015-06-26,2015-06-26,38000276,,,0,0,0,0,8443,0,444814009,40481087,,,Infecção viral das vias aéreas superiores
2054,289,0,2014-10-23,2014-10-23,38000276,,,0,0,0,0,8454,0,44465007,81151,,,Entorse de tornozelo
2055,289,0,2014-04-26,2014-04-26,38000276,,,0,0,0,0,8440,0,65363002,372328,,,Otite média
2056,290,0,2012-03-06,2012-03-06,38000276,,,0,0,0,0,8456,0,195662009,4112343,,,Faringite viral aguda
2057,290,4060985,1976-08-26,1976-08-26,38000276,,,0,0,0,0,8458,0,162864005,4060985,,,IMC 30+ - obesidade
2058,291,0,2018-03-25,2018-03-25,38000276,,,0,0,0,0,8473,0,195662009,4112343,,,Faringite viral aguda
2059,291,0,2016-02-23,2016-02-23,38000276,,,0,0,0,0,8470,0,444814009,40481087,,,Infecção viral das vias aéreas superiores
2060,291,0,2011-09-26,2011-09-26,38000276,,,0,0,0,0,8474,0,444814009,40481087,,,Infecção viral das vias aéreas superiores
2061,291,0,2011-06-30,2011-06-30,38000276,,,0,0,0,0,8471,0,444814009,40481087,,,Infecção viral das vias aéreas superiores
2062,292,0,2017-01-25,2017-01-25,38000276,,,0,0,0,0,8480,0,44465007,81151,,,Entorse de tornozelo
2063,292,0,2013-11-03,2013-11-03,38000276,,,0,0,0,0,8475,0,195662009,4112343,,,Faringite viral aguda
2064,292,0,2013-03-15,2013-03-15,38000276,,,0,0,0,0,8479,0,53741008,317576,,,Doença arterial coronariana
2065,292,0,2010-02-16,2010-02-16,38000276,,,0,0,0,0,8489,0,10509002,260139,,,Bronquite aguda
2066,292,4060985,1983-03-04,1983-03-04,38000276,,,0,0,0,0,8486,0,162864005,4060985,,,IMC 30+ - obesidade
2067,292,0,1970-02-13,1970-02-13,38000276,,,0,0,0,0,8481,0,38341003,316866,,,Hipertensão arterial
2068,293,0,2014-05-22,2014-05-22,38000276,,,0,0,0,0,8508,0,62564004,375671,,,Concussão sem perda de consciência
2069,293,0,2012-11-15,2012-11-15,38000276,,,0,0,0,0,8522,0,72892002,4217975,,,Otite média não supurativa
2070,293,4060985,2012-10-26,2012-10-26,38000276,,,0,0,0,0,8505,0,162864005,4060985,,,IMC 30+ - obesidade
2071,293,0,2010-12-23,2010-12-23,38000276,,,0,0,0,0,8529,0,72892002,4217975,,,Otite média não supurativa
2072,293,0,2010-07-23,2010-07-23,38000276,,,0,0,0,0,8503,0,156073000,40318618,,,Obesidade
2073,293,0,2010-07-23,2010-07-23,38000276,,,0,0,0,0,8503,0,19169002,4078393,,,Aborto espontâneo na gravidez
2074,293,0,2010-07-23,2010-07-23,38000276,,,0,0,0,0,8503,0,72892002,4217975,,,Otite média não supurativa
2075,293,0,2009-02-12,2009-02-12,38000276,,,0,0,0,0,8515,0,72892002,4217975,,,Otite média não supurativa
2076,293,0,2000-05-19,2000-05-19,38000276,,,0,0,0,0,8502,0,38341003,316866,,,Hipertensão arterial
2077,294,4323208,2012-04-28,2012-04-28,38000276,,,0,0,0,0,8547,0,428251008,4323208,,,Histórico de apendicectomia
2078,294,0,2012-04-28,2012-04-28,38000276,,,0,0,0,0,8550,0,74400008,440448,,,Apendicite
2079,294,0,2012-04-28,2012-04-28,38000276,,,0,0,0,0,8550,0,47693006,4166224,,,Ruptura de apêndice
2080,294,0,1976-12-26,1976-12-26,38000276,,,0,0,0,0,8548,0,38341003,316866,,,Hipertensão arterial
2081,295,0,2018-06-10,2018-06-10,38000276,,,0,0,0,0,8552,0,65363002,372328,,,Otite média
2082,295,0,2018-01-17,2018-01-17,38000276,,,0,0,0,0,8559,0,444814009,40481087,,,Infecção viral das vias aéreas superiores
2083,296,4163874,2015-06-13,2015-06-13,38000276,,,0,0,0,0,8598,0,399211009,4163874,,,Histórico de infarto do miocárdio
2084,296,0,2015-06-13,2015-06-13,38000276,,,0,0,0,0,8598,0,22298006,4329847,,,Infarto do miocárdio
2085,296,0,2013-12-23,2013-12-23,38000276,,,0,0,0,0,8582,0,75498004,4294548,,,Infecção bacteriana aguda
2086,296,0,2012-01-12,2012-01-12,38000276,,,0,0,0,0,8561,0,43878008,28060,,,Faringite estreptocócica
2087,296,0,2011-05-28,2011-05-28,38000276,,,0,0,0,0,8571,0,53741008,317576,,,Doença arterial coronariana
2088,296,0,2007-04-24,2007-04-24,38000276,,,0,0,0,0,8572,0,195662009,4112343,,,Faringite viral aguda
2089,296,0,2006-06-26,2006-06-26,38000276,,,0,0,0,0,8600,0,44465007,81151,,,Entorse de tornozelo
2090,296,0,2002-09-02,2002-09-02,38000276,,,0,0,0,0,8570,0,232353008,4048171,,,Perfuração do tímpano
2091,297,0,2015-06-06,2015-06-06,38000276,,,0,0,0,0,8613,0,195662009,4112343,,,Faringite viral aguda
2092,297,0,2014-08-26,2014-08-26,38000276,,,0,0,0,0,8614,0,284551006,4109685,,,Laceração de pé
2093,297,0,1997-10-23,1997-10-23,38000276,,,0,0,0,0,8612,0,15777000,40316773,,,Pré-diabetes
2094,298,0,2017-03-23,2017-03-23,38000276,,,0,0,0,0,8622,0,195662009,4112343,,,Faringite viral aguda
2095,298,0,2012-04-07,2012-04-07,38000276,,,0,0,0,0,8625,0,68496003,4285898,,,Pólipo do cólon
2096,298,0,2011-02-06,2011-02-06,38000276,,,0,0,0,0,8623,0,195662009,4112343,,,Faringite viral aguda
2097,298,4323208,2007-03-28,2007-03-28,38000276,,,0,0,0,0,8624,0,428251008,4323208,,,Histórico de apendicectomia
2098,298,0,2007-03-28,2007-03-28,38000276,,,0,0,0,0,8632,0,74400008,440448,,,Apendicite
2099,298,0,2003-11-24,2003-11-24,38000276,,,0,0,0,0,8626,0,19169002,4078393,,,Aborto espontâneo na gravidez
2100,298,4060985,2003-02-10,2003-02-10,38000276,,,0,0,0,0,8636,0,162864005,4060985,,,IMC 30+ - obesidade
2101,298,0,1975-06-02,1975-06-02,38000276,,,0,0,0,0,8631,0,38341003,316866,,,Hipertensão arterial
2102,299,0,2013-10-02,2013-10-02,38000276,,,0,0,0,0,8662,0,444814009,40481087,,,Infecção viral das vias aéreas superiores
2103,299,0,2012-11-08,2012-11-08,38000276,,,0,0,0,0,8654,0,444814009,40481087,,,Infecção viral das vias aéreas superiores
2104,299,0,2008-03-29,2008-03-29,38000276,,,0,0,0,0,8665,0,90781000119102,45769905,,,Doença renal crônica por diabetes
2105,299,0,2008-03-29,2008-03-29,38000276,,,0,0,0,0,8665,0,127013003,192279,,,Nefropatia diabética
2106,299,0,2008-03-29,2008-03-29,38000276,,,0,0,0,0,8665,0,431856006,443601,,,Doença renal crônica estágio 4
2107,299,0,2008-03-29,2008-03-29,38000276,,,0,0,0,0,8665,0,237602007,436940,,,Síndrome metabólica
2108,299,0,2006-05-27,2006-05-27,38000276,,,0,0,0,0,8659,0,302870006,4120314,,,Hipertrigliceridemia
2109,299,0,2003-05-24,2003-05-24,38000276,,,0,0,0,0,8643,0,44054006,201826,,,Diabetes mellitus tipo 2
2110,299,0,2003-05-24,2003-05-24,38000276,,,0,0,0,0,8643,0,38341003,316866,,,Hipertensão arterial
2111,299,0,2000-05-20,2000-05-20,38000276,,,0,0,0,0,8651,0,15777000,40316773,,,Pré-diabetes
2112,300,0,2018-11-03,2018-11-03,38000276,,,0,0,0,0,8695,0,444814009,40481087,,,Infecção viral das vias aéreas superiores
2113,300,0,2016-04-04,2016-04-04,38000276,,,0,0,0,0,8704,0,36971009,4283893,,,Sinusite
2114,300,0,2015-09-25,2015-09-25,38000276,,,0,0,0,0,8745,0,195662009,4112343,,,Faringite viral aguda
2115,300,0,2014-05-19,2014-05-19,38000276,,,0,0,0,0,8737,0,444814009,40481087,,,Infecção viral das vias aéreas superiores
2116,300,0,2012-09-30,2012-09-30,38000276,,,0,0,0,0,8729,0,72892002,4217975,,,Otite média não supurativa
2117,300,0,2010-12-09,2010-12-09,38000276,,,0,0,0,0,8716,0,444814009,40481087,,,Infecção viral das vias aéreas superiores
2118,300,0,2009-09-06,2009-09-06,38000276,,,0,0,0,0,8730,0,72892002,4217975,,,Otite média não supurativa
2119,300,0,2009-01-18,2009-01-18,38000276,,,0,0,0,0,8725,0,44465007,81151,,,Entorse de tornozelo
2120,300,4060985,2005-02-27,2005-02-27,38000276,,,0,0,0,0,8699,0,162864005,4060985,,,IMC 30+ - obesidade
2121,300,0,1993-08-08,1993-08-08,38000276,,,0,0,0,0,8710,0,38341003,316866,,,Hipertensão arterial
2122,300,0,1978-02-18,1978-02-18,38000276,,,0,0,0,0,8717,0,40055000,257012,,,Sinusite crônica
2123,301,0,2014-07-07,2014-07-07,38000276,,,0,0,0,0,8758,0,444814009,40481087,,,Infecção viral das vias aéreas superiores
2124,301,0,2012-11-17,2012-11-17,38000276,,,0,0,0,0,8751,0,444814009,40481087,,,Infecção viral das vias aéreas superiores
2125,301,0,2011-07-12,2011-07-12,38000276,,,0,0,0,0,8752,0,55822004,432867,,,Hiperlipidemia
2126,301,0,2002-06-04,2002-06-04,38000276,,,0,0,0,0,8747,0,19169002,4078393,,,Aborto espontâneo na gravidez
2127,301,0,1995-05-22,1995-05-22,38000276,,,0,0,0,0,8768,0,201834006,75036,,,Dermatite perioral
2128,301,0,1982-08-10,1982-08-10,38000276,,,0,0,0,0,8762,0,15777000,40316773,,,Pré-diabetes
2129,302,0,2011-11-09,2011-11-09,38000276,,,0,0,0,0,8769,0,10509002,260139,,,Bronquite aguda
2130,302,0,2011-01-27,2011-01-27,38000276,,,0,0,0,0,8774,0,65363002,372328,,,Otite média
2131,302,0,2010-12-04,2010-12-04,38000276,,,0,0,0,0,8771,0,62564004,375671,,,Concussão sem perda de consciência
2132,303,0,2018-12-31,2018-12-31,38000276,,,0,0,0,0,8917,0,198992004,137613,,,Pré-eclâmpsia leve
2133,303,0,2018-06-18,2018-06-18,38000276,,,0,0,0,0,8818,0,72892002,4217975,,,Otite média não supurativa
2134,303,0,2018-01-27,2018-01-27,38000276,,,0,0,0,0,8864,0,283385000,4152936,,,Laceração de ombro
2135,303,0,2017-10-16,2017-10-16,38000276,,,0,0,0,0,8866,0,72892002,4217975,,,Otite média não supurativa
2136,303,0,2017-06-26,2017-06-26,38000276,,,0,0,0,0,8894,0,72892002,4217975,,,Otite média não supurativa
2137,303,0,2016-06-20,2016-06-20,38000276,,,0,0,0,0,8822,0,72892002,4217975,,,Otite média não supurativa
2138,303,0,2016-02-23,2016-02-23,38000276,,,0,0,0,0,8870,0,284549007,4113008,,,Laceração de mão
2139,303,0,2015-11-23,2015-11-23,38000276,,,0,0,0,0,8890,0,43878008,28060,,,Faringite estreptocócica
2140,303,0,2012-10-19,2012-10-19,38000276,,,0,0,0,0,8875,0,55680006,4208104,,,Overdose de droga
2141,303,0,2012-02-22,2012-02-22,38000276,,,0,0,0,0,8857,0,124171000119105,43530652,,,Nefropatia diabética crônica
2142,303,0,2011-10-28,2011-10-28,38000276,,,0,0,0,0,8904,0,65363002,372328,,,Otite média
2143,303,0,2011-09-29,2011-09-29,38000276,,,0,0,0,0,8918,0,196416002,4055754,,,Esofagite por refluxo
2144,303,0,2011-07-05,2011-07-05,38000276,,,0,0,0,0,8832,0,444814009,40481087,,,Infecção viral das vias aéreas superiores
2145,303,0,2011-05-18,2011-05-18,38000276,,,0,0,0,0,8781,0,82423001,436096,,,Dor crônica
2146,303,0,2001-04-20,2001-04-20,38000276,,,0,0,0,0,8830,0,233678006,4051466,,,Asma na infância
2147,303,0,1999-04-21,1999-04-21,38000276,,,0,0,0,0,8831,0,446096008,40486433,,,Esteatose hepática perivenular
2148,303,4323208,1998-04-16,1998-04-16,38000276,,,0,0,0,0,8810,0,428251008,4323208,,,Histórico de apendicectomia
2149,303,0,1998-04-16,1998-04-16,38000276,,,0,0,0,0,8876,0,74400008,440448,,,Apendicite
2150,303,0,1997-09-18,1997-09-18,38000276,,,0,0,0,0,8845,0,24079001,133834,,,Dermatite atópica
2151,304,0,2019-01-04,2019-01-04,38000276,,,0,0,0,0,8935,0,398254007,439393,,,Pré-eclâmpsia
2152,304,0,2018-07-20,2018-07-20,38000276,,,0,0,0,0,8957,0,72892002,4217975,,,Otite média não supurativa
2153,304,0,2012-09-18,2012-09-18,38000276,,,0,0,0,0,8946,0,195662009,4112343,,,Faringite viral aguda
2154,304,0,2011-12-08,2011-12-08,38000276,,,0,0,0,0,8948,0,444814009,40481087,,,Infecção viral das vias aéreas superiores
2155,304,0,2010-12-18,2010-12-18,38000276,,,0,0,0,0,8956,0,10509002,260139,,,Bronquite aguda
2156,304,0,2010-10-14,2010-10-14,38000276,,,0,0,0,0,8941,0,444814009,40481087,,,Infecção viral das vias aéreas superiores
2157,304,0,2010-04-05,2010-04-05,38000276,,,0,0,0,0,8936,0,444814009,40481087,,,Infecção viral das vias aéreas superiores
2158,304,0,2010-03-12,2010-03-12,38000276,,,0,0,0,0,8947,0,72892002,4217975,,,Otite média não supurativa
2159,304,0,1993-06-11,1993-06-11,38000276,,,0,0,0,0,8930,0,84757009,380378,,,Epilepsia
2160,304,45766064,1993-06-11,1993-06-11,38000276,,,0,0,0,0,8930,0,703151001,45766064,,,Histórico de artroplastia de joelho
2161,304,0,1993-06-11,1993-06-11,38000276,,,0,0,0,0,8930,0,128613002,4029498,,,Transtorno convulsivo
2162,305,0,2017-03-31,2017-03-31,38000276,,,0,0,0,0,8961,0,10509002,260139,,,Bronquite aguda
2163,305,0,2016-01-14,2016-01-14,38000276,,,0,0,0,0,8964,0,55680006,4208104,,,Overdose de droga
2164,305,0,2015-11-16,2015-11-16,38000276,,,0,0,0,0,8974,0,10509002,260139,,,Bronquite aguda
2165,305,0,2015-08-27,2015-08-27,38000276,,,0,0,0,0,8996,0,39848009,4218389,,,Lesão em chicote do pescoço
2166,305,0,2014-08-08,2014-08-08,38000276,,,0,0,0,0,8969,0,10509002,260139,,,Bronquite aguda
2167,305,0,2011-07-13,2011-07-13,38000276,,,0,0,0,0,8973,0,422034002,4226121,,,Retinopatia diabética proliferativa
2168,305,0,2011-07-13,2011-07-13,38000276,,,0,0,0,0,8973,0,237602007,436940,,,Síndrome metabólica
2169,305,0,2011-07-13,2011-07-13,38000276,,,0,0,0,0,8973,0,302870006,4120314,,,Hipertrigliceridemia
2170,305,0,2011-07-13,2011-07-13,38000276,,,0,0,0,0,8973,0,80394007,4214376,,,Hiperglicemia
2171,305,0,2011-05-20,2011-05-20,38000276,,,0,0,0,0,8997,0,58150001,4237458,,,Fratura de clavícula
2172,305,0,2009-07-08,2009-07-08,38000276,,,0,0,0,0,9007,0,44054006,201826,,,Diabetes mellitus tipo 2
2173,305,0,2003-09-07,2003-09-07,38000276,,,0,0,0,0,8963,0,40055000,257012,,,Sinusite crônica
2174,306,0,2018-01-31,2018-01-31,38000276,,,0,0,0,0,9027,0,10509002,260139,,,Bronquite aguda
2175,306,0,2018-01-30,2018-01-30,38000276,,,0,0,0,0,9015,0,192127007,440086,,,Transtorno do espectro autista infantil
2176,306,0,2016-09-25,2016-09-25,38000276,,,0,0,0,0,9046,0,195662009,4112343,,,Faringite viral aguda
2177,306,0,2015-06-08,2015-06-08,38000276,,,0,0,0,0,9044,0,444814009,40481087,,,Infecção viral das vias aéreas superiores
2178,306,0,2014-06-24,2014-06-24,38000276,,,0,0,0,0,9034,0,195662009,4112343,,,Faringite viral aguda
2179,306,0,2010-02-08,2010-02-08,38000276,,,0,0,0,0,9045,0,232353008,4048171,,,Perfuração do tímpano
2180,306,0,2009-10-15,2009-10-15,38000276,,,0,0,0,0,9020,0,284549007,4113008,,,Laceração de mão
2181,306,0,2009-04-12,2009-04-12,38000276,,,0,0,0,0,9035,0,75498004,4294548,,,Infecção bacteriana aguda
2182,306,0,2008-02-09,2008-02-09,38000276,,,0,0,0,0,9043,0,233678006,4051466,,,Asma na infância
2183,307,4163874,2015-03-22,2015-03-22,38000276,,,0,0,0,0,9051,0,399211009,4163874,,,Histórico de infarto do miocárdio
2184,307,0,2015-03-22,2015-03-22,38000276,,,0,0,0,0,9051,0,22298006,4329847,,,Infarto do miocárdio
2185,307,4060985,2012-05-06,2012-05-06,38000276,,,0,0,0,0,9052,0,162864005,4060985,,,IMC 30+ - obesidade
2186,307,0,2009-07-17,2009-07-17,38000276,,,0,0,0,0,9060,0,284549007,4113008,,,Laceração de mão
2187,307,0,2009-04-26,2009-04-26,38000276,,,0,0,0,0,9053,0,444814009,40481087,,,Infecção viral das vias aéreas superiores
2188,307,0,2008-01-13,2008-01-13,38000276,,,0,0,0,0,9056,0,444814009,40481087,,,Infecção viral das vias aéreas superiores
2189,307,0,2005-09-26,2005-09-26,38000276,,,0,0,0,0,9055,0,444814009,40481087,,,Infecção viral das vias aéreas superiores
2190,307,0,1980-10-05,1980-10-05,38000276,,,0,0,0,0,9058,0,53741008,317576,,,Doença arterial coronariana
2191,307,0,1978-11-07,1978-11-07,38000276,,,0,0,0,0,9065,0,367498001,4280726,,,Gripe sazonal
2192,308,0,2018-09-18,2018-09-18,38000276,,,0,0,0,0,9070,0,195662009,4112343,,,Faringite viral aguda
2193,308,0,2010-03-22,2010-03-22,38000276,,,0,0,0,0,9083,0,195662009,4112343,,,Faringite viral aguda
2194,308,0,2002-01-11,2002-01-11,38000276,,,0,0,0,0,9076,0,230690007,381316,,,Acidente vascular cerebral
2195,308,0,1995-06-16,1995-06-16,38000276,,,0,0,0,0,9078,0,49436004,313217,,,Fibrilação atrial
2196,308,0,1977-03-23,1977-03-23,38000276,,,0,0,0,0,9073,0,713197008,37017023,,,Fibrose cística recorrente
2197,308,0,1975-11-29,1975-11-29,38000276,,,0,0,0,0,9066,0,68496003,4285898,,,Pólipo do cólon
2198,308,0,1971-01-29,1971-01-29,38000276,,,0,0,0,0,9079,0,64859006,80502,,,Osteoporose
2199,308,4256640,1950-12-08,1950-12-08,38000276,,,0,0,0,0,9085,0,408512008,4256640,,,Alcoolismo relatado pelo paciente
2200,308,4060985,1936-03-13,1936-03-13,38000276,,,0,0,0,0,9072,0,162864005,4060985,,,IMC 30+ - obesidade
2201,308,0,1926-03-12,1926-03-12,38000276,,,0,0,0,0,9080,0,19169002,4078393,,,Aborto espontâneo na gravidez
2202,309,0,2010-11-01,2010-11-01,38000276,,,0,0,0,0,9113,0,198992004,137613,,,Pré-eclâmpsia leve
2203,309,0,2010-04-19,2010-04-19,38000276,,,0,0,0,0,9107,0,72892002,4217975,,,Otite média não supurativa
2204,309,0,1995-10-09,1995-10-09,38000276,,,0,0,0,0,9096,0,15777000,40316773,,,Pré-diabetes
2205,309,0,1988-03-28,1988-03-28,38000276,,,0,0,0,0,9103,0,19169002,4078393,,,Aborto espontâneo na gravidez
2206,310,0,1992-07-29,1992-07-29,38000276,,,0,0,0,0,9120,0,233604007,255848,,,Pneumonia
2207,310,0,1986-09-29,1986-09-29,38000276,,,0,0,0,0,9135,0,26929004,378419,,,Doença de Alzheimer
2208,310,0,1983-11-03,1983-11-03,38000276,,,0,0,0,0,9127,0,444814009,40481087,,,Infecção viral das vias aéreas superiores
2209,310,0,1964-10-19,1964-10-19,38000276,,,0,0,0,0,9129,0,49436004,313217,,,Fibrilação atrial
2210,310,0,1935-03-18,1935-03-18,38000276,,,0,0,0,0,9134,0,15777000,40316773,,,Pré-diabetes
2211,311,0,2015-09-02,2015-09-02,38000276,,,0,0,0,0,9152,0,45816000,198199,,,Pielonefrite
2212,311,0,2014-09-14,2014-09-14,38000276,,,0,0,0,0,9176,0,72892002,4217975,,,Otite média não supurativa
2213,311,0,2013-09-02,2013-09-02,38000276,,,0,0,0,0,9174,0,239873007,4079750,,,Osteoartrite do joelho
2214,311,0,2013-07-14,2013-07-14,38000276,,,0,0,0,0,9180,0,15777000,40316773,,,Pré-diabetes
2215,311,0,2012-05-27,2012-05-27,38000276,,,0,0,0,0,9172,0,444814009,40481087,,,Infecção viral das vias aéreas superiores
2216,311,0,2012-04-01,2012-04-01,38000276,,,0,0,0,0,9149,0,72892002,4217975,,,Otite média não supurativa
2217,311,0,2011-09-25,2011-09-25,38000276,,,0,0,0,0,9164,0,36971009,4283893,,,Sinusite
2218,311,0,2011-06-13,2011-06-13,38000276,,,0,0,0,0,9175,0,444814009,40481087,,,Infecção viral das vias aéreas superiores
2219,311,0,2011-04-11,2011-04-11,38000276,,,0,0,0,0,9165,0,403190006,4296204,,,Queimadura solar de primeiro grau
2220,311,4060985,2003-06-29,2003-06-29,38000276,,,0,0,0,0,9151,0,162864005,4060985,,,IMC 30+ - obesidade
2221,311,0,2000-06-11,2000-06-11,38000276,,,0,0,0,0,9146,0,19169002,4078393,,,Aborto espontâneo na gravidez
2222,312,0,2016-02-01,2016-02-01,38000276,,,0,0,0,0,9190,0,40055000,257012,,,Sinusite crônica
2223,312,0,2016-01-18,2016-01-18,38000276,,,0,0,0,0,9187,0,36971009,4283893,,,Sinusite
2224,312,0,2015-09-24,2015-09-24,38000276,,,0,0,0,0,9223,0,301011002,4116491,,,Infecção do trato urinário por E. coli
2225,312,4256640,2015-09-08,2015-09-08,38000276,,,0,0,0,0,9188,0,408512008,4256640,,,Alcoolismo relatado pelo paciente
2226,312,0,2015-09-06,2015-09-06,38000276,,,0,0,0,0,9188,0,444814009,40481087,,,Infecção viral das vias aéreas superiores
2227,312,0,2014-03-17,2014-03-17,38000276,,,0,0,0,0,9202,0,62106007,378001,,,Concussão com perda de consciência
2228,312,0,2013-09-24,2013-09-24,38000276,,,0,0,0,0,9184,0,239873007,4079750,,,Osteoartrite do joelho
2229,312,0,2012-02-28,2012-02-28,38000276,,,0,0,0,0,9211,0,156073000,40318618,,,Obesidade
2230,312,0,2012-02-28,2012-02-28,38000276,,,0,0,0,0,9211,0,72892002,4217975,,,Otite média não supurativa
2231,312,0,2011-04-18,2011-04-18,38000276,,,0,0,0,0,9192,0,70704007,78272,,,Entorse de punho
2232,312,0,2010-11-23,2010-11-23,38000276,,,0,0,0,0,9224,0,72892002,4217975,,,Otite média não supurativa
2233,312,4060985,2000-01-18,2000-01-18,38000276,,,0,0,0,0,9214,0,162864005,4060985,,,IMC 30+ - obesidade
2234,312,0,1996-03-05,1996-03-05,38000276,,,0,0,0,0,9196,0,19169002,4078393,,,Aborto espontâneo na gravidez
2235,312,0,1974-10-11,1974-10-11,38000276,,,0,0,0,0,9201,0,446096008,40486433,,,Esteatose hepática perivenular
2236,312,0,1972-06-08,1972-06-08,38000276,,,0,0,0,0,9197,0,24079001,133834,,,Dermatite atópica
2237,313,0,2015-04-02,2015-04-02,38000276,,,0,0,0,0,9235,0,43878008,28060,,,Faringite estreptocócica
2238,313,0,2011-07-27,2011-07-27,38000276,,,0,0,0,0,9234,0,444814009,40481087,,,Infecção viral das vias aéreas superiores
2239,313,0,2010-05-13,2010-05-13,38000276,,,0,0,0,0,9230,0,195662009,4112343,,,Faringite viral aguda
2240,313,0,2009-10-14,2009-10-14,38000276,,,0,0,0,0,9228,0,444814009,40481087,,,Infecção viral das vias aéreas superiores
2241,313,4060985,2001-12-26,2001-12-26,38000276,,,0,0,0,0,9225,0,162864005,4060985,,,IMC 30+ - obesidade
2242,313,0,1993-07-23,1993-07-23,38000276,,,0,0,0,0,9226,0,40055000,257012,,,Sinusite crônica
2243,314,0,2011-09-12,2011-09-12,38000276,,,0,0,0,0,9240,0,195662009,4112343,,,Faringite viral aguda
2244,314,0,2009-05-16,2009-05-16,38000276,,,0,0,0,0,9236,0,283371005,4155034,,,Laceração de antebraço
2245,314,0,2008-08-15,2008-08-15,38000276,,,0,0,0,0,9238,0,38341003,316866,,,Hipertensão arterial
2246,315,0,2018-09-09,2018-09-09,38000276,,,0,0,0,0,9253,0,70704007,78272,,,Entorse de punho
2247,315,4060985,2018-03-22,2018-03-22,38000276,,,0,0,0,0,9260,0,162864005,4060985,,,IMC 30+ - obesidade
2248,315,0,2018-03-15,2018-03-15,38000276,,,0,0,0,0,9268,0,444814009,40481087,,,Infecção viral das vias aéreas superiores
2249,315,0,2018-01-04,2018-01-04,38000276,,,0,0,0,0,9243,0,72892002,4217975,,,Otite média não supurativa
2250,315,0,2014-05-22,2014-05-22,38000276,,,0,0,0,0,9244,0,38341003,316866,,,Hipertensão arterial
2251,315,0,2013-02-19,2013-02-19,38000276,,,0,0,0,0,9251,0,444814009,40481087,,,Infecção viral das vias aéreas superiores
2252,315,0,2003-03-20,2003-03-20,38000276,,,0,0,0,0,9258,0,53741008,317576,,,Doença arterial coronariana
2253,316,0,2018-01-28,2018-01-28,38000276,,,0,0,0,0,9330,0,444814009,40481087,,,Infecção viral das vias aéreas superiores
2254,316,0,2015-12-26,2015-12-26,38000276,,,0,0,0,0,9314,0,75498004,4294548,,,Infecção bacteriana aguda
2255,316,0,2012-05-26,2012-05-26,38000276,,,0,0,0,0,9327,0,43878008,28060,,,Faringite estreptocócica
2256,316,0,2012-03-25,2012-03-25,38000276,,,0,0,0,0,9312,0,444814009,40481087,,,Infecção viral das vias aéreas superiores
2257,316,0,2011-01-17,2011-01-17,38000276,,,0,0,0,0,9297,0,444814009,40481087,,,Infecção viral das vias aéreas superiores
2258,316,0,2010-04-24,2010-04-24,38000276,,,0,0,0,0,9315,0,72892002,4217975,,,Otite média não supurativa
2259,316,0,2004-08-13,2004-08-13,38000276,,,0,0,0,0,9309,0,55680006,4208104,,,Overdose de droga
2260,316,0,1999-10-30,1999-10-30,38000276,,,0,0,0,0,9277,0,19169002,4078393,,,Aborto espontâneo na gravidez
2261,316,0,1996-08-17,1996-08-17,38000276,,,0,0,0,0,9310,0,82423001,436096,,,Dor crônica
2262,316,0,1995-12-15,1995-12-15,38000276,,,0,0,0,0,9290,0,124171000119105,43530652,,,Nefropatia diabética crônica
2263,316,0,1995-10-09,1995-10-09,38000276,,,0,0,0,0,9334,0,196416002,4055754,,,Esofagite por refluxo
2264,316,0,1983-06-30,1983-06-30,38000276,,,0,0,0,0,9316,0,40055000,257012,,,Sinusite crônica
2265,317,0,2016-11-12,2016-11-12,38000276,,,0,0,0,0,9344,0,65363002,372328,,,Otite média
2266,318,0,2016-06-06,2016-06-06,38000276,,,0,0,0,0,9363,0,444814009,40481087,,,Infecção viral das vias aéreas superiores
2267,318,0,2016-01-19,2016-01-19,38000276,,,0,0,0,0,9366,0,444814009,40481087,,,Infecção viral das vias aéreas superiores
2268,318,0,2012-04-12,2012-04-12,38000276,,,0,0,0,0,9362,0,44465007,81151,,,Entorse de tornozelo
2269,318,0,2011-04-29,2011-04-29,38000276,,,0,0,0,0,9361,0,43878008,28060,,,Faringite estreptocócica
2270,319,0,2016-07-12,2016-07-12,38000276,,,0,0,0,0,9375,0,195662009,4112343,,,Faringite viral aguda
2271,319,0,2015-12-23,2015-12-23,38000276,,,0,0,0,0,9368,0,127013003,192279,,,Nefropatia diabética
2272,319,0,2015-12-23,2015-12-23,38000276,,,0,0,0,0,9368,0,431855005,443614,,,Doença renal crônica estágio 1
2273,319,0,2011-03-04,2011-03-04,38000276,,,0,0,0,0,9377,0,10509002,260139,,,Bronquite aguda
2274,319,0,2011-03-02,2011-03-02,38000276,,,0,0,0,0,9370,0,15777000,40316773,,,Pré-diabetes
2275,319,0,2011-03-02,2011-03-02,38000276,,,0,0,0,0,9370,0,80394007,4214376,,,Hiperglicemia
2276,319,0,2002-12-11,2002-12-11,38000276,,,0,0,0,0,9382,0,237602007,436940,,,Síndrome metabólica
2277,319,0,1994-02-16,1994-02-16,38000276,,,0,0,0,0,9371,0,302870006,4120314,,,Hipertrigliceridemia
2278,319,0,1991-02-13,1991-02-13,38000276,,,0,0,0,0,9376,0,44054006,201826,,,Diabetes mellitus tipo 2
2279,319,0,1984-01-19,1984-01-19,38000276,,,0,0,0,0,9367,0,40055000,257012,,,Sinusite crônica
2280,319,0,1981-01-28,1981-01-28,38000276,,,0,0,0,0,9380,0,38341003,316866,,,Hipertensão arterial
2281,320,0,2010-05-07,2010-05-07,38000276,,,0,0,0,0,9389,0,444814009,40481087,,,Infecção viral das vias aéreas superiores
2282,320,0,2009-11-24,2009-11-24,38000276,,,0,0,0,0,9407,0,10509002,260139,,,Bronquite aguda
2283,320,4060985,2004-06-02,2004-06-02,38000276,,,0,0,0,0,9422,0,162864005,4060985,,,IMC 30+ - obesidade
2284,320,0,2003-05-25,2003-05-25,38000276,,,0,0,0,0,9385,0,55680006,4208104,,,Overdose de droga
2285,320,0,1998-10-07,1998-10-07,38000276,,,0,0,0,0,9420,0,40055000,257012,,,Sinusite crônica
2286,320,0,1991-06-27,1991-06-27,38000276,,,0,0,0,0,9394,0,124171000119105,43530652,,,Nefropatia diabética crônica
2287,320,0,1991-04-14,1991-04-14,38000276,,,0,0,0,0,9400,0,82423001,436096,,,Dor crônica
2288,320,0,1990-06-03,1990-06-03,38000276,,,0,0,0,0,9421,0,196416002,4055754,,,Esofagite por refluxo
2289,320,0,1983-06-01,1983-06-01,38000276,,,0,0,0,0,9415,0,38341003,316866,,,Hipertensão arterial
2290,321,0,2018-08-09,2018-08-09,38000276,,,0,0,0,0,9429,0,444814009,40481087,,,Infecção viral das vias aéreas superiores
2291,321,0,2014-02-01,2014-02-01,38000276,,,0,0,0,0,9426,0,444814009,40481087,,,Infecção viral das vias aéreas superiores
2292,321,0,2014-01-25,2014-01-25,38000276,,,0,0,0,0,9433,0,239872002,4079749,,,Osteoartrite do quadril
2293,321,0,2013-04-03,2013-04-03,38000276,,,0,0,0,0,9427,0,10509002,260139,,,Bronquite aguda
2294,321,0,2011-02-02,2011-02-02,38000276,,,0,0,0,0,9432,0,284549007,4113008,,,Laceração de mão
2295,321,0,2009-01-17,2009-01-17,38000276,,,0,0,0,0,9438,0,75498004,4294548,,,Infecção bacteriana aguda
2296,321,4060985,2003-04-14,2003-04-14,38000276,,,0,0,0,0,9428,0,162864005,4060985,,,IMC 30+ - obesidade
2297,321,0,1999-12-23,1999-12-23,38000276,,,0,0,0,0,9436,0,40055000,257012,,,Sinusite crônica
2298,322,0,2018-10-09,2018-10-09,38000276,,,0,0,0,0,9489,0,55822004,432867,,,Hiperlipidemia
2299,322,0,2015-09-18,2015-09-18,38000276,,,0,0,0,0,9451,0,36971009,4283893,,,Sinusite
2300,322,0,2013-02-17,2013-02-17,38000276,,,0,0,0,0,9459,0,444814009,40481087,,,Infecção viral das vias aéreas superiores
2301,322,0,2012-01-04,2012-01-04,38000276,,,0,0,0,0,9456,0,444814009,40481087,,,Infecção viral das vias aéreas superiores
2302,322,0,2011-06-16,2011-06-16,38000276,,,0,0,0,0,9439,0,10509002,260139,,,Bronquite aguda
2303,322,0,1993-12-14,1993-12-14,38000276,,,0,0,0,0,9449,0,15777000,40316773,,,Pré-diabetes
2304,323,0,2018-12-03,2018-12-03,38000276,,,0,0,0,0,9502,0,72892002,4217975,,,Otite média não supurativa
2305,323,0,2016-04-24,2016-04-24,38000276,,,0,0,0,0,9497,0,10509002,260139,,,Bronquite aguda
2306,323,0,2012-09-19,2012-09-19,38000276,,,0,0,0,0,9496,0,283371005,4155034,,,Laceração de antebraço
2307,323,0,2010-07-17,2010-07-17,38000276,,,0,0,0,0,9495,0,444814009,40481087,,,Infecção viral das vias aéreas superiores
2308,323,0,1995-09-06,1995-09-06,38000276,,,0,0,0,0,9494,0,367498001,4280726,,,Gripe sazonal
2309,324,0,2018-12-14,2018-12-14,38000276,,,0,0,0,0,9514,0,195662009,4112343,,,Faringite viral aguda
2310,324,0,2018-03-11,2018-03-11,38000276,,,0,0,0,0,9510,0,444814009,40481087,,,Infecção viral das vias aéreas superiores
2311,324,0,2017-08-20,2017-08-20,38000276,,,0,0,0,0,9523,0,444814009,40481087,,,Infecção viral das vias aéreas superiores
2312,324,0,2014-11-13,2014-11-13,38000276,,,0,0,0,0,9519,0,284551006,4109685,,,Laceração de pé
2313,324,0,2012-11-23,2012-11-23,38000276,,,0,0,0,0,9516,0,15777000,40316773,,,Pré-diabetes
2314,324,0,2011-12-01,2011-12-01,38000276,,,0,0,0,0,9521,0,444814009,40481087,,,Infecção viral das vias aéreas superiores
2315,324,4060985,2010-11-19,2010-11-19,38000276,,,0,0,0,0,9518,0,162864005,4060985,,,IMC 30+ - obesidade
2316,325,0,1994-01-30,1994-01-30,38000276,,,0,0,0,0,9545,0,233604007,255848,,,Pneumonia
2317,325,0,1990-09-19,1990-09-19,38000276,,,0,0,0,0,9618,0,195662009,4112343,,,Faringite viral aguda
2318,325,0,1990-07-24,1990-07-24,38000276,,,0,0,0,0,9588,0,444814009,40481087,,,Infecção viral das vias aéreas superiores
2319,325,0,1988-02-01,1988-02-01,38000276,,,0,0,0,0,9581,0,55822004,432867,,,Hiperlipidemia
2320,325,0,1988-02-01,1988-02-01,38000276,,,0,0,0,0,9581,0,26929004,378419,,,Doença de Alzheimer
2321,325,0,1987-02-22,1987-02-22,38000276,,,0,0,0,0,9589,0,93761005,197500,,,Metástase cerebral
2322,325,0,1987-02-12,1987-02-12,38000276,,,0,0,0,0,9615,0,68496003,4285898,,,Pólipo do cólon
2323,325,0,1986-01-11,1986-01-11,38000276,,,0,0,0,0,9619,0,10509002,260139,,,Bronquite aguda
2324,325,0,1985-08-03,1985-08-03,38000276,,,0,0,0,0,9546,0,444814009,40481087,,,Infecção viral das vias aéreas superiores
2325,325,0,1985-02-01,1985-02-01,38000276,,,0,0,0,0,9622,0,195662009,4112343,,,Faringite viral aguda
2326,325,0,1983-04-04,1983-04-04,38000276,,,0,0,0,0,9548,0,49436004,313217,,,Fibrilação atrial
2327,325,0,1980-09-21,1980-09-21,38000276,,,0,0,0,0,9613,0,68496003,4285898,,,Pólipo do cólon
2328,325,4256640,1960-09-26,1960-09-26,38000276,,,0,0,0,0,9621,0,408512008,4256640,,,Alcoolismo relatado pelo paciente
2329,325,0,1942-02-23,1942-02-23,38000276,,,0,0,0,0,9570,0,5602001,438130,,,Dor por opioides
2330,325,4060985,1939-02-20,1939-02-20,38000276,,,0,0,0,0,9584,0,162864005,4060985,,,IMC 30+ - obesidade
2331,325,0,1934-09-20,1934-09-20,38000276,,,0,0,0,0,9552,0,271737000,439777,,,Anemia
2332,326,0,2018-01-06,2018-01-06,38000276,,,0,0,0,0,9626,0,444814009,40481087,,,Infecção viral das vias aéreas superiores
2333,326,0,2017-05-26,2017-05-26,38000276,,,0,0,0,0,9629,0,444814009,40481087,,,Infecção viral das vias aéreas superiores
2334,326,0,2003-04-01,2003-04-01,38000276,,,0,0,0,0,9627,0,15777000,40316773,,,Pré-diabetes
2335,327,0,2018-10-13,2018-10-13,38000276,,,0,0,0,0,9637,0,195662009,4112343,,,Faringite viral aguda
2336,327,0,2015-10-16,2015-10-16,38000276,,,0,0,0,0,9641,0,284549007,4113008,,,Laceração de mão
2337,327,0,2015-01-06,2015-01-06,38000276,,,0,0,0,0,9650,0,10509002,260139,,,Bronquite aguda
2338,327,0,2014-12-19,2014-12-19,38000276,,,0,0,0,0,9645,0,43878008,28060,,,Faringite estreptocócica
2339,327,0,2013-08-14,2013-08-14,38000276,,,0,0,0,0,9653,0,195662009,4112343,,,Faringite viral aguda
2340,328,0,1968-04-18,1968-04-18,38000276,,,0,0,0,0,9657,0,84757009,380378,,,Epilepsia
2341,328,45766064,1968-04-18,1968-04-18,38000276,,,0,0,0,0,9657,0,703151001,45766064,,,Histórico de artroplastia de joelho
2342,328,0,1968-04-18,1968-04-18,38000276,,,0,0,0,0,9657,0,128613002,4029498,,,Transtorno convulsivo
2343,328,0,1964-12-25,1964-12-25,38000276,,,0,0,0,0,9664,0,195662009,4112343,,,Faringite viral aguda
2344,328,0,1962-06-23,1962-06-23,38000276,,,0,0,0,0,9668,0,10509002,260139,,,Bronquite aguda
2345,328,0,1962-06-29,1962-06-29,38000276,,,0,0,0,0,9666,0,80394007,4214376,,,Hiperglicemia
2346,328,0,1960-08-14,1960-08-14,38000276,,,0,0,0,0,9672,0,370247008,4156265,,,Lesão facial
2347,328,0,1958-11-21,1958-11-21,38000276,,,0,0,0,0,9669,0,237602007,436940,,,Síndrome metabólica
2348,328,0,1958-11-21,1958-11-21,38000276,,,0,0,0,0,9669,0,302870006,4120314,,,Hipertrigliceridemia
2349,328,0,1956-11-16,1956-11-16,38000276,,,0,0,0,0,9663,0,44054006,201826,,,Diabetes mellitus tipo 2
2350,328,42709996,1954-11-12,1954-11-12,38000276,,,0,0,0,0,9656,0,449868002,42709996,,,Fumante atual de cigarro
2351,328,4060985,1951-02-02,1951-02-02,38000276,,,0,0,0,0,9671,0,162864005,4060985,,,IMC 30+ - obesidade
2352,329,0,2016-12-22,2016-12-22,38000276,,,0,0,0,0,9675,0,10509002,260139,,,Bronquite aguda
2353,329,0,2015-06-06,2015-06-06,38000276,,,0,0,0,0,9679,0,70704007,78272,,,Entorse de punho
2354,329,0,2014-09-30,2014-09-30,38000276,,,0,0,0,0,9677,0,15777000,40316773,,,Pré-diabetes
2355,329,0,2007-09-18,2007-09-18,38000276,,,0,0,0,0,9678,0,38341003,316866,,,Hipertensão arterial
2356,330,0,2016-11-21,2016-11-21,38000276,,,0,0,0,0,9685,0,10509002,260139,,,Bronquite aguda
2357,330,0,2016-04-19,2016-04-19,38000276,,,0,0,0,0,9681,0,307731004,4146173,,,Fibrilação atrial de início recente
2358,330,0,2009-08-12,2009-08-12,38000276,,,0,0,0,0,9683,0,195662009,4112343,,,Faringite viral aguda
2359,331,0,2017-08-25,2017-08-25,38000276,,,0,0,0,0,9690,0,44465007,81151,,,Entorse de tornozelo
2360,331,0,2016-08-10,2016-08-10,38000276,,,0,0,0,0,9701,0,237602007,436940,,,Síndrome metabólica
2361,331,0,2016-08-10,2016-08-10,38000276,,,0,0,0,0,9701,0,302870006,4120314,,,Hipertrigliceridemia
2362,331,0,2016-08-10,2016-08-10,38000276,,,0,0,0,0,9701,0,80394007,4214376,,,Hiperglicemia
2363,331,0,2015-08-05,2015-08-05,38000276,,,0,0,0,0,9702,0,44054006,201826,,,Diabetes mellitus tipo 2
2364,331,0,2015-08-05,2015-08-05,38000276,,,0,0,0,0,9702,0,38341003,316866,,,Hipertensão arterial
2365,331,0,2013-09-11,2013-09-11,38000276,,,0,0,0,0,9700,0,195662009,4112343,,,Faringite viral aguda
2366,331,0,2012-11-20,2012-11-20,38000276,,,0,0,0,0,9704,0,444814009,40481087,,,Infecção viral das vias aéreas superiores
2367,331,0,2012-07-14,2012-07-14,38000276,,,0,0,0,0,9693,0,75498004,4294548,,,Infecção bacteriana aguda
2368,331,0,2010-07-16,2010-07-16,38000276,,,0,0,0,0,9698,0,10509002,260139,,,Bronquite aguda
2369,331,4060985,2007-07-25,2007-07-25,38000276,,,0,0,0,0,9694,0,162864005,4060985,,,IMC 30+ - obesidade
2370,333,0,2013-09-06,2013-09-06,38000276,,,0,0,0,0,9740,0,233604007,255848,,,Pneumonia
2371,333,0,2012-08-31,2012-08-31,38000276,,,0,0,0,0,9734,0,64859006,80502,,,Osteoporose
2372,333,0,2010-08-12,2010-08-12,38000276,,,0,0,0,0,9771,0,444814009,40481087,,,Infecção viral das vias aéreas superiores
2373,333,0,2009-01-03,2009-01-03,38000276,,,0,0,0,0,9706,0,40055000,257012,,,Sinusite crônica
2374,333,0,2008-11-29,2008-11-29,38000276,,,0,0,0,0,9708,0,36971009,4283893,,,Sinusite
2375,333,0,2007-07-11,2007-07-11,38000276,,,0,0,0,0,9705,0,10509002,260139,,,Bronquite aguda
2376,333,0,2005-08-19,2005-08-19,38000276,,,0,0,0,0,9760,0,26929004,378419,,,Doença de Alzheimer
2377,333,0,2004-07-24,2004-07-24,38000276,,,0,0,0,0,9741,0,444814009,40481087,,,Infecção viral das vias aéreas superiores
2378,333,0,2004-03-17,2004-03-17,38000276,,,0,0,0,0,9710,0,195662009,4112343,,,Faringite viral aguda
2379,333,0,1996-02-15,1996-02-15,38000276,,,0,0,0,0,9722,0,55680006,4208104,,,Overdose de droga
2380,333,0,1992-02-08,1992-02-08,38000276,,,0,0,0,0,9723,0,124171000119105,43530652,,,Nefropatia diabética crônica
2381,333,0,1990-06-09,1990-06-09,38000276,,,0,0,0,0,9733,0,82423001,436096,,,Dor crônica
2382,333,0,1990-03-06,1990-03-06,38000276,,,0,0,0,0,9736,0,196416002,4055754,,,Esofagite por refluxo
2383,333,0,1977-09-16,1977-09-16,38000276,,,0,0,0,0,9713,0,185086009,258780,,,DPOC exacerbada
2384,333,0,1973-08-24,1973-08-24,38000276,,,0,0,0,0,9772,0,15777000,40316773,,,Pré-diabetes
2385,333,4060985,1956-11-23,1956-11-23,38000276,,,0,0,0,0,9747,0,162864005,4060985,,,IMC 30+ - obesidade
2386,334,0,2018-07-20,2018-07-20,38000276,,,0,0,0,0,9791,0,444814009,40481087,,,Infecção viral das vias aéreas superiores
2387,334,0,2017-02-05,2017-02-05,38000276,,,0,0,0,0,9792,0,195662009,4112343,,,Faringite viral aguda
2388,334,0,2016-08-01,2016-08-01,38000276,,,0,0,0,0,9812,0,444814009,40481087,,,Infecção viral das vias aéreas superiores
2389,334,0,2015-12-15,2015-12-15,38000276,,,0,0,0,0,9785,0,55822004,432867,,,Hiperlipidemia
2390,334,0,2015-11-16,2015-11-16,38000276,,,0,0,0,0,9796,0,283371005,4155034,,,Laceração de antebraço
2391,334,0,2014-11-13,2014-11-13,38000276,,,0,0,0,0,9790,0,444814009,40481087,,,Infecção viral das vias aéreas superiores
2392,334,0,2013-01-29,2013-01-29,38000276,,,0,0,0,0,9782,0,90781000119102,45769905,,,Doença renal crônica por diabetes
2393,334,0,2013-01-29,2013-01-29,38000276,,,0,0,0,0,9782,0,431856006,443601,,,Doença renal crônica estágio 4
2394,334,0,2013-01-29,2013-01-29,38000276,,,0,0,0,0,9782,0,15777000,40316773,,,Pré-diabetes
2395,334,0,2012-03-04,2012-03-04,38000276,,,0,0,0,0,9807,0,10509002,260139,,,Bronquite aguda
2396,334,0,2011-01-18,2011-01-18,38000276,,,0,0,0,0,9783,0,127013003,192279,,,Nefropatia diabética
2397,334,0,2011-01-18,2011-01-18,38000276,,,0,0,0,0,9783,0,431855005,443614,,,Doença renal crônica estágio 1
2398,334,0,2009-06-02,2009-06-02,38000276,,,0,0,0,0,9816,0,237602007,436940,,,Síndrome metabólica
2399,334,0,2009-06-02,2009-06-02,38000276,,,0,0,0,0,9816,0,302870006,4120314,,,Hipertrigliceridemia
2400,334,0,2009-06-02,2009-06-02,38000276,,,0,0,0,0,9816,0,80394007,4214376,,,Hiperglicemia
2401,334,0,2007-05-29,2007-05-29,38000276,,,0,0,0,0,9799,0,44054006,201826,,,Diabetes mellitus tipo 2
2402,334,0,2007-05-29,2007-05-29,38000276,,,0,0,0,0,9799,0,38341003,316866,,,Hipertensão arterial
2403,334,0,2004-06-30,2004-06-30,38000276,,,0,0,0,0,9779,0,239873007,4079750,,,Osteoartrite do joelho
2404,334,4060985,1989-09-19,1989-09-19,38000276,,,0,0,0,0,9808,0,162864005,4060985,,,IMC 30+ - obesidade
2405,335,0,2016-08-27,2016-08-27,38000276,,,0,0,0,0,9822,0,10509002,260139,,,Bronquite aguda
2406,335,4323208,2015-01-21,2015-01-21,38000276,,,0,0,0,0,9821,0,428251008,4323208,,,Histórico de apendicectomia
2407,335,0,2015-01-21,2015-01-21,38000276,,,0,0,0,0,9825,0,74400008,440448,,,Apendicite
2408,335,0,2011-05-15,2011-05-15,38000276,,,0,0,0,0,9818,0,444814009,40481087,,,Infecção viral das vias aéreas superiores
2409,335,0,2008-12-30,2008-12-30,38000276,,,0,0,0,0,9824,0,444814009,40481087,,,Infecção viral das vias aéreas superiores
2410,336,0,2016-07-18,2016-07-18,38000276,,,0,0,0,0,9830,0,444814009,40481087,,,Infecção viral das vias aéreas superiores
2411,336,0,2016-02-21,2016-02-21,38000276,,,0,0,0,0,9837,0,444814009,40481087,,,Infecção viral das vias aéreas superiores
2412,336,0,2014-09-24,2014-09-24,38000276,,,0,0,0,0,9829,0,239872002,4079749,,,Osteoartrite do quadril
2413,336,0,2012-03-27,2012-03-27,38000276,,,0,0,0,0,9834,0,444814009,40481087,,,Infecção viral das vias aéreas superiores
2414,336,0,2011-08-18,2011-08-18,38000276,,,0,0,0,0,9832,0,444814009,40481087,,,Infecção viral das vias aéreas superiores
2415,336,4256640,2008-10-16,2008-10-16,38000276,,,0,0,0,0,9835,0,408512008,4256640,,,Alcoolismo relatado pelo paciente
2416,336,4060985,1994-11-10,1994-11-10,38000276,,,0,0,0,0,9833,0,162864005,4060985,,,IMC 30+ - obesidade
2417,337,0,2013-10-07,2013-10-07,38000276,,,0,0,0,0,9842,0,237602007,436940,,,Síndrome metabólica
2418,337,0,2013-10-07,2013-10-07,38000276,,,0,0,0,0,9842,0,302870006,4120314,,,Hipertrigliceridemia
2419,337,0,2013-10-07,2013-10-07,38000276,,,0,0,0,0,9842,0,80394007,4214376,,,Hiperglicemia
2420,337,0,2012-10-01,2012-10-01,38000276,,,0,0,0,0,9854,0,44054006,201826,,,Diabetes mellitus tipo 2
2421,337,4060985,2004-10-11,2004-10-11,38000276,,,0,0,0,0,9857,0,162864005,4060985,,,IMC 30+ - obesidade
2422,338,0,2018-05-19,2018-05-19,38000276,,,0,0,0,0,9874,0,192127007,440086,,,Transtorno do espectro autista infantil
2423,338,0,2016-09-21,2016-09-21,38000276,,,0,0,0,0,9879,0,263102004,4134304,,,Ruptura de menisco
2424,338,0,2013-08-25,2013-08-25,38000276,,,0,0,0,0,9868,0,65363002,372328,,,Otite média
2425,338,0,2013-03-11,2013-03-11,38000276,,,0,0,0,0,9865,0,65363002,372328,,,Otite média
2426,338,0,2013-01-11,2013-01-11,38000276,,,0,0,0,0,9875,0,195662009,4112343,,,Faringite viral aguda
2427,339,4324181,2014-03-18,2014-03-18,38000276,,,0,0,0,0,9896,0,429007001,4324181,,,Histórico de infarto
2428,339,0,2014-03-18,2014-03-18,38000276,,,0,0,0,0,9896,0,410429000,321042,,,Parada cardíaca
2429,340,0,2016-09-24,2016-09-24,38000276,,,0,0,0,0,9904,0,444814009,40481087,,,Infecção viral das vias aéreas superiores
2430,340,0,2015-01-08,2015-01-08,38000276,,,0,0,0,0,9915,0,10509002,260139,,,Bronquite aguda
2431,340,0,2014-12-16,2014-12-16,38000276,,,0,0,0,0,9914,0,40055000,257012,,,Sinusite crônica
2432,340,0,2014-11-25,2014-11-25,38000276,,,0,0,0,0,9897,0,36971009,4283893,,,Sinusite
2433,340,0,2010-02-11,2010-02-11,38000276,,,0,0,0,0,9924,0,370247008,4156265,,,Lesão facial
2434,340,0,2010-01-19,2010-01-19,38000276,,,0,0,0,0,9903,0,10509002,260139,,,Bronquite aguda
2435,340,4060985,2004-03-19,2004-03-19,38000276,,,0,0,0,0,9923,0,162864005,4060985,,,IMC 30+ - obesidade
2436,340,4323208,2003-02-03,2003-02-03,38000276,,,0,0,0,0,9911,0,428251008,4323208,,,Histórico de apendicectomia
2437,340,0,2003-02-03,2003-02-03,38000276,,,0,0,0,0,9908,0,74400008,440448,,,Apendicite
2438,340,0,1984-07-20,1984-07-20,38000276,,,0,0,0,0,9910,0,38341003,316866,,,Hipertensão arterial
2439,341,0,2016-09-08,2016-09-08,38000276,,,0,0,0,0,9929,0,284549007,4113008,,,Laceração de mão
2440,341,0,2016-04-24,2016-04-24,38000276,,,0,0,0,0,9933,0,195662009,4112343,,,Faringite viral aguda
2441,341,0,2013-10-09,2013-10-09,38000276,,,0,0,0,0,9930,0,444814009,40481087,,,Infecção viral das vias aéreas superiores
2442,341,0,2009-08-19,2009-08-19,38000276,,,0,0,0,0,9937,0,241929008,4084167,,,Reação alérgica a alimento
2443,341,0,1997-08-15,1997-08-15,38000276,,,0,0,0,0,9934,0,40055000,257012,,,Sinusite crônica
2444,341,0,1991-03-04,1991-03-04,38000276,,,0,0,0,0,9949,0,53741008,317576,,,Doença arterial coronariana
2445,341,0,1986-10-27,1986-10-27,38000276,,,0,0,0,0,9945,0,230690007,381316,,,Acidente vascular cerebral
2446,341,4060985,1951-11-05,1951-11-05,38000276,,,0,0,0,0,9948,0,162864005,4060985,,,IMC 30+ - obesidade
2447,341,0,1949-03-14,1949-03-14,38000276,,,0,0,0,0,9935,0,19169002,4078393,,,Aborto espontâneo na gravidez
2448,342,0,2018-10-15,2018-10-15,38000276,,,0,0,0,0,9954,0,195662009,4112343,,,Faringite viral aguda
2449,342,0,2013-11-26,2013-11-26,38000276,,,0,0,0,0,9965,0,195662009,4112343,,,Faringite viral aguda
2450,342,0,2012-12-03,2012-12-03,38000276,,,0,0,0,0,9963,0,65363002,372328,,,Otite média
2451,342,0,2012-03-11,2012-03-11,38000276,,,0,0,0,0,9964,0,444814009,40481087,,,Infecção viral das vias aéreas superiores
2452,342,0,2010-10-27,2010-10-27,38000276,,,0,0,0,0,9957,0,444814009,40481087,,,Infecção viral das vias aéreas superiores
2453,342,0,2010-03-31,2010-03-31,38000276,,,0,0,0,0,9950,0,10509002,260139,,,Bronquite aguda
2454,343,0,2015-06-13,2015-06-13,38000276,,,0,0,0,0,9981,0,195662009,4112343,,,Faringite viral aguda
2455,343,0,2009-08-12,2009-08-12,38000276,,,0,0,0,0,9969,0,10509002,260139,,,Bronquite aguda
2456,343,4256640,2007-12-08,2007-12-08,38000276,,,0,0,0,0,9983,0,408512008,4256640,,,Alcoolismo relatado pelo paciente
2457,343,0,1994-05-28,1994-05-28,38000276,,,0,0,0,0,9978,0,19169002,4078393,,,Aborto espontâneo na gravidez
2458,343,4060985,1989-11-18,1989-11-18,38000276,,,0,0,0,0,9972,0,162864005,4060985,,,IMC 30+ - obesidade
2459,343,0,1989-06-14,1989-06-14,38000276,,,0,0,0,0,9976,0,40055000,257012,,,Sinusite crônica
2460,344,0,2017-12-14,2017-12-14,38000276,,,0,0,0,0,9996,0,15777000,40316773,,,Pré-diabetes
2461,344,0,2009-11-20,2009-11-20,38000276,,,0,0,0,0,9986,0,195662009,4112343,,,Faringite viral aguda
2462,344,4060985,2008-11-27,2008-11-27,38000276,,,0,0,0,0,9989,0,162864005,4060985,,,IMC 30+ - obesidade
2463,344,0,2007-02-22,2007-02-22,38000276,,,0,0,0,0,9995,0,19169002,4078393,,,Aborto espontâneo na gravidez
2464,344,0,1990-04-26,1990-04-26,38000276,,,0,0,0,0,9991,0,38341003,316866,,,Hipertensão arterial
2465,344,0,1974-02-09,1974-02-09,38000276,,,0,0,0,0,9988,0,232353008,4048171,,,Perfuração do tímpano
2466,345,0,2015-09-23,2015-09-23,38000276,,,0,0,0,0,10008,0,444814009,40481087,,,Infecção viral das vias aéreas superiores
2467,345,4060985,2013-03-16,2013-03-16,38000276,,,0,0,0,0,9997,0,162864005,4060985,,,IMC 30+ - obesidade
2468,345,0,2011-09-25,2011-09-25,38000276,,,0,0,0,0,10001,0,444814009,40481087,,,Infecção viral das vias aéreas superiores
2469,345,0,2011-03-23,2011-03-23,38000276,,,0,0,0,0,10000,0,195662009,4112343,,,Faringite viral aguda
2470,345,0,2009-05-09,2009-05-09,38000276,,,0,0,0,0,10009,0,444814009,40481087,,,Infecção viral das vias aéreas superiores
2471,345,0,1986-03-01,1986-03-01,38000276,,,0,0,0,0,9999,0,19169002,4078393,,,Aborto espontâneo na gravidez
2472,346,0,2018-05-03,2018-05-03,38000276,,,0,0,0,0,10021,0,43878008,28060,,,Faringite estreptocócica
2473,346,0,2018-03-21,2018-03-21,38000276,,,0,0,0,0,10026,0,10509002,260139,,,Bronquite aguda
2474,346,0,2017-12-20,2017-12-20,38000276,,,0,0,0,0,10015,0,43878008,28060,,,Faringite estreptocócica
2475,347,0,2017-08-14,2017-08-14,38000276,,,0,0,0,0,10046,0,53741008,317576,,,Doença arterial coronariana
2476,347,0,2015-07-06,2015-07-06,38000276,,,0,0,0,0,10047,0,444814009,40481087,,,Infecção viral das vias aéreas superiores
2477,347,0,2014-10-18,2014-10-18,38000276,,,0,0,0,0,10045,0,444814009,40481087,,,Infecção viral das vias aéreas superiores
2478,347,0,2013-01-12,2013-01-12,38000276,,,0,0,0,0,10043,0,444814009,40481087,,,Infecção viral das vias aéreas superiores
2479,347,0,2002-08-19,2002-08-19,38000276,,,0,0,0,0,10044,0,19169002,4078393,,,Aborto espontâneo na gravidez
2480,347,0,1987-11-16,1987-11-16,38000276,,,0,0,0,0,10030,0,15777000,40316773,,,Pré-diabetes
2481,347,4060985,1984-11-12,1984-11-12,38000276,,,0,0,0,0,10055,0,162864005,4060985,,,IMC 30+ - obesidade
2482,347,4323208,1968-04-09,1968-04-09,38000276,,,0,0,0,0,10051,0,428251008,4323208,,,Histórico de apendicectomia
2483,347,0,1968-04-09,1968-04-09,38000276,,,0,0,0,0,10031,0,74400008,440448,,,Apendicite
2484,347,0,1958-07-24,1958-07-24,38000276,,,0,0,0,0,10029,0,40055000,257012,,,Sinusite crônica
2485,348,0,2015-05-17,2015-05-17,38000276,,,0,0,0,0,10057,0,195662009,4112343,,,Faringite viral aguda
2486,349,0,2015-03-18,2015-03-18,38000276,,,0,0,0,0,10078,0,235919008,196456,,,Doença hepática alcoólica
2487,349,0,2015-03-18,2015-03-18,38000276,,,0,0,0,0,10078,0,65275009,198809,,,Colecistite aguda
2488,349,0,2013-02-04,2013-02-04,38000276,,,0,0,0,0,10070,0,195662009,4112343,,,Faringite viral aguda
2489,349,0,2011-10-30,2011-10-30,38000276,,,0,0,0,0,10068,0,195662009,4112343,,,Faringite viral aguda
2490,350,4060985,2014-05-31,2014-05-31,38000276,,,0,0,0,0,10095,0,162864005,4060985,,,IMC 30+ - obesidade
2491,350,0,2008-05-03,2008-05-03,38000276,,,0,0,0,0,10097,0,55680006,4208104,,,Overdose de droga
2492,350,0,1995-05-06,1995-05-06,38000276,,,0,0,0,0,10108,0,38341003,316866,,,Hipertensão arterial
2493,350,0,1992-01-07,1992-01-07,38000276,,,0,0,0,0,10083,0,196416002,4055754,,,Esofagite por refluxo
2494,350,0,1991-06-05,1991-06-05,38000276,,,0,0,0,0,10079,0,124171000119105,43530652,,,Nefropatia diabética crônica
2495,350,0,1991-04-15,1991-04-15,38000276,,,0,0,0,0,10093,0,82423001,436096,,,Dor crônica
2496,351,0,2013-10-03,2013-10-03,38000276,,,0,0,0,0,10121,0,72892002,4217975,,,Otite média não supurativa
2497,351,0,2010-01-30,2010-01-30,38000276,,,0,0,0,0,10157,0,403190006,4296204,,,Queimadura solar de primeiro grau
2498,351,0,2009-05-21,2009-05-21,38000276,,,0,0,0,0,10135,0,72892002,4217975,,,Otite média não supurativa
2499,351,0,2001-10-25,2001-10-25,38000276,,,0,0,0,0,10176,0,15777000,40316773,,,Pré-diabetes
2500,351,0,1997-10-09,1997-10-09,38000276,,,0,0,0,0,10143,0,19169002,4078393,,,Aborto espontâneo na gravidez
2501,351,4060985,1991-09-26,1991-09-26,38000276,,,0,0,0,0,10162,0,162864005,4060985,,,IMC 30+ - obesidade
2502,351,0,1980-12-30,1980-12-30,38000276,,,0,0,0,0,10170,0,367498001,4280726,,,Gripe sazonal
2503,352,0,2018-04-21,2018-04-21,38000276,,,0,0,0,0,10187,0,65363002,372328,,,Otite média
2504,352,0,2017-01-12,2017-01-12,38000276,,,0,0,0,0,10179,0,65363002,372328,,,Otite média
2505,353,0,2018-01-30,2018-01-30,38000276,,,0,0,0,0,10192,0,10509002,260139,,,Bronquite aguda
2506,353,0,2017-12-18,2017-12-18,38000276,,,0,0,0,0,10206,0,444814009,40481087,,,Infecção viral das vias aéreas superiores
2507,353,0,2015-11-27,2015-11-27,38000276,,,0,0,0,0,10207,0,10509002,260139,,,Bronquite aguda
2508,353,0,2015-10-09,2015-10-09,38000276,,,0,0,0,0,10212,0,444814009,40481087,,,Infecção viral das vias aéreas superiores
2509,353,0,2010-05-07,2010-05-07,38000276,,,0,0,0,0,10211,0,195662009,4112343,,,Faringite viral aguda
2510,353,0,2004-06-21,2004-06-21,38000276,,,0,0,0,0,10203,0,15777000,40316773,,,Pré-diabetes
2511,353,4060985,2001-06-18,2001-06-18,38000276,,,0,0,0,0,10209,0,162864005,4060985,,,IMC 30+ - obesidade
2512,353,0,1983-04-22,1983-04-22,38000276,,,0,0,0,0,10197,0,446096008,40486433,,,Esteatose hepática perivenular
2513,354,0,2017-11-14,2017-11-14,38000276,,,0,0,0,0,10237,0,197927001,4056621,,,Uretrite recorrente
2514,354,0,2017-11-14,2017-11-14,38000276,,,0,0,0,0,10237,0,301011002,4116491,,,Infecção do trato urinário por E. coli
2515,354,0,2017-09-01,2017-09-01,38000276,,,0,0,0,0,10262,0,301011002,4116491,,,Infecção do trato urinário por E. coli
2516,354,0,2015-03-13,2015-03-13,38000276,,,0,0,0,0,10230,0,72892002,4217975,,,Otite média não supurativa
2517,354,0,2014-07-10,2014-07-10,38000276,,,0,0,0,0,10220,0,301011002,4116491,,,Infecção do trato urinário por E. coli
2518,354,0,2013-02-22,2013-02-22,38000276,,,0,0,0,0,10259,0,72892002,4217975,,,Otite média não supurativa
2519,354,0,2012-01-14,2012-01-14,38000276,,,0,0,0,0,10234,0,195662009,4112343,,,Faringite viral aguda
2520,354,0,2010-11-26,2010-11-26,38000276,,,0,0,0,0,10268,0,72892002,4217975,,,Otite média não supurativa
2521,354,0,2010-03-23,2010-03-23,38000276,,,0,0,0,0,10271,0,444814009,40481087,,,Infecção viral das vias aéreas superiores
2522,354,0,2008-12-19,2008-12-19,38000276,,,0,0,0,0,10267,0,72892002,4217975,,,Otite média não supurativa
2523,354,4060985,2006-03-10,2006-03-10,38000276,,,0,0,0,0,10226,0,162864005,4060985,,,IMC 30+ - obesidade
2524,355,0,2018-12-27,2018-12-27,38000276,,,0,0,0,0,10296,0,444814009,40481087,,,Infecção viral das vias aéreas superiores
2525,355,0,2018-12-17,2018-12-17,38000276,,,0,0,0,0,10288,0,62564004,375671,,,Concussão sem perda de consciência
2526,355,0,2018-07-20,2018-07-20,38000276,,,0,0,0,0,10292,0,195662009,4112343,,,Faringite viral aguda
2527,355,0,2014-05-08,2014-05-08,38000276,,,0,0,0,0,10277,0,444814009,40481087,,,Infecção viral das vias aéreas superiores
2528,355,0,2014-01-29,2014-01-29,38000276,,,0,0,0,0,10279,0,195662009,4112343,,,Faringite viral aguda
2529,355,0,2010-03-22,2010-03-22,38000276,,,0,0,0,0,10294,0,40055000,257012,,,Sinusite crônica
2530,355,0,2010-02-22,2010-02-22,38000276,,,0,0,0,0,10278,0,75498004,4294548,,,Infecção bacteriana aguda
2531,355,0,2009-11-14,2009-11-14,38000276,,,0,0,0,0,10282,0,192127007,440086,,,Transtorno do espectro autista infantil
2532,355,0,2005-11-22,2005-11-22,38000276,,,0,0,0,0,10293,0,232353008,4048171,,,Perfuração do tímpano
2533,355,0,2005-02-05,2005-02-05,38000276,,,0,0,0,0,10274,0,444814009,40481087,,,Infecção viral das vias aéreas superiores
2534,356,0,2016-11-19,2016-11-19,38000276,,,0,0,0,0,10313,0,10509002,260139,,,Bronquite aguda
2535,356,0,2015-08-12,2015-08-12,38000276,,,0,0,0,0,10322,0,444814009,40481087,,,Infecção viral das vias aéreas superiores
2536,356,0,2015-05-31,2015-05-31,38000276,,,0,0,0,0,10333,0,370247008,4156265,,,Lesão facial
2537,356,0,2015-01-11,2015-01-11,38000276,,,0,0,0,0,10328,0,64859006,80502,,,Osteoporose
2538,356,0,2012-06-04,2012-06-04,38000276,,,0,0,0,0,10336,0,55680006,4208104,,,Overdose de droga
2539,356,0,2012-04-16,2012-04-16,38000276,,,0,0,0,0,10337,0,263102004,4134304,,,Ruptura de menisco
2540,356,0,2010-07-11,2010-07-11,38000276,,,0,0,0,0,10334,0,10509002,260139,,,Bronquite aguda
2541,356,0,1991-03-18,1991-03-18,38000276,,,0,0,0,0,10320,0,124171000119105,43530652,,,Nefropatia diabética crônica
2542,356,0,1991-02-09,1991-02-09,38000276,,,0,0,0,0,10326,0,196416002,4055754,,,Esofagite por refluxo
2543,356,0,1990-02-06,1990-02-06,38000276,,,0,0,0,0,10350,0,82423001,436096,,,Dor crônica
2544,356,0,1989-12-04,1989-12-04,38000276,,,0,0,0,0,10316,0,92691004,200970,,,Carcinoma in situ de próstata
2545,356,0,1989-12-04,1989-12-04,38000276,,,0,0,0,0,10316,0,126906006,4129902,,,Neoplasia de bexiga
2546,356,0,1980-10-19,1980-10-19,38000276,,,0,0,0,0,10349,0,49436004,313217,,,Fibrilação atrial
2547,356,0,1966-09-25,1966-09-25,38000276,,,0,0,0,0,10319,0,15777000,40316773,,,Pré-diabetes
2548,356,4060985,1959-04-19,1959-04-19,38000276,,,0,0,0,0,10317,0,162864005,4060985,,,IMC 30+ - obesidade
2549,356,4323208,1957-09-08,1957-09-08,38000276,,,0,0,0,0,10303,0,428251008,4323208,,,Histórico de apendicectomia
2550,356,0,1957-09-08,1957-09-08,38000276,,,0,0,0,0,10340,0,74400008,440448,,,Apendicite
2551,356,0,1957-09-08,1957-09-08,38000276,,,0,0,0,0,10340,0,47693006,4166224,,,Ruptura de apêndice
2552,356,0,1931-01-10,1931-01-10,38000276,,,0,0,0,0,10309,0,40055000,257012,,,Sinusite crônica
2553,357,0,2016-09-17,2016-09-17,38000276,,,0,0,0,0,10370,0,36971009,4283893,,,Sinusite
2554,357,0,2016-02-06,2016-02-06,38000276,,,0,0,0,0,10383,0,40055000,257012,,,Sinusite crônica
2555,357,0,2015-12-19,2015-12-19,38000276,,,0,0,0,0,10375,0,36971009,4283893,,,Sinusite
2556,357,0,2015-04-30,2015-04-30,38000276,,,0,0,0,0,10361,0,62106007,378001,,,Concussão com perda de consciência
2557,357,0,2015-03-08,2015-03-08,38000276,,,0,0,0,0,10369,0,75498004,4294548,,,Infecção bacteriana aguda
2558,357,0,2011-04-23,2011-04-23,38000276,,,0,0,0,0,10368,0,72892002,4217975,,,Otite média não supurativa
2559,357,0,2009-05-10,2009-05-10,38000276,,,0,0,0,0,10363,0,283385000,4152936,,,Laceração de ombro
2560,357,0,1998-10-31,1998-10-31,38000276,,,0,0,0,0,10357,0,15777000,40316773,,,Pré-diabetes
2561,358,0,2018-03-16,2018-03-16,38000276,,,0,0,0,0,10401,0,15777000,40316773,,,Pré-diabetes
2562,358,0,2017-01-03,2017-01-03,38000276,,,0,0,0,0,10390,0,195662009,4112343,,,Faringite viral aguda
2563,358,0,2016-12-03,2016-12-03,38000276,,,0,0,0,0,10408,0,444814009,40481087,,,Infecção viral das vias aéreas superiores
2564,358,0,2016-11-19,2016-11-19,38000276,,,0,0,0,0,10406,0,44465007,81151,,,Entorse de tornozelo
2565,358,0,2016-04-21,2016-04-21,38000276,,,0,0,0,0,10388,0,444814009,40481087,,,Infecção viral das vias aéreas superiores
2566,358,4256640,2015-02-20,2015-02-20,38000276,,,0,0,0,0,10412,0,408512008,4256640,,,Alcoolismo relatado pelo paciente
2567,358,0,2009-02-06,2009-02-06,38000276,,,0,0,0,0,10403,0,444814009,40481087,,,Infecção viral das vias aéreas superiores
2568,358,0,2004-11-05,2004-11-05,38000276,,,0,0,0,0,10394,0,79586000,199076,,,Gravidez tubária
2569,358,4060985,1999-11-05,1999-11-05,38000276,,,0,0,0,0,10393,0,162864005,4060985,,,IMC 30+ - obesidade
2570,358,0,1994-04-01,1994-04-01,38000276,,,0,0,0,0,10405,0,19169002,4078393,,,Aborto espontâneo na gravidez
2571,358,0,1986-10-17,1986-10-17,38000276,,,0,0,0,0,10407,0,38341003,316866,,,Hipertensão arterial
2572,359,0,2018-12-01,2018-12-01,38000276,,,0,0,0,0,10419,0,444814009,40481087,,,Infecção viral das vias aéreas superiores
2573,359,0,2017-02-18,2017-02-18,38000276,,,0,0,0,0,10437,0,444814009,40481087,,,Infecção viral das vias aéreas superiores
2574,359,0,2016-05-04,2016-05-04,38000276,,,0,0,0,0,10417,0,43878008,28060,,,Faringite estreptocócica
2575,359,0,2015-03-05,2015-03-05,38000276,,,0,0,0,0,10436,0,444814009,40481087,,,Infecção viral das vias aéreas superiores
2576,359,0,2014-06-12,2014-06-12,38000276,,,0,0,0,0,10425,0,403191005,4296205,,,Queimadura solar de segundo grau
2577,359,0,2010-09-27,2010-09-27,38000276,,,0,0,0,0,10424,0,444814009,40481087,,,Infecção viral das vias aéreas superiores
2578,359,0,2010-06-24,2010-06-24,38000276,,,0,0,0,0,10431,0,195662009,4112343,,,Faringite viral aguda
2579,359,4060985,2007-10-25,2007-10-25,38000276,,,0,0,0,0,10434,0,162864005,4060985,,,IMC 30+ - obesidade
2580,359,0,1991-09-19,1991-09-19,38000276,,,0,0,0,0,10433,0,87433001,261325,,,Enfisema pulmonar
2581,360,0,2017-05-28,2017-05-28,38000276,,,0,0,0,0,10470,0,444814009,40481087,,,Infecção viral das vias aéreas superiores
2582,360,0,2013-11-24,2013-11-24,38000276,,,0,0,0,0,10455,0,444814009,40481087,,,Infecção viral das vias aéreas superiores
2583,360,0,2009-12-02,2009-12-02,38000276,,,0,0,0,0,10469,0,10509002,260139,,,Bronquite aguda
2584,360,0,1999-02-08,1999-02-08,38000276,,,0,0,0,0,10490,0,446096008,40486433,,,Esteatose hepática perivenular
2585,361,0,2017-05-20,2017-05-20,38000276,,,0,0,0,0,10506,0,195662009,4112343,,,Faringite viral aguda
2586,361,0,2016-11-08,2016-11-08,38000276,,,0,0,0,0,10503,0,444814009,40481087,,,Infecção viral das vias aéreas superiores
2587,361,0,2016-06-09,2016-06-09,38000276,,,0,0,0,0,10501,0,39848009,4218389,,,Lesão em chicote do pescoço
2588,361,0,2010-09-14,2010-09-14,38000276,,,0,0,0,0,10504,0,444814009,40481087,,,Infecção viral das vias aéreas superiores
2589,361,0,2010-04-28,2010-04-28,38000276,,,0,0,0,0,10502,0,284551006,4109685,,,Laceração de pé
2590,362,0,2014-05-15,2014-05-15,38000276,,,0,0,0,0,10511,0,10509002,260139,,,Bronquite aguda
2591,362,0,2010-06-06,2010-06-06,38000276,,,0,0,0,0,10508,0,10509002,260139,,,Bronquite aguda
2592,362,0,1996-12-23,1996-12-23,38000276,,,0,0,0,0,10513,0,40055000,257012,,,Sinusite crônica
2593,363,0,2018-09-23,2018-09-23,38000276,,,0,0,0,0,10519,0,65363002,372328,,,Otite média
2594,363,0,2017-01-16,2017-01-16,38000276,,,0,0,0,0,10516,0,65363002,372328,,,Otite média
2595,363,0,2016-09-27,2016-09-27,38000276,,,0,0,0,0,10517,0,444814009,40481087,,,Infecção viral das vias aéreas superiores
2596,364,0,2017-10-03,2017-10-03,38000276,,,0,0,0,0,10537,0,10509002,260139,,,Bronquite aguda
2597,364,4324181,2017-04-12,2017-04-12,38000276,,,0,0,0,0,10530,0,429007001,4324181,,,Histórico de infarto
2598,364,0,2017-04-12,2017-04-12,38000276,,,0,0,0,0,10530,0,410429000,321042,,,Parada cardíaca
2599,364,0,2002-06-12,2002-06-12,38000276,,,0,0,0,0,10534,0,15777000,40316773,,,Pré-diabetes
2600,364,0,1989-05-24,1989-05-24,38000276,,,0,0,0,0,10532,0,38341003,316866,,,Hipertensão arterial
2601,365,0,2018-11-19,2018-11-19,38000276,,,0,0,0,0,10539,0,62106007,378001,,,Concussão com perda de consciência
2602,365,0,2015-01-12,2015-01-12,38000276,,,0,0,0,0,10542,0,444814009,40481087,,,Infecção viral das vias aéreas superiores
2603,365,0,2004-02-06,2004-02-06,38000276,,,0,0,0,0,10544,0,62106007,378001,,,Concussão com perda de consciência
2604,366,0,2016-11-13,2016-11-13,38000276,,,0,0,0,0,10554,0,444814009,40481087,,,Infecção viral das vias aéreas superiores
2605,366,0,2015-08-15,2015-08-15,38000276,,,0,0,0,0,10550,0,38822007,195588,,,Cistite
2606,366,0,2014-12-12,2014-12-12,38000276,,,0,0,0,0,10569,0,263102004,4134304,,,Ruptura de menisco
2607,366,0,2012-08-17,2012-08-17,38000276,,,0,0,0,0,10561,0,38341003,316866,,,Hipertensão arterial
2608,366,0,2011-04-01,2011-04-01,38000276,,,0,0,0,0,10552,0,72892002,4217975,,,Otite média não supurativa
2609,366,4060985,2005-09-09,2005-09-09,38000276,,,0,0,0,0,10553,0,162864005,4060985,,,IMC 30+ - obesidade
2610,367,0,2018-09-13,2018-09-13,38000276,,,0,0,0,0,10582,0,444814009,40481087,,,Infecção viral das vias aéreas superiores
2611,367,0,2009-09-10,2009-09-10,38000276,,,0,0,0,0,10574,0,65363002,372328,,,Otite média
2612,368,0,2018-11-13,2018-11-13,38000276,,,0,0,0,0,10587,0,444814009,40481087,,,Infecção viral das vias aéreas superiores
2613,368,0,2011-03-29,2011-03-29,38000276,,,0,0,0,0,10594,0,195662009,4112343,,,Faringite viral aguda
2614,368,0,2009-04-05,2009-04-05,38000276,,,0,0,0,0,10593,0,444814009,40481087,,,Infecção viral das vias aéreas superiores
2615,368,0,2009-03-15,2009-03-15,38000276,,,0,0,0,0,10593,0,301011002,4116491,,,Infecção do trato urinário por E. coli
2616,368,0,2002-04-07,2002-04-07,38000276,,,0,0,0,0,10590,0,230690007,381316,,,Acidente vascular cerebral
2617,368,0,2000-01-02,2000-01-02,38000276,,,0,0,0,0,10590,0,15777000,40316773,,,Pré-diabetes
2618,368,0,1988-02-14,1988-02-14,38000276,,,0,0,0,0,10592,0,38341003,316866,,,Hipertensão arterial
2619,369,0,2018-06-26,2018-06-26,38000276,,,0,0,0,0,10603,0,444814009,40481087,,,Infecção viral das vias aéreas superiores
2620,369,0,2016-06-30,2016-06-30,38000276,,,0,0,0,0,10606,0,195662009,4112343,,,Faringite viral aguda
2621,369,0,2014-12-15,2014-12-15,38000276,,,0,0,0,0,10607,0,10509002,260139,,,Bronquite aguda
2622,369,0,2014-01-29,2014-01-29,38000276,,,0,0,0,0,10599,0,195967001,317009,,,Asma
2623,369,0,2011-09-24,2011-09-24,38000276,,,0,0,0,0,10605,0,10509002,260139,,,Bronquite aguda
2624,369,4060985,2011-05-26,2011-05-26,38000276,,,0,0,0,0,10597,0,162864005,4060985,,,IMC 30+ - obesidade
2625,369,0,2009-08-08,2009-08-08,38000276,,,0,0,0,0,10609,0,10509002,260139,,,Bronquite aguda
2626,369,0,1998-05-07,1998-05-07,38000276,,,0,0,0,0,10611,0,38341003,316866,,,Hipertensão arterial
2627,369,0,1982-02-06,1982-02-06,38000276,,,0,0,0,0,10610,0,367498001,4280726,,,Gripe sazonal
2628,370,0,2018-08-31,2018-08-31,38000276,,,0,0,0,0,10633,0,72892002,4217975,,,Otite média não supurativa
2629,370,0,2017-07-21,2017-07-21,38000276,,,0,0,0,0,10618,0,72892002,4217975,,,Otite média não supurativa
2630,370,0,2016-07-06,2016-07-06,38000276,,,0,0,0,0,10631,0,43878008,28060,,,Faringite estreptocócica
2631,371,0,2018-04-15,2018-04-15,38000276,,,0,0,0,0,10671,0,10509002,260139,,,Bronquite aguda
2632,371,0,2015-12-26,2015-12-26,38000276,,,0,0,0,0,10669,0,72892002,4217975,,,Otite média não supurativa
2633,371,0,2015-01-23,2015-01-23,38000276,,,0,0,0,0,10649,0,10509002,260139,,,Bronquite aguda
2634,371,0,2011-05-07,2011-05-07,38000276,,,0,0,0,0,10681,0,72892002,4217975,,,Otite média não supurativa
2635,371,0,2010-12-24,2010-12-24,38000276,,,0,0,0,0,10680,0,444814009,40481087,,,Infecção viral das vias aéreas superiores
2636,371,0,2009-06-11,2009-06-11,38000276,,,0,0,0,0,10672,0,195662009,4112343,,,Faringite viral aguda
2637,371,0,2003-08-16,2003-08-16,38000276,,,0,0,0,0,10660,0,38341003,316866,,,Hipertensão arterial
2638,372,0,2016-11-05,2016-11-05,38000276,,,0,0,0,0,10691,0,195662009,4112343,,,Faringite viral aguda
2639,372,4256640,2016-10-12,2016-10-12,38000276,,,0,0,0,0,10695,0,408512008,4256640,,,Alcoolismo relatado pelo paciente
2640,372,0,2014-10-27,2014-10-27,38000276,,,0,0,0,0,10697,0,75498004,4294548,,,Infecção bacteriana aguda
2641,372,0,2011-09-14,2011-09-14,38000276,,,0,0,0,0,10694,0,444814009,40481087,,,Infecção viral das vias aéreas superiores
2642,372,4060985,1999-08-18,1999-08-18,38000276,,,0,0,0,0,10688,0,162864005,4060985,,,IMC 30+ - obesidade
2643,373,0,2014-02-16,2014-02-16,38000276,,,0,0,0,0,10706,0,40055000,257012,,,Sinusite crônica
2644,373,0,2013-10-13,2013-10-13,38000276,,,0,0,0,0,10700,0,75498004,4294548,,,Infecção bacteriana aguda
2645,373,0,2011-01-09,2011-01-09,38000276,,,0,0,0,0,10708,0,195662009,4112343,,,Faringite viral aguda
2646,373,0,2010-08-04,2010-08-04,38000276,,,0,0,0,0,10703,0,444814009,40481087,,,Infecção viral das vias aéreas superiores
2647,373,0,2010-07-18,2010-07-18,38000276,,,0,0,0,0,10705,0,15777000,40316773,,,Pré-diabetes
2648,373,4060985,1995-10-29,1995-10-29,38000276,,,0,0,0,0,10713,0,162864005,4060985,,,IMC 30+ - obesidade
2649,374,0,2018-08-07,2018-08-07,38000276,,,0,0,0,0,10725,0,284551006,4109685,,,Laceração de pé
2650,374,0,2018-04-16,2018-04-16,38000276,,,0,0,0,0,10717,0,444814009,40481087,,,Infecção viral das vias aéreas superiores
2651,374,0,2015-01-26,2015-01-26,38000276,,,0,0,0,0,10731,0,10509002,260139,,,Bronquite aguda
2652,375,0,2016-10-16,2016-10-16,38000276,,,0,0,0,0,10757,0,10509002,260139,,,Bronquite aguda
2653,375,0,2016-02-26,2016-02-26,38000276,,,0,0,0,0,10741,0,444814009,40481087,,,Infecção viral das vias aéreas superiores
2654,375,0,2014-10-06,2014-10-06,38000276,,,0,0,0,0,10747,0,444814009,40481087,,,Infecção viral das vias aéreas superiores
2655,375,45766064,2012-08-27,2012-08-27,38000276,,,0,0,0,0,10755,0,703151001,45766064,,,Histórico de artroplastia de joelho
2656,375,0,2012-08-27,2012-08-27,38000276,,,0,0,0,0,10755,0,128613002,4029498,,,Transtorno convulsivo
2657,375,0,2011-01-31,2011-01-31,38000276,,,0,0,0,0,10739,0,10509002,260139,,,Bronquite aguda
2658,375,0,2010-03-26,2010-03-26,38000276,,,0,0,0,0,10753,0,43878008,28060,,,Faringite estreptocócica
2659,376,0,2018-06-14,2018-06-14,38000276,,,0,0,0,0,10770,0,62564004,375671,,,Concussão sem perda de consciência
2660,376,0,2017-07-19,2017-07-19,38000276,,,0,0,0,0,10767,0,65363002,372328,,,Otite média
2661,376,0,2015-11-29,2015-11-29,38000276,,,0,0,0,0,10771,0,10509002,260139,,,Bronquite aguda
2662,376,0,2015-05-06,2015-05-06,38000276,,,0,0,0,0,10758,0,444814009,40481087,,,Infecção viral das vias aéreas superiores
2663,377,0,2014-10-18,2014-10-18,38000276,,,0,0,0,0,10788,0,62106007,378001,,,Concussão com perda de consciência
2664,377,0,2011-10-07,2011-10-07,38000276,,,0,0,0,0,10787,0,444814009,40481087,,,Infecção viral das vias aéreas superiores
2665,377,0,2009-10-31,2009-10-31,38000276,,,0,0,0,0,10782,0,444814009,40481087,,,Infecção viral das vias aéreas superiores
2666,377,0,1990-07-31,1990-07-31,38000276,,,0,0,0,0,10781,0,82423001,436096,,,Dor crônica
2667,377,0,1966-11-08,1966-11-08,38000276,,,0,0,0,0,10780,0,19169002,4078393,,,Aborto espontâneo na gravidez
2668,377,0,1963-01-08,1963-01-08,38000276,,,0,0,0,0,10779,0,15777000,40316773,,,Pré-diabetes
2669,377,0,1951-07-03,1951-07-03,38000276,,,0,0,0,0,10786,0,40055000,257012,,,Sinusite crônica
2670,377,4256640,1947-07-08,1947-07-08,38000276,,,0,0,0,0,10796,0,408512008,4256640,,,Alcoolismo relatado pelo paciente
2671,377,4060985,1942-06-09,1942-06-09,38000276,,,0,0,0,0,10793,0,162864005,4060985,,,IMC 30+ - obesidade
2672,378,0,2015-01-17,2015-01-17,38000276,,,0,0,0,0,10804,0,10509002,260139,,,Bronquite aguda
2673,378,0,2014-10-17,2014-10-17,38000276,,,0,0,0,0,10806,0,237602007,436940,,,Síndrome metabólica
2674,378,0,2014-10-17,2014-10-17,38000276,,,0,0,0,0,10806,0,302870006,4120314,,,Hipertrigliceridemia
2675,378,0,2014-10-17,2014-10-17,38000276,,,0,0,0,0,10806,0,80394007,4214376,,,Hiperglicemia
2676,378,0,2012-10-12,2012-10-12,38000276,,,0,0,0,0,10798,0,44054006,201826,,,Diabetes mellitus tipo 2
2677,378,0,2007-12-14,2007-12-14,38000276,,,0,0,0,0,10802,0,15777000,40316773,,,Pré-diabetes
2678,378,4060985,2004-12-10,2004-12-10,38000276,,,0,0,0,0,10803,0,162864005,4060985,,,IMC 30+ - obesidade
2679,379,0,2008-03-20,2008-03-20,38000276,,,0,0,0,0,10808,0,233604007,255848,,,Pneumonia
2680,379,0,2008-02-10,2008-02-10,38000276,,,0,0,0,0,10814,0,283371005,4155034,,,Laceração de antebraço
2681,379,0,2004-10-03,2004-10-03,38000276,,,0,0,0,0,10820,0,444814009,40481087,,,Infecção viral das vias aéreas superiores
2682,379,0,2001-11-22,2001-11-22,38000276,,,0,0,0,0,10815,0,26929004,378419,,,Doença de Alzheimer
2683,379,0,1979-04-19,1979-04-19,38000276,,,0,0,0,0,10821,0,92691004,200970,,,Carcinoma in situ de próstata
2684,379,0,1979-04-19,1979-04-19,38000276,,,0,0,0,0,10821,0,126906006,4129902,,,Neoplasia de bexiga
2685,379,4256640,1955-04-28,1955-04-28,38000276,,,0,0,0,0,10823,0,408512008,4256640,,,Alcoolismo relatado pelo paciente
2686,379,4060985,1935-05-30,1935-05-30,38000276,,,0,0,0,0,10826,0,162864005,4060985,,,IMC 30+ - obesidade
2687,380,0,1986-08-03,1986-08-03,38000276,,,0,0,0,0,10849,0,195662009,4112343,,,Faringite viral aguda
2688,380,0,1983-03-18,1983-03-18,38000276,,,0,0,0,0,10830,0,70704007,78272,,,Entorse de punho
2689,380,45766064,1982-07-31,1982-07-31,38000276,,,0,0,0,0,10831,0,703151001,45766064,,,Histórico de artroplastia de joelho
2690,380,0,1982-07-31,1982-07-31,38000276,,,0,0,0,0,10831,0,128613002,4029498,,,Transtorno convulsivo
2691,380,0,1981-04-27,1981-04-27,38000276,,,0,0,0,0,10833,0,65363002,372328,,,Otite média
2692,381,0,2018-05-20,2018-05-20,38000276,,,0,0,0,0,10858,0,444814009,40481087,,,Infecção viral das vias aéreas superiores
2693,381,0,2018-05-17,2018-05-17,38000276,,,0,0,0,0,10851,0,65363002,372328,,,Otite média
2694,381,0,2017-10-25,2017-10-25,38000276,,,0,0,0,0,10855,0,444814009,40481087,,,Infecção viral das vias aéreas superiores
2695,382,0,2018-01-14,2018-01-14,38000276,,,0,0,0,0,10880,0,444814009,40481087,,,Infecção viral das vias aéreas superiores
2696,382,0,2015-07-29,2015-07-29,38000276,,,0,0,0,0,10870,0,40055000,257012,,,Sinusite crônica
2697,382,0,2015-07-01,2015-07-01,38000276,,,0,0,0,0,10872,0,36971009,4283893,,,Sinusite
2698,382,0,2015-07-01,2015-07-01,38000276,,,0,0,0,0,10863,0,263102004,4134304,,,Ruptura de menisco
2699,382,0,2012-09-22,2012-09-22,38000276,,,0,0,0,0,10876,0,75498004,4294548,,,Infecção bacteriana aguda
2700,382,0,2011-08-17,2011-08-17,38000276,,,0,0,0,0,10882,0,195662009,4112343,,,Faringite viral aguda
2701,382,0,2010-08-08,2010-08-08,38000276,,,0,0,0,0,10881,0,195662009,4112343,,,Faringite viral aguda
2702,382,0,2010-04-01,2010-04-01,38000276,,,0,0,0,0,10868,0,195662009,4112343,,,Faringite viral aguda
2703,382,0,2009-03-06,2009-03-06,38000276,,,0,0,0,0,10875,0,10509002,260139,,,Bronquite aguda
2704,383,0,2017-05-16,2017-05-16,38000276,,,0,0,0,0,10892,0,198992004,137613,,,Pré-eclâmpsia leve
2705,383,0,2016-11-01,2016-11-01,38000276,,,0,0,0,0,10893,0,72892002,4217975,,,Otite média não supurativa
2706,383,0,2016-05-01,2016-05-01,38000276,,,0,0,0,0,10915,0,33737001,4142905,,,Fratura de rádio
2707,383,0,2014-11-04,2014-11-04,38000276,,,0,0,0,0,10900,0,72892002,4217975,,,Otite média não supurativa
2708,383,0,2014-09-16,2014-09-16,38000276,,,0,0,0,0,10897,0,15777000,40316773,,,Pré-diabetes
2709,383,0,1989-07-14,1989-07-14,38000276,,,0,0,0,0,10922,0,232353008,4048171,,,Perfuração do tímpano
2710,383,0,1986-09-13,1986-09-13,38000276,,,0,0,0,0,10898,0,24079001,133834,,,Dermatite atópica
2711,384,0,2017-08-09,2017-08-09,38000276,,,0,0,0,0,10930,0,72892002,4217975,,,Otite média não supurativa
2712,384,0,2015-06-03,2015-06-03,38000276,,,0,0,0,0,10948,0,38341003,316866,,,Hipertensão arterial
2713,384,0,2013-05-27,2013-05-27,38000276,,,0,0,0,0,10960,0,10509002,260139,,,Bronquite aguda
2714,384,0,2000-06-03,2000-06-03,38000276,,,0,0,0,0,10979,0,446096008,40486433,,,Esteatose hepática perivenular
2715,384,0,1999-06-04,1999-06-04,38000276,,,0,0,0,0,11004,0,233678006,4051466,,,Asma na infância
2716,384,0,1998-09-27,1998-09-27,38000276,,,0,0,0,0,10947,0,24079001,133834,,,Dermatite atópica
2717,385,0,2016-10-01,2016-10-01,38000276,,,0,0,0,0,11022,0,10509002,260139,,,Bronquite aguda
2718,385,0,2015-12-15,2015-12-15,38000276,,,0,0,0,0,11025,0,444814009,40481087,,,Infecção viral das vias aéreas superiores
2719,385,0,2014-01-08,2014-01-08,38000276,,,0,0,0,0,11021,0,444814009,40481087,,,Infecção viral das vias aéreas superiores
2720,386,0,2012-05-24,2012-05-24,38000276,,,0,0,0,0,11073,0,195662009,4112343,,,Faringite viral aguda
2721,386,4256640,1985-08-10,1985-08-10,38000276,,,0,0,0,0,11042,0,408512008,4256640,,,Alcoolismo relatado pelo paciente
2722,386,0,1985-08-10,1985-08-10,38000276,,,0,0,0,0,11042,0,55822004,432867,,,Hiperlipidemia
2723,386,0,1973-03-24,1973-03-24,38000276,,,0,0,0,0,11070,0,19169002,4078393,,,Aborto espontâneo na gravidez
2724,386,4060985,1970-03-21,1970-03-21,38000276,,,0,0,0,0,11069,0,162864005,4060985,,,IMC 30+ - obesidade
2725,387,0,2015-12-04,2015-12-04,38000276,,,0,0,0,0,11095,0,230690007,381316,,,Acidente vascular cerebral
2726,387,0,1993-08-27,1993-08-27,38000276,,,0,0,0,0,11090,0,53741008,317576,,,Doença arterial coronariana
2727,387,0,1983-12-23,1983-12-23,38000276,,,0,0,0,0,11081,0,40055000,257012,,,Sinusite crônica
2728,387,0,1983-02-12,1983-02-12,38000276,,,0,0,0,0,11079,0,92691004,200970,,,Carcinoma in situ de próstata
2729,387,0,1983-02-12,1983-02-12,38000276,,,0,0,0,0,11079,0,126906006,4129902,,,Neoplasia de bexiga
2730,387,0,1980-09-15,1980-09-15,38000276,,,0,0,0,0,11087,0,713197008,37017023,,,Fibrose cística recorrente
2731,387,0,1979-08-22,1979-08-22,38000276,,,0,0,0,0,11093,0,68496003,4285898,,,Pólipo do cólon
2732,387,0,1973-04-30,1973-04-30,38000276,,,0,0,0,0,11074,0,68496003,4285898,,,Pólipo do cólon
2733,387,4060985,1958-10-17,1958-10-17,38000276,,,0,0,0,0,11091,0,162864005,4060985,,,IMC 30+ - obesidade
2734,388,0,2015-06-19,2015-06-19,38000276,,,0,0,0,0,11116,0,233678006,4051466,,,Asma na infância
2735,388,0,2013-08-31,2013-08-31,38000276,,,0,0,0,0,11111,0,241929008,4084167,,,Reação alérgica a alimento
2736,388,0,2013-07-02,2013-07-02,38000276,,,0,0,0,0,11112,0,65363002,372328,,,Otite média
2737,388,0,2013-06-19,2013-06-19,38000276,,,0,0,0,0,11112,0,446096008,40486433,,,Esteatose hepática perivenular
2738,389,0,2018-01-31,2018-01-31,38000276,,,0,0,0,0,11138,0,444814009,40481087,,,Infecção viral das vias aéreas superiores
2739,389,0,2016-10-27,2016-10-27,38000276,,,0,0,0,0,11123,0,232353008,4048171,,,Perfuração do tímpano
2740,389,0,2015-02-08,2015-02-08,38000276,,,0,0,0,0,11140,0,65363002,372328,,,Otite média
2741,389,0,2014-11-12,2014-11-12,38000276,,,0,0,0,0,11125,0,195662009,4112343,,,Faringite viral aguda
2742,389,0,2014-09-18,2014-09-18,38000276,,,0,0,0,0,11139,0,24079001,133834,,,Dermatite atópica
2743,390,0,2013-12-19,2013-12-19,38000276,,,0,0,0,0,11174,0,72892002,4217975,,,Otite média não supurativa
2744,390,0,2013-07-11,2013-07-11,38000276,,,0,0,0,0,11169,0,198992004,137613,,,Pré-eclâmpsia leve
2745,390,0,2012-12-27,2012-12-27,38000276,,,0,0,0,0,11143,0,72892002,4217975,,,Otite média não supurativa
2746,390,0,2012-06-07,2012-06-07,38000276,,,0,0,0,0,11157,0,156073000,40318618,,,Obesidade
2747,390,0,2012-06-07,2012-06-07,38000276,,,0,0,0,0,11157,0,19169002,4078393,,,Aborto espontâneo na gravidez
2748,390,0,2012-06-07,2012-06-07,38000276,,,0,0,0,0,11157,0,72892002,4217975,,,Otite média não supurativa
2749,390,0,2001-09-27,2001-09-27,38000276,,,0,0,0,0,11158,0,38341003,316866,,,Hipertensão arterial
2750,391,0,2017-06-24,2017-06-24,38000276,,,0,0,0,0,11184,0,72892002,4217975,,,Otite média não supurativa
2751,391,0,2017-01-07,2017-01-07,38000276,,,0,0,0,0,11287,0,72892002,4217975,,,Otite média não supurativa
2752,391,0,2016-10-11,2016-10-11,38000276,,,0,0,0,0,11228,0,444814009,40481087,,,Infecção viral das vias aéreas superiores
2753,391,0,2016-02-06,2016-02-06,38000276,,,0,0,0,0,11248,0,72892002,4217975,,,Otite média não supurativa
2754,391,0,2011-10-22,2011-10-22,38000276,,,0,0,0,0,11203,0,72892002,4217975,,,Otite média não supurativa
2755,391,0,2011-01-15,2011-01-15,38000276,,,0,0,0,0,11218,0,156073000,40318618,,,Obesidade
2756,391,0,2011-01-15,2011-01-15,38000276,,,0,0,0,0,11218,0,19169002,4078393,,,Aborto espontâneo na gravidez
2757,391,0,2011-01-15,2011-01-15,38000276,,,0,0,0,0,11218,0,72892002,4217975,,,Otite média não supurativa
2758,391,0,2010-11-23,2010-11-23,38000276,,,0,0,0,0,11208,0,283385000,4152936,,,Laceração de ombro
2759,391,0,2008-10-23,2008-10-23,38000276,,,0,0,0,0,11212,0,444814009,40481087,,,Infecção viral das vias aéreas superiores
2760,391,0,2005-01-01,2005-01-01,38000276,,,0,0,0,0,11182,0,15777000,40316773,,,Pré-diabetes
2761,391,0,2004-04-03,2004-04-03,38000276,,,0,0,0,0,11178,0,72892002,4217975,,,Otite média não supurativa
2762,391,0,2000-02-19,2000-02-19,38000276,,,0,0,0,0,11261,0,38341003,316866,,,Hipertensão arterial
2763,391,0,1998-03-24,1998-03-24,38000276,,,0,0,0,0,11211,0,55680006,4208104,,,Overdose de droga
2764,391,0,1996-10-23,1996-10-23,38000276,,,0,0,0,0,11280,0,196416002,4055754,,,Esofagite por refluxo
2765,391,0,1996-02-02,1996-02-02,38000276,,,0,0,0,0,11274,0,124171000119105,43530652,,,Nefropatia diabética crônica
2766,391,0,1995-11-08,1995-11-08,38000276,,,0,0,0,0,11255,0,82423001,436096,,,Dor crônica
2767,392,0,2017-03-08,2017-03-08,38000276,,,0,0,0,0,11293,0,195662009,4112343,,,Faringite viral aguda
2768,392,0,2016-06-25,2016-06-25,38000276,,,0,0,0,0,11303,0,195662009,4112343,,,Faringite viral aguda
2769,392,0,2016-04-29,2016-04-29,38000276,,,0,0,0,0,11290,0,444814009,40481087,,,Infecção viral das vias aéreas superiores
2770,392,0,2013-09-13,2013-09-13,38000276,,,0,0,0,0,11296,0,10509002,260139,,,Bronquite aguda
2771,392,0,2013-06-14,2013-06-14,38000276,,,0,0,0,0,11302,0,444814009,40481087,,,Infecção viral das vias aéreas superiores
2772,392,0,2011-05-24,2011-05-24,38000276,,,0,0,0,0,11291,0,36971009,4283893,,,Sinusite
2773,392,0,2010-01-09,2010-01-09,38000276,,,0,0,0,0,11299,0,403190006,4296204,,,Queimadura solar de primeiro grau
2774,392,0,2003-02-20,2003-02-20,38000276,,,0,0,0,0,11304,0,15777000,40316773,,,Pré-diabetes
2775,392,0,1996-02-08,1996-02-08,38000276,,,0,0,0,0,11300,0,38341003,316866,,,Hipertensão arterial
2776,393,0,2000-10-21,2000-10-21,38000276,,,0,0,0,0,11306,0,230690007,381316,,,Acidente vascular cerebral
2777,393,0,1987-12-24,1987-12-24,38000276,,,0,0,0,0,11325,0,88805009,4229440,,,Cardiomiopatia isquêmica crônica
2778,393,0,1974-12-27,1974-12-27,38000276,,,0,0,0,0,11308,0,239872002,4079749,,,Osteoartrite do quadril
2779,393,0,1960-11-19,1960-11-19,38000276,,,0,0,0,0,11307,0,15777000,40316773,,,Pré-diabetes
2780,393,0,1952-03-01,1952-03-01,38000276,,,0,0,0,0,11326,0,38341003,316866,,,Hipertensão arterial
2781,394,0,2016-05-09,2016-05-09,38000276,,,0,0,0,0,11381,0,72892002,4217975,,,Otite média não supurativa
2782,394,0,2015-09-12,2015-09-12,38000276,,,0,0,0,0,11402,0,62106007,378001,,,Concussão com perda de consciência
2783,394,0,2015-08-31,2015-08-31,38000276,,,0,0,0,0,11375,0,398254007,439393,,,Pré-eclâmpsia
2784,394,0,2015-03-16,2015-03-16,38000276,,,0,0,0,0,11343,0,72892002,4217975,,,Otite média não supurativa
2785,394,0,2014-10-27,2014-10-27,38000276,,,0,0,0,0,11408,0,72892002,4217975,,,Otite média não supurativa
2786,394,0,2013-10-08,2013-10-08,38000276,,,0,0,0,0,11403,0,370247008,4156265,,,Lesão facial
2787,394,4060985,2013-02-04,2013-02-04,38000276,,,0,0,0,0,11425,0,162864005,4060985,,,IMC 30+ - obesidade
2788,394,0,2012-09-13,2012-09-13,38000276,,,0,0,0,0,11414,0,301011002,4116491,,,Infecção do trato urinário por E. coli
2789,394,0,2011-04-09,2011-04-09,38000276,,,0,0,0,0,11340,0,195662009,4112343,,,Faringite viral aguda
2790,394,0,2011-03-02,2011-03-02,38000276,,,0,0,0,0,11410,0,444814009,40481087,,,Infecção viral das vias aéreas superiores
2791,394,0,2009-04-13,2009-04-13,38000276,,,0,0,0,0,11365,0,72892002,4217975,,,Otite média não supurativa
2792,394,0,1996-05-14,1996-05-14,38000276,,,0,0,0,0,11418,0,82423001,436096,,,Dor crônica
2793,394,0,1996-03-08,1996-03-08,38000276,,,0,0,0,0,11393,0,124171000119105,43530652,,,Nefropatia diabética crônica
2794,394,0,1996-01-10,1996-01-10,38000276,,,0,0,0,0,11405,0,55680006,4208104,,,Overdose de droga
2795,394,0,1995-10-25,1995-10-25,38000276,,,0,0,0,0,11407,0,196416002,4055754,,,Esofagite por refluxo
2796,395,0,2018-09-17,2018-09-17,38000276,,,0,0,0,0,11467,0,444814009,40481087,,,Infecção viral das vias aéreas superiores
2797,395,0,2016-10-26,2016-10-26,38000276,,,0,0,0,0,11469,0,43878008,28060,,,Faringite estreptocócica
2798,395,0,2016-07-24,2016-07-24,38000276,,,0,0,0,0,11456,0,44465007,81151,,,Entorse de tornozelo
2799,395,0,2011-04-08,2011-04-08,38000276,,,0,0,0,0,11460,0,10509002,260139,,,Bronquite aguda
2800,396,0,2018-02-12,2018-02-12,38000276,,,0,0,0,0,11475,0,62564004,375671,,,Concussão sem perda de consciência
2801,396,0,2015-03-12,2015-03-12,38000276,,,0,0,0,0,11479,0,43878008,28060,,,Faringite estreptocócica
2802,396,4060985,1978-03-16,1978-03-16,38000276,,,0,0,0,0,11483,0,162864005,4060985,,,IMC 30+ - obesidade
2803,396,0,1963-12-19,1963-12-19,38000276,,,0,0,0,0,11473,0,38341003,316866,,,Hipertensão arterial
2804,397,0,2017-11-07,2017-11-07,38000276,,,0,0,0,0,11540,0,284551006,4109685,,,Laceração de pé
2805,397,0,2016-11-12,2016-11-12,38000276,,,0,0,0,0,11539,0,263102004,4134304,,,Ruptura de menisco
2806,397,0,2014-08-27,2014-08-27,38000276,,,0,0,0,0,11489,0,40055000,257012,,,Sinusite crônica
2807,397,0,2014-07-30,2014-07-30,38000276,,,0,0,0,0,11519,0,75498004,4294548,,,Infecção bacteriana aguda
2808,397,0,2014-04-13,2014-04-13,38000276,,,0,0,0,0,11538,0,283371005,4155034,,,Laceração de antebraço
2809,397,0,2011-05-05,2011-05-05,38000276,,,0,0,0,0,11507,0,444814009,40481087,,,Infecção viral das vias aéreas superiores
2810,397,0,2009-07-17,2009-07-17,38000276,,,0,0,0,0,11501,0,43878008,28060,,,Faringite estreptocócica
2811,397,0,1997-09-17,1997-09-17,38000276,,,0,0,0,0,11516,0,49436004,313217,,,Fibrilação atrial
2812,397,0,1993-12-22,1993-12-22,38000276,,,0,0,0,0,11530,0,55680006,4208104,,,Overdose de droga
2813,397,0,1986-06-28,1986-06-28,38000276,,,0,0,0,0,11534,0,239873007,4079750,,,Osteoartrite do joelho
2814,397,4256640,1972-05-10,1972-05-10,38000276,,,0,0,0,0,11520,0,408512008,4256640,,,Alcoolismo relatado pelo paciente
2815,397,4060985,1952-04-09,1952-04-09,38000276,,,0,0,0,0,11515,0,162864005,4060985,,,IMC 30+ - obesidade
2816,398,0,2018-07-22,2018-07-22,38000276,,,0,0,0,0,11547,0,195662009,4112343,,,Faringite viral aguda
2817,398,0,2018-07-20,2018-07-20,38000276,,,0,0,0,0,11548,0,444814009,40481087,,,Infecção viral das vias aéreas superiores
2818,398,4060985,2016-01-29,2016-01-29,38000276,,,0,0,0,0,11549,0,162864005,4060985,,,IMC 30+ - obesidade
2819,398,0,2013-01-19,2013-01-19,38000276,,,0,0,0,0,11543,0,444814009,40481087,,,Infecção viral das vias aéreas superiores
2820,398,0,2012-06-26,2012-06-26,38000276,,,0,0,0,0,11545,0,10509002,260139,,,Bronquite aguda
2821,399,0,2017-01-05,2017-01-05,38000276,,,0,0,0,0,11550,0,444814009,40481087,,,Infecção viral das vias aéreas superiores
2822,399,4060985,2013-10-18,2013-10-18,38000276,,,0,0,0,0,11559,0,162864005,4060985,,,IMC 30+ - obesidade
2823,399,0,2011-07-08,2011-07-08,38000276,,,0,0,0,0,11553,0,444814009,40481087,,,Infecção viral das vias aéreas superiores
2824,399,0,2010-07-01,2010-07-01,38000276,,,0,0,0,0,11555,0,40055000,257012,,,Sinusite crônica
2825,399,0,2010-04-08,2010-04-08,38000276,,,0,0,0,0,11560,0,36971009,4283893,,,Sinusite
2826,399,0,2009-01-24,2009-01-24,38000276,,,0,0,0,0,11551,0,271737000,439777,,,Anemia
2827,400,4324181,2012-04-25,2012-04-25,38000276,,,0,0,0,0,11574,0,429007001,4324181,,,Histórico de infarto
2828,400,0,2012-04-25,2012-04-25,38000276,,,0,0,0,0,11574,0,410429000,321042,,,Parada cardíaca
2829,400,0,2011-06-17,2011-06-17,38000276,,,0,0,0,0,11577,0,10509002,260139,,,Bronquite aguda
2830,400,0,2009-05-02,2009-05-02,38000276,,,0,0,0,0,11569,0,444814009,40481087,,,Infecção viral das vias aéreas superiores
2831,400,0,2002-05-08,2002-05-08,38000276,,,0,0,0,0,11570,0,15777000,40316773,,,Pré-diabetes
2832,400,0,2000-07-21,2000-07-21,38000276,,,0,0,0,0,11578,0,40055000,257012,,,Sinusite crônica
2833,400,4060985,1991-11-20,1991-11-20,38000276,,,0,0,0,0,11566,0,162864005,4060985,,,IMC 30+ - obesidade
2834,401,0,2009-08-19,2009-08-19,38000276,,,0,0,0,0,11580,0,V89.03,,,,Achado em gestação (CID V89.03)
2835,402,0,2015-10-10,2015-10-10,38000276,,,0,0,0,0,11614,0,195662009,4112343,,,Faringite viral aguda
2836,402,0,2015-10-08,2015-10-08,38000276,,,0,0,0,0,11597,0,75498004,4294548,,,Infecção bacteriana aguda
2837,402,0,2013-04-08,2013-04-08,38000276,,,0,0,0,0,11585,0,239873007,4079750,,,Osteoartrite do joelho
2838,402,0,2011-05-22,2011-05-22,38000276,,,0,0,0,0,11587,0,307731004,4146173,,,Fibrilação atrial de início recente
2839,402,0,2010-11-29,2010-11-29,38000276,,,0,0,0,0,11606,0,10509002,260139,,,Bronquite aguda
2840,402,0,2009-04-18,2009-04-18,38000276,,,0,0,0,0,11605,0,75498004,4294548,,,Infecção bacteriana aguda
2841,402,0,1997-12-07,1997-12-07,38000276,,,0,0,0,0,11607,0,40055000,257012,,,Sinusite crônica
2842,402,0,1996-03-20,1996-03-20,38000276,,,0,0,0,0,11601,0,19169002,4078393,,,Aborto espontâneo na gravidez
2843,402,0,1995-04-05,1995-04-05,38000276,,,0,0,0,0,11592,0,15777000,40316773,,,Pré-diabetes
2844,403,0,2016-04-03,2016-04-03,38000276,,,0,0,0,0,11642,0,39848009,4218389,,,Lesão em chicote do pescoço
2845,403,0,2016-01-05,2016-01-05,38000276,,,0,0,0,0,11616,0,444814009,40481087,,,Infecção viral das vias aéreas superiores
2846,403,0,2011-04-08,2011-04-08,38000276,,,0,0,0,0,11624,0,444814009,40481087,,,Infecção viral das vias aéreas superiores
2847,403,0,2005-02-04,2005-02-04,38000276,,,0,0,0,0,11628,0,239873007,4079750,,,Osteoartrite do joelho
2848,403,0,1999-10-02,1999-10-02,38000276,,,0,0,0,0,11632,0,230690007,381316,,,Acidente vascular cerebral
2849,403,0,1998-09-19,1998-09-19,38000276,,,0,0,0,0,11617,0,55822004,432867,,,Hiperlipidemia
2850,403,4060985,1991-07-20,1991-07-20,38000276,,,0,0,0,0,11636,0,162864005,4060985,,,IMC 30+ - obesidade
2851,404,0,2017-02-25,2017-02-25,38000276,,,0,0,0,0,11671,0,444814009,40481087,,,Infecção viral das vias aéreas superiores
2852,404,0,2016-12-10,2016-12-10,38000276,,,0,0,0,0,11678,0,19169002,4078393,,,Aborto espontâneo na gravidez
2853,404,0,2016-12-10,2016-12-10,38000276,,,0,0,0,0,11678,0,72892002,4217975,,,Otite média não supurativa
2854,404,0,2014-11-02,2014-11-02,38000276,,,0,0,0,0,11681,0,62106007,378001,,,Concussão com perda de consciência
2855,404,0,2014-03-22,2014-03-22,38000276,,,0,0,0,0,11672,0,72892002,4217975,,,Otite média não supurativa
2856,404,0,2012-10-20,2012-10-20,38000276,,,0,0,0,0,11677,0,72892002,4217975,,,Otite média não supurativa
2857,404,0,2009-12-22,2009-12-22,38000276,,,0,0,0,0,11664,0,444814009,40481087,,,Infecção viral das vias aéreas superiores
2858,404,0,2006-06-12,2006-06-12,38000276,,,0,0,0,0,11694,0,40055000,257012,,,Sinusite crônica
2859,405,0,2016-09-09,2016-09-09,38000276,,,0,0,0,0,11698,0,195662009,4112343,,,Faringite viral aguda
2860,405,0,2015-05-04,2015-05-04,38000276,,,0,0,0,0,11703,0,444814009,40481087,,,Infecção viral das vias aéreas superiores
2861,405,0,2009-08-06,2009-08-06,38000276,,,0,0,0,0,11700,0,195662009,4112343,,,Faringite viral aguda
2862,405,4323208,2006-06-08,2006-06-08,38000276,,,0,0,0,0,11702,0,428251008,4323208,,,Histórico de apendicectomia
2863,405,0,2006-06-08,2006-06-08,38000276,,,0,0,0,0,11699,0,74400008,440448,,,Apendicite
2864,405,0,2006-06-08,2006-06-08,38000276,,,0,0,0,0,11699,0,47693006,4166224,,,Ruptura de apêndice
2865,406,0,2014-08-03,2014-08-03,38000276,,,0,0,0,0,11715,0,444814009,40481087,,,Infecção viral das vias aéreas superiores
2866,407,0,2016-07-10,2016-07-10,38000276,,,0,0,0,0,11752,0,195662009,4112343,,,Faringite viral aguda
2867,407,0,2013-01-27,2013-01-27,38000276,,,0,0,0,0,11727,0,284549007,4113008,,,Laceração de mão
2868,407,0,2012-08-31,2012-08-31,38000276,,,0,0,0,0,11737,0,10509002,260139,,,Bronquite aguda
2869,407,0,2009-08-08,2009-08-08,38000276,,,0,0,0,0,11744,0,10509002,260139,,,Bronquite aguda
2870,407,0,1992-01-17,1992-01-17,38000276,,,0,0,0,0,11747,0,53741008,317576,,,Doença arterial coronariana
2871,407,0,1985-01-04,1985-01-04,38000276,,,0,0,0,0,11738,0,15777000,40316773,,,Pré-diabetes
2872,408,0,2018-05-05,2018-05-05,38000276,,,0,0,0,0,11763,0,62106007,378001,,,Concussão com perda de consciência
2873,408,0,2018-03-16,2018-03-16,38000276,,,0,0,0,0,11768,0,65363002,372328,,,Otite média
2874,408,0,2014-04-30,2014-04-30,38000276,,,0,0,0,0,11765,0,65363002,372328,,,Otite média
2875,408,0,2013-05-04,2013-05-04,38000276,,,0,0,0,0,11766,0,444814009,40481087,,,Infecção viral das vias aéreas superiores
2876,408,0,2013-03-10,2013-03-10,38000276,,,0,0,0,0,11779,0,65363002,372328,,,Otite média
2877,408,0,2012-11-08,2012-11-08,38000276,,,0,0,0,0,11764,0,444814009,40481087,,,Infecção viral das vias aéreas superiores
2878,408,0,2011-11-08,2011-11-08,38000276,,,0,0,0,0,11780,0,65363002,372328,,,Otite média
2879,409,0,2018-04-18,2018-04-18,38000276,,,0,0,0,0,11799,0,301011002,4116491,,,Infecção do trato urinário por E. coli
2880,409,0,2016-07-16,2016-07-16,38000276,,,0,0,0,0,11825,0,72892002,4217975,,,Otite média não supurativa
2881,409,0,2014-09-09,2014-09-09,38000276,,,0,0,0,0,11797,0,444814009,40481087,,,Infecção viral das vias aéreas superiores
2882,409,0,2014-03-27,2014-03-27,38000276,,,0,0,0,0,11818,0,444814009,40481087,,,Infecção viral das vias aéreas superiores
2883,409,0,2011-05-16,2011-05-16,38000276,,,0,0,0,0,11828,0,10509002,260139,,,Bronquite aguda
2884,409,0,2011-03-05,2011-03-05,38000276,,,0,0,0,0,11813,0,72892002,4217975,,,Otite média não supurativa
2885,409,0,2009-11-28,2009-11-28,38000276,,,0,0,0,0,11848,0,72892002,4217975,,,Otite média não supurativa
2886,409,0,2009-08-29,2009-08-29,38000276,,,0,0,0,0,11805,0,444814009,40481087,,,Infecção viral das vias aéreas superiores
2887,409,0,2008-12-06,2008-12-06,38000276,,,0,0,0,0,11811,0,72892002,4217975,,,Otite média não supurativa
2888,409,0,2008-05-03,2008-05-03,38000276,,,0,0,0,0,11834,0,15777000,40316773,,,Pré-diabetes
2889,409,0,1998-08-10,1998-08-10,38000276,,,0,0,0,0,11803,0,40055000,257012,,,Sinusite crônica
2890,410,0,2018-09-30,2018-09-30,38000276,,,0,0,0,0,11856,0,262574004,4094814,,,Ferimento por arma branca
2891,410,0,2013-11-19,2013-11-19,38000276,,,0,0,0,0,11854,0,68496003,4285898,,,Pólipo do cólon
2892,410,0,2013-04-06,2013-04-06,38000276,,,0,0,0,0,11864,0,64859006,80502,,,Osteoporose
2893,410,0,2011-11-06,2011-11-06,38000276,,,0,0,0,0,11857,0,62106007,378001,,,Concussão com perda de consciência
2894,410,4060985,1992-10-03,1992-10-03,38000276,,,0,0,0,0,11849,0,162864005,4060985,,,IMC 30+ - obesidade
2895,410,0,1953-03-07,1953-03-07,38000276,,,0,0,0,0,11858,0,84757009,380378,,,Epilepsia
2896,410,45766064,1952-09-27,1952-09-27,38000276,,,0,0,0,0,11860,0,703151001,45766064,,,Histórico de artroplastia de joelho
2897,410,0,1952-09-27,1952-09-27,38000276,,,0,0,0,0,11860,0,128613002,4029498,,,Transtorno convulsivo
2898,411,0,2015-05-30,2015-05-30,38000276,,,0,0,0,0,11874,0,444814009,40481087,,,Infecção viral das vias aéreas superiores
2899,411,0,2010-08-01,2010-08-01,38000276,,,0,0,0,0,11877,0,444814009,40481087,,,Infecção viral das vias aéreas superiores
2900,411,0,1996-10-31,1996-10-31,38000276,,,0,0,0,0,11878,0,38341003,316866,,,Hipertensão arterial
2901,412,0,2015-02-03,2015-02-03,38000276,,,0,0,0,0,11882,0,10509002,260139,,,Bronquite aguda
2902,412,4060985,2014-07-18,2014-07-18,38000276,,,0,0,0,0,11881,0,162864005,4060985,,,IMC 30+ - obesidade
2903,413,0,2018-07-20,2018-07-20,38000276,,,0,0,0,0,11885,0,55822004,432867,,,Hiperlipidemia
2904,413,0,2014-04-08,2014-04-08,38000276,,,0,0,0,0,11893,0,444814009,40481087,,,Infecção viral das vias aéreas superiores
2905,413,4060985,2013-08-02,2013-08-02,38000276,,,0,0,0,0,11884,0,162864005,4060985,,,IMC 30+ - obesidade
2906,413,0,1985-09-06,1985-09-06,38000276,,,0,0,0,0,11894,0,38341003,316866,,,Hipertensão arterial
2907,414,0,2015-09-14,2015-09-14,38000276,,,0,0,0,0,11901,0,444814009,40481087,,,Infecção viral das vias aéreas superiores
2908,414,0,2015-05-06,2015-05-06,38000276,,,0,0,0,0,11898,0,10509002,260139,,,Bronquite aguda
2909,414,4060985,2008-11-25,2008-11-25,38000276,,,0,0,0,0,11896,0,162864005,4060985,,,IMC 30+ - obesidade
2910,414,0,2000-11-28,2000-11-28,38000276,,,0,0,0,0,11903,0,19169002,4078393,,,Aborto espontâneo na gravidez
2911,414,0,1990-10-09,1990-10-09,38000276,,,0,0,0,0,11895,0,38341003,316866,,,Hipertensão arterial
2912,414,0,1987-07-11,1987-07-11,38000276,,,0,0,0,0,11900,0,275272006,4166590,,,Projeção de hemorragia
2913,415,0,2017-09-17,2017-09-17,38000276,,,0,0,0,0,11942,0,43878008,28060,,,Faringite estreptocócica
2914,415,0,2017-05-04,2017-05-04,38000276,,,0,0,0,0,11926,0,43878008,28060,,,Faringite estreptocócica
2915,415,0,2016-10-18,2016-10-18,38000276,,,0,0,0,0,11940,0,44465007,81151,,,Entorse de tornozelo
2916,415,0,2014-10-21,2014-10-21,38000276,,,0,0,0,0,11929,0,10509002,260139,,,Bronquite aguda
2917,415,0,2014-06-04,2014-06-04,38000276,,,0,0,0,0,11934,0,195662009,4112343,,,Faringite viral aguda
2918,415,0,2013-12-03,2013-12-03,38000276,,,0,0,0,0,11939,0,62564004,375671,,,Concussão sem perda de consciência
2919,415,0,2012-12-09,2012-12-09,38000276,,,0,0,0,0,11933,0,10509002,260139,,,Bronquite aguda
2920,415,0,2012-02-29,2012-02-29,38000276,,,0,0,0,0,11932,0,233678006,4051466,,,Asma na infância
2921,415,0,2012-02-29,2012-02-29,38000276,,,0,0,0,0,11932,0,446096008,40486433,,,Esteatose hepática perivenular
2922,415,0,2011-06-17,2011-06-17,38000276,,,0,0,0,0,11935,0,241929008,4084167,,,Reação alérgica a alimento
2923,415,0,2010-06-29,2010-06-29,38000276,,,0,0,0,0,11915,0,24079001,133834,,,Dermatite atópica
2924,416,0,2018-09-19,2018-09-19,38000276,,,0,0,0,0,11944,0,444814009,40481087,,,Infecção viral das vias aéreas superiores
2925,416,0,2017-07-06,2017-07-06,38000276,,,0,0,0,0,11952,0,43878008,28060,,,Faringite estreptocócica
2926,416,0,2014-11-17,2014-11-17,38000276,,,0,0,0,0,11945,0,283385000,4152936,,,Laceração de ombro
2927,416,0,2009-12-13,2009-12-13,38000276,,,0,0,0,0,11943,0,62106007,378001,,,Concussão com perda de consciência
2928,416,0,2009-02-23,2009-02-23,38000276,,,0,0,0,0,11951,0,444814009,40481087,,,Infecção viral das vias aéreas superiores
2929,417,0,2013-09-22,2013-09-22,38000276,,,0,0,0,0,11965,0,40055000,257012,,,Sinusite crônica
2930,417,0,2013-08-11,2013-08-11,38000276,,,0,0,0,0,11962,0,36971009,4283893,,,Sinusite
2931,417,0,2011-06-17,2011-06-17,38000276,,,0,0,0,0,11968,0,195662009,4112343,,,Faringite viral aguda
2932,417,0,2009-07-21,2009-07-21,38000276,,,0,0,0,0,11971,0,62106007,378001,,,Concussão com perda de consciência
2933,417,4256640,1994-09-01,1994-09-01,38000276,,,0,0,0,0,11966,0,408512008,4256640,,,Alcoolismo relatado pelo paciente
2934,417,4060985,1990-08-09,1990-08-09,38000276,,,0,0,0,0,11964,0,162864005,4060985,,,IMC 30+ - obesidade
2935,418,0,2015-04-27,2015-04-27,38000276,,,0,0,0,0,11977,0,65363002,372328,,,Otite média
2936,419,0,2018-07-24,2018-07-24,38000276,,,0,0,0,0,12026,0,444814009,40481087,,,Infecção viral das vias aéreas superiores
2937,419,0,2018-06-29,2018-06-29,38000276,,,0,0,0,0,12036,0,43878008,28060,,,Faringite estreptocócica
2938,419,0,2017-08-08,2017-08-08,38000276,,,0,0,0,0,11999,0,10509002,260139,,,Bronquite aguda
2939,419,0,2015-01-22,2015-01-22,38000276,,,0,0,0,0,12012,0,38341003,316866,,,Hipertensão arterial
2940,419,0,2013-09-19,2013-09-19,38000276,,,0,0,0,0,12006,0,72892002,4217975,,,Otite média não supurativa
2941,419,0,2011-12-24,2011-12-24,38000276,,,0,0,0,0,12007,0,195662009,4112343,,,Faringite viral aguda
2942,419,0,2011-12-21,2011-12-21,38000276,,,0,0,0,0,12032,0,10509002,260139,,,Bronquite aguda
2943,419,0,2010-07-08,2010-07-08,38000276,,,0,0,0,0,12004,0,192127007,440086,,,Transtorno do espectro autista infantil
2944,420,0,2018-09-01,2018-09-01,38000276,,,0,0,0,0,12055,0,65363002,372328,,,Otite média
2945,420,0,2017-03-25,2017-03-25,38000276,,,0,0,0,0,12044,0,65363002,372328,,,Otite média
2946,420,0,2016-08-01,2016-08-01,38000276,,,0,0,0,0,12053,0,43878008,28060,,,Faringite estreptocócica
2947,420,0,2016-05-31,2016-05-31,38000276,,,0,0,0,0,12057,0,10509002,260139,,,Bronquite aguda
2948,421,0,2015-02-16,2015-02-16,38000276,,,0,0,0,0,12059,0,307731004,4146173,,,Fibrilação atrial de início recente
2949,421,0,2010-04-19,2010-04-19,38000276,,,0,0,0,0,12058,0,10509002,260139,,,Bronquite aguda
2950,421,0,2009-06-17,2009-06-17,38000276,,,0,0,0,0,12066,0,263102004,4134304,,,Ruptura de menisco
2951,422,0,2014-07-09,2014-07-09,38000276,,,0,0,0,0,12074,0,195662009,4112343,,,Faringite viral aguda
2952,422,0,2009-05-24,2009-05-24,38000276,,,0,0,0,0,12075,0,195662009,4112343,,,Faringite viral aguda
2953,423,0,2015-08-04,2015-08-04,38000276,,,0,0,0,0,12111,0,55680006,4208104,,,Overdose de droga
2954,423,0,1991-05-04,1991-05-04,38000276,,,0,0,0,0,12083,0,124171000119105,43530652,,,Nefropatia diabética crônica
2955,423,0,1990-08-10,1990-08-10,38000276,,,0,0,0,0,12097,0,196416002,4055754,,,Esofagite por refluxo
2956,423,0,1990-03-18,1990-03-18,38000276,,,0,0,0,0,12100,0,15777000,40316773,,,Pré-diabetes
2957,423,0,1990-03-08,1990-03-08,38000276,,,0,0,0,0,12098,0,82423001,436096,,,Dor crônica
2958,423,4060985,1987-08-02,1987-08-02,38000276,,,0,0,0,0,12099,0,162864005,4060985,,,IMC 30+ - obesidade
2959,424,0,2017-10-02,2017-10-02,38000276,,,0,0,0,0,12121,0,70704007,78272,,,Entorse de punho
2960,424,0,2016-11-20,2016-11-20,38000276,,,0,0,0,0,12118,0,36971009,4283893,,,Sinusite
2961,424,0,2016-10-07,2016-10-07,38000276,,,0,0,0,0,12128,0,239720000,4035415,,,Tendinite do manguito rotador
2962,424,0,2015-11-02,2015-11-02,38000276,,,0,0,0,0,12120,0,195662009,4112343,,,Faringite viral aguda
2963,424,0,2015-04-02,2015-04-02,38000276,,,0,0,0,0,12115,0,444814009,40481087,,,Infecção viral das vias aéreas superiores
2964,424,0,2013-03-06,2013-03-06,38000276,,,0,0,0,0,12125,0,284549007,4113008,,,Laceração de mão
2965,424,0,2010-09-06,2010-09-06,38000276,,,0,0,0,0,12124,0,444814009,40481087,,,Infecção viral das vias aéreas superiores
2966,424,0,2009-12-11,2009-12-11,38000276,,,0,0,0,0,12112,0,72892002,4217975,,,Otite média não supurativa
2967,425,4060985,2018-10-15,2018-10-15,38000276,,,0,0,0,0,12138,0,162864005,4060985,,,IMC 30+ - obesidade
2968,425,0,2014-09-22,2014-09-22,38000276,,,0,0,0,0,12151,0,10509002,260139,,,Bronquite aguda
2969,425,0,2012-12-17,2012-12-17,38000276,,,0,0,0,0,12148,0,72892002,4217975,,,Otite média não supurativa
2970,425,0,2012-03-08,2012-03-08,38000276,,,0,0,0,0,12164,0,444814009,40481087,,,Infecção viral das vias aéreas superiores
2971,425,0,2012-01-02,2012-01-02,38000276,,,0,0,0,0,12133,0,72892002,4217975,,,Otite média não supurativa
2972,425,0,2011-09-27,2011-09-27,38000276,,,0,0,0,0,12160,0,444814009,40481087,,,Infecção viral das vias aéreas superiores
2973,425,0,2010-10-27,2010-10-27,38000276,,,0,0,0,0,12145,0,43878008,28060,,,Faringite estreptocócica
2974,425,0,2009-07-17,2009-07-17,38000276,,,0,0,0,0,12135,0,195662009,4112343,,,Faringite viral aguda
2975,425,0,2000-01-10,2000-01-10,38000276,,,0,0,0,0,12144,0,19169002,4078393,,,Aborto espontâneo na gravidez
2976,426,0,2017-01-23,2017-01-23,38000276,,,0,0,0,0,12194,0,284551006,4109685,,,Laceração de pé
2977,426,0,2015-07-05,2015-07-05,38000276,,,0,0,0,0,12189,0,444814009,40481087,,,Infecção viral das vias aéreas superiores
2978,426,0,2013-04-04,2013-04-04,38000276,,,0,0,0,0,12198,0,43878008,28060,,,Faringite estreptocócica
2979,426,0,2010-10-06,2010-10-06,38000276,,,0,0,0,0,12199,0,283371005,4155034,,,Laceração de antebraço
2980,426,0,2004-02-01,2004-02-01,38000276,,,0,0,0,0,12190,0,239873007,4079750,,,Osteoartrite do joelho
2981,426,4060985,2000-02-18,2000-02-18,38000276,,,0,0,0,0,12197,0,162864005,4060985,,,IMC 30+ - obesidade
2982,426,0,1988-04-15,1988-04-15,38000276,,,0,0,0,0,12191,0,19169002,4078393,,,Aborto espontâneo na gravidez
2983,427,0,2014-01-06,2014-01-06,38000276,,,0,0,0,0,12224,0,156073000,40318618,,,Obesidade
2984,427,0,2014-01-06,2014-01-06,38000276,,,0,0,0,0,12224,0,72892002,4217975,,,Otite média não supurativa
2985,427,0,2013-09-30,2013-09-30,38000276,,,0,0,0,0,12262,0,156073000,40318618,,,Obesidade
2986,427,0,2013-09-30,2013-09-30,38000276,,,0,0,0,0,12262,0,72892002,4217975,,,Otite média não supurativa
2987,427,0,2012-08-27,2012-08-27,38000276,,,0,0,0,0,12258,0,72892002,4217975,,,Otite média não supurativa
2988,427,0,2011-03-21,2011-03-21,38000276,,,0,0,0,0,12268,0,72892002,4217975,,,Otite média não supurativa
2989,427,0,2010-10-01,2010-10-01,38000276,,,0,0,0,0,12232,0,195662009,4112343,,,Faringite viral aguda
2990,427,0,2010-01-04,2010-01-04,38000276,,,0,0,0,0,12235,0,72892002,4217975,,,Otite média não supurativa
2991,427,0,2008-07-28,2008-07-28,38000276,,,0,0,0,0,12217,0,15777000,40316773,,,Pré-diabetes
2992,427,0,1999-11-08,1999-11-08,38000276,,,0,0,0,0,12210,0,19169002,4078393,,,Aborto espontâneo na gravidez
2993,427,0,1977-07-16,1977-07-16,38000276,,,0,0,0,0,12246,0,232353008,4048171,,,Perfuração do tímpano
2994,428,0,2016-01-03,2016-01-03,38000276,,,0,0,0,0,12279,0,65363002,372328,,,Otite média
2995,429,0,2018-01-22,2018-01-22,38000276,,,0,0,0,0,12291,0,58150001,4237458,,,Fratura de clavícula
2996,429,0,2016-01-17,2016-01-17,38000276,,,0,0,0,0,12295,0,195662009,4112343,,,Faringite viral aguda
2997,429,0,2015-04-10,2015-04-10,38000276,,,0,0,0,0,12307,0,43878008,28060,,,Faringite estreptocócica
2998,429,0,2010-04-04,2010-04-04,38000276,,,0,0,0,0,12300,0,65363002,372328,,,Otite média
2999,429,0,2009-06-10,2009-06-10,38000276,,,0,0,0,0,12305,0,10509002,260139,,,Bronquite aguda
3000,430,0,1990-07-03,1990-07-03,38000276,,,0,0,0,0,12334,0,444814009,40481087,,,Infecção viral das vias aéreas superiores
3001,430,0,1989-11-06,1989-11-06,38000276,,,0,0,0,0,12331,0,444814009,40481087,,,Infecção viral das vias aéreas superiores
3002,430,0,1989-03-10,1989-03-10,38000276,,,0,0,0,0,12329,0,26929004,378419,,,Doença de Alzheimer
3003,430,0,1988-05-11,1988-05-11,38000276,,,0,0,0,0,12325,0,10509002,260139,,,Bronquite aguda
3004,430,0,1986-10-16,1986-10-16,38000276,,,0,0,0,0,12315,0,43878008,28060,,,Faringite estreptocócica
3005,430,0,1952-12-05,1952-12-05,38000276,,,0,0,0,0,12332,0,15777000,40316773,,,Pré-diabetes
3006,430,0,1944-11-24,1944-11-24,38000276,,,0,0,0,0,12335,0,19169002,4078393,,,Aborto espontâneo na gravidez
3007,430,0,1936-11-13,1936-11-13,38000276,,,0,0,0,0,12326,0,38341003,316866,,,Hipertensão arterial
3008,431,0,2016-11-06,2016-11-06,38000276,,,0,0,0,0,12343,0,359817006,4230399,,,Doença renal crônica estágio 2
3009,431,0,2015-04-13,2015-04-13,38000276,,,0,0,0,0,12340,0,444814009,40481087,,,Infecção viral das vias aéreas superiores
3010,431,0,2014-12-17,2014-12-17,38000276,,,0,0,0,0,12339,0,10509002,260139,,,Bronquite aguda
3011,432,0,2012-12-05,2012-12-05,38000276,,,0,0,0,0,12345,0,233678006,4051466,,,Asma na infância
3012,432,0,2011-10-20,2011-10-20,38000276,,,0,0,0,0,12350,0,65363002,372328,,,Otite média
3013,433,0,2018-05-29,2018-05-29,38000276,,,0,0,0,0,12373,0,195662009,4112343,,,Faringite viral aguda
3014,433,0,2013-12-22,2013-12-22,38000276,,,0,0,0,0,12371,0,10509002,260139,,,Bronquite aguda
3015,433,0,2012-06-15,2012-06-15,38000276,,,0,0,0,0,12374,0,70704007,78272,,,Entorse de punho
3016,433,0,2011-08-17,2011-08-17,38000276,,,0,0,0,0,12370,0,444814009,40481087,,,Infecção viral das vias aéreas superiores
3017,433,4060985,2001-01-18,2001-01-18,38000276,,,0,0,0,0,12377,0,162864005,4060985,,,IMC 30+ - obesidade
3018,433,0,1992-04-23,1992-04-23,38000276,,,0,0,0,0,12376,0,82423001,436096,,,Dor crônica
3019,434,0,2015-11-17,2015-11-17,38000276,,,0,0,0,0,12385,0,444814009,40481087,,,Infecção viral das vias aéreas superiores
3020,434,0,2015-01-17,2015-01-17,38000276,,,0,0,0,0,12391,0,195662009,4112343,,,Faringite viral aguda
3021,434,0,2012-08-21,2012-08-21,38000276,,,0,0,0,0,12392,0,284551006,4109685,,,Laceração de pé
3022,434,0,2010-09-29,2010-09-29,38000276,,,0,0,0,0,12395,0,195662009,4112343,,,Faringite viral aguda
3023,435,0,2014-08-30,2014-08-30,38000276,,,0,0,0,0,12400,0,40930008,140673,,,Hipotireoidismo
3024,435,0,2013-06-15,2013-06-15,38000276,,,0,0,0,0,12399,0,444814009,40481087,,,Infecção viral das vias aéreas superiores
3025,435,0,2011-12-25,2011-12-25,38000276,,,0,0,0,0,12412,0,10509002,260139,,,Bronquite aguda
3026,435,0,2011-09-08,2011-09-08,38000276,,,0,0,0,0,12408,0,68496003,4285898,,,Pólipo do cólon
3027,435,0,2009-11-21,2009-11-21,38000276,,,0,0,0,0,12405,0,44465007,81151,,,Entorse de tornozelo
3028,435,0,2004-09-01,2004-09-01,38000276,,,0,0,0,0,12414,0,239873007,4079750,,,Osteoartrite do joelho
3029,435,4256640,2000-06-30,2000-06-30,38000276,,,0,0,0,0,12404,0,408512008,4256640,,,Alcoolismo relatado pelo paciente
3030,435,4060985,1981-11-20,1981-11-20,38000276,,,0,0,0,0,12407,0,162864005,4060985,,,IMC 30+ - obesidade
3031,435,0,1975-07-11,1975-07-11,38000276,,,0,0,0,0,12410,0,19169002,4078393,,,Aborto espontâneo na gravidez
3032,436,4163874,1975-06-23,1975-06-23,38000276,,,0,0,0,0,12432,0,399211009,4163874,,,Histórico de infarto do miocárdio
3033,436,0,1975-06-23,1975-06-23,38000276,,,0,0,0,0,12432,0,22298006,4329847,,,Infarto do miocárdio
3034,436,0,1974-02-11,1974-02-11,38000276,,,0,0,0,0,12428,0,195662009,4112343,,,Faringite viral aguda
3035,436,0,1969-12-08,1969-12-08,38000276,,,0,0,0,0,12421,0,53741008,317576,,,Doença arterial coronariana
3036,436,0,1968-03-07,1968-03-07,38000276,,,0,0,0,0,12427,0,75498004,4294548,,,Infecção bacteriana aguda
3037,436,0,1966-10-10,1966-10-10,38000276,,,0,0,0,0,12429,0,195662009,4112343,,,Faringite viral aguda
3038,437,0,2012-10-02,2012-10-02,38000276,,,0,0,0,0,12438,0,444814009,40481087,,,Infecção viral das vias aéreas superiores
3039,438,0,2018-11-16,2018-11-16,38000276,,,0,0,0,0,12456,0,10509002,260139,,,Bronquite aguda
3040,438,0,2017-11-04,2017-11-04,38000276,,,0,0,0,0,12445,0,444814009,40481087,,,Infecção viral das vias aéreas superiores
3041,438,0,2017-05-10,2017-05-10,38000276,,,0,0,0,0,12465,0,58150001,4237458,,,Fratura de clavícula
3042,438,0,2016-05-03,2016-05-03,38000276,,,0,0,0,0,12442,0,109838007,79740,,,Carcinoma de cólon
3043,438,0,2016-04-29,2016-04-29,38000276,,,0,0,0,0,12444,0,713197008,37017023,,,Fibrose cística recorrente
3044,438,0,2016-04-25,2016-04-25,38000276,,,0,0,0,0,12454,0,55822004,432867,,,Hiperlipidemia
3045,438,0,2015-01-05,2015-01-05,38000276,,,0,0,0,0,12453,0,68496003,4285898,,,Pólipo do cólon
3046,438,0,2012-03-27,2012-03-27,38000276,,,0,0,0,0,12459,0,92691004,200970,,,Carcinoma in situ de próstata
3047,438,0,2012-03-27,2012-03-27,38000276,,,0,0,0,0,12459,0,126906006,4129902,,,Neoplasia de bexiga
3048,438,0,2010-04-06,2010-04-06,38000276,,,0,0,0,0,12449,0,43878008,28060,,,Faringite estreptocócica
3049,438,0,2003-08-16,2003-08-16,38000276,,,0,0,0,0,12448,0,68496003,4285898,,,Pólipo do cólon
3050,438,0,1994-08-22,1994-08-22,38000276,,,0,0,0,0,12463,0,15777000,40316773,,,Pré-diabetes
3051,438,4256640,1985-11-04,1985-11-04,38000276,,,0,0,0,0,12466,0,408512008,4256640,,,Alcoolismo relatado pelo paciente
3052,438,4060985,1967-10-16,1967-10-16,38000276,,,0,0,0,0,12467,0,162864005,4060985,,,IMC 30+ - obesidade
3053,439,0,2018-04-17,2018-04-17,38000276,,,0,0,0,0,12471,0,195662009,4112343,,,Faringite viral aguda
3054,439,0,2018-01-30,2018-01-30,38000276,,,0,0,0,0,12474,0,195662009,4112343,,,Faringite viral aguda
3055,439,0,2016-03-23,2016-03-23,38000276,,,0,0,0,0,12480,0,10509002,260139,,,Bronquite aguda
3056,439,0,2015-05-12,2015-05-12,38000276,,,0,0,0,0,12479,0,359817006,4230399,,,Doença renal crônica estágio 2
3057,439,0,2011-10-04,2011-10-04,38000276,,,0,0,0,0,12477,0,444814009,40481087,,,Infecção viral das vias aéreas superiores
3058,440,0,2018-04-29,2018-04-29,38000276,,,0,0,0,0,12514,0,72892002,4217975,,,Otite média não supurativa
3059,440,0,2018-02-24,2018-02-24,38000276,,,0,0,0,0,12518,0,195662009,4112343,,,Faringite viral aguda
3060,440,0,2017-10-19,2017-10-19,38000276,,,0,0,0,0,12488,0,444814009,40481087,,,Infecção viral das vias aéreas superiores
3061,440,0,2016-04-17,2016-04-17,38000276,,,0,0,0,0,12497,0,72892002,4217975,,,Otite média não supurativa
3062,440,0,2015-09-20,2015-09-20,38000276,,,0,0,0,0,12510,0,156073000,40318618,,,Obesidade
3063,440,0,2015-09-20,2015-09-20,38000276,,,0,0,0,0,12510,0,19169002,4078393,,,Aborto espontâneo na gravidez
3064,440,0,2015-09-20,2015-09-20,38000276,,,0,0,0,0,12510,0,72892002,4217975,,,Otite média não supurativa
3065,440,0,2011-11-27,2011-11-27,38000276,,,0,0,0,0,12487,0,72892002,4217975,,,Otite média não supurativa
3066,440,0,2010-11-22,2010-11-22,38000276,,,0,0,0,0,12499,0,195662009,4112343,,,Faringite viral aguda
3067,440,0,2009-11-10,2009-11-10,38000276,,,0,0,0,0,12489,0,62106007,378001,,,Concussão com perda de consciência
3068,441,0,2016-01-12,2016-01-12,38000276,,,0,0,0,0,12563,0,70704007,78272,,,Entorse de punho
3069,441,0,2012-09-29,2012-09-29,38000276,,,0,0,0,0,12556,0,72892002,4217975,,,Otite média não supurativa
3070,441,0,2011-09-24,2011-09-24,38000276,,,0,0,0,0,12536,0,15777000,40316773,,,Pré-diabetes
3071,441,0,2011-08-19,2011-08-19,38000276,,,0,0,0,0,12555,0,195662009,4112343,,,Faringite viral aguda
3072,441,0,2010-09-21,2010-09-21,38000276,,,0,0,0,0,12560,0,444814009,40481087,,,Infecção viral das vias aéreas superiores
3073,441,0,2009-05-27,2009-05-27,38000276,,,0,0,0,0,12565,0,370247008,4156265,,,Lesão facial
3074,441,4060985,2008-09-20,2008-09-20,38000276,,,0,0,0,0,12522,0,162864005,4060985,,,IMC 30+ - obesidade
3075,441,0,1991-01-19,1991-01-19,38000276,,,0,0,0,0,12543,0,38341003,316866,,,Hipertensão arterial
3076,442,0,2018-12-31,2018-12-31,38000276,,,0,0,0,0,12573,0,75498004,4294548,,,Infecção bacteriana aguda
3077,442,0,2018-07-04,2018-07-04,38000276,,,0,0,0,0,12578,0,444814009,40481087,,,Infecção viral das vias aéreas superiores
3078,442,0,2016-06-08,2016-06-08,38000276,,,0,0,0,0,12576,0,70704007,78272,,,Entorse de punho
3079,442,0,2015-08-15,2015-08-15,38000276,,,0,0,0,0,12569,0,195662009,4112343,,,Faringite viral aguda
3080,443,0,2016-08-07,2016-08-07,38000276,,,0,0,0,0,12598,0,84757009,380378,,,Epilepsia
3081,443,45766064,2016-08-07,2016-08-07,38000276,,,0,0,0,0,12598,0,703151001,45766064,,,Histórico de artroplastia de joelho
3082,443,0,2016-08-07,2016-08-07,38000276,,,0,0,0,0,12598,0,128613002,4029498,,,Transtorno convulsivo
3083,443,0,2013-02-24,2013-02-24,38000276,,,0,0,0,0,12606,0,72892002,4217975,,,Otite média não supurativa
3084,443,0,2009-04-12,2009-04-12,38000276,,,0,0,0,0,12617,0,35999006,4262136,,,Cegueira
3085,443,0,2009-04-12,2009-04-12,38000276,,,0,0,0,0,12617,0,19169002,4078393,,,Aborto espontâneo na gravidez
3086,443,0,2009-04-12,2009-04-12,38000276,,,0,0,0,0,12617,0,72892002,4217975,,,Otite média não supurativa
3087,443,4060985,2005-10-23,2005-10-23,38000276,,,0,0,0,0,12620,0,162864005,4060985,,,IMC 30+ - obesidade
3088,443,0,1985-08-25,1985-08-25,38000276,,,0,0,0,0,12594,0,38341003,316866,,,Hipertensão arterial
3089,444,4256640,1996-11-20,1996-11-20,38000276,,,0,0,0,0,12634,0,408512008,4256640,,,Alcoolismo relatado pelo paciente
3090,444,4060985,1982-04-07,1982-04-07,38000276,,,0,0,0,0,12630,0,162864005,4060985,,,IMC 30+ - obesidade
3091,445,0,2018-07-24,2018-07-24,38000276,,,0,0,0,0,12650,0,195662009,4112343,,,Faringite viral aguda
3092,445,4060985,2004-05-27,2004-05-27,38000276,,,0,0,0,0,12643,0,162864005,4060985,,,IMC 30+ - obesidade
3093,446,0,2017-06-22,2017-06-22,38000276,,,0,0,0,0,12656,0,40055000,257012,,,Sinusite crônica
3094,446,0,2017-04-13,2017-04-13,38000276,,,0,0,0,0,12658,0,36971009,4283893,,,Sinusite
3095,446,0,2016-09-12,2016-09-12,38000276,,,0,0,0,0,12653,0,195662009,4112343,,,Faringite viral aguda
3096,446,0,2014-01-29,2014-01-29,38000276,,,0,0,0,0,12659,0,15777000,40316773,,,Pré-diabetes
3097,446,0,2013-11-18,2013-11-18,38000276,,,0,0,0,0,12657,0,195662009,4112343,,,Faringite viral aguda
3098,446,0,2012-03-13,2012-03-13,38000276,,,0,0,0,0,12655,0,444814009,40481087,,,Infecção viral das vias aéreas superiores
3099,448,0,2016-02-15,2016-02-15,38000276,,,0,0,0,0,12688,0,444814009,40481087,,,Infecção viral das vias aéreas superiores
3100,448,0,2013-11-21,2013-11-21,38000276,,,0,0,0,0,12676,0,38341003,316866,,,Hipertensão arterial
3101,448,0,2012-11-06,2012-11-06,38000276,,,0,0,0,0,12679,0,444814009,40481087,,,Infecção viral das vias aéreas superiores
3102,448,0,2010-10-15,2010-10-15,38000276,,,0,0,0,0,12685,0,36971009,4283893,,,Sinusite
3103,448,0,2009-03-16,2009-03-16,38000276,,,0,0,0,0,12684,0,39848009,4218389,,,Lesão em chicote do pescoço
3104,448,0,2000-04-04,2000-04-04,38000276,,,0,0,0,0,12671,0,446096008,40486433,,,Esteatose hepática perivenular
3105,448,0,1997-04-05,1997-04-05,38000276,,,0,0,0,0,12669,0,233678006,4051466,,,Asma na infância
3106,448,0,2008-08-30,2008-08-30,38000276,,,0,0,0,0,12668,0,65363002,372328,,,Otite média
3107,449,0,2017-09-30,2017-09-30,38000276,,,0,0,0,0,12700,0,75498004,4294548,,,Infecção bacteriana aguda
3108,449,0,2015-09-20,2015-09-20,38000276,,,0,0,0,0,12705,0,444814009,40481087,,,Infecção viral das vias aéreas superiores
3109,449,0,2015-04-08,2015-04-08,38000276,,,0,0,0,0,12697,0,444814009,40481087,,,Infecção viral das vias aéreas superiores
3110,449,0,2003-08-22,2003-08-22,38000276,,,0,0,0,0,12706,0,237602007,436940,,,Síndrome metabólica
3111,449,0,2003-08-22,2003-08-22,38000276,,,0,0,0,0,12706,0,302870006,4120314,,,Hipertrigliceridemia
3112,449,0,2003-08-22,2003-08-22,38000276,,,0,0,0,0,12706,0,80394007,4214376,,,Hiperglicemia
3113,449,0,2001-08-31,2001-08-31,38000276,,,0,0,0,0,12698,0,44054006,201826,,,Diabetes mellitus tipo 2
3114,449,4256640,1990-08-10,1990-08-10,38000276,,,0,0,0,0,12704,0,408512008,4256640,,,Alcoolismo relatado pelo paciente
3115,449,0,1980-10-31,1980-10-31,38000276,,,0,0,0,0,12703,0,19169002,4078393,,,Aborto espontâneo na gravidez
3116,449,4060985,1972-03-31,1972-03-31,38000276,,,0,0,0,0,12690,0,162864005,4060985,,,IMC 30+ - obesidade
3117,449,0,1971-08-17,1971-08-17,38000276,,,0,0,0,0,12699,0,271737000,439777,,,Anemia
3118,450,0,2016-07-02,2016-07-02,38000276,,,0,0,0,0,12744,0,10509002,260139,,,Bronquite aguda
3119,450,0,2015-11-02,2015-11-02,38000276,,,0,0,0,0,12731,0,49436004,313217,,,Fibrilação atrial
3120,450,0,2014-09-07,2014-09-07,38000276,,,0,0,0,0,12757,0,195662009,4112343,,,Faringite viral aguda
3121,450,0,2007-12-31,2007-12-31,38000276,,,0,0,0,0,12750,0,230690007,381316,,,Acidente vascular cerebral
3122,450,0,1985-09-09,1985-09-09,38000276,,,0,0,0,0,12735,0,55822004,432867,,,Hiperlipidemia
3123,450,4060985,1979-04-30,1979-04-30,38000276,,,0,0,0,0,12760,0,162864005,4060985,,,IMC 30+ - obesidade
3124,450,0,1966-10-15,1966-10-15,38000276,,,0,0,0,0,12733,0,40055000,257012,,,Sinusite crônica
3125,450,0,1957-06-24,1957-06-24,38000276,,,0,0,0,0,12745,0,38341003,316866,,,Hipertensão arterial
3126,451,0,2018-10-27,2018-10-27,38000276,,,0,0,0,0,12763,0,444814009,40481087,,,Infecção viral das vias aéreas superiores
3127,451,0,2017-02-12,2017-02-12,38000276,,,0,0,0,0,12781,0,195662009,4112343,,,Faringite viral aguda
3128,451,0,2015-09-23,2015-09-23,38000276,,,0,0,0,0,12764,0,444814009,40481087,,,Infecção viral das vias aéreas superiores
3129,451,0,2013-04-17,2013-04-17,38000276,,,0,0,0,0,12778,0,10509002,260139,,,Bronquite aguda
3130,451,0,2010-05-08,2010-05-08,38000276,,,0,0,0,0,12767,0,195662009,4112343,,,Faringite viral aguda
3131,451,0,1995-05-20,1995-05-20,38000276,,,0,0,0,0,12782,0,40055000,257012,,,Sinusite crônica
3132,451,0,1983-05-08,1983-05-08,38000276,,,0,0,0,0,12762,0,15777000,40316773,,,Pré-diabetes
3133,451,0,1973-04-22,1973-04-22,38000276,,,0,0,0,0,12771,0,38341003,316866,,,Hipertensão arterial
3134,452,0,2016-10-14,2016-10-14,38000276,,,0,0,0,0,12789,0,35999006,4262136,,,Cegueira
3135,452,0,2016-10-14,2016-10-14,38000276,,,0,0,0,0,12789,0,19169002,4078393,,,Aborto espontâneo na gravidez
3136,452,0,2016-10-14,2016-10-14,38000276,,,0,0,0,0,12789,0,72892002,4217975,,,Otite média não supurativa
3137,452,0,2011-12-09,2011-12-09,38000276,,,0,0,0,0,12787,0,72892002,4217975,,,Otite média não supurativa
3138,452,0,2011-10-03,2011-10-03,38000276,,,0,0,0,0,12813,0,444814009,40481087,,,Infecção viral das vias aéreas superiores
3139,452,0,2009-06-29,2009-06-29,38000276,,,0,0,0,0,12796,0,444814009,40481087,,,Infecção viral das vias aéreas superiores
3140,452,0,2009-06-06,2009-06-06,38000276,,,0,0,0,0,12806,0,195662009,4112343,,,Faringite viral aguda
3141,452,0,2009-05-08,2009-05-08,38000276,,,0,0,0,0,12811,0,72892002,4217975,,,Otite média não supurativa
3142,452,0,2009-03-13,2009-03-13,38000276,,,0,0,0,0,12783,0,39848009,4218389,,,Lesão em chicote do pescoço
3143,452,0,2006-04-21,2006-04-21,38000276,,,0,0,0,0,12798,0,15777000,40316773,,,Pré-diabetes
3144,453,4163874,1971-06-10,1971-06-10,38000276,,,0,0,0,0,12828,0,399211009,4163874,,,Histórico de infarto do miocárdio
3145,453,0,1971-06-10,1971-06-10,38000276,,,0,0,0,0,12828,0,22298006,4329847,,,Infarto do miocárdio
3146,453,0,1971-04-22,1971-04-22,38000276,,,0,0,0,0,12829,0,10509002,260139,,,Bronquite aguda
3147,453,0,1970-09-10,1970-09-10,38000276,,,0,0,0,0,12815,0,53741008,317576,,,Doença arterial coronariana
3148,453,0,1970-03-23,1970-03-23,38000276,,,0,0,0,0,12825,0,44465007,81151,,,Entorse de tornozelo
3149,453,0,1969-10-29,1969-10-29,38000276,,,0,0,0,0,12838,0,444814009,40481087,,,Infecção viral das vias aéreas superiores
3150,453,0,1964-08-05,1964-08-05,38000276,,,0,0,0,0,12826,0,444814009,40481087,,,Infecção viral das vias aéreas superiores
3151,453,0,1962-11-03,1962-11-03,38000276,,,0,0,0,0,12832,0,195662009,4112343,,,Faringite viral aguda
3152,453,0,1949-08-25,1949-08-25,38000276,,,0,0,0,0,12833,0,80394007,4214376,,,Hiperglicemia
3153,453,0,1943-08-19,1943-08-19,38000276,,,0,0,0,0,12835,0,368581000119106,37016354,,,Neuropatia por diabetes tipo 2
3154,453,0,1943-08-19,1943-08-19,38000276,,,0,0,0,0,12835,0,237602007,436940,,,Síndrome metabólica
3155,453,0,1943-08-19,1943-08-19,38000276,,,0,0,0,0,12835,0,302870006,4120314,,,Hipertrigliceridemia
3156,453,0,1940-08-15,1940-08-15,38000276,,,0,0,0,0,12818,0,44054006,201826,,,Diabetes mellitus tipo 2
3157,453,0,1933-08-03,1933-08-03,38000276,,,0,0,0,0,12823,0,15777000,40316773,,,Pré-diabetes
3158,453,0,1933-08-03,1933-08-03,38000276,,,0,0,0,0,12823,0,38341003,316866,,,Hipertensão arterial
3159,454,0,2015-08-05,2015-08-05,38000276,,,0,0,0,0,12854,0,65363002,372328,,,Otite média
3160,454,0,2014-08-17,2014-08-17,38000276,,,0,0,0,0,12851,0,444814009,40481087,,,Infecção viral das vias aéreas superiores
3161,455,0,1986-03-25,1986-03-25,38000276,,,0,0,0,0,12879,0,43878008,28060,,,Faringite estreptocócica
3162,455,0,1981-01-31,1981-01-31,38000276,,,0,0,0,0,12865,0,10509002,260139,,,Bronquite aguda
3163,455,0,1980-01-02,1980-01-02,38000276,,,0,0,0,0,12880,0,444814009,40481087,,,Infecção viral das vias aéreas superiores
3164,455,0,1979-01-15,1979-01-15,38000276,,,0,0,0,0,12871,0,444814009,40481087,,,Infecção viral das vias aéreas superiores
3165,455,0,1978-04-08,1978-04-08,38000276,,,0,0,0,0,12878,0,49436004,313217,,,Fibrilação atrial
3166,455,4256640,1968-10-26,1968-10-26,38000276,,,0,0,0,0,12863,0,408512008,4256640,,,Alcoolismo relatado pelo paciente
3167,455,0,1948-12-11,1948-12-11,38000276,,,0,0,0,0,12870,0,5602001,438130,,,Dor por opioides
3168,455,4060985,1948-12-11,1948-12-11,38000276,,,0,0,0,0,12870,0,162864005,4060985,,,IMC 30+ - obesidade
3169,455,4163874,1945-11-17,1945-11-17,38000276,,,0,0,0,0,12858,0,399211009,4163874,,,Histórico de infarto do miocárdio
3170,455,0,1945-11-17,1945-11-17,38000276,,,0,0,0,0,12858,0,22298006,4329847,,,Infarto do miocárdio
3171,455,0,1938-11-26,1938-11-26,38000276,,,0,0,0,0,12875,0,38341003,316866,,,Hipertensão arterial
3172,455,0,1936-11-14,1936-11-14,38000276,,,0,0,0,0,12872,0,53741008,317576,,,Doença arterial coronariana
3173,456,0,2018-06-17,2018-06-17,38000276,,,0,0,0,0,12939,0,444814009,40481087,,,Infecção viral das vias aéreas superiores
3174,456,0,2018-03-10,2018-03-10,38000276,,,0,0,0,0,12930,0,62106007,378001,,,Concussão com perda de consciência
3175,456,0,2017-01-04,2017-01-04,38000276,,,0,0,0,0,12927,0,444814009,40481087,,,Infecção viral das vias aéreas superiores
3176,456,0,2014-05-06,2014-05-06,38000276,,,0,0,0,0,12894,0,444814009,40481087,,,Infecção viral das vias aéreas superiores
3177,456,0,2014-01-07,2014-01-07,38000276,,,0,0,0,0,12961,0,444814009,40481087,,,Infecção viral das vias aéreas superiores
3178,456,0,2004-03-20,2004-03-20,38000276,,,0,0,0,0,12931,0,367498001,4280726,,,Gripe sazonal
3179,457,0,2017-11-12,2017-11-12,38000276,,,0,0,0,0,12977,0,15777000,40316773,,,Pré-diabetes
3180,457,0,2016-03-14,2016-03-14,38000276,,,0,0,0,0,12974,0,444470001,40479768,,,Lesão do nervo ulnar
3181,457,0,2015-08-07,2015-08-07,38000276,,,0,0,0,0,12976,0,444814009,40481087,,,Infecção viral das vias aéreas superiores
3182,457,4256640,2013-10-27,2013-10-27,38000276,,,0,0,0,0,12966,0,408512008,4256640,,,Alcoolismo relatado pelo paciente
3183,457,0,2013-02-23,2013-02-23,38000276,,,0,0,0,0,12965,0,195662009,4112343,,,Faringite viral aguda
3184,457,0,2011-10-23,2011-10-23,38000276,,,0,0,0,0,12972,0,185086009,258780,,,DPOC exacerbada
3185,457,4060985,1994-12-25,1994-12-25,38000276,,,0,0,0,0,12970,0,162864005,4060985,,,IMC 30+ - obesidade
3186,458,0,2018-03-16,2018-03-16,38000276,,,0,0,0,0,12986,0,444814009,40481087,,,Infecção viral das vias aéreas superiores
3187,458,0,2015-06-08,2015-06-08,38000276,,,0,0,0,0,12981,0,44465007,81151,,,Entorse de tornozelo
3188,458,0,2013-12-17,2013-12-17,38000276,,,0,0,0,0,12979,0,195662009,4112343,,,Faringite viral aguda
3189,458,0,2011-12-26,2011-12-26,38000276,,,0,0,0,0,12998,0,62106007,378001,,,Concussão com perda de consciência
3190,458,0,2011-09-05,2011-09-05,38000276,,,0,0,0,0,12978,0,444814009,40481087,,,Infecção viral das vias aéreas superiores
3191,459,0,2017-05-31,2017-05-31,38000276,,,0,0,0,0,13022,0,72892002,4217975,,,Otite média não supurativa
3192,459,0,2015-10-14,2015-10-14,38000276,,,0,0,0,0,13003,0,72892002,4217975,,,Otite média não supurativa
3193,459,0,2012-09-12,2012-09-12,38000276,,,0,0,0,0,13037,0,72892002,4217975,,,Otite média não supurativa
3194,459,0,2011-09-06,2011-09-06,38000276,,,0,0,0,0,13040,0,444814009,40481087,,,Infecção viral das vias aéreas superiores
3195,459,0,2011-04-21,2011-04-21,38000276,,,0,0,0,0,13028,0,10509002,260139,,,Bronquite aguda
3196,459,0,2010-09-08,2010-09-08,38000276,,,0,0,0,0,13006,0,72892002,4217975,,,Otite média não supurativa
3197,459,0,1993-11-13,1993-11-13,38000276,,,0,0,0,0,13018,0,233678006,4051466,,,Asma na infância
3198,460,0,2018-12-24,2018-12-24,38000276,,,0,0,0,0,13055,0,444470001,40479768,,,Lesão do nervo ulnar
3199,460,0,2016-11-07,2016-11-07,38000276,,,0,0,0,0,13057,0,10509002,260139,,,Bronquite aguda
3200,460,0,2014-01-30,2014-01-30,38000276,,,0,0,0,0,13059,0,444814009,40481087,,,Infecção viral das vias aéreas superiores
3201,460,4060985,2008-03-10,2008-03-10,38000276,,,0,0,0,0,13050,0,162864005,4060985,,,IMC 30+ - obesidade
3202,461,4324181,2017-10-12,2017-10-12,38000276,,,0,0,0,0,13065,0,429007001,4324181,,,Histórico de infarto
3203,461,0,2017-10-12,2017-10-12,38000276,,,0,0,0,0,13065,0,410429000,321042,,,Parada cardíaca
3204,461,0,2017-05-18,2017-05-18,38000276,,,0,0,0,0,13074,0,49436004,313217,,,Fibrilação atrial
3205,461,0,2009-10-01,2009-10-01,38000276,,,0,0,0,0,13062,0,444814009,40481087,,,Infecção viral das vias aéreas superiores
3206,461,0,2008-01-04,2008-01-04,38000276,,,0,0,0,0,13075,0,93761005,197500,,,Metástase cerebral
3207,461,0,2007-12-28,2007-12-28,38000276,,,0,0,0,0,13070,0,68496003,4285898,,,Pólipo do cólon
3208,461,4060985,1986-06-05,1986-06-05,38000276,,,0,0,0,0,13077,0,162864005,4060985,,,IMC 30+ - obesidade
3209,461,0,1985-09-05,1985-09-05,38000276,,,0,0,0,0,13073,0,230690007,381316,,,Acidente vascular cerebral
3210,461,0,1978-01-19,1978-01-19,38000276,,,0,0,0,0,13067,0,19169002,4078393,,,Aborto espontâneo na gravidez
3211,461,0,1956-03-28,1956-03-28,38000276,,,0,0,0,0,13078,0,40055000,257012,,,Sinusite crônica
3212,462,0,2018-08-09,2018-08-09,38000276,,,0,0,0,0,13088,0,444814009,40481087,,,Infecção viral das vias aéreas superiores
3213,462,0,2018-03-23,2018-03-23,38000276,,,0,0,0,0,13095,0,10509002,260139,,,Bronquite aguda
3214,462,0,2017-12-21,2017-12-21,38000276,,,0,0,0,0,13083,0,230690007,381316,,,Acidente vascular cerebral
3215,462,0,2010-06-28,2010-06-28,38000276,,,0,0,0,0,13092,0,283385000,4152936,,,Laceração de ombro
3216,462,4060985,2000-09-07,2000-09-07,38000276,,,0,0,0,0,13093,0,162864005,4060985,,,IMC 30+ - obesidade
3217,463,0,1949-06-11,1949-06-11,38000276,,,0,0,0,0,13099,0,370247008,4156265,,,Lesão facial
3218,463,0,1948-08-31,1948-08-31,38000276,,,0,0,0,0,13110,0,65363002,372328,,,Otite média
3219,463,0,1948-07-02,1948-07-02,38000276,,,0,0,0,0,13115,0,284551006,4109685,,,Laceração de pé
3220,463,45766064,1948-04-18,1948-04-18,38000276,,,0,0,0,0,13100,0,703151001,45766064,,,Histórico de artroplastia de joelho
3221,463,0,1948-04-18,1948-04-18,38000276,,,0,0,0,0,13100,0,128613002,4029498,,,Transtorno convulsivo
3222,463,0,1947-04-09,1947-04-09,38000276,,,0,0,0,0,13098,0,65966004,4278672,,,Fratura do fêmur
3223,464,0,2018-05-01,2018-05-01,38000276,,,0,0,0,0,13122,0,10509002,260139,,,Bronquite aguda
3224,464,0,2017-12-20,2017-12-20,38000276,,,0,0,0,0,13135,0,444814009,40481087,,,Infecção viral das vias aéreas superiores
3225,464,0,2009-12-18,2009-12-18,38000276,,,0,0,0,0,13118,0,444814009,40481087,,,Infecção viral das vias aéreas superiores
3226,464,0,2009-02-13,2009-02-13,38000276,,,0,0,0,0,13130,0,195662009,4112343,,,Faringite viral aguda
3227,464,0,1999-04-19,1999-04-19,38000276,,,0,0,0,0,13124,0,15777000,40316773,,,Pré-diabetes
3228,464,4323208,1973-08-04,1973-08-04,38000276,,,0,0,0,0,13121,0,428251008,4323208,,,Histórico de apendicectomia
3229,464,0,1973-08-04,1973-08-04,38000276,,,0,0,0,0,13134,0,47693006,4166224,,,Ruptura de apêndice
3230,464,0,1973-08-04,1973-08-04,38000276,,,0,0,0,0,13134,0,74400008,440448,,,Apendicite
3231,465,0,2014-09-11,2014-09-11,38000276,,,0,0,0,0,13159,0,444814009,40481087,,,Infecção viral das vias aéreas superiores
3232,465,0,2013-01-12,2013-01-12,38000276,,,0,0,0,0,13137,0,195662009,4112343,,,Faringite viral aguda
3233,465,0,2012-08-10,2012-08-10,38000276,,,0,0,0,0,13153,0,444814009,40481087,,,Infecção viral das vias aéreas superiores
3234,465,0,2011-01-03,2011-01-03,38000276,,,0,0,0,0,13156,0,72892002,4217975,,,Otite média não supurativa
3235,465,0,2010-09-27,2010-09-27,38000276,,,0,0,0,0,13143,0,185086009,258780,,,DPOC exacerbada
3236,465,0,2010-09-27,2010-09-27,38000276,,,0,0,0,0,13143,0,237602007,436940,,,Síndrome metabólica
3237,465,0,2010-09-27,2010-09-27,38000276,,,0,0,0,0,13143,0,80394007,4214376,,,Hiperglicemia
3238,465,0,2007-09-24,2007-09-24,38000276,,,0,0,0,0,13142,0,302870006,4120314,,,Hipertrigliceridemia
3239,465,0,2004-09-20,2004-09-20,38000276,,,0,0,0,0,13154,0,44054006,201826,,,Diabetes mellitus tipo 2
3240,465,0,2004-09-20,2004-09-20,38000276,,,0,0,0,0,13154,0,38341003,316866,,,Hipertensão arterial
3241,465,0,2001-09-17,2001-09-17,38000276,,,0,0,0,0,13141,0,15777000,40316773,,,Pré-diabetes
3242,466,0,2013-01-01,2013-01-01,38000276,,,0,0,0,0,13183,0,444814009,40481087,,,Infecção viral das vias aéreas superiores
3243,466,0,2012-11-02,2012-11-02,38000276,,,0,0,0,0,13180,0,444814009,40481087,,,Infecção viral das vias aéreas superiores
3244,466,0,2012-10-01,2012-10-01,38000276,,,0,0,0,0,13174,0,49436004,313217,,,Fibrilação atrial
3245,466,0,2010-03-08,2010-03-08,38000276,,,0,0,0,0,13200,0,58150001,4237458,,,Fratura de clavícula
3246,466,0,2005-02-28,2005-02-28,38000276,,,0,0,0,0,13177,0,55680006,4208104,,,Overdose de droga
3247,466,0,1990-11-11,1990-11-11,38000276,,,0,0,0,0,13220,0,40055000,257012,,,Sinusite crônica
3248,466,0,1990-08-30,1990-08-30,38000276,,,0,0,0,0,13195,0,124171000119105,43530652,,,Nefropatia diabética crônica
3249,466,0,1990-04-22,1990-04-22,38000276,,,0,0,0,0,13199,0,196416002,4055754,,,Esofagite por refluxo
3250,466,0,1990-03-02,1990-03-02,38000276,,,0,0,0,0,13164,0,82423001,436096,,,Dor crônica
3251,466,0,1984-07-22,1984-07-22,38000276,,,0,0,0,0,13175,0,239873007,4079750,,,Osteoartrite do joelho
3252,466,4060985,1979-07-16,1979-07-16,38000276,,,0,0,0,0,13218,0,162864005,4060985,,,IMC 30+ - obesidade
3253,467,0,2016-06-01,2016-06-01,38000276,,,0,0,0,0,13234,0,72892002,4217975,,,Otite média não supurativa
3254,467,0,2015-09-24,2015-09-24,38000276,,,0,0,0,0,13224,0,195662009,4112343,,,Faringite viral aguda
3255,467,0,2011-02-09,2011-02-09,38000276,,,0,0,0,0,13233,0,10509002,260139,,,Bronquite aguda
3256,467,0,2009-04-22,2009-04-22,38000276,,,0,0,0,0,13232,0,38341003,316866,,,Hipertensão arterial
3257,468,0,2018-04-27,2018-04-27,38000276,,,0,0,0,0,13250,0,444814009,40481087,,,Infecção viral das vias aéreas superiores
3258,468,0,2016-07-22,2016-07-22,38000276,,,0,0,0,0,13251,0,195662009,4112343,,,Faringite viral aguda
3259,468,0,2015-01-01,2015-01-01,38000276,,,0,0,0,0,13246,0,283371005,4155034,,,Laceração de antebraço
3260,468,0,2013-03-07,2013-03-07,38000276,,,0,0,0,0,13244,0,39848009,4218389,,,Lesão em chicote do pescoço
3261,468,0,2012-03-21,2012-03-21,38000276,,,0,0,0,0,13239,0,65363002,372328,,,Otite média
3262,468,0,2011-08-15,2011-08-15,38000276,,,0,0,0,0,13243,0,15777000,40316773,,,Pré-diabetes
3263,468,0,2009-07-15,2009-07-15,38000276,,,0,0,0,0,13240,0,38822007,195588,,,Cistite
3264,468,4060985,1997-05-19,1997-05-19,38000276,,,0,0,0,0,13241,0,162864005,4060985,,,IMC 30+ - obesidade
3265,469,0,2017-05-01,2017-05-01,38000276,,,0,0,0,0,13269,0,195662009,4112343,,,Faringite viral aguda
3266,469,0,2016-04-25,2016-04-25,38000276,,,0,0,0,0,13273,0,43878008,28060,,,Faringite estreptocócica
3267,469,0,2013-08-08,2013-08-08,38000276,,,0,0,0,0,13258,0,33737001,4142905,,,Fratura de rádio
3268,469,0,2015-03-01,2015-03-01,38000276,,,0,0,0,0,13254,0,65363002,372328,,,Otite média
3269,470,0,2018-06-14,2018-06-14,38000276,,,0,0,0,0,13275,0,58150001,4237458,,,Fratura de clavícula
3270,470,0,2016-01-20,2016-01-20,38000276,,,0,0,0,0,13276,0,444814009,40481087,,,Infecção viral das vias aéreas superiores
3271,470,0,2011-08-28,2011-08-28,38000276,,,0,0,0,0,13277,0,444814009,40481087,,,Infecção viral das vias aéreas superiores
3272,471,0,2018-03-03,2018-03-03,38000276,,,0,0,0,0,13332,0,10509002,260139,,,Bronquite aguda
3273,471,0,2017-12-04,2017-12-04,38000276,,,0,0,0,0,13323,0,195662009,4112343,,,Faringite viral aguda
3274,471,0,2017-08-19,2017-08-19,38000276,,,0,0,0,0,13338,0,68496003,4285898,,,Pólipo do cólon
3275,471,0,2013-01-25,2013-01-25,38000276,,,0,0,0,0,13318,0,444814009,40481087,,,Infecção viral das vias aéreas superiores
3276,471,0,2008-11-20,2008-11-20,38000276,,,0,0,0,0,13351,0,55680006,4208104,,,Overdose de droga
3277,471,4256640,1995-09-17,1995-09-17,38000276,,,0,0,0,0,13333,0,408512008,4256640,,,Alcoolismo relatado pelo paciente
3278,471,0,1993-09-12,1993-09-12,38000276,,,0,0,0,0,13370,0,87433001,261325,,,Enfisema pulmonar
3279,471,0,1991-01-17,1991-01-17,38000276,,,0,0,0,0,13380,0,82423001,436096,,,Dor crônica
3280,471,0,1990-06-23,1990-06-23,38000276,,,0,0,0,0,13363,0,196416002,4055754,,,Esofagite por refluxo
3281,471,0,1990-03-15,1990-03-15,38000276,,,0,0,0,0,13335,0,124171000119105,43530652,,,Nefropatia diabética crônica
3282,471,4060985,1978-11-05,1978-11-05,38000276,,,0,0,0,0,13347,0,162864005,4060985,,,IMC 30+ - obesidade
3283,472,0,2017-01-02,2017-01-02,38000276,,,0,0,0,0,13436,0,444814009,40481087,,,Infecção viral das vias aéreas superiores
3284,472,0,2014-03-23,2014-03-23,38000276,,,0,0,0,0,13439,0,444814009,40481087,,,Infecção viral das vias aéreas superiores
3285,472,0,2013-03-05,2013-03-05,38000276,,,0,0,0,0,13417,0,284551006,4109685,,,Laceração de pé
3286,472,0,2010-05-06,2010-05-06,38000276,,,0,0,0,0,13405,0,283371005,4155034,,,Laceração de antebraço
3287,472,0,2008-01-25,2008-01-25,38000276,,,0,0,0,0,13393,0,55680006,4208104,,,Overdose de droga
3288,472,0,1990-07-31,1990-07-31,38000276,,,0,0,0,0,13426,0,124171000119105,43530652,,,Nefropatia diabética crônica
3289,472,0,1990-03-23,1990-03-23,38000276,,,0,0,0,0,13414,0,82423001,436096,,,Dor crônica
3290,472,0,1990-01-31,1990-01-31,38000276,,,0,0,0,0,13390,0,196416002,4055754,,,Esofagite por refluxo
3291,472,4060985,1980-07-28,1980-07-28,38000276,,,0,0,0,0,13424,0,162864005,4060985,,,IMC 30+ - obesidade
3292,472,0,1978-01-16,1978-01-16,38000276,,,0,0,0,0,13433,0,19169002,4078393,,,Aborto espontâneo na gravidez
3293,473,0,2018-05-24,2018-05-24,38000276,,,0,0,0,0,13474,0,72892002,4217975,,,Otite média não supurativa
3294,473,0,2017-12-29,2017-12-29,38000276,,,0,0,0,0,13452,0,301011002,4116491,,,Infecção do trato urinário por E. coli
3295,473,0,2015-03-19,2015-03-19,38000276,,,0,0,0,0,13447,0,72892002,4217975,,,Otite média não supurativa
3296,473,0,2014-11-30,2014-11-30,38000276,,,0,0,0,0,13453,0,10509002,260139,,,Bronquite aguda
3297,473,0,2014-11-25,2014-11-25,38000276,,,0,0,0,0,13464,0,195662009,4112343,,,Faringite viral aguda
3298,473,0,2013-11-18,2013-11-18,38000276,,,0,0,0,0,13450,0,301011002,4116491,,,Infecção do trato urinário por E. coli
3299,473,0,2013-11-07,2013-11-07,38000276,,,0,0,0,0,13454,0,72892002,4217975,,,Otite média não supurativa
3300,473,0,2011-04-07,2011-04-07,38000276,,,0,0,0,0,13458,0,15777000,40316773,,,Pré-diabetes
3301,473,0,2009-04-30,2009-04-30,38000276,,,0,0,0,0,13468,0,35999006,4262136,,,Cegueira
3302,473,0,2009-04-30,2009-04-30,38000276,,,0,0,0,0,13468,0,19169002,4078393,,,Aborto espontâneo na gravidez
3303,473,0,2009-04-30,2009-04-30,38000276,,,0,0,0,0,13468,0,72892002,4217975,,,Otite média não supurativa
3304,473,0,2007-11-20,2007-11-20,38000276,,,0,0,0,0,13448,0,271737000,439777,,,Anemia
3305,473,4060985,2004-01-01,2004-01-01,38000276,,,0,0,0,0,13456,0,162864005,4060985,,,IMC 30+ - obesidade
3306,474,0,1994-12-23,1994-12-23,38000276,,,0,0,0,0,13490,0,65363002,372328,,,Otite média
3307,474,0,1994-10-24,1994-10-24,38000276,,,0,0,0,0,13487,0,284551006,4109685,,,Laceração de pé
3308,474,0,1993-12-28,1993-12-28,38000276,,,0,0,0,0,13488,0,84757009,380378,,,Epilepsia
3309,474,45766064,1993-12-28,1993-12-28,38000276,,,0,0,0,0,13488,0,703151001,45766064,,,Histórico de artroplastia de joelho
3310,474,0,1993-12-28,1993-12-28,38000276,,,0,0,0,0,13488,0,128613002,4029498,,,Transtorno convulsivo
3311,475,0,2018-12-13,2018-12-13,38000276,,,0,0,0,0,13497,0,156073000,40318618,,,Obesidade
3312,475,0,2018-12-13,2018-12-13,38000276,,,0,0,0,0,13497,0,72892002,4217975,,,Otite média não supurativa
3313,475,0,2015-12-07,2015-12-07,38000276,,,0,0,0,0,13508,0,444814009,40481087,,,Infecção viral das vias aéreas superiores
3314,475,4060985,2005-09-22,2005-09-22,38000276,,,0,0,0,0,13498,0,162864005,4060985,,,IMC 30+ - obesidade
3315,475,0,1995-11-29,1995-11-29,38000276,,,0,0,0,0,13500,0,40055000,257012,,,Sinusite crônica
3316,475,0,1992-08-06,1992-08-06,38000276,,,0,0,0,0,13517,0,19169002,4078393,,,Aborto espontâneo na gravidez
3317,475,0,1987-08-27,1987-08-27,38000276,,,0,0,0,0,13514,0,38341003,316866,,,Hipertensão arterial
3318,476,0,2017-12-24,2017-12-24,38000276,,,0,0,0,0,13532,0,370247008,4156265,,,Lesão facial
3319,476,0,2010-12-11,2010-12-11,38000276,,,0,0,0,0,13531,0,195662009,4112343,,,Faringite viral aguda
3320,476,0,2009-05-19,2009-05-19,38000276,,,0,0,0,0,13529,0,44465007,81151,,,Entorse de tornozelo
3321,476,0,2008-04-09,2008-04-09,38000276,,,0,0,0,0,13520,0,192127007,440086,,,Transtorno do espectro autista infantil
3322,477,0,2015-03-24,2015-03-24,38000276,,,0,0,0,0,13533,0,43878008,28060,,,Faringite estreptocócica
3323,477,0,2012-12-29,2012-12-29,38000276,,,0,0,0,0,13535,0,10509002,260139,,,Bronquite aguda
3324,477,0,2010-12-04,2010-12-04,38000276,,,0,0,0,0,13538,0,43878008,28060,,,Faringite estreptocócica
3325,477,45766064,2001-03-22,2001-03-22,38000276,,,0,0,0,0,13542,0,703151001,45766064,,,Histórico de artroplastia de joelho
3326,477,0,2001-03-22,2001-03-22,38000276,,,0,0,0,0,13542,0,128613002,4029498,,,Transtorno convulsivo
3327,478,0,2015-12-01,2015-12-01,38000276,,,0,0,0,0,13576,0,444814009,40481087,,,Infecção viral das vias aéreas superiores
3328,478,0,2015-10-22,2015-10-22,38000276,,,0,0,0,0,13567,0,62106007,378001,,,Concussão com perda de consciência
3329,478,0,2012-04-30,2012-04-30,38000276,,,0,0,0,0,13565,0,444814009,40481087,,,Infecção viral das vias aéreas superiores
3330,478,0,2011-12-30,2011-12-30,38000276,,,0,0,0,0,13556,0,10509002,260139,,,Bronquite aguda
3331,478,0,2008-12-23,2008-12-23,38000276,,,0,0,0,0,13572,0,192127007,440086,,,Transtorno do espectro autista infantil
3332,479,0,2017-09-12,2017-09-12,38000276,,,0,0,0,0,13583,0,195662009,4112343,,,Faringite viral aguda
3333,479,0,2016-03-12,2016-03-12,38000276,,,0,0,0,0,13587,0,444814009,40481087,,,Infecção viral das vias aéreas superiores
3334,479,0,2015-08-07,2015-08-07,38000276,,,0,0,0,0,13593,0,80394007,4214376,,,Hiperglicemia
3335,479,0,2012-08-03,2012-08-03,38000276,,,0,0,0,0,13587,0,237602007,436940,,,Síndrome metabólica
3336,479,0,2012-08-03,2012-08-03,38000276,,,0,0,0,0,13587,0,302870006,4120314,,,Hipertrigliceridemia
3337,479,0,2009-07-31,2009-07-31,38000276,,,0,0,0,0,13587,0,44054006,201826,,,Diabetes mellitus tipo 2
3338,479,0,2002-07-19,2002-07-19,38000276,,,0,0,0,0,13580,0,38341003,316866,,,Hipertensão arterial
3339,479,0,1987-07-13,1987-07-13,38000276,,,0,0,0,0,13587,0,232353008,4048171,,,Perfuração do tímpano
3340,480,0,2013-08-24,2013-08-24,38000276,,,0,0,0,0,13602,0,444814009,40481087,,,Infecção viral das vias aéreas superiores
3341,480,0,2012-12-29,2012-12-29,38000276,,,0,0,0,0,13606,0,43878008,28060,,,Faringite estreptocócica
3342,480,0,2011-04-10,2011-04-10,38000276,,,0,0,0,0,13598,0,444814009,40481087,,,Infecção viral das vias aéreas superiores
3343,481,0,2016-11-19,2016-11-19,38000276,,,0,0,0,0,13626,0,10509002,260139,,,Bronquite aguda
3344,481,0,2010-10-20,2010-10-20,38000276,,,0,0,0,0,13637,0,72892002,4217975,,,Otite média não supurativa
3345,481,0,2010-02-17,2010-02-17,38000276,,,0,0,0,0,13628,0,444814009,40481087,,,Infecção viral das vias aéreas superiores
3346,482,0,2017-03-26,2017-03-26,38000276,,,0,0,0,0,13663,0,263102004,4134304,,,Ruptura de menisco
3347,482,0,2010-08-07,2010-08-07,38000276,,,0,0,0,0,13648,0,43878008,28060,,,Faringite estreptocócica
3348,482,4060985,1996-03-08,1996-03-08,38000276,,,0,0,0,0,13658,0,162864005,4060985,,,IMC 30+ - obesidade
3349,482,0,1961-07-26,1961-07-26,38000276,,,0,0,0,0,13644,0,367498001,4280726,,,Gripe sazonal
3350,483,0,2016-03-19,2016-03-19,38000276,,,0,0,0,0,13671,0,444814009,40481087,,,Infecção viral das vias aéreas superiores
3351,483,0,2014-07-28,2014-07-28,38000276,,,0,0,0,0,13668,0,44465007,81151,,,Entorse de tornozelo
3352,483,0,2013-05-05,2013-05-05,38000276,,,0,0,0,0,13669,0,444814009,40481087,,,Infecção viral das vias aéreas superiores
3353,483,0,2013-01-10,2013-01-10,38000276,,,0,0,0,0,13665,0,36971009,4283893,,,Sinusite
3354,483,4060985,2012-12-12,2012-12-12,38000276,,,0,0,0,0,13666,0,162864005,4060985,,,IMC 30+ - obesidade
3355,483,0,2011-08-22,2011-08-22,38000276,,,0,0,0,0,13667,0,444814009,40481087,,,Infecção viral das vias aéreas superiores
3356,483,0,2002-11-27,2002-11-27,38000276,,,0,0,0,0,13674,0,38341003,316866,,,Hipertensão arterial
3357,484,0,2011-02-25,2011-02-25,38000276,,,0,0,0,0,13677,0,62106007,378001,,,Concussão com perda de consciência
3358,484,0,2010-02-05,2010-02-05,38000276,,,0,0,0,0,13684,0,10509002,260139,,,Bronquite aguda
3359,484,0,1999-08-14,1999-08-14,38000276,,,0,0,0,0,13679,0,15777000,40316773,,,Pré-diabetes
3360,485,0,2017-06-13,2017-06-13,38000276,,,0,0,0,0,13723,0,444814009,40481087,,,Infecção viral das vias aéreas superiores
3361,485,0,2012-12-06,2012-12-06,38000276,,,0,0,0,0,13705,0,301011002,4116491,,,Infecção do trato urinário por E. coli
3362,485,0,2012-12-03,2012-12-03,38000276,,,0,0,0,0,13704,0,39848009,4218389,,,Lesão em chicote do pescoço
3363,485,0,2009-03-02,2009-03-02,38000276,,,0,0,0,0,13688,0,72892002,4217975,,,Otite média não supurativa
3364,485,0,2004-04-26,2004-04-26,38000276,,,0,0,0,0,13693,0,55822004,432867,,,Hiperlipidemia
3365,485,0,1997-04-14,1997-04-14,38000276,,,0,0,0,0,13706,0,15777000,40316773,,,Pré-diabetes
3366,485,4060985,1983-02-21,1983-02-21,38000276,,,0,0,0,0,13718,0,162864005,4060985,,,IMC 30+ - obesidade
3367,485,0,1982-08-09,1982-08-09,38000276,,,0,0,0,0,13732,0,19169002,4078393,,,Aborto espontâneo na gravidez
3368,486,0,2018-09-24,2018-09-24,38000276,,,0,0,0,0,13767,0,72892002,4217975,,,Otite média não supurativa
3369,486,0,2017-09-11,2017-09-11,38000276,,,0,0,0,0,13747,0,72892002,4217975,,,Otite média não supurativa
3370,486,0,2014-11-06,2014-11-06,38000276,,,0,0,0,0,13772,0,444814009,40481087,,,Infecção viral das vias aéreas superiores
3371,486,0,2012-01-02,2012-01-02,38000276,,,0,0,0,0,13743,0,72892002,4217975,,,Otite média não supurativa
3372,486,0,2009-11-18,2009-11-18,38000276,,,0,0,0,0,13735,0,195662009,4112343,,,Faringite viral aguda
3373,486,0,2009-08-09,2009-08-09,38000276,,,0,0,0,0,13742,0,195662009,4112343,,,Faringite viral aguda
3374,486,0,2008-08-15,2008-08-15,38000276,,,0,0,0,0,13744,0,40275004,134438,,,Dermatite de contato
3375,486,0,1995-08-19,1995-08-19,38000276,,,0,0,0,0,13765,0,232353008,4048171,,,Perfuração do tímpano
3376,487,0,2017-05-02,2017-05-02,38000276,,,0,0,0,0,13778,0,195662009,4112343,,,Faringite viral aguda
3377,487,0,2015-09-18,2015-09-18,38000276,,,0,0,0,0,13777,0,444814009,40481087,,,Infecção viral das vias aéreas superiores
3378,487,0,2014-06-10,2014-06-10,38000276,,,0,0,0,0,13783,0,444814009,40481087,,,Infecção viral das vias aéreas superiores
3379,487,0,2013-10-02,2013-10-02,38000276,,,0,0,0,0,13779,0,15777000,40316773,,,Pré-diabetes
3380,487,0,2010-01-14,2010-01-14,38000276,,,0,0,0,0,13781,0,10509002,260139,,,Bronquite aguda
3381,488,0,2018-03-19,2018-03-19,38000276,,,0,0,0,0,13786,0,43878008,28060,,,Faringite estreptocócica
3382,488,0,2017-02-05,2017-02-05,38000276,,,0,0,0,0,13810,0,398254007,439393,,,Pré-eclâmpsia
3383,488,0,2017-01-15,2017-01-15,38000276,,,0,0,0,0,13821,0,284549007,4113008,,,Laceração de mão
3384,488,0,2016-08-22,2016-08-22,38000276,,,0,0,0,0,13787,0,72892002,4217975,,,Otite média não supurativa
3385,488,0,2015-11-13,2015-11-13,38000276,,,0,0,0,0,13802,0,195662009,4112343,,,Faringite viral aguda
3386,488,0,2015-03-07,2015-03-07,38000276,,,0,0,0,0,13817,0,444814009,40481087,,,Infecção viral das vias aéreas superiores
3387,488,0,2014-03-08,2014-03-08,38000276,,,0,0,0,0,13816,0,10509002,260139,,,Bronquite aguda
3388,488,0,2012-12-09,2012-12-09,38000276,,,0,0,0,0,13792,0,72892002,4217975,,,Otite média não supurativa
3389,488,0,1986-11-06,1986-11-06,38000276,,,0,0,0,0,13788,0,40055000,257012,,,Sinusite crônica
3390,489,0,2017-12-19,2017-12-19,38000276,,,0,0,0,0,13831,0,15777000,40316773,,,Pré-diabetes
3391,490,0,2011-07-22,2011-07-22,38000276,,,0,0,0,0,13843,0,444814009,40481087,,,Infecção viral das vias aéreas superiores
3392,490,0,2011-06-27,2011-06-27,38000276,,,0,0,0,0,13840,0,68496003,4285898,,,Pólipo do cólon
3393,490,0,2010-12-05,2010-12-05,38000276,,,0,0,0,0,13838,0,10509002,260139,,,Bronquite aguda
3394,490,0,1978-09-19,1978-09-19,38000276,,,0,0,0,0,13841,0,15777000,40316773,,,Pré-diabetes
3395,490,4060985,1972-09-12,1972-09-12,38000276,,,0,0,0,0,13844,0,162864005,4060985,,,IMC 30+ - obesidade
3396,491,0,2016-04-29,2016-04-29,38000276,,,0,0,0,0,13866,0,444814009,40481087,,,Infecção viral das vias aéreas superiores
3397,491,0,2013-01-14,2013-01-14,38000276,,,0,0,0,0,13861,0,283371005,4155034,,,Laceração de antebraço
3398,491,0,2012-04-10,2012-04-10,38000276,,,0,0,0,0,13852,0,195662009,4112343,,,Faringite viral aguda
3399,492,0,2016-08-02,2016-08-02,38000276,,,0,0,0,0,13878,0,230690007,381316,,,Acidente vascular cerebral
3400,492,0,2010-01-24,2010-01-24,38000276,,,0,0,0,0,13869,0,307731004,4146173,,,Fibrilação atrial de início recente
3401,492,4060985,2007-01-23,2007-01-23,38000276,,,0,0,0,0,13875,0,162864005,4060985,,,IMC 30+ - obesidade
3402,493,0,2016-12-23,2016-12-23,38000276,,,0,0,0,0,13909,0,62106007,378001,,,Concussão com perda de consciência
3403,493,0,2011-08-13,2011-08-13,38000276,,,0,0,0,0,13908,0,195662009,4112343,,,Faringite viral aguda
3404,493,0,2008-02-02,2008-02-02,38000276,,,0,0,0,0,13898,0,19169002,4078393,,,Aborto espontâneo na gravidez
3405,493,0,2000-05-20,2000-05-20,38000276,,,0,0,0,0,13906,0,55680006,4208104,,,Overdose de droga
3406,493,4060985,1998-01-10,1998-01-10,38000276,,,0,0,0,0,13941,0,162864005,4060985,,,IMC 30+ - obesidade
3407,493,0,1990-12-16,1990-12-16,38000276,,,0,0,0,0,13925,0,196416002,4055754,,,Esofagite por refluxo
3408,493,0,1990-06-27,1990-06-27,38000276,,,0,0,0,0,13921,0,82423001,436096,,,Dor crônica
3409,493,0,1990-05-23,1990-05-23,38000276,,,0,0,0,0,13928,0,124171000119105,43530652,,,Nefropatia diabética crônica
3410,493,0,1989-04-09,1989-04-09,38000276,,,0,0,0,0,13880,0,271737000,439777,,,Anemia
3411,494,0,2017-08-17,2017-08-17,38000276,,,0,0,0,0,14035,0,65363002,372328,,,Otite média
3412,494,0,2015-11-08,2015-11-08,38000276,,,0,0,0,0,13973,0,444814009,40481087,,,Infecção viral das vias aéreas superiores
3413,494,0,2014-07-16,2014-07-16,38000276,,,0,0,0,0,14009,0,36971009,4283893,,,Sinusite
3414,494,0,2009-06-14,2009-06-14,38000276,,,0,0,0,0,14034,0,444814009,40481087,,,Infecção viral das vias aéreas superiores
3415,494,0,2005-01-23,2005-01-23,38000276,,,0,0,0,0,13990,0,232353008,4048171,,,Perfuração do tímpano
3416,494,0,2004-01-24,2004-01-24,38000276,,,0,0,0,0,13999,0,233678006,4051466,,,Asma na infância
3417,495,0,2018-04-04,2018-04-04,38000276,,,0,0,0,0,14054,0,44465007,81151,,,Entorse de tornozelo
3418,495,0,2016-05-16,2016-05-16,38000276,,,0,0,0,0,14046,0,403190006,4296204,,,Queimadura solar de primeiro grau
3419,495,0,2015-05-24,2015-05-24,38000276,,,0,0,0,0,14043,0,10509002,260139,,,Bronquite aguda
3420,495,0,2013-08-23,2013-08-23,38000276,,,0,0,0,0,14042,0,195662009,4112343,,,Faringite viral aguda
3421,495,0,2013-06-28,2013-06-28,38000276,,,0,0,0,0,14051,0,444814009,40481087,,,Infecção viral das vias aéreas superiores
3422,495,0,2012-03-20,2012-03-20,38000276,,,0,0,0,0,14053,0,195662009,4112343,,,Faringite viral aguda
3423,495,0,2009-04-08,2009-04-08,38000276,,,0,0,0,0,14050,0,444814009,40481087,,,Infecção viral das vias aéreas superiores
3424,496,0,2014-09-19,2014-09-19,38000276,,,0,0,0,0,14062,0,444814009,40481087,,,Infecção viral das vias aéreas superiores
3425,496,0,2012-10-06,2012-10-06,38000276,,,0,0,0,0,14060,0,359817006,4230399,,,Doença renal crônica estágio 2
3426,496,0,2010-11-21,2010-11-21,38000276,,,0,0,0,0,14075,0,43878008,28060,,,Faringite estreptocócica
3427,496,0,2009-02-26,2009-02-26,38000276,,,0,0,0,0,14067,0,444814009,40481087,,,Infecção viral das vias aéreas superiores
3428,496,4060985,1982-04-06,1982-04-06,38000276,,,0,0,0,0,14066,0,162864005,4060985,,,IMC 30+ - obesidade
3429,496,0,1975-02-11,1975-02-11,38000276,,,0,0,0,0,14064,0,19169002,4078393,,,Aborto espontâneo na gravidez
3430,496,0,1970-02-28,1970-02-28,38000276,,,0,0,0,0,14057,0,40055000,257012,,,Sinusite crônica
3431,496,0,1957-08-27,1957-08-27,38000276,,,0,0,0,0,14056,0,38341003,316866,,,Hipertensão arterial
3432,497,0,2016-01-12,2016-01-12,38000276,,,0,0,0,0,14096,0,38822007,195588,,,Cistite
3433,497,0,2010-11-11,2010-11-11,38000276,,,0,0,0,0,14094,0,444814009,40481087,,,Infecção viral das vias aéreas superiores
3434,497,0,2009-03-17,2009-03-17,38000276,,,0,0,0,0,14078,0,72892002,4217975,,,Otite média não supurativa
3435,497,0,2000-03-07,2000-03-07,38000276,,,0,0,0,0,14121,0,185086009,258780,,,DPOC exacerbada
3436,497,0,1986-04-08,1986-04-08,38000276,,,0,0,0,0,14114,0,15777000,40316773,,,Pré-diabetes
3437,498,0,2017-12-02,2017-12-02,38000276,,,0,0,0,0,14136,0,10509002,260139,,,Bronquite aguda
3438,498,0,2011-10-11,2011-10-11,38000276,,,0,0,0,0,14130,0,444814009,40481087,,,Infecção viral das vias aéreas superiores
3439,498,0,2011-02-14,2011-02-14,38000276,,,0,0,0,0,14134,0,444814009,40481087,,,Infecção viral das vias aéreas superiores
3440,499,0,2013-05-26,2013-05-26,38000276,,,0,0,0,0,14145,0,10509002,260139,,,Bronquite aguda
3441,499,0,2010-09-05,2010-09-05,38000276,,,0,0,0,0,14139,0,403191005,4296205,,,Queimadura solar de segundo grau
3442,499,4060985,2000-05-18,2000-05-18,38000276,,,0,0,0,0,14146,0,162864005,4060985,,,IMC 30+ - obesidade
3443,499,0,1976-07-01,1976-07-01,38000276,,,0,0,0,0,14152,0,38341003,316866,,,Hipertensão arterial
3444,500,0,2017-01-24,2017-01-24,38000276,,,0,0,0,0,14154,0,35999006,4262136,,,Cegueira
3445,500,0,2017-01-24,2017-01-24,38000276,,,0,0,0,0,14154,0,72892002,4217975,,,Otite média não supurativa
3446,500,0,2016-11-04,2016-11-04,38000276,,,0,0,0,0,14191,0,444814009,40481087,,,Infecção viral das vias aéreas superiores
3447,500,0,2014-02-25,2014-02-25,38000276,,,0,0,0,0,14188,0,398254007,439393,,,Pré-eclâmpsia
3448,500,0,2013-09-10,2013-09-10,38000276,,,0,0,0,0,14169,0,72892002,4217975,,,Otite média não supurativa
3449,500,0,2010-08-24,2010-08-24,38000276,,,0,0,0,0,14166,0,444814009,40481087,,,Infecção viral das vias aéreas superiores
3450,500,0,2000-11-14,2000-11-14,38000276,,,0,0,0,0,14162,0,80394007,4214376,,,Hiperglicemia
3451,500,0,1994-11-08,1994-11-08,38000276,,,0,0,0,0,14180,0,237602007,436940,,,Síndrome metabólica
3452,500,0,1994-11-08,1994-11-08,38000276,,,0,0,0,0,14180,0,302870006,4120314,,,Hipertrigliceridemia
3453,500,0,1994-07-26,1994-07-26,38000276,,,0,0,0,0,14164,0,19169002,4078393,,,Aborto espontâneo na gravidez
3454,500,0,1991-11-05,1991-11-05,38000276,,,0,0,0,0,14168,0,44054006,201826,,,Diabetes mellitus tipo 2
3455,500,0,1987-10-27,1987-10-27,38000276,,,0,0,0,0,14187,0,38341003,316866,,,Hipertensão arterial
3456,501,0,2004-07-30,2004-07-30,38000276,,,0,0,0,0,14219,0,72892002,4217975,,,Otite média não supurativa
3457,501,0,2004-06-14,2004-06-14,38000276,,,0,0,0,0,14212,0,84757009,380378,,,Epilepsia
3458,501,45766064,2004-06-14,2004-06-14,38000276,,,0,0,0,0,14212,0,703151001,45766064,,,Histórico de artroplastia de joelho
3459,501,0,2004-06-14,2004-06-14,38000276,,,0,0,0,0,14212,0,128613002,4029498,,,Transtorno convulsivo
3460,501,0,2004-01-24,2004-01-24,38000276,,,0,0,0,0,14204,0,444814009,40481087,,,Infecção viral das vias aéreas superiores
3461,501,0,2002-09-17,2002-09-17,38000276,,,0,0,0,0,14226,0,195662009,4112343,,,Faringite viral aguda
3462,501,0,2001-08-10,2001-08-10,38000276,,,0,0,0,0,14202,0,10509002,260139,,,Bronquite aguda
3463,501,0,2001-01-19,2001-01-19,38000276,,,0,0,0,0,14194,0,72892002,4217975,,,Otite média não supurativa
3464,501,0,2000-09-08,2000-09-08,38000276,,,0,0,0,0,14218,0,72892002,4217975,,,Otite média não supurativa
3465,501,0,1997-08-31,1997-08-31,38000276,,,0,0,0,0,14215,0,195662009,4112343,,,Faringite viral aguda
3466,502,0,2018-06-21,2018-06-21,38000276,,,0,0,0,0,14240,0,198992004,137613,,,Pré-eclâmpsia leve
3467,502,0,2017-12-07,2017-12-07,38000276,,,0,0,0,0,14244,0,72892002,4217975,,,Otite média não supurativa
3468,502,0,2017-06-07,2017-06-07,38000276,,,0,0,0,0,14277,0,444814009,40481087,,,Infecção viral das vias aéreas superiores
3469,502,0,2017-04-23,2017-04-23,38000276,,,0,0,0,0,14229,0,43878008,28060,,,Faringite estreptocócica
3470,502,0,2016-09-14,2016-09-14,38000276,,,0,0,0,0,14235,0,10509002,260139,,,Bronquite aguda
3471,502,0,2014-11-27,2014-11-27,38000276,,,0,0,0,0,14243,0,444814009,40481087,,,Infecção viral das vias aéreas superiores
3472,502,0,2014-06-19,2014-06-19,38000276,,,0,0,0,0,14262,0,72892002,4217975,,,Otite média não supurativa
3473,502,0,2013-10-25,2013-10-25,38000276,,,0,0,0,0,14236,0,62564004,375671,,,Concussão sem perda de consciência
3474,502,0,2012-01-27,2012-01-27,38000276,,,0,0,0,0,14266,0,444814009,40481087,,,Infecção viral das vias aéreas superiores
3475,502,0,2010-10-22,2010-10-22,38000276,,,0,0,0,0,14267,0,444814009,40481087,,,Infecção viral das vias aéreas superiores
3476,502,0,2009-04-23,2009-04-23,38000276,,,0,0,0,0,14276,0,72892002,4217975,,,Otite média não supurativa
3477,503,0,2018-03-12,2018-03-12,38000276,,,0,0,0,0,14280,0,65363002,372328,,,Otite média
3478,503,0,2017-08-26,2017-08-26,38000276,,,0,0,0,0,14283,0,195662009,4112343,,,Faringite viral aguda
3479,503,0,2014-08-22,2014-08-22,38000276,,,0,0,0,0,14282,0,444814009,40481087,,,Infecção viral das vias aéreas superiores
3480,503,0,2012-12-10,2012-12-10,38000276,,,0,0,0,0,14281,0,195662009,4112343,,,Faringite viral aguda
3481,504,0,2015-07-11,2015-07-11,38000276,,,0,0,0,0,14289,0,44465007,81151,,,Entorse de tornozelo
3482,504,0,2014-02-18,2014-02-18,38000276,,,0,0,0,0,14303,0,444814009,40481087,,,Infecção viral das vias aéreas superiores
3483,504,0,2013-07-16,2013-07-16,38000276,,,0,0,0,0,14302,0,44465007,81151,,,Entorse de tornozelo
3484,504,0,2012-07-04,2012-07-04,38000276,,,0,0,0,0,14286,0,65363002,372328,,,Otite média
3485,504,0,2011-04-30,2011-04-30,38000276,,,0,0,0,0,14296,0,10509002,260139,,,Bronquite aguda
3486,504,0,2011-01-28,2011-01-28,38000276,,,0,0,0,0,14304,0,65363002,372328,,,Otite média
3487,505,0,2018-04-09,2018-04-09,38000276,,,0,0,0,0,14316,0,444814009,40481087,,,Infecção viral das vias aéreas superiores
3488,505,0,2017-12-21,2017-12-21,38000276,,,0,0,0,0,14325,0,64859006,80502,,,Osteoporose
3489,505,0,2013-07-07,2013-07-07,38000276,,,0,0,0,0,14330,0,444814009,40481087,,,Infecção viral das vias aéreas superiores
3490,505,0,2009-01-02,2009-01-02,38000276,,,0,0,0,0,14322,0,444814009,40481087,,,Infecção viral das vias aéreas superiores
3491,505,0,2002-05-15,2002-05-15,38000276,,,0,0,0,0,14321,0,201834006,75036,,,Dermatite perioral
3492,505,0,2001-11-22,2001-11-22,38000276,,,0,0,0,0,14323,0,15777000,40316773,,,Pré-diabetes
3493,505,4256640,1986-03-20,1986-03-20,38000276,,,0,0,0,0,14309,0,408512008,4256640,,,Alcoolismo relatado pelo paciente
3494,505,0,1978-03-30,1978-03-30,38000276,,,0,0,0,0,14314,0,79586000,199076,,,Gravidez tubária
3495,505,0,1977-08-11,1977-08-11,38000276,,,0,0,0,0,14324,0,19169002,4078393,,,Aborto espontâneo na gravidez
3496,505,4060985,1974-05-09,1974-05-09,38000276,,,0,0,0,0,14326,0,162864005,4060985,,,IMC 30+ - obesidade
3497,505,0,1954-05-27,1954-05-27,38000276,,,0,0,0,0,14315,0,271737000,439777,,,Anemia
3498,506,0,2017-11-14,2017-11-14,38000276,,,0,0,0,0,14392,0,263102004,4134304,,,Ruptura de menisco
3499,506,0,2016-01-17,2016-01-17,38000276,,,0,0,0,0,14360,0,72892002,4217975,,,Otite média não supurativa
3500,506,0,2014-10-12,2014-10-12,38000276,,,0,0,0,0,14379,0,72892002,4217975,,,Otite média não supurativa
3501,506,0,2012-04-05,2012-04-05,38000276,,,0,0,0,0,14363,0,444814009,40481087,,,Infecção viral das vias aéreas superiores
3502,506,0,2011-12-07,2011-12-07,38000276,,,0,0,0,0,14365,0,444814009,40481087,,,Infecção viral das vias aéreas superiores
3503,506,4060985,2011-04-10,2011-04-10,38000276,,,0,0,0,0,14349,0,162864005,4060985,,,IMC 30+ - obesidade
3504,506,0,2011-03-28,2011-03-28,38000276,,,0,0,0,0,14352,0,195662009,4112343,,,Faringite viral aguda
3505,506,0,2011-01-20,2011-01-20,38000276,,,0,0,0,0,14377,0,62106007,378001,,,Concussão com perda de consciência
3506,506,0,2010-10-24,2010-10-24,38000276,,,0,0,0,0,14345,0,198992004,137613,,,Pré-eclâmpsia leve
3507,506,0,2010-04-11,2010-04-11,38000276,,,0,0,0,0,14334,0,72892002,4217975,,,Otite média não supurativa
3508,506,0,2009-11-22,2009-11-22,38000276,,,0,0,0,0,14399,0,72892002,4217975,,,Otite média não supurativa
3509,506,0,2009-02-15,2009-02-15,38000276,,,0,0,0,0,14362,0,44465007,81151,,,Entorse de tornozelo
3510,506,0,2009-01-04,2009-01-04,38000276,,,0,0,0,0,14388,0,72892002,4217975,,,Otite média não supurativa
3511,506,0,1991-08-23,1991-08-23,38000276,,,0,0,0,0,14354,0,446096008,40486433,,,Esteatose hepática perivenular
3512,507,0,2018-08-15,2018-08-15,38000276,,,0,0,0,0,14447,0,444814009,40481087,,,Infecção viral das vias aéreas superiores
3513,507,0,2017-12-19,2017-12-19,38000276,,,0,0,0,0,14446,0,444814009,40481087,,,Infecção viral das vias aéreas superiores
3514,507,0,2013-11-21,2013-11-21,38000276,,,0,0,0,0,14462,0,44465007,81151,,,Entorse de tornozelo
3515,507,0,2011-08-12,2011-08-12,38000276,,,0,0,0,0,14412,0,10509002,260139,,,Bronquite aguda
3516,507,0,2011-05-15,2011-05-15,38000276,,,0,0,0,0,14463,0,284549007,4113008,,,Laceração de mão
3517,507,0,2000-07-18,2000-07-18,38000276,,,0,0,0,0,14437,0,40055000,257012,,,Sinusite crônica
3518,508,0,2017-06-25,2017-06-25,38000276,,,0,0,0,0,14481,0,195662009,4112343,,,Faringite viral aguda
3519,508,0,2016-11-08,2016-11-08,38000276,,,0,0,0,0,14499,0,10509002,260139,,,Bronquite aguda
3520,508,0,2016-09-01,2016-09-01,38000276,,,0,0,0,0,14502,0,10509002,260139,,,Bronquite aguda
3521,508,0,2015-01-02,2015-01-02,38000276,,,0,0,0,0,14488,0,444814009,40481087,,,Infecção viral das vias aéreas superiores
3522,508,0,2014-02-23,2014-02-23,38000276,,,0,0,0,0,14498,0,10509002,260139,,,Bronquite aguda
3523,508,0,2001-01-09,2001-01-09,38000276,,,0,0,0,0,14487,0,64859006,80502,,,Osteoporose
3524,508,0,1995-10-30,1995-10-30,38000276,,,0,0,0,0,14492,0,201834006,75036,,,Dermatite perioral
3525,508,0,1980-11-18,1980-11-18,38000276,,,0,0,0,0,14490,0,15777000,40316773,,,Pré-diabetes
3526,509,0,2016-06-07,2016-06-07,38000276,,,0,0,0,0,14525,0,444814009,40481087,,,Infecção viral das vias aéreas superiores
3527,509,0,2015-11-05,2015-11-05,38000276,,,0,0,0,0,14506,0,64859006,80502,,,Osteoporose
3528,509,0,2014-04-04,2014-04-04,38000276,,,0,0,0,0,14511,0,235919008,196456,,,Doença hepática alcoólica
3529,509,0,2014-04-04,2014-04-04,38000276,,,0,0,0,0,14511,0,65275009,198809,,,Colecistite aguda
3530,509,4323208,1998-04-07,1998-04-07,38000276,,,0,0,0,0,14507,0,428251008,4323208,,,Histórico de apendicectomia
3531,509,0,1998-04-07,1998-04-07,38000276,,,0,0,0,0,14509,0,74400008,440448,,,Apendicite
3532,509,0,1998-04-07,1998-04-07,38000276,,,0,0,0,0,14509,0,47693006,4166224,,,Ruptura de apêndice
3533,509,0,1993-04-29,1993-04-29,38000276,,,0,0,0,0,14520,0,185086009,258780,,,DPOC exacerbada
3534,509,0,1987-07-02,1987-07-02,38000276,,,0,0,0,0,14521,0,79586000,199076,,,Gravidez tubária
3535,509,0,1984-09-27,1984-09-27,38000276,,,0,0,0,0,14512,0,19169002,4078393,,,Aborto espontâneo na gravidez
3536,509,4060985,1979-06-28,1979-06-28,38000276,,,0,0,0,0,14510,0,162864005,4060985,,,IMC 30+ - obesidade
3537,510,4060985,2018-11-20,2018-11-20,38000276,,,0,0,0,0,14543,0,162864005,4060985,,,IMC 30+ - obesidade
3538,510,0,2015-02-20,2015-02-20,38000276,,,0,0,0,0,14526,0,444814009,40481087,,,Infecção viral das vias aéreas superiores
3539,510,0,2014-10-24,2014-10-24,38000276,,,0,0,0,0,14538,0,43878008,28060,,,Faringite estreptocócica
3540,510,0,2010-12-11,2010-12-11,38000276,,,0,0,0,0,14535,0,65363002,372328,,,Otite média
3541,510,0,2010-10-31,2010-10-31,38000276,,,0,0,0,0,14539,0,40055000,257012,,,Sinusite crônica
3542,510,0,2010-09-19,2010-09-19,38000276,,,0,0,0,0,14534,0,75498004,4294548,,,Infecção bacteriana aguda
3543,511,0,2017-02-02,2017-02-02,38000276,,,0,0,0,0,14555,0,44465007,81151,,,Entorse de tornozelo
3544,511,0,2016-11-27,2016-11-27,38000276,,,0,0,0,0,14544,0,195662009,4112343,,,Faringite viral aguda
3545,511,0,2016-09-16,2016-09-16,38000276,,,0,0,0,0,14553,0,195662009,4112343,,,Faringite viral aguda
3546,511,0,2011-10-27,2011-10-27,38000276,,,0,0,0,0,14556,0,44465007,81151,,,Entorse de tornozelo
3547,511,4060985,2004-06-21,2004-06-21,38000276,,,0,0,0,0,14549,0,162864005,4060985,,,IMC 30+ - obesidade
3548,512,0,2018-05-06,2018-05-06,38000276,,,0,0,0,0,14560,0,195662009,4112343,,,Faringite viral aguda
3549,512,0,2016-05-15,2016-05-15,38000276,,,0,0,0,0,14583,0,403191005,4296205,,,Queimadura solar de segundo grau
3550,512,0,2014-03-27,2014-03-27,38000276,,,0,0,0,0,14584,0,65966004,4278672,,,Fratura do fêmur
3551,512,0,2013-04-25,2013-04-25,38000276,,,0,0,0,0,14588,0,72892002,4217975,,,Otite média não supurativa
3552,512,0,2011-02-13,2011-02-13,38000276,,,0,0,0,0,14582,0,444814009,40481087,,,Infecção viral das vias aéreas superiores
3553,512,0,2011-01-13,2011-01-13,38000276,,,0,0,0,0,14559,0,72892002,4217975,,,Otite média não supurativa
3554,512,0,2002-07-11,2002-07-11,38000276,,,0,0,0,0,14563,0,38341003,316866,,,Hipertensão arterial
3555,512,0,1992-08-09,1992-08-09,38000276,,,0,0,0,0,14603,0,40055000,257012,,,Sinusite crônica
3556,512,0,1983-10-06,1983-10-06,38000276,,,0,0,0,0,14587,0,84757009,380378,,,Epilepsia
3557,512,45766064,1983-10-06,1983-10-06,38000276,,,0,0,0,0,14587,0,703151001,45766064,,,Histórico de artroplastia de joelho
3558,512,0,1983-10-06,1983-10-06,38000276,,,0,0,0,0,14587,0,128613002,4029498,,,Transtorno convulsivo
3559,513,0,2018-07-21,2018-07-21,38000276,,,0,0,0,0,14615,0,444814009,40481087,,,Infecção viral das vias aéreas superiores
3560,513,0,2013-12-31,2013-12-31,38000276,,,0,0,0,0,14608,0,195662009,4112343,,,Faringite viral aguda
3561,513,0,2003-04-26,2003-04-26,38000276,,,0,0,0,0,14611,0,15777000,40316773,,,Pré-diabetes
3562,513,0,1975-01-18,1975-01-18,38000276,,,0,0,0,0,14609,0,53741008,317576,,,Doença arterial coronariana
3563,514,0,2018-08-19,2018-08-19,38000276,,,0,0,0,0,14628,0,283371005,4155034,,,Laceração de antebraço
3564,514,0,2015-11-30,2015-11-30,38000276,,,0,0,0,0,14630,0,444814009,40481087,,,Infecção viral das vias aéreas superiores
3565,514,4060985,2014-03-17,2014-03-17,38000276,,,0,0,0,0,14620,0,162864005,4060985,,,IMC 30+ - obesidade
3566,514,0,2012-03-12,2012-03-12,38000276,,,0,0,0,0,14648,0,55822004,432867,,,Hiperlipidemia
3567,514,0,2010-06-21,2010-06-21,38000276,,,0,0,0,0,14626,0,19169002,4078393,,,Aborto espontâneo na gravidez
3568,514,0,2010-06-21,2010-06-21,38000276,,,0,0,0,0,14626,0,72892002,4217975,,,Otite média não supurativa
3569,514,0,1998-03-21,1998-03-21,38000276,,,0,0,0,0,14629,0,271737000,439777,,,Anemia
3570,514,0,1993-03-29,1993-03-29,38000276,,,0,0,0,0,14638,0,195967001,317009,,,Asma
3571,514,0,1971-11-30,1971-11-30,38000276,,,0,0,0,0,14624,0,24079001,133834,,,Dermatite atópica
3572,516,0,2018-12-21,2018-12-21,38000276,,,0,0,0,0,14671,0,444814009,40481087,,,Infecção viral das vias aéreas superiores
3573,516,0,2018-08-15,2018-08-15,38000276,,,0,0,0,0,14677,0,10509002,260139,,,Bronquite aguda
3574,516,0,2016-10-07,2016-10-07,38000276,,,0,0,0,0,14686,0,263102004,4134304,,,Ruptura de menisco
3575,516,0,2015-02-05,2015-02-05,38000276,,,0,0,0,0,14674,0,10509002,260139,,,Bronquite aguda
3576,516,0,2011-04-04,2011-04-04,38000276,,,0,0,0,0,14672,0,444814009,40481087,,,Infecção viral das vias aéreas superiores
3577,516,0,2009-10-23,2009-10-23,38000276,,,0,0,0,0,14684,0,284549007,4113008,,,Laceração de mão
3578,518,4163874,2005-12-30,2005-12-30,38000276,,,0,0,0,0,14709,0,399211009,4163874,,,Histórico de infarto do miocárdio
3579,518,0,2005-12-30,2005-12-30,38000276,,,0,0,0,0,14709,0,22298006,4329847,,,Infarto do miocárdio
3580,518,0,2003-01-13,2003-01-13,38000276,,,0,0,0,0,14719,0,195662009,4112343,,,Faringite viral aguda
3581,518,0,1998-03-13,1998-03-13,38000276,,,0,0,0,0,14724,0,53741008,317576,,,Doença arterial coronariana
3582,518,0,1997-06-03,1997-06-03,38000276,,,0,0,0,0,14716,0,444814009,40481087,,,Infecção viral das vias aéreas superiores
3583,518,0,1995-04-14,1995-04-14,38000276,,,0,0,0,0,14705,0,19169002,4078393,,,Aborto espontâneo na gravidez
3584,518,0,1977-12-02,1977-12-02,38000276,,,0,0,0,0,14711,0,15777000,40316773,,,Pré-diabetes
3585,518,0,1970-11-20,1970-11-20,38000276,,,0,0,0,0,14720,0,38341003,316866,,,Hipertensão arterial
3586,518,0,1969-09-06,1969-09-06,38000276,,,0,0,0,0,14712,0,40055000,257012,,,Sinusite crônica
3587,518,4060985,1963-03-08,1963-03-08,38000276,,,0,0,0,0,14706,0,162864005,4060985,,,IMC 30+ - obesidade
3588,518,4323208,1955-02-22,1955-02-22,38000276,,,0,0,0,0,14715,0,428251008,4323208,,,Histórico de apendicectomia
3589,518,0,1955-02-22,1955-02-22,38000276,,,0,0,0,0,14708,0,74400008,440448,,,Apendicite
3590,519,0,2017-05-31,2017-05-31,38000276,,,0,0,0,0,14754,0,72892002,4217975,,,Otite média não supurativa
3591,519,0,2014-08-20,2014-08-20,38000276,,,0,0,0,0,14732,0,195662009,4112343,,,Faringite viral aguda
3592,519,0,2012-06-27,2012-06-27,38000276,,,0,0,0,0,14744,0,38341003,316866,,,Hipertensão arterial
3593,520,0,2018-07-25,2018-07-25,38000276,,,0,0,0,0,14758,0,444814009,40481087,,,Infecção viral das vias aéreas superiores
3594,520,0,2017-10-29,2017-10-29,38000276,,,0,0,0,0,14771,0,10509002,260139,,,Bronquite aguda
3595,520,0,2015-06-29,2015-06-29,38000276,,,0,0,0,0,14759,0,444814009,40481087,,,Infecção viral das vias aéreas superiores
3596,520,0,2014-09-05,2014-09-05,38000276,,,0,0,0,0,14760,0,444814009,40481087,,,Infecção viral das vias aéreas superiores
3597,520,0,2002-07-03,2002-07-03,38000276,,,0,0,0,0,14764,0,15777000,40316773,,,Pré-diabetes
3598,520,0,1993-07-07,1993-07-07,38000276,,,0,0,0,0,14772,0,19169002,4078393,,,Aborto espontâneo na gravidez
3599,520,4256640,1985-12-04,1985-12-04,38000276,,,0,0,0,0,14763,0,408512008,4256640,,,Alcoolismo relatado pelo paciente
3600,520,0,1972-11-15,1972-11-15,38000276,,,0,0,0,0,14756,0,38341003,316866,,,Hipertensão arterial
3601,520,4060985,1969-10-29,1969-10-29,38000276,,,0,0,0,0,14765,0,162864005,4060985,,,IMC 30+ - obesidade
3602,521,0,2016-09-13,2016-09-13,38000276,,,0,0,0,0,14787,0,10509002,260139,,,Bronquite aguda
3603,521,0,2015-09-06,2015-09-06,38000276,,,0,0,0,0,14779,0,403190006,4296204,,,Queimadura solar de primeiro grau
3604,521,0,2010-07-30,2010-07-30,38000276,,,0,0,0,0,14786,0,195662009,4112343,,,Faringite viral aguda
3605,521,0,2009-11-01,2009-11-01,38000276,,,0,0,0,0,14778,0,403192003,4299128,,,Queimadura solar de terceiro grau
3606,521,0,2007-04-06,2007-04-06,38000276,,,0,0,0,0,14783,0,225444004,4021336,,,Em risco de automutilação
3607,521,0,1982-09-22,1982-09-22,38000276,,,0,0,0,0,14780,0,40055000,257012,,,Sinusite crônica
3608,522,0,2018-02-01,2018-02-01,38000276,,,0,0,0,0,14805,0,10509002,260139,,,Bronquite aguda
3609,522,0,2016-06-08,2016-06-08,38000276,,,0,0,0,0,14818,0,444814009,40481087,,,Infecção viral das vias aéreas superiores
3610,522,0,2009-11-01,2009-11-01,38000276,,,0,0,0,0,14807,0,68496003,4285898,,,Pólipo do cólon
3611,522,0,2003-11-16,2003-11-16,38000276,,,0,0,0,0,14790,0,55822004,432867,,,Hiperlipidemia
3612,522,4060985,1997-08-31,1997-08-31,38000276,,,0,0,0,0,14804,0,162864005,4060985,,,IMC 30+ - obesidade
3613,522,0,1994-03-15,1994-03-15,38000276,,,0,0,0,0,14796,0,40055000,257012,,,Sinusite crônica
3614,522,0,1970-10-29,1970-10-29,38000276,,,0,0,0,0,14803,0,84757009,380378,,,Epilepsia
3615,522,45766064,1970-10-29,1970-10-29,38000276,,,0,0,0,0,14803,0,703151001,45766064,,,Histórico de artroplastia de joelho
3616,522,0,1970-10-29,1970-10-29,38000276,,,0,0,0,0,14803,0,128613002,4029498,,,Transtorno convulsivo
3617,523,0,1997-09-04,1997-09-04,38000276,,,0,0,0,0,14908,0,10509002,260139,,,Bronquite aguda
3618,523,0,1995-03-31,1995-03-31,38000276,,,0,0,0,0,14848,0,195662009,4112343,,,Faringite viral aguda
3619,523,0,1992-12-25,1992-12-25,38000276,,,0,0,0,0,14914,0,87433001,261325,,,Enfisema pulmonar
3620,523,0,1991-11-02,1991-11-02,38000276,,,0,0,0,0,14842,0,284549007,4113008,,,Laceração de mão
3621,523,0,1990-12-14,1990-12-14,38000276,,,0,0,0,0,14881,0,157141000119108,45757499,,,Proteinúria por diabetes tipo 2
3622,523,0,1990-12-14,1990-12-14,38000276,,,0,0,0,0,14881,0,90781000119102,45769905,,,Doença renal crônica por diabetes
3623,523,0,1990-12-14,1990-12-14,38000276,,,0,0,0,0,14881,0,433144002,443597,,,Doença renal crônica estágio 3
3624,523,0,1990-12-14,1990-12-14,38000276,,,0,0,0,0,14881,0,15777000,40316773,,,Pré-diabetes
3625,523,0,1990-11-24,1990-11-24,38000276,,,0,0,0,0,14875,0,444814009,40481087,,,Infecção viral das vias aéreas superiores
3626,523,0,1986-05-16,1986-05-16,38000276,,,0,0,0,0,14858,0,55822004,432867,,,Hiperlipidemia
3627,523,0,1978-05-26,1978-05-26,38000276,,,0,0,0,0,14861,0,127013003,192279,,,Nefropatia diabética
3628,523,0,1978-05-26,1978-05-26,38000276,,,0,0,0,0,14861,0,431855005,443614,,,Doença renal crônica estágio 1
3629,523,0,1978-05-26,1978-05-26,38000276,,,0,0,0,0,14861,0,80394007,4214376,,,Hiperglicemia
3630,523,0,1973-02-16,1973-02-16,38000276,,,0,0,0,0,14828,0,237602007,436940,,,Síndrome metabólica
3631,523,0,1973-02-16,1973-02-16,38000276,,,0,0,0,0,14828,0,302870006,4120314,,,Hipertrigliceridemia
3632,523,0,1970-02-13,1970-02-13,38000276,,,0,0,0,0,14838,0,44054006,201826,,,Diabetes mellitus tipo 2
3633,523,0,1952-01-26,1952-01-26,38000276,,,0,0,0,0,14826,0,40055000,257012,,,Sinusite crônica
3634,524,0,2017-10-06,2017-10-06,38000276,,,0,0,0,0,15028,0,39848009,4218389,,,Lesão em chicote do pescoço
3635,524,0,2015-05-22,2015-05-22,38000276,,,0,0,0,0,,0,230690007,381316,,,Acidente vascular cerebral
3636,524,0,2014-08-13,2014-08-13,38000276,,,0,0,0,0,14984,0,195662009,4112343,,,Faringite viral aguda
3637,524,0,2014-02-28,2014-02-28,38000276,,,0,0,0,0,15002,0,64859006,80502,,,Osteoporose
3638,524,0,2014-02-16,2014-02-16,38000276,,,0,0,0,0,15007,0,68496003,4285898,,,Pólipo do cólon
3639,524,0,2010-07-17,2010-07-17,38000276,,,0,0,0,0,15033,0,444814009,40481087,,,Infecção viral das vias aéreas superiores
3640,524,0,2000-12-01,2000-12-01,38000276,,,0,0,0,0,14923,0,92691004,200970,,,Carcinoma in situ de próstata
3641,524,0,2000-12-01,2000-12-01,38000276,,,0,0,0,0,14923,0,126906006,4129902,,,Neoplasia de bexiga
3642,524,0,1981-02-11,1981-02-11,38000276,,,0,0,0,0,14996,0,55822004,432867,,,Hiperlipidemia
3643,524,0,1977-07-29,1977-07-29,38000276,,,0,0,0,0,15011,0,15777000,40316773,,,Pré-diabetes
3644,524,0,1977-07-29,1977-07-29,38000276,,,0,0,0,0,15011,0,80394007,4214376,,,Hiperglicemia
3645,524,0,1977-04-01,1977-04-01,38000276,,,0,0,0,0,14948,0,127013003,192279,,,Nefropatia diabética
3646,524,0,1977-04-01,1977-04-01,38000276,,,0,0,0,0,14948,0,431855005,443614,,,Doença renal crônica estágio 1
3647,524,0,1977-04-01,1977-04-01,38000276,,,0,0,0,0,14948,0,237602007,436940,,,Síndrome metabólica
3648,524,45766064,1977-02-12,1977-02-12,38000276,,,0,0,0,0,15017,0,703151001,45766064,,,Histórico de artroplastia de joelho
3649,524,0,1977-02-12,1977-02-12,38000276,,,0,0,0,0,15017,0,128613002,4029498,,,Transtorno convulsivo
3650,524,0,1976-02-13,1976-02-13,38000276,,,0,0,0,0,14954,0,239872002,4079749,,,Osteoartrite do quadril
3651,524,0,1975-07-11,1975-07-11,38000276,,,0,0,0,0,15005,0,302870006,4120314,,,Hipertrigliceridemia
3652,524,0,1973-07-06,1973-07-06,38000276,,,0,0,0,0,14952,0,368581000119106,37016354,,,Neuropatia por diabetes tipo 2
3653,524,0,1973-07-06,1973-07-06,38000276,,,0,0,0,0,14952,0,44054006,201826,,,Diabetes mellitus tipo 2
3654,525,0,2018-05-24,2018-05-24,38000276,,,0,0,0,0,15061,0,10509002,260139,,,Bronquite aguda
3655,525,0,2018-05-12,2018-05-12,38000276,,,0,0,0,0,15068,0,444814009,40481087,,,Infecção viral das vias aéreas superiores
3656,525,0,2015-12-15,2015-12-15,38000276,,,0,0,0,0,15049,0,367498001,4280726,,,Gripe sazonal
3657,525,0,2015-01-13,2015-01-13,38000276,,,0,0,0,0,15058,0,16114001,4059173,,,Fratura de tornozelo
3658,525,0,2013-01-02,2013-01-02,38000276,,,0,0,0,0,15059,0,44465007,81151,,,Entorse de tornozelo
3659,525,0,2012-10-06,2012-10-06,38000276,,,0,0,0,0,15071,0,10509002,260139,,,Bronquite aguda
3660,525,0,2012-07-06,2012-07-06,38000276,,,0,0,0,0,15060,0,241929008,4084167,,,Reação alérgica a alimento
3661,525,0,2011-12-16,2011-12-16,38000276,,,0,0,0,0,15046,0,24079001,133834,,,Dermatite atópica
3662,526,0,2016-06-17,2016-06-17,38000276,,,0,0,0,0,15084,0,65363002,372328,,,Otite média
3663,527,0,2016-11-12,2016-11-12,38000276,,,0,0,0,0,15126,0,444814009,40481087,,,Infecção viral das vias aéreas superiores
3664,527,0,2015-04-16,2015-04-16,38000276,,,0,0,0,0,15094,0,398254007,439393,,,Pré-eclâmpsia
3665,527,0,2015-03-10,2015-03-10,38000276,,,0,0,0,0,15103,0,44465007,81151,,,Entorse de tornozelo
3666,527,0,2014-10-30,2014-10-30,38000276,,,0,0,0,0,15121,0,72892002,4217975,,,Otite média não supurativa
3667,527,0,2014-04-30,2014-04-30,38000276,,,0,0,0,0,15111,0,284549007,4113008,,,Laceração de mão
3668,527,0,2011-03-14,2011-03-14,38000276,,,0,0,0,0,15117,0,444814009,40481087,,,Infecção viral das vias aéreas superiores
3669,527,4060985,2005-05-05,2005-05-05,38000276,,,0,0,0,0,15110,0,162864005,4060985,,,IMC 30+ - obesidade
3670,527,0,1990-12-13,1990-12-13,38000276,,,0,0,0,0,15115,0,230690007,381316,,,Acidente vascular cerebral
3671,528,0,2012-02-18,2012-02-18,38000276,,,0,0,0,0,15209,0,284551006,4109685,,,Laceração de pé
3672,528,0,2010-05-27,2010-05-27,38000276,,,0,0,0,0,15193,0,127013003,192279,,,Nefropatia diabética
3673,528,0,2010-05-27,2010-05-27,38000276,,,0,0,0,0,15193,0,431855005,443614,,,Doença renal crônica estágio 1
3674,528,0,2010-03-25,2010-03-25,38000276,,,0,0,0,0,15147,0,444814009,40481087,,,Infecção viral das vias aéreas superiores
3675,528,0,1987-01-01,1987-01-01,38000276,,,0,0,0,0,15219,0,237602007,436940,,,Síndrome metabólica
3676,528,0,1987-01-01,1987-01-01,38000276,,,0,0,0,0,15219,0,302870006,4120314,,,Hipertrigliceridemia
3677,528,0,1987-01-01,1987-01-01,38000276,,,0,0,0,0,15219,0,80394007,4214376,,,Hiperglicemia
3678,528,0,1987-01-01,1987-01-01,38000276,,,0,0,0,0,15219,0,55822004,432867,,,Hiperlipidemia
3679,528,0,1984-12-27,1984-12-27,38000276,,,0,0,0,0,15169,0,368581000119106,37016354,,,Neuropatia por diabetes tipo 2
3680,528,0,1984-12-27,1984-12-27,38000276,,,0,0,0,0,15169,0,44054006,201826,,,Diabetes mellitus tipo 2
3681,528,0,1984-12-27,1984-12-27,38000276,,,0,0,0,0,15169,0,38341003,316866,,,Hipertensão arterial
3682,528,4060985,1981-12-24,1981-12-24,38000276,,,0,0,0,0,15201,0,162864005,4060985,,,IMC 30+ - obesidade
3683,529,0,2016-05-25,2016-05-25,38000276,,,0,0,0,0,15249,0,195662009,4112343,,,Faringite viral aguda
3684,529,0,2016-05-21,2016-05-21,38000276,,,0,0,0,0,15278,0,233604007,255848,,,Pneumonia
3685,529,0,2013-07-09,2013-07-09,38000276,,,0,0,0,0,15244,0,444814009,40481087,,,Infecção viral das vias aéreas superiores
3686,529,0,2013-04-25,2013-04-25,38000276,,,0,0,0,0,15287,0,195662009,4112343,,,Faringite viral aguda
3687,529,0,2013-02-19,2013-02-19,38000276,,,0,0,0,0,15242,0,263102004,4134304,,,Ruptura de menisco
3688,529,0,2012-08-09,2012-08-09,38000276,,,0,0,0,0,15286,0,49436004,313217,,,Fibrilação atrial
3689,529,0,2008-05-24,2008-05-24,38000276,,,0,0,0,0,15246,0,444814009,40481087,,,Infecção viral das vias aéreas superiores
3690,529,0,2007-08-13,2007-08-13,38000276,,,0,0,0,0,15254,0,10509002,260139,,,Bronquite aguda
3691,529,0,2003-08-28,2003-08-28,38000276,,,0,0,0,0,15283,0,26929004,378419,,,Doença de Alzheimer
3692,529,0,2000-07-10,2000-07-10,38000276,,,0,0,0,0,15232,0,55680006,4208104,,,Overdose de droga
3693,529,0,1986-03-01,1986-03-01,38000276,,,0,0,0,0,15251,0,195662009,4112343,,,Faringite viral aguda
3694,529,0,1983-11-29,1983-11-29,38000276,,,0,0,0,0,15252,0,195662009,4112343,,,Faringite viral aguda
3695,529,0,1977-01-28,1977-01-28,38000276,,,0,0,0,0,15250,0,40055000,257012,,,Sinusite crônica
3696,529,0,1976-12-16,1976-12-16,38000276,,,0,0,0,0,15277,0,15777000,40316773,,,Pré-diabetes
3697,529,0,1975-11-26,1975-11-26,38000276,,,0,0,0,0,15296,0,271737000,439777,,,Anemia
3698,529,4060985,1966-07-14,1966-07-14,38000276,,,0,0,0,0,15255,0,162864005,4060985,,,IMC 30+ - obesidade
3699,529,0,1965-09-30,1965-09-30,38000276,,,0,0,0,0,15228,0,19169002,4078393,,,Aborto espontâneo na gravidez
3700,529,0,1965-08-22,1965-08-22,38000276,,,0,0,0,0,15260,0,195662009,4112343,,,Faringite viral aguda
3701,529,0,1960-12-06,1960-12-06,38000276,,,0,0,0,0,15285,0,195662009,4112343,,,Faringite viral aguda
3702,529,0,1957-07-04,1957-07-04,38000276,,,0,0,0,0,15289,0,87433001,261325,,,Enfisema pulmonar
3703,529,0,1949-03-24,1949-03-24,38000276,,,0,0,0,0,15267,0,195662009,4112343,,,Faringite viral aguda
3704,530,0,2018-04-27,2018-04-27,38000276,,,0,0,0,0,15311,0,195662009,4112343,,,Faringite viral aguda
3705,530,0,2018-04-05,2018-04-05,38000276,,,0,0,0,0,15312,0,15777000,40316773,,,Pré-diabetes
3706,530,0,2018-03-17,2018-03-17,38000276,,,0,0,0,0,15305,0,10509002,260139,,,Bronquite aguda
3707,530,0,2017-10-26,2017-10-26,38000276,,,0,0,0,0,15304,0,444814009,40481087,,,Infecção viral das vias aéreas superiores
3708,530,0,2015-04-19,2015-04-19,38000276,,,0,0,0,0,15301,0,62106007,378001,,,Concussão com perda de consciência
3709,530,0,2013-02-28,2013-02-28,38000276,,,0,0,0,0,15310,0,307731004,4146173,,,Fibrilação atrial de início recente
3710,530,0,2010-01-31,2010-01-31,38000276,,,0,0,0,0,15313,0,283371005,4155034,,,Laceração de antebraço
3711,530,4060985,2006-08-24,2006-08-24,38000276,,,0,0,0,0,15302,0,162864005,4060985,,,IMC 30+ - obesidade
3712,530,0,2005-08-18,2005-08-18,38000276,,,0,0,0,0,15314,0,38341003,316866,,,Hipertensão arterial
3713,530,0,1990-03-04,1990-03-04,38000276,,,0,0,0,0,15303,0,446096008,40486433,,,Esteatose hepática perivenular
3714,531,0,2017-06-02,2017-06-02,38000276,,,0,0,0,0,15329,0,36971009,4283893,,,Sinusite
3715,531,0,2014-02-05,2014-02-05,38000276,,,0,0,0,0,15322,0,195662009,4112343,,,Faringite viral aguda
3716,531,0,2013-01-06,2013-01-06,38000276,,,0,0,0,0,15324,0,10509002,260139,,,Bronquite aguda
3717,531,0,2012-02-17,2012-02-17,38000276,,,0,0,0,0,15327,0,44465007,81151,,,Entorse de tornozelo
3718,531,0,2010-12-07,2010-12-07,38000276,,,0,0,0,0,15321,0,38341003,316866,,,Hipertensão arterial
3719,531,0,1994-02-03,1994-02-03,38000276,,,0,0,0,0,15330,0,233678006,4051466,,,Asma na infância
3720,532,0,2014-08-08,2014-08-08,38000276,,,0,0,0,0,15335,0,444814009,40481087,,,Infecção viral das vias aéreas superiores
3721,532,0,2014-05-21,2014-05-21,38000276,,,0,0,0,0,15345,0,195662009,4112343,,,Faringite viral aguda
3722,532,0,2012-11-07,2012-11-07,38000276,,,0,0,0,0,15336,0,36971009,4283893,,,Sinusite
3723,532,0,2011-02-28,2011-02-28,38000276,,,0,0,0,0,15347,0,10509002,260139,,,Bronquite aguda
3724,532,0,2010-08-27,2010-08-27,38000276,,,0,0,0,0,15347,0,195662009,4112343,,,Faringite viral aguda
3725,532,4060985,2001-07-25,2001-07-25,38000276,,,0,0,0,0,15340,0,162864005,4060985,,,IMC 30+ - obesidade
3726,532,0,1991-09-10,1991-09-10,38000276,,,0,0,0,0,15341,0,40055000,257012,,,Sinusite crônica
3727,532,4323208,1989-07-14,1989-07-14,38000276,,,0,0,0,0,15331,0,428251008,4323208,,,Histórico de apendicectomia
3728,532,0,1989-07-14,1989-07-14,38000276,,,0,0,0,0,15338,0,74400008,440448,,,Apendicite
3729,533,0,2018-05-08,2018-05-08,38000276,,,0,0,0,0,15354,0,10509002,260139,,,Bronquite aguda
3730,533,0,2014-04-27,2014-04-27,38000276,,,0,0,0,0,15357,0,65363002,372328,,,Otite média
3731,534,0,2018-10-12,2018-10-12,38000276,,,0,0,0,0,15373,0,444814009,40481087,,,Infecção viral das vias aéreas superiores
3732,534,0,2018-04-21,2018-04-21,38000276,,,0,0,0,0,15391,0,301011002,4116491,,,Infecção do trato urinário por E. coli
3733,534,0,2007-05-24,2007-05-24,38000276,,,0,0,0,0,15371,0,15777000,40316773,,,Pré-diabetes
3734,534,4060985,1998-07-16,1998-07-16,38000276,,,0,0,0,0,15395,0,162864005,4060985,,,IMC 30+ - obesidade
3735,534,0,1981-11-11,1981-11-11,38000276,,,0,0,0,0,15369,0,40055000,257012,,,Sinusite crônica
3736,535,4163874,2015-07-09,2015-07-09,38000276,,,0,0,0,0,15401,0,399211009,4163874,,,Histórico de infarto do miocárdio
3737,535,0,2015-07-09,2015-07-09,38000276,,,0,0,0,0,15401,0,22298006,4329847,,,Infarto do miocárdio
3738,535,0,2006-01-05,2006-01-05,38000276,,,0,0,0,0,15399,0,10509002,260139,,,Bronquite aguda
3739,535,0,2004-12-09,2004-12-09,38000276,,,0,0,0,0,15408,0,1551000119108,43530656,,,Retinopatia diabética não proliferativa
3740,535,0,2001-12-06,2001-12-06,38000276,,,0,0,0,0,15404,0,422034002,4226121,,,Retinopatia diabética proliferativa
3741,535,0,1998-12-03,1998-12-03,38000276,,,0,0,0,0,15407,0,237602007,436940,,,Síndrome metabólica
3742,535,0,1998-12-03,1998-12-03,38000276,,,0,0,0,0,15407,0,302870006,4120314,,,Hipertrigliceridemia
3743,535,0,1998-12-03,1998-12-03,38000276,,,0,0,0,0,15407,0,80394007,4214376,,,Hiperglicemia
3744,535,0,1995-11-30,1995-11-30,38000276,,,0,0,0,0,15403,0,44054006,201826,,,Diabetes mellitus tipo 2
3745,535,0,1995-11-30,1995-11-30,38000276,,,0,0,0,0,15403,0,38341003,316866,,,Hipertensão arterial
3746,535,0,1995-11-30,1995-11-30,38000276,,,0,0,0,0,15403,0,53741008,317576,,,Doença arterial coronariana
3747,535,0,1983-12-01,1983-12-01,38000276,,,0,0,0,0,15402,0,275272006,4166590,,,Projeção de hemorragia
3748,535,0,1978-09-18,1978-09-18,38000276,,,0,0,0,0,15398,0,84757009,380378,,,Epilepsia
3749,535,45766064,1978-09-18,1978-09-18,38000276,,,0,0,0,0,15398,0,703151001,45766064,,,Histórico de artroplastia de joelho
3750,535,0,1978-09-18,1978-09-18,38000276,,,0,0,0,0,15398,0,128613002,4029498,,,Transtorno convulsivo
3751,536,0,2018-04-12,2018-04-12,38000276,,,0,0,0,0,15411,0,43878008,28060,,,Faringite estreptocócica
3752,536,0,2017-07-04,2017-07-04,38000276,,,0,0,0,0,15418,0,38341003,316866,,,Hipertensão arterial
3753,537,0,2014-05-26,2014-05-26,38000276,,,0,0,0,0,15453,0,195662009,4112343,,,Faringite viral aguda
3754,537,0,2012-12-28,2012-12-28,38000276,,,0,0,0,0,15449,0,156073000,40318618,,,Obesidade
3755,537,0,2012-12-28,2012-12-28,38000276,,,0,0,0,0,15449,0,19169002,4078393,,,Aborto espontâneo na gravidez
3756,537,0,2012-12-28,2012-12-28,38000276,,,0,0,0,0,15449,0,72892002,4217975,,,Otite média não supurativa
3757,537,0,2010-11-05,2010-11-05,38000276,,,0,0,0,0,15439,0,368581000119106,37016354,,,Neuropatia por diabetes tipo 2
3758,537,0,2010-11-05,2010-11-05,38000276,,,0,0,0,0,15439,0,15777000,40316773,,,Pré-diabetes
3759,537,0,2004-03-05,2004-03-05,38000276,,,0,0,0,0,15460,0,127013003,192279,,,Nefropatia diabética
3760,537,0,2004-03-05,2004-03-05,38000276,,,0,0,0,0,15460,0,431855005,443614,,,Doença renal crônica estágio 1
3761,537,0,1998-02-27,1998-02-27,38000276,,,0,0,0,0,15445,0,237602007,436940,,,Síndrome metabólica
3762,537,0,1998-02-27,1998-02-27,38000276,,,0,0,0,0,15445,0,302870006,4120314,,,Hipertrigliceridemia
3763,537,0,1998-02-27,1998-02-27,38000276,,,0,0,0,0,15445,0,80394007,4214376,,,Hiperglicemia
3764,537,0,1995-02-24,1995-02-24,38000276,,,0,0,0,0,15434,0,44054006,201826,,,Diabetes mellitus tipo 2
3765,537,4060985,1992-02-21,1992-02-21,38000276,,,0,0,0,0,15425,0,162864005,4060985,,,IMC 30+ - obesidade
3766,538,0,2014-06-06,2014-06-06,38000276,,,0,0,0,0,15468,0,444814009,40481087,,,Infecção viral das vias aéreas superiores
3767,538,0,2014-04-10,2014-04-10,38000276,,,0,0,0,0,15470,0,444814009,40481087,,,Infecção viral das vias aéreas superiores
3768,538,0,2011-03-31,2011-03-31,38000276,,,0,0,0,0,15469,0,444814009,40481087,,,Infecção viral das vias aéreas superiores
3769,539,0,2016-07-18,2016-07-18,38000276,,,0,0,0,0,15474,0,16114001,4059173,,,Fratura de tornozelo
3770,539,0,2014-10-14,2014-10-14,38000276,,,0,0,0,0,15483,0,446096008,40486433,,,Esteatose hepática perivenular
3771,540,0,2018-12-15,2018-12-15,38000276,,,0,0,0,0,15493,0,444814009,40481087,,,Infecção viral das vias aéreas superiores
3772,540,0,2017-11-22,2017-11-22,38000276,,,0,0,0,0,15527,0,444814009,40481087,,,Infecção viral das vias aéreas superiores
3773,540,0,2016-06-01,2016-06-01,38000276,,,0,0,0,0,15532,0,26929004,378419,,,Doença de Alzheimer
3774,540,0,2016-04-20,2016-04-20,38000276,,,0,0,0,0,15522,0,230690007,381316,,,Acidente vascular cerebral
3775,540,0,2014-10-02,2014-10-02,38000276,,,0,0,0,0,15496,0,10509002,260139,,,Bronquite aguda
3776,540,0,2012-08-13,2012-08-13,38000276,,,0,0,0,0,15510,0,263102004,4134304,,,Ruptura de menisco
3777,540,0,2011-08-19,2011-08-19,38000276,,,0,0,0,0,15507,0,58150001,4237458,,,Fratura de clavícula
3778,540,0,2010-07-21,2010-07-21,38000276,,,0,0,0,0,15515,0,15777000,40316773,,,Pré-diabetes
3779,540,0,2003-06-11,2003-06-11,38000276,,,0,0,0,0,15518,0,49436004,313217,,,Fibrilação atrial
3780,540,0,2002-06-05,2002-06-05,38000276,,,0,0,0,0,15494,0,1551000119108,43530656,,,Retinopatia diabética não proliferativa
3781,540,0,1997-04-02,1997-04-02,38000276,,,0,0,0,0,15512,0,422034002,4226121,,,Retinopatia diabética proliferativa
3782,540,0,1984-10-31,1984-10-31,38000276,,,0,0,0,0,15508,0,368581000119106,37016354,,,Neuropatia por diabetes tipo 2
3783,540,0,1984-10-31,1984-10-31,38000276,,,0,0,0,0,15508,0,80394007,4214376,,,Hiperglicemia
3784,540,0,1982-11-24,1982-11-24,38000276,,,0,0,0,0,15530,0,237602007,436940,,,Síndrome metabólica
3785,540,0,1982-11-24,1982-11-24,38000276,,,0,0,0,0,15530,0,302870006,4120314,,,Hipertrigliceridemia
3786,540,0,1980-11-19,1980-11-19,38000276,,,0,0,0,0,15521,0,44054006,201826,,,Diabetes mellitus tipo 2
3787,540,0,1974-10-21,1974-10-21,38000276,,,0,0,0,0,15519,0,239872002,4079749,,,Osteoartrite do quadril
3788,540,4060985,1969-08-06,1969-08-06,38000276,,,0,0,0,0,15501,0,162864005,4060985,,,IMC 30+ - obesidade
3789,540,0,1953-07-15,1953-07-15,38000276,,,0,0,0,0,15534,0,38341003,316866,,,Hipertensão arterial
3790,540,0,1944-12-15,1944-12-15,38000276,,,0,0,0,0,15523,0,40055000,257012,,,Sinusite crônica
3791,541,0,2015-09-28,2015-09-28,38000276,,,0,0,0,0,15555,0,444814009,40481087,,,Infecção viral das vias aéreas superiores
3792,541,0,2011-11-14,2011-11-14,38000276,,,0,0,0,0,15540,0,446096008,40486433,,,Esteatose hepática perivenular
3793,541,0,2010-11-14,2010-11-14,38000276,,,0,0,0,0,15560,0,233678006,4051466,,,Asma na infância
3794,541,0,2009-08-24,2009-08-24,38000276,,,0,0,0,0,15549,0,65966004,4278672,,,Fratura do fêmur
3795,541,0,2008-08-06,2008-08-06,38000276,,,0,0,0,0,15542,0,24079001,133834,,,Dermatite atópica
3796,542,4324181,2018-04-21,2018-04-21,38000276,,,0,0,0,0,15561,0,429007001,4324181,,,Histórico de infarto
3797,542,0,2018-04-21,2018-04-21,38000276,,,0,0,0,0,15561,0,410429000,321042,,,Parada cardíaca
3798,542,0,2017-05-15,2017-05-15,38000276,,,0,0,0,0,15563,0,10509002,260139,,,Bronquite aguda
3799,542,0,2016-10-18,2016-10-18,38000276,,,0,0,0,0,15572,0,43878008,28060,,,Faringite estreptocócica
3800,542,0,2014-07-20,2014-07-20,38000276,,,0,0,0,0,15567,0,271737000,439777,,,Anemia
3801,542,0,2013-10-26,2013-10-26,38000276,,,0,0,0,0,15564,0,15777000,40316773,,,Pré-diabetes
3802,542,0,2013-08-19,2013-08-19,38000276,,,0,0,0,0,15562,0,444814009,40481087,,,Infecção viral das vias aéreas superiores
3803,542,0,2010-10-10,2010-10-10,38000276,,,0,0,0,0,15565,0,10509002,260139,,,Bronquite aguda
3804,542,0,2009-10-10,2009-10-10,38000276,,,0,0,0,0,15566,0,87433001,261325,,,Enfisema pulmonar
3805,542,0,1996-09-21,1996-09-21,38000276,,,0,0,0,0,15570,0,38341003,316866,,,Hipertensão arterial
3806,543,0,2016-07-07,2016-07-07,38000276,,,0,0,0,0,15600,0,127013003,192279,,,Nefropatia diabética
3807,543,0,2016-07-07,2016-07-07,38000276,,,0,0,0,0,15600,0,431855005,443614,,,Doença renal crônica estágio 1
3808,543,0,2015-10-15,2015-10-15,38000276,,,0,0,0,0,15603,0,10509002,260139,,,Bronquite aguda
3809,543,0,2014-07-13,2014-07-13,38000276,,,0,0,0,0,15582,0,444814009,40481087,,,Infecção viral das vias aéreas superiores
3810,543,0,2014-02-27,2014-02-27,38000276,,,0,0,0,0,15575,0,55822004,432867,,,Hiperlipidemia
3811,543,0,2012-12-11,2012-12-11,38000276,,,0,0,0,0,15590,0,68496003,4285898,,,Pólipo do cólon
3812,543,0,2010-01-23,2010-01-23,38000276,,,0,0,0,0,15602,0,444814009,40481087,,,Infecção viral das vias aéreas superiores
3813,543,0,2009-10-25,2009-10-25,38000276,,,0,0,0,0,15574,0,444814009,40481087,,,Infecção viral das vias aéreas superiores
3814,543,0,2009-10-22,2009-10-22,38000276,,,0,0,0,0,15585,0,195662009,4112343,,,Faringite viral aguda
3815,543,0,2006-01-05,2006-01-05,38000276,,,0,0,0,0,15588,0,368581000119106,37016354,,,Neuropatia por diabetes tipo 2
3816,543,0,2004-01-01,2004-01-01,38000276,,,0,0,0,0,15592,0,185086009,258780,,,DPOC exacerbada
3817,543,0,1999-12-23,1999-12-23,38000276,,,0,0,0,0,15593,0,237602007,436940,,,Síndrome metabólica
3818,543,0,1999-12-23,1999-12-23,38000276,,,0,0,0,0,15593,0,302870006,4120314,,,Hipertrigliceridemia
3819,543,0,1999-12-23,1999-12-23,38000276,,,0,0,0,0,15593,0,80394007,4214376,,,Hiperglicemia
3820,543,0,1997-12-18,1997-12-18,38000276,,,0,0,0,0,15577,0,44054006,201826,,,Diabetes mellitus tipo 2
3821,543,0,1997-12-18,1997-12-18,38000276,,,0,0,0,0,15577,0,38341003,316866,,,Hipertensão arterial
3822,543,0,1995-09-14,1995-09-14,38000276,,,0,0,0,0,15586,0,19169002,4078393,,,Aborto espontâneo na gravidez
3823,543,4060985,1992-10-08,1992-10-08,38000276,,,0,0,0,0,15583,0,162864005,4060985,,,IMC 30+ - obesidade
3824,544,0,2018-04-16,2018-04-16,38000276,,,0,0,0,0,15606,0,444814009,40481087,,,Infecção viral das vias aéreas superiores
3825,544,0,2014-02-14,2014-02-14,38000276,,,0,0,0,0,15607,0,43878008,28060,,,Faringite estreptocócica
3826,544,0,2013-06-11,2013-06-11,38000276,,,0,0,0,0,15610,0,444814009,40481087,,,Infecção viral das vias aéreas superiores
3827,544,4060985,2010-03-14,2010-03-14,38000276,,,0,0,0,0,15608,0,162864005,4060985,,,IMC 30+ - obesidade
3828,545,0,2017-07-30,2017-07-30,38000276,,,0,0,0,0,15628,0,43878008,28060,,,Faringite estreptocócica
3829,545,0,2016-05-28,2016-05-28,38000276,,,0,0,0,0,15619,0,65363002,372328,,,Otite média
3830,545,0,2013-10-26,2013-10-26,38000276,,,0,0,0,0,15615,0,444814009,40481087,,,Infecção viral das vias aéreas superiores
3831,545,0,2013-09-18,2013-09-18,38000276,,,0,0,0,0,15623,0,65363002,372328,,,Otite média
3832,546,0,2015-11-08,2015-11-08,38000276,,,0,0,0,0,15646,0,283371005,4155034,,,Laceração de antebraço
3833,546,0,2013-02-27,2013-02-27,38000276,,,0,0,0,0,15638,0,65363002,372328,,,Otite média
3834,546,0,2011-07-21,2011-07-21,38000276,,,0,0,0,0,15632,0,65363002,372328,,,Otite média
3835,546,0,2010-01-12,2010-01-12,38000276,,,0,0,0,0,15645,0,195662009,4112343,,,Faringite viral aguda
3836,546,0,2009-02-26,2009-02-26,38000276,,,0,0,0,0,15637,0,65363002,372328,,,Otite média
3837,547,0,2016-06-30,2016-06-30,38000276,,,0,0,0,0,15664,0,64859006,80502,,,Osteoporose
3838,547,0,2015-10-20,2015-10-20,38000276,,,0,0,0,0,15676,0,124171000119105,43530652,,,Nefropatia diabética crônica
3839,547,0,2014-11-16,2014-11-16,38000276,,,0,0,0,0,15673,0,39848009,4218389,,,Lesão em chicote do pescoço
3840,547,0,2013-08-21,2013-08-21,38000276,,,0,0,0,0,15674,0,444814009,40481087,,,Infecção viral das vias aéreas superiores
3841,547,0,2013-01-02,2013-01-02,38000276,,,0,0,0,0,15678,0,195662009,4112343,,,Faringite viral aguda
3842,547,0,2011-12-16,2011-12-16,38000276,,,0,0,0,0,15681,0,444814009,40481087,,,Infecção viral das vias aéreas superiores
3843,547,0,2007-05-10,2007-05-10,38000276,,,0,0,0,0,15679,0,15777000,40316773,,,Pré-diabetes
3844,547,0,2000-05-18,2000-05-18,38000276,,,0,0,0,0,15671,0,55822004,432867,,,Hiperlipidemia
3845,547,4060985,1988-01-21,1988-01-21,38000276,,,0,0,0,0,15684,0,162864005,4060985,,,IMC 30+ - obesidade
3846,548,0,2018-04-06,2018-04-06,38000276,,,0,0,0,0,15740,0,10509002,260139,,,Bronquite aguda
3847,548,0,2017-06-13,2017-06-13,38000276,,,0,0,0,0,15736,0,38822007,195588,,,Cistite
3848,548,0,2016-07-26,2016-07-26,38000276,,,0,0,0,0,15746,0,195662009,4112343,,,Faringite viral aguda
3849,548,0,2015-04-21,2015-04-21,38000276,,,0,0,0,0,15734,0,55822004,432867,,,Hiperlipidemia
3850,548,0,2013-07-03,2013-07-03,38000276,,,0,0,0,0,15704,0,10509002,260139,,,Bronquite aguda
3851,548,0,2013-05-08,2013-05-08,38000276,,,0,0,0,0,15692,0,301011002,4116491,,,Infecção do trato urinário por E. coli
3852,548,0,2013-04-16,2013-04-16,38000276,,,0,0,0,0,15733,0,53741008,317576,,,Doença arterial coronariana
3853,548,0,2012-02-14,2012-02-14,38000276,,,0,0,0,0,15720,0,72892002,4217975,,,Otite média não supurativa
3854,548,0,2011-04-03,2011-04-03,38000276,,,0,0,0,0,15743,0,301011002,4116491,,,Infecção do trato urinário por E. coli
3855,548,0,2009-02-25,2009-02-25,38000276,,,0,0,0,0,15752,0,363406005,4180790,,,Neoplasia maligna do cólon
3856,548,0,2009-02-17,2009-02-17,38000276,,,0,0,0,0,15705,0,301011002,4116491,,,Infecção do trato urinário por E. coli
3857,548,0,2009-02-17,2009-02-17,38000276,,,0,0,0,0,15705,0,236077008,4341247,,,Prostatite crônica
3858,548,0,2009-02-17,2009-02-17,38000276,,,0,0,0,0,15705,0,6072007,4245614,,,Prolapso de válvula mitral
3859,548,0,2004-05-18,2004-05-18,38000276,,,0,0,0,0,15749,0,60951000119105,45763582,,,Edema macular diabético
3860,548,0,2004-05-18,2004-05-18,38000276,,,0,0,0,0,15749,0,1551000119108,43530656,,,Retinopatia diabética não proliferativa
3861,548,0,2001-05-15,2001-05-15,38000276,,,0,0,0,0,15757,0,368581000119106,37016354,,,Neuropatia por diabetes tipo 2
3862,548,0,2001-05-15,2001-05-15,38000276,,,0,0,0,0,15757,0,80394007,4214376,,,Hiperglicemia
3863,548,0,1999-09-03,1999-09-03,38000276,,,0,0,0,0,15724,0,196416002,4055754,,,Esofagite por refluxo
3864,548,0,1995-05-09,1995-05-09,38000276,,,0,0,0,0,15738,0,422034002,4226121,,,Retinopatia diabética proliferativa
3865,548,0,1992-05-05,1992-05-05,38000276,,,0,0,0,0,15730,0,237602007,436940,,,Síndrome metabólica
3866,548,0,1992-05-05,1992-05-05,38000276,,,0,0,0,0,15730,0,302870006,4120314,,,Hipertrigliceridemia
3867,548,0,1989-05-02,1989-05-02,38000276,,,0,0,0,0,15694,0,44054006,201826,,,Diabetes mellitus tipo 2
3868,548,0,1987-10-20,1987-10-20,38000276,,,0,0,0,0,15706,0,19169002,4078393,,,Aborto espontâneo na gravidez
3869,549,0,2017-05-03,2017-05-03,38000276,,,0,0,0,0,15765,0,70704007,78272,,,Entorse de punho
3870,549,0,2013-11-29,2013-11-29,38000276,,,0,0,0,0,15770,0,10509002,260139,,,Bronquite aguda
3871,549,0,2004-04-21,2004-04-21,38000276,,,0,0,0,0,15766,0,38341003,316866,,,Hipertensão arterial
3872,549,0,2001-05-24,2001-05-24,38000276,,,0,0,0,0,15767,0,82423001,436096,,,Dor crônica
3873,551,0,2017-05-27,2017-05-27,38000276,,,0,0,0,0,15776,0,124171000119105,43530652,,,Nefropatia diabética crônica
3874,551,0,2015-12-17,2015-12-17,38000276,,,0,0,0,0,15779,0,39848009,4218389,,,Lesão em chicote do pescoço
3875,551,4060985,2013-02-24,2013-02-24,38000276,,,0,0,0,0,15777,0,162864005,4060985,,,IMC 30+ - obesidade
3876,551,0,1979-04-17,1979-04-17,38000276,,,0,0,0,0,15780,0,446096008,40486433,,,Esteatose hepática perivenular
3877,552,0,2014-11-10,2014-11-10,38000276,,,0,0,0,0,15799,0,10509002,260139,,,Bronquite aguda
3878,552,0,2013-05-14,2013-05-14,38000276,,,0,0,0,0,15809,0,195662009,4112343,,,Faringite viral aguda
3879,552,0,2012-12-11,2012-12-11,38000276,,,0,0,0,0,15810,0,10509002,260139,,,Bronquite aguda
3880,552,0,2012-09-07,2012-09-07,38000276,,,0,0,0,0,15791,0,230690007,381316,,,Acidente vascular cerebral
3881,552,0,2009-03-27,2009-03-27,38000276,,,0,0,0,0,15786,0,398254007,439393,,,Pré-eclâmpsia
3882,552,0,2008-10-10,2008-10-10,38000276,,,0,0,0,0,15792,0,72892002,4217975,,,Otite média não supurativa
3883,552,4060985,2000-06-30,2000-06-30,38000276,,,0,0,0,0,15796,0,162864005,4060985,,,IMC 30+ - obesidade
3884,553,0,2018-01-26,2018-01-26,38000276,,,0,0,0,0,15811,0,10509002,260139,,,Bronquite aguda
3885,553,0,2015-09-04,2015-09-04,38000276,,,0,0,0,0,15827,0,444814009,40481087,,,Infecção viral das vias aéreas superiores
3886,553,0,2014-05-29,2014-05-29,38000276,,,0,0,0,0,15826,0,40055000,257012,,,Sinusite crônica
3887,553,0,2014-05-01,2014-05-01,38000276,,,0,0,0,0,15814,0,36971009,4283893,,,Sinusite
3888,553,0,2013-12-06,2013-12-06,38000276,,,0,0,0,0,15825,0,444814009,40481087,,,Infecção viral das vias aéreas superiores
3889,553,0,2012-09-14,2012-09-14,38000276,,,0,0,0,0,15820,0,444814009,40481087,,,Infecção viral das vias aéreas superiores
3890,553,0,2004-03-09,2004-03-09,38000276,,,0,0,0,0,15812,0,15777000,40316773,,,Pré-diabetes
3891,553,0,1999-04-20,1999-04-20,38000276,,,0,0,0,0,15829,0,19169002,4078393,,,Aborto espontâneo na gravidez
3892,553,4060985,1994-05-31,1994-05-31,38000276,,,0,0,0,0,15819,0,162864005,4060985,,,IMC 30+ - obesidade
3893,554,0,2015-07-15,2015-07-15,38000276,,,0,0,0,0,15838,0,39848009,4218389,,,Lesão em chicote do pescoço
3894,554,0,2015-07-03,2015-07-03,38000276,,,0,0,0,0,15846,0,444814009,40481087,,,Infecção viral das vias aéreas superiores
3895,554,0,2012-12-22,2012-12-22,38000276,,,0,0,0,0,15844,0,75498004,4294548,,,Infecção bacteriana aguda
3896,554,0,2011-11-01,2011-11-01,38000276,,,0,0,0,0,15841,0,444814009,40481087,,,Infecção viral das vias aéreas superiores
3897,554,0,2009-09-25,2009-09-25,38000276,,,0,0,0,0,15834,0,195662009,4112343,,,Faringite viral aguda
3898,554,4256640,2002-08-05,2002-08-05,38000276,,,0,0,0,0,15837,0,408512008,4256640,,,Alcoolismo relatado pelo paciente
3899,554,0,2001-07-23,2001-07-23,38000276,,,0,0,0,0,15836,0,19169002,4078393,,,Aborto espontâneo na gravidez
3900,554,4060985,1987-06-29,1987-06-29,38000276,,,0,0,0,0,15847,0,162864005,4060985,,,IMC 30+ - obesidade
3901,554,4324181,1978-10-23,1978-10-23,38000276,,,0,0,0,0,15850,0,429007001,4324181,,,Histórico de infarto
3902,554,0,1978-10-23,1978-10-23,38000276,,,0,0,0,0,15850,0,410429000,321042,,,Parada cardíaca
3903,555,0,2018-02-14,2018-02-14,38000276,,,0,0,0,0,15857,0,195662009,4112343,,,Faringite viral aguda
3904,555,0,2016-01-22,2016-01-22,38000276,,,0,0,0,0,15877,0,444814009,40481087,,,Infecção viral das vias aéreas superiores
3905,555,0,2012-07-06,2012-07-06,38000276,,,0,0,0,0,15853,0,43878008,28060,,,Faringite estreptocócica
3906,555,0,2012-01-20,2012-01-20,38000276,,,0,0,0,0,15859,0,10509002,260139,,,Bronquite aguda
3907,555,0,2011-01-12,2011-01-12,38000276,,,0,0,0,0,15854,0,65363002,372328,,,Otite média
3908,555,0,2009-06-23,2009-06-23,38000276,,,0,0,0,0,15875,0,10509002,260139,,,Bronquite aguda
3909,556,0,2005-10-13,2005-10-13,38000276,,,0,0,0,0,15882,0,230690007,381316,,,Acidente vascular cerebral
3910,556,0,1990-11-15,1990-11-15,38000276,,,0,0,0,0,15881,0,15777000,40316773,,,Pré-diabetes
3911,556,4060985,1979-10-25,1979-10-25,38000276,,,0,0,0,0,15894,0,162864005,4060985,,,IMC 30+ - obesidade
3912,556,0,1976-02-26,1976-02-26,38000276,,,0,0,0,0,15891,0,19169002,4078393,,,Aborto espontâneo na gravidez
3913,556,0,1962-05-10,1962-05-10,38000276,,,0,0,0,0,15887,0,38341003,316866,,,Hipertensão arterial
3914,557,0,2017-03-06,2017-03-06,38000276,,,0,0,0,0,15901,0,444814009,40481087,,,Infecção viral das vias aéreas superiores
3915,557,0,2016-10-09,2016-10-09,38000276,,,0,0,0,0,15898,0,444814009,40481087,,,Infecção viral das vias aéreas superiores
3916,557,0,2013-09-10,2013-09-10,38000276,,,0,0,0,0,15900,0,195662009,4112343,,,Faringite viral aguda
3917,557,0,2012-08-02,2012-08-02,38000276,,,0,0,0,0,15896,0,195662009,4112343,,,Faringite viral aguda
3918,557,4323208,2007-11-14,2007-11-14,38000276,,,0,0,0,0,15899,0,428251008,4323208,,,Histórico de apendicectomia
3919,557,0,2007-11-14,2007-11-14,38000276,,,0,0,0,0,15902,0,74400008,440448,,,Apendicite
3920,558,4060985,2018-06-16,2018-06-16,38000276,,,0,0,0,0,15923,0,162864005,4060985,,,IMC 30+ - obesidade
3921,558,0,2014-04-19,2014-04-19,38000276,,,0,0,0,0,15914,0,192127007,440086,,,Transtorno do espectro autista infantil
3922,559,0,1987-08-30,1987-08-30,38000276,,,0,0,0,0,15960,0,262574004,4094814,,,Ferimento por arma branca
3923,559,0,1986-08-22,1986-08-22,38000276,,,0,0,0,0,15962,0,195662009,4112343,,,Faringite viral aguda
3924,559,0,1981-07-15,1981-07-15,38000276,,,0,0,0,0,15936,0,65363002,372328,,,Otite média
3925,559,0,1981-01-03,1981-01-03,38000276,,,0,0,0,0,15958,0,65966004,4278672,,,Fratura do fêmur
3926,559,0,1979-12-02,1979-12-02,38000276,,,0,0,0,0,15957,0,233678006,4051466,,,Asma na infância
3927,559,0,1978-12-16,1978-12-16,38000276,,,0,0,0,0,15946,0,195662009,4112343,,,Faringite viral aguda
3928,559,0,1977-09-21,1977-09-21,38000276,,,0,0,0,0,15966,0,65363002,372328,,,Otite média
3929,560,0,2018-02-15,2018-02-15,38000276,,,0,0,0,0,15975,0,195662009,4112343,,,Faringite viral aguda
3930,560,4060985,2016-10-21,2016-10-21,38000276,,,0,0,0,0,15971,0,162864005,4060985,,,IMC 30+ - obesidade
3931,560,0,2015-10-15,2015-10-15,38000276,,,0,0,0,0,15970,0,444814009,40481087,,,Infecção viral das vias aéreas superiores
3932,560,0,2012-10-08,2012-10-08,38000276,,,0,0,0,0,15979,0,444814009,40481087,,,Infecção viral das vias aéreas superiores
3933,560,0,1991-01-18,1991-01-18,38000276,,,0,0,0,0,15980,0,38341003,316866,,,Hipertensão arterial
3934,561,0,2016-10-07,2016-10-07,38000276,,,0,0,0,0,15994,0,10509002,260139,,,Bronquite aguda
3935,561,0,2015-01-01,2015-01-01,38000276,,,0,0,0,0,16000,0,36971009,4283893,,,Sinusite
3936,561,0,2013-06-06,2013-06-06,38000276,,,0,0,0,0,16026,0,44465007,81151,,,Entorse de tornozelo
3937,561,0,2012-12-12,2012-12-12,38000276,,,0,0,0,0,15983,0,10509002,260139,,,Bronquite aguda
3938,561,0,2011-08-03,2011-08-03,38000276,,,0,0,0,0,15987,0,195662009,4112343,,,Faringite viral aguda
3939,561,0,2011-07-03,2011-07-03,38000276,,,0,0,0,0,16023,0,370247008,4156265,,,Lesão facial
3940,561,0,2009-09-28,2009-09-28,38000276,,,0,0,0,0,16020,0,64859006,80502,,,Osteoporose
3941,561,0,2009-01-01,2009-01-01,38000276,,,0,0,0,0,15990,0,10509002,260139,,,Bronquite aguda
3942,561,0,2008-09-22,2008-09-22,38000276,,,0,0,0,0,16016,0,26929004,378419,,,Doença de Alzheimer
3943,561,0,2003-03-08,2003-03-08,38000276,,,0,0,0,0,16025,0,196416002,4055754,,,Esofagite por refluxo
3944,561,0,2002-08-19,2002-08-19,38000276,,,0,0,0,0,15999,0,55822004,432867,,,Hiperlipidemia
3945,561,0,2001-02-19,2001-02-19,38000276,,,0,0,0,0,15989,0,230690007,381316,,,Acidente vascular cerebral
3946,561,0,1973-03-26,1973-03-26,38000276,,,0,0,0,0,15991,0,15777000,40316773,,,Pré-diabetes
3947,561,0,1929-08-28,1929-08-28,38000276,,,0,0,0,0,16014,0,40055000,257012,,,Sinusite crônica
3948,562,0,2016-03-28,2016-03-28,38000276,,,0,0,0,0,16032,0,195662009,4112343,,,Faringite viral aguda
3949,562,0,2012-02-15,2012-02-15,38000276,,,0,0,0,0,16034,0,10509002,260139,,,Bronquite aguda
3950,562,0,2007-04-22,2007-04-22,38000276,,,0,0,0,0,16029,0,49436004,313217,,,Fibrilação atrial
3951,562,4256640,2005-05-15,2005-05-15,38000276,,,0,0,0,0,16040,0,408512008,4256640,,,Alcoolismo relatado pelo paciente
3952,562,4060985,1988-08-28,1988-08-28,38000276,,,0,0,0,0,16036,0,162864005,4060985,,,IMC 30+ - obesidade
3953,563,0,2014-11-24,2014-11-24,38000276,,,0,0,0,0,16054,0,43878008,28060,,,Faringite estreptocócica
3954,563,0,2011-12-28,2011-12-28,38000276,,,0,0,0,0,16044,0,40055000,257012,,,Sinusite crônica
3955,563,0,2011-10-26,2011-10-26,38000276,,,0,0,0,0,16056,0,36971009,4283893,,,Sinusite
3956,563,0,1998-07-01,1998-07-01,38000276,,,0,0,0,0,16063,0,38341003,316866,,,Hipertensão arterial
3957,564,0,2017-02-10,2017-02-10,38000276,,,0,0,0,0,16103,0,10509002,260139,,,Bronquite aguda
3958,564,0,2015-03-27,2015-03-27,38000276,,,0,0,0,0,16111,0,62106007,378001,,,Concussão com perda de consciência
3959,564,0,2005-05-16,2005-05-16,38000276,,,0,0,0,0,16109,0,15777000,40316773,,,Pré-diabetes
3960,564,0,1987-06-01,1987-06-01,38000276,,,0,0,0,0,16097,0,38341003,316866,,,Hipertensão arterial
3961,564,0,1973-04-27,1973-04-27,38000276,,,0,0,0,0,16098,0,40055000,257012,,,Sinusite crônica
3962,564,0,1971-04-28,1971-04-28,38000276,,,0,0,0,0,16104,0,367498001,4280726,,,Gripe sazonal
3963,565,45766064,2017-11-16,2017-11-16,38000276,,,0,0,0,0,16119,0,703151001,45766064,,,Histórico de artroplastia de joelho
3964,565,0,2017-11-16,2017-11-16,38000276,,,0,0,0,0,16119,0,128613002,4029498,,,Transtorno convulsivo
3965,565,0,2013-07-29,2013-07-29,38000276,,,0,0,0,0,16121,0,444814009,40481087,,,Infecção viral das vias aéreas superiores
3966,565,0,2010-07-24,2010-07-24,38000276,,,0,0,0,0,16115,0,10509002,260139,,,Bronquite aguda
3967,565,4060985,2006-11-08,2006-11-08,38000276,,,0,0,0,0,16122,0,162864005,4060985,,,IMC 30+ - obesidade
3968,566,0,2015-04-17,2015-04-17,38000276,,,0,0,0,0,16130,0,75498004,4294548,,,Infecção bacteriana aguda
3969,566,0,2012-02-15,2012-02-15,38000276,,,0,0,0,0,16131,0,55822004,432867,,,Hiperlipidemia
3970,566,0,2011-10-02,2011-10-02,38000276,,,0,0,0,0,16126,0,195662009,4112343,,,Faringite viral aguda
3971,566,0,2009-12-26,2009-12-26,38000276,,,0,0,0,0,16141,0,43878008,28060,,,Faringite estreptocócica
3972,566,0,1959-10-28,1959-10-28,38000276,,,0,0,0,0,16143,0,15777000,40316773,,,Pré-diabetes
3973,566,0,1950-04-26,1950-04-26,38000276,,,0,0,0,0,16132,0,40055000,257012,,,Sinusite crônica
3974,567,0,2015-12-18,2015-12-18,38000276,,,0,0,0,0,16154,0,38822007,195588,,,Cistite
3975,567,0,2015-01-01,2015-01-01,38000276,,,0,0,0,0,16156,0,44465007,81151,,,Entorse de tornozelo
3976,567,0,2010-06-28,2010-06-28,38000276,,,0,0,0,0,16155,0,70704007,78272,,,Entorse de punho
3977,567,0,2005-01-06,2005-01-06,38000276,,,0,0,0,0,16165,0,15777000,40316773,,,Pré-diabetes
3978,567,0,1977-02-10,1977-02-10,38000276,,,0,0,0,0,16152,0,38341003,316866,,,Hipertensão arterial
3979,568,0,2017-10-15,2017-10-15,38000276,,,0,0,0,0,16184,0,10509002,260139,,,Bronquite aguda
3980,568,0,2016-03-25,2016-03-25,38000276,,,0,0,0,0,16183,0,195662009,4112343,,,Faringite viral aguda
3981,568,0,2014-05-11,2014-05-11,38000276,,,0,0,0,0,16209,0,398254007,439393,,,Pré-eclâmpsia
3982,568,0,2013-11-24,2013-11-24,38000276,,,0,0,0,0,16172,0,79586000,199076,,,Gravidez tubária
3983,568,0,2013-11-24,2013-11-24,38000276,,,0,0,0,0,16172,0,72892002,4217975,,,Otite média não supurativa
3984,568,0,2013-07-14,2013-07-14,38000276,,,0,0,0,0,16181,0,19169002,4078393,,,Aborto espontâneo na gravidez
3985,568,0,2013-07-14,2013-07-14,38000276,,,0,0,0,0,16181,0,72892002,4217975,,,Otite média não supurativa
3986,568,0,2012-03-25,2012-03-25,38000276,,,0,0,0,0,16170,0,72892002,4217975,,,Otite média não supurativa
3987,568,0,2011-02-06,2011-02-06,38000276,,,0,0,0,0,16190,0,72892002,4217975,,,Otite média não supurativa
3988,569,0,2018-07-09,2018-07-09,38000276,,,0,0,0,0,16217,0,444814009,40481087,,,Infecção viral das vias aéreas superiores
3989,569,4323208,2013-04-26,2013-04-26,38000276,,,0,0,0,0,16218,0,428251008,4323208,,,Histórico de apendicectomia
3990,569,0,2013-04-26,2013-04-26,38000276,,,0,0,0,0,16220,0,74400008,440448,,,Apendicite
3991,569,0,2011-08-03,2011-08-03,38000276,,,0,0,0,0,16222,0,444814009,40481087,,,Infecção viral das vias aéreas superiores
3992,570,0,2017-05-30,2017-05-30,38000276,,,0,0,0,0,16237,0,195662009,4112343,,,Faringite viral aguda
3993,570,0,2013-03-09,2013-03-09,38000276,,,0,0,0,0,16224,0,444814009,40481087,,,Infecção viral das vias aéreas superiores
3994,570,0,2013-03-06,2013-03-06,38000276,,,0,0,0,0,16244,0,195662009,4112343,,,Faringite viral aguda
3995,570,0,2012-10-25,2012-10-25,38000276,,,0,0,0,0,16246,0,444814009,40481087,,,Infecção viral das vias aéreas superiores
3996,570,0,2012-03-21,2012-03-21,38000276,,,0,0,0,0,16223,0,58150001,4237458,,,Fratura de clavícula
3997,570,0,2010-11-01,2010-11-01,38000276,,,0,0,0,0,16228,0,43878008,28060,,,Faringite estreptocócica
3998,571,0,2017-07-09,2017-07-09,38000276,,,0,0,0,0,16250,0,70704007,78272,,,Entorse de punho
3999,571,0,2015-07-16,2015-07-16,38000276,,,0,0,0,0,16305,0,195662009,4112343,,,Faringite viral aguda
4000,571,0,2010-07-11,2010-07-11,38000276,,,0,0,0,0,16302,0,192127007,440086,,,Transtorno do espectro autista infantil
4001,571,0,2010-06-30,2010-06-30,38000276,,,0,0,0,0,16281,0,195662009,4112343,,,Faringite viral aguda
4002,571,0,2009-01-24,2009-01-24,38000276,,,0,0,0,0,16276,0,195662009,4112343,,,Faringite viral aguda
4003,572,0,2016-01-23,2016-01-23,38000276,,,0,0,0,0,16319,0,444814009,40481087,,,Infecção viral das vias aéreas superiores
4004,572,0,2010-12-25,2010-12-25,38000276,,,0,0,0,0,16317,0,15777000,40316773,,,Pré-diabetes
4005,572,0,2009-03-04,2009-03-04,38000276,,,0,0,0,0,16321,0,62106007,378001,,,Concussão com perda de consciência
4006,573,0,2018-03-13,2018-03-13,38000276,,,0,0,0,0,16326,0,65966004,4278672,,,Fratura do fêmur
4007,573,0,2015-05-16,2015-05-16,38000276,,,0,0,0,0,16327,0,10509002,260139,,,Bronquite aguda
4008,573,0,2013-08-24,2013-08-24,38000276,,,0,0,0,0,16328,0,444814009,40481087,,,Infecção viral das vias aéreas superiores
4009,573,0,2011-05-10,2011-05-10,38000276,,,0,0,0,0,16322,0,444814009,40481087,,,Infecção viral das vias aéreas superiores
4010,573,0,2009-01-18,2009-01-18,38000276,,,0,0,0,0,16329,0,15777000,40316773,,,Pré-diabetes
4011,574,0,2015-09-06,2015-09-06,38000276,,,0,0,0,0,16334,0,444814009,40481087,,,Infecção viral das vias aéreas superiores
4012,574,0,2011-04-17,2011-04-17,38000276,,,0,0,0,0,16339,0,36971009,4283893,,,Sinusite
4013,574,4060985,1990-03-14,1990-03-14,38000276,,,0,0,0,0,16359,0,162864005,4060985,,,IMC 30+ - obesidade
4014,574,0,1980-08-06,1980-08-06,38000276,,,0,0,0,0,16355,0,19169002,4078393,,,Aborto espontâneo na gravidez
4015,574,0,1976-08-13,1976-08-13,38000276,,,0,0,0,0,16349,0,40055000,257012,,,Sinusite crônica
4016,574,0,1963-11-27,1963-11-27,38000276,,,0,0,0,0,16341,0,53741008,317576,,,Doença arterial coronariana
4017,575,0,1992-12-08,1992-12-08,38000276,,,0,0,0,0,16385,0,44465007,81151,,,Entorse de tornozelo
4018,575,0,1992-04-15,1992-04-15,38000276,,,0,0,0,0,16370,0,10509002,260139,,,Bronquite aguda
4019,575,0,1987-10-29,1987-10-29,38000276,,,0,0,0,0,16366,0,72892002,4217975,,,Otite média não supurativa
4020,575,0,1987-10-08,1987-10-08,38000276,,,0,0,0,0,16384,0,185086009,258780,,,DPOC exacerbada
4021,575,4060985,1987-10-08,1987-10-08,38000276,,,0,0,0,0,16384,0,162864005,4060985,,,IMC 30+ - obesidade
4022,575,0,1967-05-06,1967-05-06,38000276,,,0,0,0,0,16371,0,40055000,257012,,,Sinusite crônica
4023,576,4256640,2018-06-07,2018-06-07,38000276,,,0,0,0,0,16423,0,408512008,4256640,,,Alcoolismo relatado pelo paciente
4024,576,0,2017-06-21,2017-06-21,38000276,,,0,0,0,0,16403,0,359817006,4230399,,,Doença renal crônica estágio 2
4025,576,0,2014-06-02,2014-06-02,38000276,,,0,0,0,0,16400,0,44465007,81151,,,Entorse de tornozelo
4026,576,0,2014-05-10,2014-05-10,38000276,,,0,0,0,0,16418,0,10509002,260139,,,Bronquite aguda
4027,576,0,2012-10-06,2012-10-06,38000276,,,0,0,0,0,16453,0,301011002,4116491,,,Infecção do trato urinário por E. coli
4028,576,0,2009-10-22,2009-10-22,38000276,,,0,0,0,0,16436,0,195662009,4112343,,,Faringite viral aguda
4029,576,0,2004-07-31,2004-07-31,38000276,,,0,0,0,0,16399,0,55680006,4208104,,,Overdose de droga
4030,576,4060985,2002-09-12,2002-09-12,38000276,,,0,0,0,0,16466,0,162864005,4060985,,,IMC 30+ - obesidade
4031,576,0,1990-11-03,1990-11-03,38000276,,,0,0,0,0,16397,0,124171000119105,43530652,,,Nefropatia diabética crônica
4032,576,0,1990-04-25,1990-04-25,38000276,,,0,0,0,0,16393,0,196416002,4055754,,,Esofagite por refluxo
4033,576,0,1990-02-03,1990-02-03,38000276,,,0,0,0,0,16394,0,82423001,436096,,,Dor crônica
4034,577,0,2017-11-04,2017-11-04,38000276,,,0,0,0,0,16474,0,39848009,4218389,,,Lesão em chicote do pescoço
4035,577,0,2016-11-22,2016-11-22,38000276,,,0,0,0,0,16467,0,195662009,4112343,,,Faringite viral aguda
4036,577,0,2014-09-21,2014-09-21,38000276,,,0,0,0,0,16472,0,16114001,4059173,,,Fratura de tornozelo
4037,577,0,2011-11-05,2011-11-05,38000276,,,0,0,0,0,16478,0,195662009,4112343,,,Faringite viral aguda
4038,578,0,2018-11-10,2018-11-10,38000276,,,0,0,0,0,16483,0,232353008,4048171,,,Perfuração do tímpano
4039,578,0,2017-09-03,2017-09-03,38000276,,,0,0,0,0,16482,0,43878008,28060,,,Faringite estreptocócica
4040,579,4168004,2001-06-14,2001-06-14,38000276,,,0,0,0,0,16531,0,48333001,4168004,,,Queimadura de primeiro grau
4041,579,0,2001-03-09,2001-03-09,38000276,,,0,0,0,0,16552,0,444814009,40481087,,,Infecção viral das vias aéreas superiores
4042,579,0,2001-02-08,2001-02-08,38000276,,,0,0,0,0,16556,0,195662009,4112343,,,Faringite viral aguda
4043,579,0,1999-06-06,1999-06-06,38000276,,,0,0,0,0,16509,0,444814009,40481087,,,Infecção viral das vias aéreas superiores
4044,579,0,1996-12-17,1996-12-17,38000276,,,0,0,0,0,16514,0,195662009,4112343,,,Faringite viral aguda
4045,579,0,1994-07-20,1994-07-20,38000276,,,0,0,0,0,16522,0,444814009,40481087,,,Infecção viral das vias aéreas superiores
4046,579,4256640,1993-01-09,1993-01-09,38000276,,,0,0,0,0,16501,0,408512008,4256640,,,Alcoolismo relatado pelo paciente
4047,579,0,1992-12-12,1992-12-12,38000276,,,0,0,0,0,16546,0,156073000,40318618,,,Obesidade
4048,579,0,1992-12-12,1992-12-12,38000276,,,0,0,0,0,16546,0,19169002,4078393,,,Aborto espontâneo na gravidez
4049,579,0,1992-12-12,1992-12-12,38000276,,,0,0,0,0,16546,0,72892002,4217975,,,Otite média não supurativa
4050,579,0,1992-01-20,1992-01-20,38000276,,,0,0,0,0,16507,0,55680006,4208104,,,Overdose de droga
4051,579,4060985,1972-01-01,1972-01-01,38000276,,,0,0,0,0,16502,0,162864005,4060985,,,IMC 30+ - obesidade
4052,580,0,2013-08-09,2013-08-09,38000276,,,0,0,0,0,16568,0,444814009,40481087,,,Infecção viral das vias aéreas superiores
4053,580,0,2013-06-17,2013-06-17,38000276,,,0,0,0,0,16580,0,444814009,40481087,,,Infecção viral das vias aéreas superiores
4054,580,0,2013-05-03,2013-05-03,38000276,,,0,0,0,0,16584,0,446096008,40486433,,,Esteatose hepática perivenular
4055,580,0,2011-02-21,2011-02-21,38000276,,,0,0,0,0,16575,0,65363002,372328,,,Otite média
4056,580,0,2010-12-23,2010-12-23,38000276,,,0,0,0,0,16578,0,241929008,4084167,,,Reação alérgica a alimento
4057,581,0,2018-11-13,2018-11-13,38000276,,,0,0,0,0,16598,0,156073000,40318618,,,Obesidade
4058,581,0,2018-11-13,2018-11-13,38000276,,,0,0,0,0,16598,0,19169002,4078393,,,Aborto espontâneo na gravidez
4059,581,0,2018-11-13,2018-11-13,38000276,,,0,0,0,0,16598,0,72892002,4217975,,,Otite média não supurativa
4060,581,0,2016-08-23,2016-08-23,38000276,,,0,0,0,0,16626,0,72892002,4217975,,,Otite média não supurativa
4061,581,0,2015-05-05,2015-05-05,38000276,,,0,0,0,0,16605,0,195662009,4112343,,,Faringite viral aguda
4062,581,0,2014-03-28,2014-03-28,38000276,,,0,0,0,0,16638,0,195662009,4112343,,,Faringite viral aguda
4063,581,0,2013-10-08,2013-10-08,38000276,,,0,0,0,0,16630,0,72892002,4217975,,,Otite média não supurativa
4064,581,0,2012-10-30,2012-10-30,38000276,,,0,0,0,0,16639,0,185086009,258780,,,DPOC exacerbada
4065,581,0,2009-10-21,2009-10-21,38000276,,,0,0,0,0,16628,0,444814009,40481087,,,Infecção viral das vias aéreas superiores
4066,581,0,2009-02-10,2009-02-10,38000276,,,0,0,0,0,16603,0,15777000,40316773,,,Pré-diabetes
4067,582,0,2016-01-04,2016-01-04,38000276,,,0,0,0,0,16646,0,444814009,40481087,,,Infecção viral das vias aéreas superiores
4068,582,0,2015-05-20,2015-05-20,38000276,,,0,0,0,0,16647,0,370247008,4156265,,,Lesão facial
4069,582,0,2014-07-26,2014-07-26,38000276,,,0,0,0,0,16645,0,15777000,40316773,,,Pré-diabetes
4070,582,0,2011-07-14,2011-07-14,38000276,,,0,0,0,0,16644,0,10509002,260139,,,Bronquite aguda
4071,583,0,2018-04-09,2018-04-09,38000276,,,0,0,0,0,16655,0,10509002,260139,,,Bronquite aguda
4072,583,0,2017-07-04,2017-07-04,38000276,,,0,0,0,0,16658,0,195662009,4112343,,,Faringite viral aguda
4073,583,0,2014-02-21,2014-02-21,38000276,,,0,0,0,0,16649,0,10509002,260139,,,Bronquite aguda
4074,583,4060985,2006-12-03,2006-12-03,38000276,,,0,0,0,0,16651,0,162864005,4060985,,,IMC 30+ - obesidade
4075,583,0,1987-11-08,1987-11-08,38000276,,,0,0,0,0,16648,0,38341003,316866,,,Hipertensão arterial
4076,584,0,2017-09-21,2017-09-21,38000276,,,0,0,0,0,16662,0,283371005,4155034,,,Laceração de antebraço
4077,584,0,2014-08-12,2014-08-12,38000276,,,0,0,0,0,16664,0,195662009,4112343,,,Faringite viral aguda
4078,585,0,2018-07-19,2018-07-19,38000276,,,0,0,0,0,16676,0,40055000,257012,,,Sinusite crônica
4079,585,0,2018-04-26,2018-04-26,38000276,,,0,0,0,0,16687,0,36971009,4283893,,,Sinusite
4080,585,0,2017-11-30,2017-11-30,38000276,,,0,0,0,0,16683,0,10509002,260139,,,Bronquite aguda
4081,585,0,2017-05-22,2017-05-22,38000276,,,0,0,0,0,16670,0,70704007,78272,,,Entorse de punho
4082,585,0,2015-12-07,2015-12-07,38000276,,,0,0,0,0,16665,0,10509002,260139,,,Bronquite aguda
4083,585,0,2015-07-11,2015-07-11,38000276,,,0,0,0,0,16672,0,70704007,78272,,,Entorse de punho
4084,585,0,2013-11-21,2013-11-21,38000276,,,0,0,0,0,16692,0,444814009,40481087,,,Infecção viral das vias aéreas superiores
4085,585,0,2012-02-16,2012-02-16,38000276,,,0,0,0,0,16680,0,195662009,4112343,,,Faringite viral aguda
4086,585,0,2010-04-29,2010-04-29,38000276,,,0,0,0,0,16690,0,444814009,40481087,,,Infecção viral das vias aéreas superiores
4087,585,0,1993-09-01,1993-09-01,38000276,,,0,0,0,0,16688,0,82423001,436096,,,Dor crônica
4088,585,0,1972-12-25,1972-12-25,38000276,,,0,0,0,0,16691,0,15777000,40316773,,,Pré-diabetes
4089,585,0,1968-12-16,1968-12-16,38000276,,,0,0,0,0,16682,0,38341003,316866,,,Hipertensão arterial
4090,585,4060985,1960-10-31,1960-10-31,38000276,,,0,0,0,0,16686,0,162864005,4060985,,,IMC 30+ - obesidade
4091,586,4060985,2005-05-07,2005-05-07,38000276,,,0,0,0,0,16696,0,162864005,4060985,,,IMC 30+ - obesidade
4092,586,0,1989-05-13,1989-05-13,38000276,,,0,0,0,0,16698,0,38341003,316866,,,Hipertensão arterial
4093,587,0,2012-10-01,2012-10-01,38000276,,,0,0,0,0,16713,0,75498004,4294548,,,Infecção bacteriana aguda
4094,587,0,2012-04-21,2012-04-21,38000276,,,0,0,0,0,16711,0,55822004,432867,,,Hiperlipidemia
4095,587,0,2009-06-09,2009-06-09,38000276,,,0,0,0,0,16716,0,10509002,260139,,,Bronquite aguda
4096,587,0,1995-07-01,1995-07-01,38000276,,,0,0,0,0,16714,0,15777000,40316773,,,Pré-diabetes
4097,588,0,2013-03-15,2013-03-15,38000276,,,0,0,0,0,16728,0,65966004,4278672,,,Fratura do fêmur
4098,588,0,2012-08-23,2012-08-23,38000276,,,0,0,0,0,16739,0,444814009,40481087,,,Infecção viral das vias aéreas superiores
4099,589,0,2018-12-08,2018-12-08,38000276,,,0,0,0,0,16788,0,195662009,4112343,,,Faringite viral aguda
4100,589,0,2012-03-13,2012-03-13,38000276,,,0,0,0,0,16758,0,239720000,4035415,,,Tendinite do manguito rotador
4101,589,45766064,2006-12-09,2006-12-09,38000276,,,0,0,0,0,16763,0,703151001,45766064,,,Histórico de artroplastia de joelho
4102,589,0,2006-12-09,2006-12-09,38000276,,,0,0,0,0,16763,0,128613002,4029498,,,Transtorno convulsivo
4103,589,0,2006-01-09,2006-01-09,38000276,,,0,0,0,0,16764,0,55680006,4208104,,,Overdose de droga
4104,589,0,2004-08-06,2004-08-06,38000276,,,0,0,0,0,16777,0,15777000,40316773,,,Pré-diabetes
4105,589,0,2001-02-23,2001-02-23,38000276,,,0,0,0,0,16759,0,124171000119105,43530652,,,Nefropatia diabética crônica
4106,589,0,1999-06-14,1999-06-14,38000276,,,0,0,0,0,16768,0,82423001,436096,,,Dor crônica
4107,589,0,1999-04-17,1999-04-17,38000276,,,0,0,0,0,16761,0,196416002,4055754,,,Esofagite por refluxo
4108,590,0,2017-07-01,2017-07-01,38000276,,,0,0,0,0,16793,0,70704007,78272,,,Entorse de punho
4109,590,0,2016-08-07,2016-08-07,38000276,,,0,0,0,0,16801,0,195662009,4112343,,,Faringite viral aguda
4110,590,0,2015-05-19,2015-05-19,38000276,,,0,0,0,0,16807,0,444814009,40481087,,,Infecção viral das vias aéreas superiores
4111,590,0,2014-10-08,2014-10-08,38000276,,,0,0,0,0,16799,0,444814009,40481087,,,Infecção viral das vias aéreas superiores
4112,590,0,2013-03-25,2013-03-25,38000276,,,0,0,0,0,16794,0,10509002,260139,,,Bronquite aguda
4113,590,0,2011-11-30,2011-11-30,38000276,,,0,0,0,0,16804,0,62106007,378001,,,Concussão com perda de consciência
4114,591,0,2014-06-01,2014-06-01,38000276,,,0,0,0,0,16814,0,444814009,40481087,,,Infecção viral das vias aéreas superiores
4115,591,0,2014-02-24,2014-02-24,38000276,,,0,0,0,0,16816,0,10509002,260139,,,Bronquite aguda
4116,591,0,2012-02-24,2012-02-24,38000276,,,0,0,0,0,16823,0,284551006,4109685,,,Laceração de pé
4117,591,0,2010-06-19,2010-06-19,38000276,,,0,0,0,0,16813,0,10509002,260139,,,Bronquite aguda
4118,591,0,1997-02-13,1997-02-13,38000276,,,0,0,0,0,16809,0,15777000,40316773,,,Pré-diabetes
4119,591,0,1995-02-09,1995-02-09,38000276,,,0,0,0,0,16819,0,49436004,313217,,,Fibrilação atrial
4120,591,4060985,1993-02-04,1993-02-04,38000276,,,0,0,0,0,16820,0,162864005,4060985,,,IMC 30+ - obesidade
4121,591,0,1967-03-16,1967-03-16,38000276,,,0,0,0,0,16815,0,38341003,316866,,,Hipertensão arterial
4122,591,0,1956-10-18,1956-10-18,38000276,,,0,0,0,0,16824,0,40055000,257012,,,Sinusite crônica
4123,592,0,2016-03-25,2016-03-25,38000276,,,0,0,0,0,16835,0,195662009,4112343,,,Faringite viral aguda
4124,592,0,2002-06-01,2002-06-01,38000276,,,0,0,0,0,16834,0,40055000,257012,,,Sinusite crônica
4125,592,0,1997-09-14,1997-09-14,38000276,,,0,0,0,0,16828,0,15777000,40316773,,,Pré-diabetes
4126,592,0,1996-09-08,1996-09-08,38000276,,,0,0,0,0,16832,0,38341003,316866,,,Hipertensão arterial
4127,593,0,2018-07-29,2018-07-29,38000276,,,0,0,0,0,16851,0,444814009,40481087,,,Infecção viral das vias aéreas superiores
4128,593,0,2017-09-14,2017-09-14,38000276,,,0,0,0,0,16852,0,68496003,4285898,,,Pólipo do cólon
4129,593,0,2016-08-17,2016-08-17,38000276,,,0,0,0,0,16854,0,124171000119105,43530652,,,Nefropatia diabética crônica
4130,593,0,2008-08-23,2008-08-23,38000276,,,0,0,0,0,16840,0,15777000,40316773,,,Pré-diabetes
4131,593,4060985,2006-08-19,2006-08-19,38000276,,,0,0,0,0,16847,0,162864005,4060985,,,IMC 30+ - obesidade
4132,593,4324181,1992-01-04,1992-01-04,38000276,,,0,0,0,0,16842,0,429007001,4324181,,,Histórico de infarto
4133,593,0,1992-01-04,1992-01-04,38000276,,,0,0,0,0,16842,0,410429000,321042,,,Parada cardíaca
4134,593,0,1980-11-08,1980-11-08,38000276,,,0,0,0,0,16848,0,38341003,316866,,,Hipertensão arterial
4135,594,0,2017-10-11,2017-10-11,38000276,,,0,0,0,0,16870,0,359817006,4230399,,,Doença renal crônica estágio 2
4136,594,0,2015-06-15,2015-06-15,38000276,,,0,0,0,0,16867,0,444814009,40481087,,,Infecção viral das vias aéreas superiores
4137,594,0,2013-06-21,2013-06-21,38000276,,,0,0,0,0,16862,0,68496003,4285898,,,Pólipo do cólon
4138,594,4060985,1987-01-22,1987-01-22,38000276,,,0,0,0,0,16855,0,162864005,4060985,,,IMC 30+ - obesidade
4139,594,0,1962-11-27,1962-11-27,38000276,,,0,0,0,0,16860,0,40055000,257012,,,Sinusite crônica
4140,595,0,2017-12-26,2017-12-26,38000276,,,0,0,0,0,16894,0,39848009,4218389,,,Lesão em chicote do pescoço
4141,595,0,2017-11-10,2017-11-10,38000276,,,0,0,0,0,16881,0,195662009,4112343,,,Faringite viral aguda
4142,595,0,2011-02-04,2011-02-04,38000276,,,0,0,0,0,16886,0,156073000,40318618,,,Obesidade
4143,595,0,2011-02-04,2011-02-04,38000276,,,0,0,0,0,16886,0,79586000,199076,,,Gravidez tubária
4144,595,0,2011-02-04,2011-02-04,38000276,,,0,0,0,0,16886,0,72892002,4217975,,,Otite média não supurativa
4145,595,0,2010-12-12,2010-12-12,38000276,,,0,0,0,0,16892,0,283385000,4152936,,,Laceração de ombro
4146,595,0,2009-01-16,2009-01-16,38000276,,,0,0,0,0,16872,0,19169002,4078393,,,Aborto espontâneo na gravidez
4147,595,0,2009-01-16,2009-01-16,38000276,,,0,0,0,0,16872,0,72892002,4217975,,,Otite média não supurativa
4148,595,0,2007-12-21,2007-12-21,38000276,,,0,0,0,0,16888,0,185086009,258780,,,DPOC exacerbada
4149,595,0,2003-01-24,2003-01-24,38000276,,,0,0,0,0,16875,0,15777000,40316773,,,Pré-diabetes
4150,595,4060985,1985-02-15,1985-02-15,38000276,,,0,0,0,0,16880,0,162864005,4060985,,,IMC 30+ - obesidade
4151,595,0,1981-02-06,1981-02-06,38000276,,,0,0,0,0,16873,0,38341003,316866,,,Hipertensão arterial
4152,596,0,2014-07-15,2014-07-15,38000276,,,0,0,0,0,16901,0,10509002,260139,,,Bronquite aguda
4153,596,0,1996-11-09,1996-11-09,38000276,,,0,0,0,0,16897,0,15777000,40316773,,,Pré-diabetes
4154,597,0,2018-12-29,2018-12-29,38000276,,,0,0,0,0,16924,0,444814009,40481087,,,Infecção viral das vias aéreas superiores
4155,597,0,2017-04-17,2017-04-17,38000276,,,0,0,0,0,16939,0,444814009,40481087,,,Infecção viral das vias aéreas superiores
4156,597,0,2012-12-05,2012-12-05,38000276,,,0,0,0,0,16904,0,195662009,4112343,,,Faringite viral aguda
4157,597,0,2012-12-09,2012-12-09,38000276,,,0,0,0,0,16944,0,15777000,40316773,,,Pré-diabetes
4158,597,0,2007-04-21,2007-04-21,38000276,,,0,0,0,0,16909,0,55680006,4208104,,,Overdose de droga
4159,597,0,2005-08-31,2005-08-31,38000276,,,0,0,0,0,16947,0,124171000119105,43530652,,,Nefropatia diabética crônica
4160,597,0,2004-12-26,2004-12-26,38000276,,,0,0,0,0,16922,0,196416002,4055754,,,Esofagite por refluxo
4161,597,0,2004-05-04,2004-05-04,38000276,,,0,0,0,0,16926,0,82423001,436096,,,Dor crônica
4162,597,0,1995-08-12,1995-08-12,38000276,,,0,0,0,0,16936,0,444814009,40481087,,,Infecção viral das vias aéreas superiores
4163,598,0,2012-12-22,2012-12-22,38000276,,,0,0,0,0,16965,0,62564004,375671,,,Concussão sem perda de consciência
4164,598,0,2012-04-29,2012-04-29,38000276,,,0,0,0,0,16974,0,195662009,4112343,,,Faringite viral aguda
4165,598,0,1985-12-06,1985-12-06,38000276,,,0,0,0,0,16973,0,40055000,257012,,,Sinusite crônica
4166,598,0,1972-01-26,1972-01-26,38000276,,,0,0,0,0,16971,0,15777000,40316773,,,Pré-diabetes
4167,598,4060985,1952-05-28,1952-05-28,38000276,,,0,0,0,0,16968,0,162864005,4060985,,,IMC 30+ - obesidade
4168,599,0,2007-11-23,2007-11-23,38000276,,,0,0,0,0,16982,0,16114001,4059173,,,Fratura de tornozelo
4169,599,0,2005-10-22,2005-10-22,38000276,,,0,0,0,0,16995,0,92691004,200970,,,Carcinoma in situ de próstata
4170,599,0,2005-10-22,2005-10-22,38000276,,,0,0,0,0,16995,0,126906006,4129902,,,Neoplasia de bexiga
4171,599,0,2002-12-19,2002-12-19,38000276,,,0,0,0,0,16987,0,16114001,4059173,,,Fratura de tornozelo
4172,599,42709996,1984-02-24,1984-02-24,38000276,,,0,0,0,0,16980,0,449868002,42709996,,,Fumante atual de cigarro
4173,599,0,1962-07-06,1962-07-06,38000276,,,0,0,0,0,16990,0,15777000,40316773,,,Pré-diabetes
4174,599,4060985,1959-07-03,1959-07-03,38000276,,,0,0,0,0,16994,0,162864005,4060985,,,IMC 30+ - obesidade
4175,600,0,2018-05-01,2018-05-01,38000276,,,0,0,0,0,17011,0,72892002,4217975,,,Otite média não supurativa
4176,600,0,2009-11-04,2009-11-04,38000276,,,0,0,0,0,17004,0,444814009,40481087,,,Infecção viral das vias aéreas superiores
4177,601,0,2017-03-09,2017-03-09,38000276,,,0,0,0,0,17032,0,444814009,40481087,,,Infecção viral das vias aéreas superiores
4178,601,0,2014-11-20,2014-11-20,38000276,,,0,0,0,0,17022,0,444814009,40481087,,,Infecção viral das vias aéreas superiores
4179,601,0,2010-10-14,2010-10-14,38000276,,,0,0,0,0,17035,0,156073000,40318618,,,Obesidade
4180,601,0,2010-10-14,2010-10-14,38000276,,,0,0,0,0,17035,0,72892002,4217975,,,Otite média não supurativa
4181,601,0,2007-10-25,2007-10-25,38000276,,,0,0,0,0,17023,0,15777000,40316773,,,Pré-diabetes
4182,601,0,2006-09-07,2006-09-07,38000276,,,0,0,0,0,17029,0,19169002,4078393,,,Aborto espontâneo na gravidez
4183,601,4060985,1993-12-16,1993-12-16,38000276,,,0,0,0,0,17026,0,162864005,4060985,,,IMC 30+ - obesidade
4184,601,0,1977-11-24,1977-11-24,38000276,,,0,0,0,0,17031,0,38341003,316866,,,Hipertensão arterial
4185,602,0,2017-11-26,2017-11-26,38000276,,,0,0,0,0,17048,0,10509002,260139,,,Bronquite aguda
4186,602,0,2016-03-05,2016-03-05,38000276,,,0,0,0,0,17050,0,65966004,4278672,,,Fratura do fêmur
4187,602,0,2009-12-07,2009-12-07,38000276,,,0,0,0,0,17054,0,65363002,372328,,,Otite média
4188,603,0,2016-07-14,2016-07-14,38000276,,,0,0,0,0,17082,0,230690007,381316,,,Acidente vascular cerebral
4189,603,0,2014-04-16,2014-04-16,38000276,,,0,0,0,0,17066,0,263102004,4134304,,,Ruptura de menisco
4190,603,0,2012-12-28,2012-12-28,38000276,,,0,0,0,0,17071,0,10509002,260139,,,Bronquite aguda
4191,603,0,2012-12-17,2012-12-17,38000276,,,0,0,0,0,17058,0,444814009,40481087,,,Infecção viral das vias aéreas superiores
4192,603,0,2012-05-05,2012-05-05,38000276,,,0,0,0,0,17064,0,39848009,4218389,,,Lesão em chicote do pescoço
4193,603,0,2010-04-16,2010-04-16,38000276,,,0,0,0,0,17063,0,62106007,378001,,,Concussão com perda de consciência
4194,603,0,2008-02-21,2008-02-21,38000276,,,0,0,0,0,17080,0,53741008,317576,,,Doença arterial coronariana
4195,603,0,2007-09-25,2007-09-25,38000276,,,0,0,0,0,17060,0,444814009,40481087,,,Infecção viral das vias aéreas superiores
4196,603,0,2007-02-08,2007-02-08,38000276,,,0,0,0,0,17075,0,195662009,4112343,,,Faringite viral aguda
4197,603,0,1985-03-10,1985-03-10,38000276,,,0,0,0,0,17079,0,239873007,4079750,,,Osteoartrite do joelho
4198,603,0,1972-09-21,1972-09-21,38000276,,,0,0,0,0,17073,0,15777000,40316773,,,Pré-diabetes
4199,604,0,2018-11-20,2018-11-20,38000276,,,0,0,0,0,17089,0,10509002,260139,,,Bronquite aguda
4200,604,0,2014-08-06,2014-08-06,38000276,,,0,0,0,0,17093,0,444814009,40481087,,,Infecção viral das vias aéreas superiores
4201,604,0,2012-02-08,2012-02-08,38000276,,,0,0,0,0,17114,0,195662009,4112343,,,Faringite viral aguda
4202,604,0,2011-03-11,2011-03-11,38000276,,,0,0,0,0,17094,0,444814009,40481087,,,Infecção viral das vias aéreas superiores
4203,604,0,2010-08-22,2010-08-22,38000276,,,0,0,0,0,17113,0,198992004,137613,,,Pré-eclâmpsia leve
4204,604,0,2010-02-07,2010-02-07,38000276,,,0,0,0,0,17090,0,72892002,4217975,,,Otite média não supurativa
4205,604,4256640,2008-11-23,2008-11-23,38000276,,,0,0,0,0,17095,0,408512008,4256640,,,Alcoolismo relatado pelo paciente
4206,604,0,1993-07-18,1993-07-18,38000276,,,0,0,0,0,17101,0,38341003,316866,,,Hipertensão arterial
4207,604,4060985,1992-07-12,1992-07-12,38000276,,,0,0,0,0,17104,0,162864005,4060985,,,IMC 30+ - obesidade
4208,604,0,1976-05-23,1976-05-23,38000276,,,0,0,0,0,17100,0,40055000,257012,,,Sinusite crônica
4209,605,4163874,1978-07-16,1978-07-16,38000276,,,0,0,0,0,17117,0,399211009,4163874,,,Histórico de infarto do miocárdio
4210,605,0,1978-07-16,1978-07-16,38000276,,,0,0,0,0,17117,0,22298006,4329847,,,Infarto do miocárdio
4211,605,0,1978-07-11,1978-07-11,38000276,,,0,0,0,0,17119,0,36971009,4283893,,,Sinusite
4212,605,0,1977-07-03,1977-07-03,38000276,,,0,0,0,0,17127,0,53741008,317576,,,Doença arterial coronariana
4213,605,0,1977-01-15,1977-01-15,38000276,,,0,0,0,0,17121,0,70704007,78272,,,Entorse de punho
4214,605,0,1976-07-25,1976-07-25,38000276,,,0,0,0,0,17118,0,444814009,40481087,,,Infecção viral das vias aéreas superiores
4215,605,0,1975-07-25,1975-07-25,38000276,,,0,0,0,0,17133,0,65363002,372328,,,Otite média
4216,606,0,2018-07-16,2018-07-16,38000276,,,0,0,0,0,17134,0,284549007,4113008,,,Laceração de mão
4217,606,0,2014-10-20,2014-10-20,38000276,,,0,0,0,0,17135,0,444814009,40481087,,,Infecção viral das vias aéreas superiores
4218,606,0,2013-10-29,2013-10-29,38000276,,,0,0,0,0,17145,0,444814009,40481087,,,Infecção viral das vias aéreas superiores
4219,606,0,2011-09-02,2011-09-02,38000276,,,0,0,0,0,17142,0,10509002,260139,,,Bronquite aguda
4220,606,4060985,2003-07-27,2003-07-27,38000276,,,0,0,0,0,17141,0,162864005,4060985,,,IMC 30+ - obesidade
4221,606,0,1984-07-01,1984-07-01,38000276,,,0,0,0,0,17147,0,38341003,316866,,,Hipertensão arterial
4222,607,0,2018-01-01,2018-01-01,38000276,,,0,0,0,0,17155,0,10509002,260139,,,Bronquite aguda
4223,607,0,2014-08-15,2014-08-15,38000276,,,0,0,0,0,17170,0,44465007,81151,,,Entorse de tornozelo
4224,607,0,2012-09-24,2012-09-24,38000276,,,0,0,0,0,17152,0,65966004,4278672,,,Fratura do fêmur
4225,607,0,2010-07-09,2010-07-09,38000276,,,0,0,0,0,17160,0,68496003,4285898,,,Pólipo do cólon
4226,607,0,1988-09-30,1988-09-30,38000276,,,0,0,0,0,17175,0,15777000,40316773,,,Pré-diabetes
4227,607,4324181,1980-10-10,1980-10-10,38000276,,,0,0,0,0,17157,0,429007001,4324181,,,Histórico de infarto
4228,607,0,1980-10-10,1980-10-10,38000276,,,0,0,0,0,17157,0,410429000,321042,,,Parada cardíaca
4229,607,0,1978-09-15,1978-09-15,38000276,,,0,0,0,0,17164,0,38341003,316866,,,Hipertensão arterial
4230,608,0,2018-12-27,2018-12-27,38000276,,,0,0,0,0,17196,0,64859006,80502,,,Osteoporose
4231,608,0,2017-12-15,2017-12-15,38000276,,,0,0,0,0,17186,0,10509002,260139,,,Bronquite aguda
4232,608,0,2017-06-12,2017-06-12,38000276,,,0,0,0,0,17189,0,444814009,40481087,,,Infecção viral das vias aéreas superiores
4233,608,0,2011-08-26,2011-08-26,38000276,,,0,0,0,0,17205,0,263102004,4134304,,,Ruptura de menisco
4234,608,0,1999-09-09,1999-09-09,38000276,,,0,0,0,0,17188,0,55822004,432867,,,Hiperlipidemia
4235,608,0,1997-08-07,1997-08-07,38000276,,,0,0,0,0,17190,0,49436004,313217,,,Fibrilação atrial
4236,608,0,1989-08-26,1989-08-26,38000276,,,0,0,0,0,17192,0,239873007,4079750,,,Osteoartrite do joelho
4237,608,4060985,1980-10-02,1980-10-02,38000276,,,0,0,0,0,17181,0,162864005,4060985,,,IMC 30+ - obesidade
4238,609,0,2014-03-06,2014-03-06,38000276,,,0,0,0,0,17222,0,195662009,4112343,,,Faringite viral aguda
4239,609,0,2012-09-02,2012-09-02,38000276,,,0,0,0,0,17217,0,444814009,40481087,,,Infecção viral das vias aéreas superiores
4240,609,0,2011-10-02,2011-10-02,38000276,,,0,0,0,0,17216,0,44465007,81151,,,Entorse de tornozelo
4241,610,0,1991-04-22,1991-04-22,38000276,,,0,0,0,0,17246,0,26929004,378419,,,Doença de Alzheimer
4242,610,0,1991-03-31,1991-03-31,38000276,,,0,0,0,0,17283,0,10509002,260139,,,Bronquite aguda
4243,610,0,1953-08-10,1953-08-10,38000276,,,0,0,0,0,17311,0,53741008,317576,,,Doença arterial coronariana
4244,610,4060985,1947-07-28,1947-07-28,38000276,,,0,0,0,0,17254,0,162864005,4060985,,,IMC 30+ - obesidade
4245,610,0,1943-01-11,1943-01-11,38000276,,,0,0,0,0,17304,0,19169002,4078393,,,Aborto espontâneo na gravidez
4246,610,0,1935-08-11,1935-08-11,38000276,,,0,0,0,0,17249,0,90560007,440674,,,Gota
4247,610,0,1927-07-11,1927-07-11,38000276,,,0,0,0,0,17270,0,38341003,316866,,,Hipertensão arterial
4248,610,0,1912-06-04,1912-06-04,38000276,,,0,0,0,0,17272,0,40055000,257012,,,Sinusite crônica
4249,611,0,2017-08-06,2017-08-06,38000276,,,0,0,0,0,17316,0,55822004,432867,,,Hiperlipidemia
4250,611,0,2016-06-01,2016-06-01,38000276,,,0,0,0,0,17325,0,10509002,260139,,,Bronquite aguda
4251,611,0,2014-05-16,2014-05-16,38000276,,,0,0,0,0,17324,0,43878008,28060,,,Faringite estreptocócica
4252,611,0,2008-09-22,2008-09-22,38000276,,,0,0,0,0,17319,0,40055000,257012,,,Sinusite crônica
4253,611,0,2008-07-08,2008-07-08,38000276,,,0,0,0,0,17323,0,239873007,4079750,,,Osteoartrite do joelho
4254,611,0,2005-09-25,2005-09-25,38000276,,,0,0,0,0,17321,0,15777000,40316773,,,Pré-diabetes
4255,612,0,2016-09-16,2016-09-16,38000276,,,0,0,0,0,17329,0,15777000,40316773,,,Pré-diabetes
4256,612,0,2016-01-05,2016-01-05,38000276,,,0,0,0,0,17331,0,444814009,40481087,,,Infecção viral das vias aéreas superiores
4257,612,4060985,2008-09-19,2008-09-19,38000276,,,0,0,0,0,17330,0,162864005,4060985,,,IMC 30+ - obesidade
4258,612,0,1993-09-03,1993-09-03,38000276,,,0,0,0,0,17332,0,38341003,316866,,,Hipertensão arterial
4259,613,0,2018-09-13,2018-09-13,38000276,,,0,0,0,0,17334,0,72892002,4217975,,,Otite média não supurativa
4260,613,0,2018-07-19,2018-07-19,38000276,,,0,0,0,0,17378,0,239873007,4079750,,,Osteoartrite do joelho
4261,613,0,2017-09-03,2017-09-03,38000276,,,0,0,0,0,17350,0,195662009,4112343,,,Faringite viral aguda
4262,613,0,2015-10-04,2015-10-04,38000276,,,0,0,0,0,17359,0,39848009,4218389,,,Lesão em chicote do pescoço
4263,613,0,2015-07-30,2015-07-30,38000276,,,0,0,0,0,17361,0,72892002,4217975,,,Otite média não supurativa
4264,613,4060985,2014-06-12,2014-06-12,38000276,,,0,0,0,0,17341,0,162864005,4060985,,,IMC 30+ - obesidade
4265,613,0,2014-05-31,2014-05-31,38000276,,,0,0,0,0,17336,0,10509002,260139,,,Bronquite aguda
4266,613,0,2012-11-08,2012-11-08,38000276,,,0,0,0,0,17339,0,72892002,4217975,,,Otite média não supurativa
4267,613,0,2002-06-13,2002-06-13,38000276,,,0,0,0,0,17343,0,38341003,316866,,,Hipertensão arterial
4268,613,4324181,2001-09-13,2001-09-13,38000276,,,0,0,0,0,17369,0,429007001,4324181,,,Histórico de infarto
4269,613,0,2001-09-13,2001-09-13,38000276,,,0,0,0,0,17369,0,410429000,321042,,,Parada cardíaca
4270,614,0,2017-09-21,2017-09-21,38000276,,,0,0,0,0,17384,0,44465007,81151,,,Entorse de tornozelo
4271,614,0,2016-03-19,2016-03-19,38000276,,,0,0,0,0,17387,0,444814009,40481087,,,Infecção viral das vias aéreas superiores
4272,614,0,2015-08-08,2015-08-08,38000276,,,0,0,0,0,17388,0,195662009,4112343,,,Faringite viral aguda
4273,614,0,2010-05-31,2010-05-31,38000276,,,0,0,0,0,17381,0,62564004,375671,,,Concussão sem perda de consciência
4274,614,4060985,2009-08-21,2009-08-21,38000276,,,0,0,0,0,17389,0,162864005,4060985,,,IMC 30+ - obesidade
4275,614,0,1984-04-22,1984-04-22,38000276,,,0,0,0,0,17382,0,40055000,257012,,,Sinusite crônica
4276,615,0,2012-12-20,2012-12-20,38000276,,,0,0,0,0,17390,0,444814009,40481087,,,Infecção viral das vias aéreas superiores
4277,615,0,2011-04-13,2011-04-13,38000276,,,0,0,0,0,17395,0,195662009,4112343,,,Faringite viral aguda
4278,616,0,2017-10-01,2017-10-01,38000276,,,0,0,0,0,17416,0,444814009,40481087,,,Infecção viral das vias aéreas superiores
4279,616,0,2015-09-15,2015-09-15,38000276,,,0,0,0,0,17407,0,283371005,4155034,,,Laceração de antebraço
4280,616,0,2013-10-31,2013-10-31,38000276,,,0,0,0,0,17403,0,444814009,40481087,,,Infecção viral das vias aéreas superiores
4281,616,0,2011-08-15,2011-08-15,38000276,,,0,0,0,0,17406,0,444814009,40481087,,,Infecção viral das vias aéreas superiores
4282,616,4256640,1995-03-19,1995-03-19,38000276,,,0,0,0,0,17413,0,408512008,4256640,,,Alcoolismo relatado pelo paciente
4283,616,4060985,1976-03-28,1976-03-28,38000276,,,0,0,0,0,17411,0,162864005,4060985,,,IMC 30+ - obesidade
4284,617,0,2018-04-24,2018-04-24,38000276,,,0,0,0,0,17426,0,444814009,40481087,,,Infecção viral das vias aéreas superiores
4285,617,0,2016-11-01,2016-11-01,38000276,,,0,0,0,0,17437,0,70704007,78272,,,Entorse de punho
4286,617,0,2015-05-11,2015-05-11,38000276,,,0,0,0,0,17444,0,195662009,4112343,,,Faringite viral aguda
4287,617,0,2015-04-10,2015-04-10,38000276,,,0,0,0,0,17420,0,444814009,40481087,,,Infecção viral das vias aéreas superiores
4288,617,0,2012-05-12,2012-05-12,38000276,,,0,0,0,0,17436,0,70704007,78272,,,Entorse de punho
4289,617,4060985,1998-09-13,1998-09-13,38000276,,,0,0,0,0,17425,0,162864005,4060985,,,IMC 30+ - obesidade
4290,617,0,1998-09-13,1998-09-13,38000276,,,0,0,0,0,17425,0,55822004,432867,,,Hiperlipidemia
4291,617,0,1975-03-02,1975-03-02,38000276,,,0,0,0,0,17452,0,38341003,316866,,,Hipertensão arterial
4292,618,0,2010-01-25,2010-01-25,38000276,,,0,0,0,0,17456,0,10509002,260139,,,Bronquite aguda
4293,618,0,2004-10-09,2004-10-09,38000276,,,0,0,0,0,17461,0,40055000,257012,,,Sinusite crônica
4294,618,4060985,2002-05-30,2002-05-30,38000276,,,0,0,0,0,17457,0,162864005,4060985,,,IMC 30+ - obesidade
4295,618,4323208,1985-11-24,1985-11-24,38000276,,,0,0,0,0,17464,0,428251008,4323208,,,Histórico de apendicectomia
4296,618,0,1985-11-24,1985-11-24,38000276,,,0,0,0,0,17462,0,74400008,440448,,,Apendicite
4297,619,0,2017-10-31,2017-10-31,38000276,,,0,0,0,0,17512,0,62106007,378001,,,Concussão com perda de consciência
4298,619,0,2011-09-28,2011-09-28,38000276,,,0,0,0,0,17465,0,301011002,4116491,,,Infecção do trato urinário por E. coli
4299,619,0,2010-03-23,2010-03-23,38000276,,,0,0,0,0,17502,0,72892002,4217975,,,Otite média não supurativa
4300,619,0,2009-08-25,2009-08-25,38000276,,,0,0,0,0,17481,0,444814009,40481087,,,Infecção viral das vias aéreas superiores
4301,619,0,2006-12-19,2006-12-19,38000276,,,0,0,0,0,17510,0,15777000,40316773,,,Pré-diabetes
4302,620,4163874,2017-04-18,2017-04-18,38000276,,,0,0,0,0,17575,0,399211009,4163874,,,Histórico de infarto do miocárdio
4303,620,0,2017-04-18,2017-04-18,38000276,,,0,0,0,0,17575,0,22298006,4329847,,,Infarto do miocárdio
4304,620,0,2016-11-01,2016-11-01,38000276,,,0,0,0,0,17547,0,72892002,4217975,,,Otite média não supurativa
4305,620,4256640,2015-09-22,2015-09-22,38000276,,,0,0,0,0,17532,0,408512008,4256640,,,Alcoolismo relatado pelo paciente
4306,620,0,2015-09-22,2015-09-22,38000276,,,0,0,0,0,17532,0,53741008,317576,,,Doença arterial coronariana
4307,620,0,2013-08-06,2013-08-06,38000276,,,0,0,0,0,17558,0,72892002,4217975,,,Otite média não supurativa
4308,620,0,2011-05-31,2011-05-31,38000276,,,0,0,0,0,17581,0,72892002,4217975,,,Otite média não supurativa
4309,620,0,2009-06-02,2009-06-02,38000276,,,0,0,0,0,17540,0,72892002,4217975,,,Otite média não supurativa
4310,620,0,2009-01-20,2009-01-20,38000276,,,0,0,0,0,17552,0,72892002,4217975,,,Otite média não supurativa
4311,620,0,2008-09-16,2008-09-16,38000276,,,0,0,0,0,17542,0,35999006,4262136,,,Cegueira
4312,620,0,2008-09-16,2008-09-16,38000276,,,0,0,0,0,17542,0,72892002,4217975,,,Otite média não supurativa
4313,620,0,2005-11-15,2005-11-15,38000276,,,0,0,0,0,17586,0,72892002,4217975,,,Otite média não supurativa
4314,620,0,2002-06-04,2002-06-04,38000276,,,0,0,0,0,17591,0,19169002,4078393,,,Aborto espontâneo na gravidez
4315,620,0,2002-06-04,2002-06-04,38000276,,,0,0,0,0,17591,0,72892002,4217975,,,Otite média não supurativa
4316,620,0,2001-05-15,2001-05-15,38000276,,,0,0,0,0,17528,0,72892002,4217975,,,Otite média não supurativa
4317,620,0,2000-07-19,2000-07-19,38000276,,,0,0,0,0,17550,0,271737000,439777,,,Anemia
4318,620,4060985,1994-08-16,1994-08-16,38000276,,,0,0,0,0,17535,0,162864005,4060985,,,IMC 30+ - obesidade
4319,621,0,2015-05-20,2015-05-20,38000276,,,0,0,0,0,17595,0,444814009,40481087,,,Infecção viral das vias aéreas superiores
4320,621,0,2014-03-19,2014-03-19,38000276,,,0,0,0,0,17602,0,26929004,378419,,,Doença de Alzheimer
4321,621,0,2005-11-27,2005-11-27,38000276,,,0,0,0,0,17601,0,40055000,257012,,,Sinusite crônica
4322,621,0,1990-04-25,1990-04-25,38000276,,,0,0,0,0,17611,0,15777000,40316773,,,Pré-diabetes
4323,621,4323208,1985-03-23,1985-03-23,38000276,,,0,0,0,0,17594,0,428251008,4323208,,,Histórico de apendicectomia
4324,621,0,1985-03-23,1985-03-23,38000276,,,0,0,0,0,17596,0,74400008,440448,,,Apendicite
4325,621,0,1985-03-23,1985-03-23,38000276,,,0,0,0,0,17596,0,47693006,4166224,,,Ruptura de apêndice
4326,621,4256640,1950-03-29,1950-03-29,38000276,,,0,0,0,0,17604,0,408512008,4256640,,,Alcoolismo relatado pelo paciente
4327,621,4060985,1948-03-17,1948-03-17,38000276,,,0,0,0,0,17612,0,162864005,4060985,,,IMC 30+ - obesidade
4328,622,0,2018-03-05,2018-03-05,38000276,,,0,0,0,0,17618,0,370247008,4156265,,,Lesão facial
4329,622,0,2016-03-30,2016-03-30,38000276,,,0,0,0,0,17617,0,444814009,40481087,,,Infecção viral das vias aéreas superiores
4330,622,0,2014-06-23,2014-06-23,38000276,,,0,0,0,0,17624,0,444814009,40481087,,,Infecção viral das vias aéreas superiores
4331,622,0,2014-04-10,2014-04-10,38000276,,,0,0,0,0,17620,0,444814009,40481087,,,Infecção viral das vias aéreas superiores
4332,622,0,2013-11-26,2013-11-26,38000276,,,0,0,0,0,17615,0,444814009,40481087,,,Infecção viral das vias aéreas superiores
4333,622,0,2013-03-08,2013-03-08,38000276,,,0,0,0,0,17619,0,444814009,40481087,,,Infecção viral das vias aéreas superiores
4334,622,0,2009-06-24,2009-06-24,38000276,,,0,0,0,0,17623,0,10509002,260139,,,Bronquite aguda
4335,622,0,2006-04-08,2006-04-08,38000276,,,0,0,0,0,17616,0,38341003,316866,,,Hipertensão arterial
4336,622,0,1994-04-18,1994-04-18,38000276,,,0,0,0,0,17621,0,40055000,257012,,,Sinusite crônica
4337,623,0,2015-06-19,2015-06-19,38000276,,,0,0,0,0,17630,0,444814009,40481087,,,Infecção viral das vias aéreas superiores
4338,623,0,2013-07-27,2013-07-27,38000276,,,0,0,0,0,17646,0,40055000,257012,,,Sinusite crônica
4339,623,0,2013-06-22,2013-06-22,38000276,,,0,0,0,0,17626,0,36971009,4283893,,,Sinusite
4340,623,0,2004-03-15,2004-03-15,38000276,,,0,0,0,0,17650,0,230690007,381316,,,Acidente vascular cerebral
4341,623,0,1997-02-03,1997-02-03,38000276,,,0,0,0,0,17644,0,19169002,4078393,,,Aborto espontâneo na gravidez
4342,623,0,1986-12-01,1986-12-01,38000276,,,0,0,0,0,17639,0,15777000,40316773,,,Pré-diabetes
4343,623,0,1982-11-22,1982-11-22,38000276,,,0,0,0,0,17635,0,38341003,316866,,,Hipertensão arterial
4344,623,4060985,1977-10-24,1977-10-24,38000276,,,0,0,0,0,17631,0,162864005,4060985,,,IMC 30+ - obesidade
4345,624,0,2018-08-01,2018-08-01,38000276,,,0,0,0,0,17658,0,444814009,40481087,,,Infecção viral das vias aéreas superiores
4346,624,0,2018-07-18,2018-07-18,38000276,,,0,0,0,0,17668,0,284551006,4109685,,,Laceração de pé
4347,624,0,2014-01-19,2014-01-19,38000276,,,0,0,0,0,17652,0,195662009,4112343,,,Faringite viral aguda
4348,624,0,2010-10-28,2010-10-28,38000276,,,0,0,0,0,17663,0,58150001,4237458,,,Fratura de clavícula
4349,624,0,2009-09-03,2009-09-03,38000276,,,0,0,0,0,17664,0,62106007,378001,,,Concussão com perda de consciência
4350,625,0,2015-07-29,2015-07-29,38000276,,,0,0,0,0,17679,0,10509002,260139,,,Bronquite aguda
4351,625,4060985,2001-10-09,2001-10-09,38000276,,,0,0,0,0,17693,0,162864005,4060985,,,IMC 30+ - obesidade
4352,625,0,1992-12-29,1992-12-29,38000276,,,0,0,0,0,17692,0,19169002,4078393,,,Aborto espontâneo na gravidez
4353,625,0,1990-03-08,1990-03-08,38000276,,,0,0,0,0,17701,0,82423001,436096,,,Dor crônica
4354,626,4163874,2016-06-11,2016-06-11,38000276,,,0,0,0,0,17732,0,399211009,4163874,,,Histórico de infarto do miocárdio
4355,626,0,2016-06-11,2016-06-11,38000276,,,0,0,0,0,17732,0,22298006,4329847,,,Infarto do miocárdio
4356,626,0,2014-12-02,2014-12-02,38000276,,,0,0,0,0,17737,0,444814009,40481087,,,Infecção viral das vias aéreas superiores
4357,626,0,2014-08-08,2014-08-08,38000276,,,0,0,0,0,17741,0,444814009,40481087,,,Infecção viral das vias aéreas superiores
4358,626,0,2011-05-01,2011-05-01,38000276,,,0,0,0,0,17736,0,195662009,4112343,,,Faringite viral aguda
4359,626,0,2010-11-13,2010-11-13,38000276,,,0,0,0,0,17743,0,53741008,317576,,,Doença arterial coronariana
4360,626,0,2010-07-17,2010-07-17,38000276,,,0,0,0,0,17727,0,443165006,40480160,,,Faringite aguda
4361,626,0,2010-07-17,2010-07-17,38000276,,,0,0,0,0,17727,0,65966004,4278672,,,Fratura do fêmur
4362,626,0,2006-04-22,2006-04-22,38000276,,,0,0,0,0,17745,0,64859006,80502,,,Osteoporose
4363,626,0,1985-08-24,1985-08-24,38000276,,,0,0,0,0,17747,0,79586000,199076,,,Gravidez tubária
4364,626,0,1984-05-05,1984-05-05,38000276,,,0,0,0,0,17739,0,19169002,4078393,,,Aborto espontâneo na gravidez
4365,626,0,1979-04-08,1979-04-08,38000276,,,0,0,0,0,17728,0,239872002,4079749,,,Osteoartrite do quadril
4366,626,4060985,1970-02-28,1970-02-28,38000276,,,0,0,0,0,17742,0,162864005,4060985,,,IMC 30+ - obesidade
4367,626,0,1954-06-12,1954-06-12,38000276,,,0,0,0,0,17731,0,38341003,316866,,,Hipertensão arterial
4368,626,0,1947-04-16,1947-04-16,38000276,,,0,0,0,0,17746,0,84757009,380378,,,Epilepsia
4369,626,45766064,1947-04-16,1947-04-16,38000276,,,0,0,0,0,17746,0,703151001,45766064,,,Histórico de artroplastia de joelho
4370,626,0,1947-04-16,1947-04-16,38000276,,,0,0,0,0,17746,0,128613002,4029498,,,Transtorno convulsivo
4371,626,0,1939-04-25,1939-04-25,38000276,,,0,0,0,0,17733,0,232353008,4048171,,,Perfuração do tímpano
4372,627,0,2002-07-29,2002-07-29,38000276,,,0,0,0,0,17766,0,75498004,4294548,,,Infecção bacteriana aguda
4373,627,0,2001-01-21,2001-01-21,38000276,,,0,0,0,0,17802,0,10509002,260139,,,Bronquite aguda
4374,627,0,1995-07-23,1995-07-23,38000276,,,0,0,0,0,17789,0,444814009,40481087,,,Infecção viral das vias aéreas superiores
4375,627,0,1994-02-25,1994-02-25,38000276,,,0,0,0,0,17796,0,26929004,378419,,,Doença de Alzheimer
4376,627,0,1993-02-05,1993-02-05,38000276,,,0,0,0,0,17772,0,444814009,40481087,,,Infecção viral das vias aéreas superiores
4377,627,0,1989-09-08,1989-09-08,38000276,,,0,0,0,0,17787,0,230690007,381316,,,Acidente vascular cerebral
4378,627,0,1982-05-15,1982-05-15,38000276,,,0,0,0,0,17749,0,713197008,37017023,,,Fibrose cística recorrente
4379,627,0,1981-02-19,1981-02-19,38000276,,,0,0,0,0,17773,0,68496003,4285898,,,Pólipo do cólon
4380,627,0,1959-03-20,1959-03-20,38000276,,,0,0,0,0,17803,0,55822004,432867,,,Hiperlipidemia
4381,627,0,1945-09-28,1945-09-28,38000276,,,0,0,0,0,17804,0,15777000,40316773,,,Pré-diabetes
4382,627,0,1929-03-22,1929-03-22,38000276,,,0,0,0,0,17819,0,38341003,316866,,,Hipertensão arterial
4383,627,4323208,1926-02-21,1926-02-21,38000276,,,0,0,0,0,17817,0,428251008,4323208,,,Histórico de apendicectomia
4384,627,0,1926-02-21,1926-02-21,38000276,,,0,0,0,0,17765,0,74400008,440448,,,Apendicite
4385,627,0,1926-02-21,1926-02-21,38000276,,,0,0,0,0,17765,0,47693006,4166224,,,Ruptura de apêndice
4386,628,0,2018-01-23,2018-01-23,38000276,,,0,0,0,0,17828,0,307731004,4146173,,,Fibrilação atrial de início recente
4387,629,0,2017-10-18,2017-10-18,38000276,,,0,0,0,0,17841,0,302870006,4120314,,,Hipertrigliceridemia
4388,629,0,2017-05-05,2017-05-05,38000276,,,0,0,0,0,17852,0,444814009,40481087,,,Infecção viral das vias aéreas superiores
4389,629,0,2016-03-28,2016-03-28,38000276,,,0,0,0,0,17847,0,195662009,4112343,,,Faringite viral aguda
4390,629,0,2014-10-15,2014-10-15,38000276,,,0,0,0,0,17834,0,44054006,201826,,,Diabetes mellitus tipo 2
4391,629,0,2014-10-15,2014-10-15,38000276,,,0,0,0,0,17834,0,38341003,316866,,,Hipertensão arterial
4392,629,0,2014-04-30,2014-04-30,38000276,,,0,0,0,0,17831,0,72892002,4217975,,,Otite média não supurativa
4393,629,0,2011-10-04,2011-10-04,38000276,,,0,0,0,0,17833,0,10509002,260139,,,Bronquite aguda
4394,629,0,2011-04-23,2011-04-23,38000276,,,0,0,0,0,17850,0,444814009,40481087,,,Infecção viral das vias aéreas superiores
4395,629,0,2009-02-18,2009-02-18,38000276,,,0,0,0,0,17848,0,156073000,40318618,,,Obesidade
4396,629,0,2009-02-18,2009-02-18,38000276,,,0,0,0,0,17848,0,19169002,4078393,,,Aborto espontâneo na gravidez
4397,629,0,2009-02-18,2009-02-18,38000276,,,0,0,0,0,17848,0,72892002,4217975,,,Otite média não supurativa
4398,629,0,2006-06-15,2006-06-15,38000276,,,0,0,0,0,17849,0,271737000,439777,,,Anemia
4399,630,4168004,2008-08-13,2008-08-13,38000276,,,0,0,0,0,17856,0,48333001,4168004,,,Queimadura de primeiro grau
4400,630,4256640,2006-03-18,2006-03-18,38000276,,,0,0,0,0,17868,0,408512008,4256640,,,Alcoolismo relatado pelo paciente
4401,630,0,2004-03-04,2004-03-04,38000276,,,0,0,0,0,17859,0,10509002,260139,,,Bronquite aguda
4402,630,4060985,1990-05-05,1990-05-05,38000276,,,0,0,0,0,17858,0,162864005,4060985,,,IMC 30+ - obesidade
4403,630,0,1974-02-18,1974-02-18,38000276,,,0,0,0,0,17855,0,40055000,257012,,,Sinusite crônica
4404,631,0,2017-08-15,2017-08-15,38000276,,,0,0,0,0,17886,0,284551006,4109685,,,Laceração de pé
4405,631,0,2017-08-07,2017-08-07,38000276,,,0,0,0,0,17883,0,195662009,4112343,,,Faringite viral aguda
4406,631,0,2017-06-27,2017-06-27,38000276,,,0,0,0,0,17874,0,195662009,4112343,,,Faringite viral aguda
4407,631,0,2016-08-22,2016-08-22,38000276,,,0,0,0,0,17887,0,70704007,78272,,,Entorse de punho
4408,631,0,2012-09-12,2012-09-12,38000276,,,0,0,0,0,17871,0,33737001,4142905,,,Fratura de rádio
4409,631,0,2012-02-13,2012-02-13,38000276,,,0,0,0,0,17878,0,195662009,4112343,,,Faringite viral aguda
4410,631,0,2010-10-08,2010-10-08,38000276,,,0,0,0,0,17884,0,43878008,28060,,,Faringite estreptocócica
4411,631,0,2010-07-30,2010-07-30,38000276,,,0,0,0,0,17870,0,444814009,40481087,,,Infecção viral das vias aéreas superiores
4412,631,0,2009-06-14,2009-06-14,38000276,,,0,0,0,0,17882,0,65363002,372328,,,Otite média
4413,632,0,2018-12-11,2018-12-11,38000276,,,0,0,0,0,17907,0,10509002,260139,,,Bronquite aguda
4414,632,0,2015-12-15,2015-12-15,38000276,,,0,0,0,0,17905,0,62106007,378001,,,Concussão com perda de consciência
4415,632,0,2012-10-16,2012-10-16,38000276,,,0,0,0,0,17894,0,55822004,432867,,,Hiperlipidemia
4416,632,4060985,2010-07-13,2010-07-13,38000276,,,0,0,0,0,17906,0,162864005,4060985,,,IMC 30+ - obesidade
4417,632,4323208,2001-10-05,2001-10-05,38000276,,,0,0,0,0,17900,0,428251008,4323208,,,Histórico de apendicectomia
4418,632,0,2001-10-05,2001-10-05,38000276,,,0,0,0,0,17892,0,74400008,440448,,,Apendicite
4419,632,0,1995-01-24,1995-01-24,38000276,,,0,0,0,0,17895,0,19169002,4078393,,,Aborto espontâneo na gravidez
4420,634,0,2012-10-23,2012-10-23,38000276,,,0,0,0,0,17917,0,43878008,28060,,,Faringite estreptocócica
4421,634,0,2010-03-01,2010-03-01,38000276,,,0,0,0,0,17940,0,444814009,40481087,,,Infecção viral das vias aéreas superiores
4422,634,0,1991-01-06,1991-01-06,38000276,,,0,0,0,0,17918,0,196416002,4055754,,,Esofagite por refluxo
4423,634,0,1990-06-12,1990-06-12,38000276,,,0,0,0,0,17952,0,124171000119105,43530652,,,Nefropatia diabética crônica
4424,634,0,1990-04-06,1990-04-06,38000276,,,0,0,0,0,17920,0,82423001,436096,,,Dor crônica
4425,634,0,1988-05-07,1988-05-07,38000276,,,0,0,0,0,17914,0,15777000,40316773,,,Pré-diabetes
4426,634,0,1970-06-28,1970-06-28,38000276,,,0,0,0,0,17953,0,40055000,257012,,,Sinusite crônica
4427,635,0,2018-07-31,2018-07-31,38000276,,,0,0,0,0,17974,0,68496003,4285898,,,Pólipo do cólon
4428,635,0,2018-06-28,2018-06-28,38000276,,,0,0,0,0,17976,0,443165006,40480160,,,Faringite aguda
4429,635,0,2018-06-28,2018-06-28,38000276,,,0,0,0,0,17976,0,359817006,4230399,,,Doença renal crônica estágio 2
4430,635,0,2017-09-29,2017-09-29,38000276,,,0,0,0,0,17978,0,10509002,260139,,,Bronquite aguda
4431,635,0,2016-03-27,2016-03-27,38000276,,,0,0,0,0,17983,0,444814009,40481087,,,Infecção viral das vias aéreas superiores
4432,635,0,2012-06-03,2012-06-03,38000276,,,0,0,0,0,17979,0,10509002,260139,,,Bronquite aguda
4433,635,0,2011-12-26,2011-12-26,38000276,,,0,0,0,0,17985,0,444814009,40481087,,,Infecção viral das vias aéreas superiores
4434,635,0,2009-09-17,2009-09-17,38000276,,,0,0,0,0,17962,0,444814009,40481087,,,Infecção viral das vias aéreas superiores
4435,635,0,2008-10-01,2008-10-01,38000276,,,0,0,0,0,17969,0,64859006,80502,,,Osteoporose
4436,635,0,2004-03-27,2004-03-27,38000276,,,0,0,0,0,17963,0,40055000,257012,,,Sinusite crônica
4437,635,0,2003-03-31,2003-03-31,38000276,,,0,0,0,0,17984,0,82423001,436096,,,Dor crônica
4438,635,0,1996-08-28,1996-08-28,38000276,,,0,0,0,0,17968,0,15777000,40316773,,,Pré-diabetes
4439,635,4060985,1988-08-10,1988-08-10,38000276,,,0,0,0,0,17980,0,162864005,4060985,,,IMC 30+ - obesidade
4440,635,0,1983-01-26,1983-01-26,38000276,,,0,0,0,0,17972,0,19169002,4078393,,,Aborto espontâneo na gravidez
4441,636,0,2018-11-25,2018-11-25,38000276,,,0,0,0,0,18017,0,195662009,4112343,,,Faringite viral aguda
4442,636,0,2018-02-27,2018-02-27,38000276,,,0,0,0,0,17994,0,72892002,4217975,,,Otite média não supurativa
4443,636,0,2017-08-01,2017-08-01,38000276,,,0,0,0,0,18046,0,198992004,137613,,,Pré-eclâmpsia leve
4444,636,0,2017-01-17,2017-01-17,38000276,,,0,0,0,0,18001,0,72892002,4217975,,,Otite média não supurativa
4445,636,0,2015-12-20,2015-12-20,38000276,,,0,0,0,0,18009,0,40055000,257012,,,Sinusite crônica
4446,636,0,2015-11-24,2015-11-24,38000276,,,0,0,0,0,17992,0,72892002,4217975,,,Otite média não supurativa
4447,636,0,2015-11-08,2015-11-08,38000276,,,0,0,0,0,18060,0,75498004,4294548,,,Infecção bacteriana aguda
4448,636,0,2012-01-17,2012-01-17,38000276,,,0,0,0,0,18012,0,72892002,4217975,,,Otite média não supurativa
4449,636,0,2011-05-05,2011-05-05,38000276,,,0,0,0,0,18044,0,10509002,260139,,,Bronquite aguda
4450,636,0,2005-03-01,2005-03-01,38000276,,,0,0,0,0,18037,0,38341003,316866,,,Hipertensão arterial
4451,637,0,2013-03-10,2013-03-10,38000276,,,0,0,0,0,18090,0,444814009,40481087,,,Infecção viral das vias aéreas superiores
4452,637,0,2009-11-18,2009-11-18,38000276,,,0,0,0,0,18083,0,109838007,79740,,,Carcinoma de cólon
4453,637,0,2009-11-10,2009-11-10,38000276,,,0,0,0,0,18082,0,68496003,4285898,,,Pólipo do cólon
4454,637,0,2003-11-17,2003-11-17,38000276,,,0,0,0,0,18095,0,68496003,4285898,,,Pólipo do cólon
4455,637,0,1992-10-25,1992-10-25,38000276,,,0,0,0,0,18071,0,68496003,4285898,,,Pólipo do cólon
4456,637,0,1986-10-14,1986-10-14,38000276,,,0,0,0,0,18096,0,201834006,75036,,,Dermatite perioral
4457,637,0,1983-06-26,1983-06-26,38000276,,,0,0,0,0,18072,0,15777000,40316773,,,Pré-diabetes
4458,637,4060985,1977-02-13,1977-02-13,38000276,,,0,0,0,0,18068,0,162864005,4060985,,,IMC 30+ - obesidade
4459,637,0,1948-12-23,1948-12-23,38000276,,,0,0,0,0,18093,0,40055000,257012,,,Sinusite crônica
4460,638,4324181,1986-05-19,1986-05-19,38000276,,,0,0,0,0,18105,0,429007001,4324181,,,Histórico de infarto
4461,638,0,1986-05-19,1986-05-19,38000276,,,0,0,0,0,18105,0,410429000,321042,,,Parada cardíaca
4462,638,0,1984-10-18,1984-10-18,38000276,,,0,0,0,0,18123,0,444814009,40481087,,,Infecção viral das vias aéreas superiores
4463,638,0,1983-10-31,1983-10-31,38000276,,,0,0,0,0,18112,0,195662009,4112343,,,Faringite viral aguda
4464,638,0,1982-07-04,1982-07-04,38000276,,,0,0,0,0,18107,0,444814009,40481087,,,Infecção viral das vias aéreas superiores
4465,638,0,1981-07-20,1981-07-20,38000276,,,0,0,0,0,18106,0,444814009,40481087,,,Infecção viral das vias aéreas superiores
4466,638,0,1981-06-06,1981-06-06,38000276,,,0,0,0,0,18114,0,444814009,40481087,,,Infecção viral das vias aéreas superiores
4467,638,0,1980-12-22,1980-12-22,38000276,,,0,0,0,0,18103,0,53741008,317576,,,Doença arterial coronariana
4468,638,0,1979-10-09,1979-10-09,38000276,,,0,0,0,0,18116,0,195662009,4112343,,,Faringite viral aguda
4469,638,0,1976-07-31,1976-07-31,38000276,,,0,0,0,0,18130,0,88805009,4229440,,,Cardiomiopatia isquêmica crônica
4470,638,0,1968-10-14,1968-10-14,38000276,,,0,0,0,0,18108,0,64859006,80502,,,Osteoporose
4471,638,4256640,1949-03-14,1949-03-14,38000276,,,0,0,0,0,18128,0,408512008,4256640,,,Alcoolismo relatado pelo paciente
4472,638,4323208,1948-08-09,1948-08-09,38000276,,,0,0,0,0,18120,0,428251008,4323208,,,Histórico de apendicectomia
4473,638,0,1948-08-09,1948-08-09,38000276,,,0,0,0,0,18133,0,74400008,440448,,,Apendicite
4474,638,0,1948-08-09,1948-08-09,38000276,,,0,0,0,0,18133,0,47693006,4166224,,,Ruptura de apêndice
4475,638,0,1936-08-10,1936-08-10,38000276,,,0,0,0,0,18104,0,271737000,439777,,,Anemia
4476,638,4060985,1934-04-30,1934-04-30,38000276,,,0,0,0,0,18121,0,162864005,4060985,,,IMC 30+ - obesidade
4477,638,0,1932-12-26,1932-12-26,38000276,,,0,0,0,0,18122,0,19169002,4078393,,,Aborto espontâneo na gravidez
4478,639,0,2016-09-23,2016-09-23,38000276,,,0,0,0,0,18138,0,65363002,372328,,,Otite média
4479,639,0,2010-10-18,2010-10-18,38000276,,,0,0,0,0,18137,0,444814009,40481087,,,Infecção viral das vias aéreas superiores
4480,640,0,2017-08-21,2017-08-21,38000276,,,0,0,0,0,18172,0,195662009,4112343,,,Faringite viral aguda
4481,640,0,2013-11-18,2013-11-18,38000276,,,0,0,0,0,18170,0,10509002,260139,,,Bronquite aguda
4482,640,0,2012-02-01,2012-02-01,38000276,,,0,0,0,0,18194,0,39848009,4218389,,,Lesão em chicote do pescoço
4483,640,0,2009-03-04,2009-03-04,38000276,,,0,0,0,0,18195,0,44465007,81151,,,Entorse de tornozelo
4484,640,4060985,2008-03-05,2008-03-05,38000276,,,0,0,0,0,18152,0,162864005,4060985,,,IMC 30+ - obesidade
4485,640,0,1997-09-08,1997-09-08,38000276,,,0,0,0,0,18196,0,55680006,4208104,,,Overdose de droga
4486,640,0,1991-06-04,1991-06-04,38000276,,,0,0,0,0,18183,0,40055000,257012,,,Sinusite crônica
4487,640,0,1990-12-16,1990-12-16,38000276,,,0,0,0,0,18150,0,124171000119105,43530652,,,Nefropatia diabética crônica
4488,640,0,1990-03-25,1990-03-25,38000276,,,0,0,0,0,18151,0,82423001,436096,,,Dor crônica
4489,640,0,1990-02-02,1990-02-02,38000276,,,0,0,0,0,18184,0,196416002,4055754,,,Esofagite por refluxo
4490,640,0,1975-05-23,1975-05-23,38000276,,,0,0,0,0,18162,0,367498001,4280726,,,Gripe sazonal
4491,641,0,2017-07-11,2017-07-11,38000276,,,0,0,0,0,18207,0,10509002,260139,,,Bronquite aguda
4492,641,0,2015-06-20,2015-06-20,38000276,,,0,0,0,0,18210,0,444814009,40481087,,,Infecção viral das vias aéreas superiores
4493,641,4256640,1971-07-02,1971-07-02,38000276,,,0,0,0,0,18212,0,408512008,4256640,,,Alcoolismo relatado pelo paciente
4494,641,4060985,1956-02-10,1956-02-10,38000276,,,0,0,0,0,18206,0,162864005,4060985,,,IMC 30+ - obesidade
4495,641,0,1949-10-10,1949-10-10,38000276,,,0,0,0,0,18214,0,40055000,257012,,,Sinusite crônica
4496,641,0,1946-03-01,1946-03-01,38000276,,,0,0,0,0,18204,0,19169002,4078393,,,Aborto espontâneo na gravidez
4497,642,0,2017-09-05,2017-09-05,38000276,,,0,0,0,0,18230,0,444814009,40481087,,,Infecção viral das vias aéreas superiores
4498,642,0,2017-07-09,2017-07-09,38000276,,,0,0,0,0,18234,0,444814009,40481087,,,Infecção viral das vias aéreas superiores
4499,642,0,2015-11-15,2015-11-15,38000276,,,0,0,0,0,18220,0,10509002,260139,,,Bronquite aguda
4500,642,0,2014-08-21,2014-08-21,38000276,,,0,0,0,0,18219,0,26929004,378419,,,Doença de Alzheimer
4501,642,0,2014-05-21,2014-05-21,38000276,,,0,0,0,0,18241,0,195662009,4112343,,,Faringite viral aguda
4502,642,0,2013-11-11,2013-11-11,38000276,,,0,0,0,0,18225,0,10509002,260139,,,Bronquite aguda
4503,642,0,2009-11-26,2009-11-26,38000276,,,0,0,0,0,18227,0,444814009,40481087,,,Infecção viral das vias aéreas superiores
4504,642,0,2004-03-14,2004-03-14,38000276,,,0,0,0,0,18237,0,68496003,4285898,,,Pólipo do cólon
4505,642,0,2003-05-01,2003-05-01,38000276,,,0,0,0,0,18239,0,196416002,4055754,,,Esofagite por refluxo
4506,642,4256640,1993-06-17,1993-06-17,38000276,,,0,0,0,0,18233,0,408512008,4256640,,,Alcoolismo relatado pelo paciente
4507,642,4060985,1977-11-17,1977-11-17,38000276,,,0,0,0,0,18217,0,162864005,4060985,,,IMC 30+ - obesidade
4508,643,0,1993-09-01,1993-09-01,38000276,,,0,0,0,0,18264,0,363406005,4180790,,,Neoplasia maligna do cólon
4509,643,0,1993-08-25,1993-08-25,38000276,,,0,0,0,0,18242,0,236077008,4341247,,,Prostatite crônica
4510,643,0,1993-08-25,1993-08-25,38000276,,,0,0,0,0,18242,0,6072007,4245614,,,Prolapso de válvula mitral
4511,643,0,1991-05-18,1991-05-18,38000276,,,0,0,0,0,18247,0,444814009,40481087,,,Infecção viral das vias aéreas superiores
4512,643,4060985,1982-09-23,1982-09-23,38000276,,,0,0,0,0,18263,0,162864005,4060985,,,IMC 30+ - obesidade
4513,644,0,2015-12-22,2015-12-22,38000276,,,0,0,0,0,18278,0,16114001,4059173,,,Fratura de tornozelo
4514,644,0,2014-03-28,2014-03-28,38000276,,,0,0,0,0,18269,0,10509002,260139,,,Bronquite aguda
4515,644,0,2012-05-11,2012-05-11,38000276,,,0,0,0,0,18282,0,62564004,375671,,,Concussão sem perda de consciência
4516,644,0,2010-09-01,2010-09-01,38000276,,,0,0,0,0,18289,0,156073000,40318618,,,Obesidade
4517,644,0,2010-09-01,2010-09-01,38000276,,,0,0,0,0,18289,0,19169002,4078393,,,Aborto espontâneo na gravidez
4518,644,0,2010-09-01,2010-09-01,38000276,,,0,0,0,0,18289,0,72892002,4217975,,,Otite média não supurativa
4519,644,0,2009-10-07,2009-10-07,38000276,,,0,0,0,0,18273,0,72892002,4217975,,,Otite média não supurativa
4520,644,0,2002-09-25,2002-09-25,38000276,,,0,0,0,0,18267,0,15777000,40316773,,,Pré-diabetes
4521,644,0,2002-09-25,2002-09-25,38000276,,,0,0,0,0,18267,0,38341003,316866,,,Hipertensão arterial
4522,645,0,1996-06-18,1996-06-18,38000276,,,0,0,0,0,18308,0,233604007,255848,,,Pneumonia
4523,645,0,1992-09-25,1992-09-25,38000276,,,0,0,0,0,18317,0,230690007,381316,,,Acidente vascular cerebral
4524,645,0,1990-11-25,1990-11-25,38000276,,,0,0,0,0,18303,0,68496003,4285898,,,Pólipo do cólon
4525,645,0,1987-09-04,1987-09-04,38000276,,,0,0,0,0,18305,0,26929004,378419,,,Doença de Alzheimer
4526,645,0,1987-02-03,1987-02-03,38000276,,,0,0,0,0,18304,0,10509002,260139,,,Bronquite aguda
4527,645,0,1971-01-29,1971-01-29,38000276,,,0,0,0,0,18302,0,64859006,80502,,,Osteoporose
4528,645,0,1970-03-31,1970-03-31,38000276,,,0,0,0,0,18314,0,40055000,257012,,,Sinusite crônica
4529,645,0,1961-11-19,1961-11-19,38000276,,,0,0,0,0,18300,0,201834006,75036,,,Dermatite perioral
4530,645,0,1948-01-02,1948-01-02,38000276,,,0,0,0,0,18312,0,15777000,40316773,,,Pré-diabetes
4531,645,0,1935-05-31,1935-05-31,38000276,,,0,0,0,0,18299,0,19169002,4078393,,,Aborto espontâneo na gravidez
4532,646,0,2016-03-22,2016-03-22,38000276,,,0,0,0,0,18335,0,72892002,4217975,,,Otite média não supurativa
4533,646,0,2014-07-10,2014-07-10,38000276,,,0,0,0,0,18342,0,195662009,4112343,,,Faringite viral aguda
4534,646,0,2014-01-30,2014-01-30,38000276,,,0,0,0,0,18328,0,10509002,260139,,,Bronquite aguda
4535,646,0,2011-09-18,2011-09-18,38000276,,,0,0,0,0,18339,0,444814009,40481087,,,Infecção viral das vias aéreas superiores
4536,646,0,2011-03-29,2011-03-29,38000276,,,0,0,0,0,18346,0,44465007,81151,,,Entorse de tornozelo
4537,646,0,2009-11-21,2009-11-21,38000276,,,0,0,0,0,18323,0,43878008,28060,,,Faringite estreptocócica
4538,647,0,2017-03-23,2017-03-23,38000276,,,0,0,0,0,18372,0,16114001,4059173,,,Fratura de tornozelo
4539,647,0,2011-12-26,2011-12-26,38000276,,,0,0,0,0,18358,0,444814009,40481087,,,Infecção viral das vias aéreas superiores
4540,647,0,2010-12-20,2010-12-20,38000276,,,0,0,0,0,18382,0,403190006,4296204,,,Queimadura solar de primeiro grau
4541,647,0,2010-08-09,2010-08-09,38000276,,,0,0,0,0,18375,0,10509002,260139,,,Bronquite aguda
4542,647,0,2003-05-24,2003-05-24,38000276,,,0,0,0,0,18348,0,55822004,432867,,,Hiperlipidemia
4543,647,0,1988-05-21,1988-05-21,38000276,,,0,0,0,0,18366,0,15777000,40316773,,,Pré-diabetes
4544,647,0,1985-05-01,1985-05-01,38000276,,,0,0,0,0,18354,0,239873007,4079750,,,Osteoartrite do joelho
4545,647,4060985,1977-08-20,1977-08-20,38000276,,,0,0,0,0,18370,0,162864005,4060985,,,IMC 30+ - obesidade
4546,648,0,2013-10-18,2013-10-18,38000276,,,0,0,0,0,18388,0,444814009,40481087,,,Infecção viral das vias aéreas superiores
4547,648,0,2011-07-22,2011-07-22,38000276,,,0,0,0,0,18397,0,10509002,260139,,,Bronquite aguda
4548,648,0,2000-08-08,2000-08-08,38000276,,,0,0,0,0,18396,0,367498001,4280726,,,Gripe sazonal
4549,649,0,2018-10-14,2018-10-14,38000276,,,0,0,0,0,18408,0,10509002,260139,,,Bronquite aguda
4550,649,0,2016-06-02,2016-06-02,38000276,,,0,0,0,0,18414,0,444814009,40481087,,,Infecção viral das vias aéreas superiores
4551,649,0,2013-09-17,2013-09-17,38000276,,,0,0,0,0,18415,0,444814009,40481087,,,Infecção viral das vias aéreas superiores
4552,649,0,2012-09-30,2012-09-30,38000276,,,0,0,0,0,18417,0,233678006,4051466,,,Asma na infância
4553,649,0,2012-09-30,2012-09-30,38000276,,,0,0,0,0,18417,0,367498001,4280726,,,Gripe sazonal
4554,649,0,2011-10-19,2011-10-19,38000276,,,0,0,0,0,18418,0,241929008,4084167,,,Reação alérgica a alimento
4555,649,0,2011-06-24,2011-06-24,38000276,,,0,0,0,0,18424,0,195662009,4112343,,,Faringite viral aguda
4556,650,0,2018-12-30,2018-12-30,38000276,,,0,0,0,0,18446,0,444814009,40481087,,,Infecção viral das vias aéreas superiores
4557,650,0,2015-04-29,2015-04-29,38000276,,,0,0,0,0,18507,0,44465007,81151,,,Entorse de tornozelo
4558,650,0,2008-12-29,2008-12-29,38000276,,,0,0,0,0,18512,0,64859006,80502,,,Osteoporose
4559,650,0,1990-01-29,1990-01-29,38000276,,,0,0,0,0,18479,0,368581000119106,37016354,,,Neuropatia por diabetes tipo 2
4560,650,0,1990-01-29,1990-01-29,38000276,,,0,0,0,0,18479,0,1551000119108,43530656,,,Retinopatia diabética não proliferativa
4561,650,0,1990-01-29,1990-01-29,38000276,,,0,0,0,0,18479,0,422034002,4226121,,,Retinopatia diabética proliferativa
4562,650,0,1990-01-29,1990-01-29,38000276,,,0,0,0,0,18479,0,90781000119102,45769905,,,Doença renal crônica por diabetes
4563,650,0,1990-01-29,1990-01-29,38000276,,,0,0,0,0,18479,0,431856006,443601,,,Doença renal crônica estágio 4
4564,650,0,1990-01-29,1990-01-29,38000276,,,0,0,0,0,18479,0,15777000,40316773,,,Pré-diabetes
4565,650,0,1974-03-04,1974-03-04,38000276,,,0,0,0,0,18477,0,127013003,192279,,,Nefropatia diabética
4566,650,0,1974-03-04,1974-03-04,38000276,,,0,0,0,0,18477,0,431855005,443614,,,Doença renal crônica estágio 1
4567,650,0,1974-03-04,1974-03-04,38000276,,,0,0,0,0,18477,0,237602007,436940,,,Síndrome metabólica
4568,650,0,1974-03-04,1974-03-04,38000276,,,0,0,0,0,18477,0,302870006,4120314,,,Hipertrigliceridemia
4569,650,0,1971-03-01,1971-03-01,38000276,,,0,0,0,0,18448,0,44054006,201826,,,Diabetes mellitus tipo 2
4570,650,0,1968-02-12,1968-02-12,38000276,,,0,0,0,0,18436,0,370143000,4152280,,,Transtorno depressivo maior
4571,650,0,1954-02-26,1954-02-26,38000276,,,0,0,0,0,18505,0,444814009,40481087,,,Infecção viral das vias aéreas superiores
4572,650,0,1953-02-09,1953-02-09,38000276,,,0,0,0,0,18506,0,444814009,40481087,,,Infecção viral das vias aéreas superiores
4573,652,0,2010-07-14,2010-07-14,38000276,,,0,0,0,0,18534,0,444814009,40481087,,,Infecção viral das vias aéreas superiores
4574,652,0,1996-12-29,1996-12-29,38000276,,,0,0,0,0,18527,0,64859006,80502,,,Osteoporose
4575,652,0,1988-12-27,1988-12-27,38000276,,,0,0,0,0,18529,0,40055000,257012,,,Sinusite crônica
4576,652,0,1984-02-03,1984-02-03,38000276,,,0,0,0,0,18542,0,197927001,4056621,,,Uretrite recorrente
4577,652,0,1983-10-16,1983-10-16,38000276,,,0,0,0,0,18536,0,230690007,381316,,,Acidente vascular cerebral
4578,652,0,1982-06-27,1982-06-27,38000276,,,0,0,0,0,18536,0,15777000,40316773,,,Pré-diabetes
4579,652,4060985,1973-06-10,1973-06-10,38000276,,,0,0,0,0,18530,0,162864005,4060985,,,IMC 30+ - obesidade
4580,653,0,2016-03-03,2016-03-03,38000276,,,0,0,0,0,18556,0,307731004,4146173,,,Fibrilação atrial de início recente
4581,653,0,2011-07-07,2011-07-07,38000276,,,0,0,0,0,18553,0,44465007,81151,,,Entorse de tornozelo
4582,653,0,2009-10-15,2009-10-15,38000276,,,0,0,0,0,18555,0,65363002,372328,,,Otite média
4583,654,0,2018-10-29,2018-10-29,38000276,,,0,0,0,0,18567,0,65966004,4278672,,,Fratura do fêmur
4584,654,0,2016-10-24,2016-10-24,38000276,,,0,0,0,0,18590,0,195662009,4112343,,,Faringite viral aguda
4585,654,0,1996-08-06,1996-08-06,38000276,,,0,0,0,0,18594,0,55822004,432867,,,Hiperlipidemia
4586,654,4256640,1988-08-02,1988-08-02,38000276,,,0,0,0,0,18588,0,408512008,4256640,,,Alcoolismo relatado pelo paciente
4587,654,4060985,1971-06-29,1971-06-29,38000276,,,0,0,0,0,18591,0,162864005,4060985,,,IMC 30+ - obesidade
4588,656,0,2018-01-17,2018-01-17,38000276,,,0,0,0,0,18655,0,444814009,40481087,,,Infecção viral das vias aéreas superiores
4589,656,0,2017-09-08,2017-09-08,38000276,,,0,0,0,0,18666,0,10509002,260139,,,Bronquite aguda
4590,656,0,2016-07-12,2016-07-12,38000276,,,0,0,0,0,18639,0,444814009,40481087,,,Infecção viral das vias aéreas superiores
4591,656,0,2014-08-12,2014-08-12,38000276,,,0,0,0,0,18646,0,195662009,4112343,,,Faringite viral aguda
4592,656,0,2011-03-14,2011-03-14,38000276,,,0,0,0,0,18630,0,444814009,40481087,,,Infecção viral das vias aéreas superiores
4593,656,4060985,2002-02-09,2002-02-09,38000276,,,0,0,0,0,18610,0,162864005,4060985,,,IMC 30+ - obesidade
4594,656,0,1998-04-19,1998-04-19,38000276,,,0,0,0,0,18624,0,55680006,4208104,,,Overdose de droga
4595,656,0,1990-12-13,1990-12-13,38000276,,,0,0,0,0,18613,0,196416002,4055754,,,Esofagite por refluxo
4596,656,0,1990-10-09,1990-10-09,38000276,,,0,0,0,0,18633,0,124171000119105,43530652,,,Nefropatia diabética crônica
4597,656,0,1990-06-20,1990-06-20,38000276,,,0,0,0,0,18645,0,82423001,436096,,,Dor crônica
4598,656,0,1989-01-21,1989-01-21,38000276,,,0,0,0,0,18664,0,38341003,316866,,,Hipertensão arterial
4599,657,0,2018-07-18,2018-07-18,38000276,,,0,0,0,0,18671,0,72892002,4217975,,,Otite média não supurativa
4600,657,0,2017-12-30,2017-12-30,38000276,,,0,0,0,0,18672,0,444814009,40481087,,,Infecção viral das vias aéreas superiores
4601,657,0,2014-08-04,2014-08-04,38000276,,,0,0,0,0,18670,0,195662009,4112343,,,Faringite viral aguda
4602,657,0,2013-11-27,2013-11-27,38000276,,,0,0,0,0,18675,0,38341003,316866,,,Hipertensão arterial
4603,657,0,2013-02-27,2013-02-27,38000276,,,0,0,0,0,18674,0,72892002,4217975,,,Otite média não supurativa
4604,657,0,2012-11-13,2012-11-13,38000276,,,0,0,0,0,18683,0,444814009,40481087,,,Infecção viral das vias aéreas superiores
4605,657,0,2012-05-27,2012-05-27,38000276,,,0,0,0,0,18704,0,10509002,260139,,,Bronquite aguda
4606,657,0,2011-04-03,2011-04-03,38000276,,,0,0,0,0,18691,0,444814009,40481087,,,Infecção viral das vias aéreas superiores
4607,657,0,2010-11-08,2010-11-08,38000276,,,0,0,0,0,18701,0,195662009,4112343,,,Faringite viral aguda
4608,658,0,2014-02-25,2014-02-25,38000276,,,0,0,0,0,18719,0,10509002,260139,,,Bronquite aguda
4609,658,0,2009-11-14,2009-11-14,38000276,,,0,0,0,0,18733,0,370247008,4156265,,,Lesão facial
4610,658,0,2000-01-25,2000-01-25,38000276,,,0,0,0,0,18708,0,55822004,432867,,,Hiperlipidemia
4611,658,4256640,1994-09-27,1994-09-27,38000276,,,0,0,0,0,18711,0,408512008,4256640,,,Alcoolismo relatado pelo paciente
4612,658,4060985,1975-02-18,1975-02-18,38000276,,,0,0,0,0,18726,0,162864005,4060985,,,IMC 30+ - obesidade
4613,658,0,1971-02-09,1971-02-09,38000276,,,0,0,0,0,18737,0,38341003,316866,,,Hipertensão arterial
4614,658,0,1956-09-22,1956-09-22,38000276,,,0,0,0,0,18738,0,232353008,4048171,,,Perfuração do tímpano
4615,659,0,2017-03-07,2017-03-07,38000276,,,0,0,0,0,18756,0,444814009,40481087,,,Infecção viral das vias aéreas superiores
4616,659,0,2014-09-22,2014-09-22,38000276,,,0,0,0,0,18750,0,444814009,40481087,,,Infecção viral das vias aéreas superiores
4617,659,0,2010-08-29,2010-08-29,38000276,,,0,0,0,0,18759,0,444814009,40481087,,,Infecção viral das vias aéreas superiores
4618,659,0,2010-07-31,2010-07-31,38000276,,,0,0,0,0,18749,0,44465007,81151,,,Entorse de tornozelo
4619,659,4323208,2004-05-23,2004-05-23,38000276,,,0,0,0,0,18753,0,428251008,4323208,,,Histórico de apendicectomia
4620,659,0,2004-05-23,2004-05-23,38000276,,,0,0,0,0,18754,0,74400008,440448,,,Apendicite
4621,660,4163874,2000-01-22,2000-01-22,38000276,,,0,0,0,0,18766,0,399211009,4163874,,,Histórico de infarto do miocárdio
4622,660,0,2000-01-22,2000-01-22,38000276,,,0,0,0,0,18766,0,22298006,4329847,,,Infarto do miocárdio
4623,660,0,1999-06-07,1999-06-07,38000276,,,0,0,0,0,18764,0,10509002,260139,,,Bronquite aguda
4624,660,0,1993-04-24,1993-04-24,38000276,,,0,0,0,0,18763,0,15777000,40316773,,,Pré-diabetes
4625,660,0,1993-03-21,1993-03-21,38000276,,,0,0,0,0,18760,0,44465007,81151,,,Entorse de tornozelo
4626,660,0,1992-06-08,1992-06-08,38000276,,,0,0,0,0,18768,0,195662009,4112343,,,Faringite viral aguda
4627,660,0,1992-03-30,1992-03-30,38000276,,,0,0,0,0,18772,0,444814009,40481087,,,Infecção viral das vias aéreas superiores
4628,660,0,1987-04-18,1987-04-18,38000276,,,0,0,0,0,18761,0,53741008,317576,,,Doença arterial coronariana
4629,661,0,2018-07-23,2018-07-23,38000276,,,0,0,0,0,18778,0,263102004,4134304,,,Ruptura de menisco
4630,661,0,2016-11-02,2016-11-02,38000276,,,0,0,0,0,18784,0,444814009,40481087,,,Infecção viral das vias aéreas superiores
4631,661,0,2016-07-12,2016-07-12,38000276,,,0,0,0,0,18791,0,284549007,4113008,,,Laceração de mão
4632,661,0,2015-05-28,2015-05-28,38000276,,,0,0,0,0,18782,0,283385000,4152936,,,Laceração de ombro
4633,661,0,2012-08-10,2012-08-10,38000276,,,0,0,0,0,18781,0,444814009,40481087,,,Infecção viral das vias aéreas superiores
4634,661,0,2011-03-13,2011-03-13,38000276,,,0,0,0,0,18786,0,444470001,40479768,,,Lesão do nervo ulnar
4635,661,0,2009-05-28,2009-05-28,38000276,,,0,0,0,0,18789,0,75498004,4294548,,,Infecção bacteriana aguda
4636,662,0,2013-04-12,2013-04-12,38000276,,,0,0,0,0,18803,0,444814009,40481087,,,Infecção viral das vias aéreas superiores
4637,662,0,2012-11-09,2012-11-09,38000276,,,0,0,0,0,18794,0,44465007,81151,,,Entorse de tornozelo
4638,662,4060985,1998-07-11,1998-07-11,38000276,,,0,0,0,0,18799,0,162864005,4060985,,,IMC 30+ - obesidade
4639,662,0,1982-06-19,1982-06-19,38000276,,,0,0,0,0,18798,0,38341003,316866,,,Hipertensão arterial
4640,663,0,2016-11-27,2016-11-27,38000276,,,0,0,0,0,18826,0,15777000,40316773,,,Pré-diabetes
4641,663,0,2016-09-11,2016-09-11,38000276,,,0,0,0,0,18809,0,35999006,4262136,,,Cegueira
4642,663,0,2016-09-11,2016-09-11,38000276,,,0,0,0,0,18809,0,19169002,4078393,,,Aborto espontâneo na gravidez
4643,663,0,2016-09-11,2016-09-11,38000276,,,0,0,0,0,18809,0,72892002,4217975,,,Otite média não supurativa
4644,663,0,2016-06-23,2016-06-23,38000276,,,0,0,0,0,18816,0,195662009,4112343,,,Faringite viral aguda
4645,663,0,2015-08-30,2015-08-30,38000276,,,0,0,0,0,18823,0,72892002,4217975,,,Otite média não supurativa
4646,663,0,2012-05-06,2012-05-06,38000276,,,0,0,0,0,18822,0,72892002,4217975,,,Otite média não supurativa
4647,664,0,2004-12-24,2004-12-24,38000276,,,0,0,0,0,18836,0,10509002,260139,,,Bronquite aguda
4648,664,0,2002-09-09,2002-09-09,38000276,,,0,0,0,0,18950,0,75498004,4294548,,,Infecção bacteriana aguda
4649,664,0,2001-03-12,2001-03-12,38000276,,,0,0,0,0,18936,0,109838007,79740,,,Carcinoma de cólon
4650,664,0,2001-03-08,2001-03-08,38000276,,,0,0,0,0,18858,0,713197008,37017023,,,Fibrose cística recorrente
4651,664,0,2000-02-12,2000-02-12,38000276,,,0,0,0,0,18897,0,68496003,4285898,,,Pólipo do cólon
4652,664,0,1999-07-24,1999-07-24,38000276,,,0,0,0,0,18887,0,10509002,260139,,,Bronquite aguda
4653,664,0,1999-03-08,1999-03-08,38000276,,,0,0,0,0,18886,0,55680006,4208104,,,Overdose de droga
4654,664,0,1996-06-22,1996-06-22,38000276,,,0,0,0,0,18932,0,72892002,4217975,,,Otite média não supurativa
4655,664,0,1990-10-01,1990-10-01,38000276,,,0,0,0,0,18958,0,82423001,436096,,,Dor crônica
4656,664,0,1990-08-31,1990-08-31,38000276,,,0,0,0,0,18843,0,40055000,257012,,,Sinusite crônica
4657,664,0,1990-03-07,1990-03-07,38000276,,,0,0,0,0,18905,0,124171000119105,43530652,,,Nefropatia diabética crônica
4658,664,4060985,1989-10-28,1989-10-28,38000276,,,0,0,0,0,18847,0,162864005,4060985,,,IMC 30+ - obesidade
4659,664,0,1984-02-03,1984-02-03,38000276,,,0,0,0,0,18851,0,239872002,4079749,,,Osteoartrite do quadril
4660,665,0,2014-01-31,2014-01-31,38000276,,,0,0,0,0,18977,0,16114001,4059173,,,Fratura de tornozelo
4661,665,0,2013-09-12,2013-09-12,38000276,,,0,0,0,0,18973,0,444814009,40481087,,,Infecção viral das vias aéreas superiores
4662,665,0,2012-11-07,2012-11-07,38000276,,,0,0,0,0,18972,0,65363002,372328,,,Otite média
4663,665,0,2009-08-27,2009-08-27,38000276,,,0,0,0,0,18981,0,10509002,260139,,,Bronquite aguda
4664,665,0,2009-07-28,2009-07-28,38000276,,,0,0,0,0,18964,0,195662009,4112343,,,Faringite viral aguda
4665,666,0,2018-05-06,2018-05-06,38000276,,,0,0,0,0,19016,0,72892002,4217975,,,Otite média não supurativa
4666,666,0,2016-08-28,2016-08-28,38000276,,,0,0,0,0,19014,0,72892002,4217975,,,Otite média não supurativa
4667,666,0,2016-08-18,2016-08-18,38000276,,,0,0,0,0,18995,0,195662009,4112343,,,Faringite viral aguda
4668,666,0,2014-10-02,2014-10-02,38000276,,,0,0,0,0,19010,0,307731004,4146173,,,Fibrilação atrial de início recente
4669,666,0,2013-08-19,2013-08-19,38000276,,,0,0,0,0,19007,0,10509002,260139,,,Bronquite aguda
4670,666,0,2012-07-29,2012-07-29,38000276,,,0,0,0,0,19013,0,444814009,40481087,,,Infecção viral das vias aéreas superiores
4671,666,0,2011-10-27,2011-10-27,38000276,,,0,0,0,0,19011,0,283371005,4155034,,,Laceração de antebraço
4672,667,0,2018-06-30,2018-06-30,38000276,,,0,0,0,0,19047,0,72892002,4217975,,,Otite média não supurativa
4673,667,0,2018-06-02,2018-06-02,38000276,,,0,0,0,0,19050,0,444814009,40481087,,,Infecção viral das vias aéreas superiores
4674,667,0,2017-04-15,2017-04-15,38000276,,,0,0,0,0,19056,0,72892002,4217975,,,Otite média não supurativa
4675,667,0,2014-02-01,2014-02-01,38000276,,,0,0,0,0,19051,0,403190006,4296204,,,Queimadura solar de primeiro grau
4676,668,0,2018-09-23,2018-09-23,38000276,,,0,0,0,0,19062,0,283385000,4152936,,,Laceração de ombro
4677,668,0,2017-12-13,2017-12-13,38000276,,,0,0,0,0,19065,0,43878008,28060,,,Faringite estreptocócica
4678,668,0,2017-01-31,2017-01-31,38000276,,,0,0,0,0,19068,0,444814009,40481087,,,Infecção viral das vias aéreas superiores
4679,668,0,2014-11-22,2014-11-22,38000276,,,0,0,0,0,19072,0,283371005,4155034,,,Laceração de antebraço
4680,668,0,2014-06-17,2014-06-17,38000276,,,0,0,0,0,19066,0,444814009,40481087,,,Infecção viral das vias aéreas superiores
4681,668,0,2014-04-22,2014-04-22,38000276,,,0,0,0,0,19063,0,43878008,28060,,,Faringite estreptocócica
4682,668,0,2013-09-28,2013-09-28,38000276,,,0,0,0,0,19071,0,444814009,40481087,,,Infecção viral das vias aéreas superiores
4683,668,0,2012-10-28,2012-10-28,38000276,,,0,0,0,0,19084,0,39848009,4218389,,,Lesão em chicote do pescoço
4684,669,0,2017-11-01,2017-11-01,38000276,,,0,0,0,0,19104,0,444814009,40481087,,,Infecção viral das vias aéreas superiores
4685,669,0,2017-07-14,2017-07-14,38000276,,,0,0,0,0,19117,0,444814009,40481087,,,Infecção viral das vias aéreas superiores
4686,669,0,2017-05-08,2017-05-08,38000276,,,0,0,0,0,19092,0,263102004,4134304,,,Ruptura de menisco
4687,669,0,2016-07-22,2016-07-22,38000276,,,0,0,0,0,19099,0,10509002,260139,,,Bronquite aguda
4688,669,0,2015-01-09,2015-01-09,38000276,,,0,0,0,0,19115,0,72892002,4217975,,,Otite média não supurativa
4689,669,0,2014-03-19,2014-03-19,38000276,,,0,0,0,0,19109,0,195662009,4112343,,,Faringite viral aguda
4690,669,0,2012-06-29,2012-06-29,38000276,,,0,0,0,0,19093,0,72892002,4217975,,,Otite média não supurativa
4691,669,0,2009-02-20,2009-02-20,38000276,,,0,0,0,0,19110,0,156073000,40318618,,,Obesidade
4692,669,0,2009-02-20,2009-02-20,38000276,,,0,0,0,0,19110,0,19169002,4078393,,,Aborto espontâneo na gravidez
4693,669,0,2009-02-20,2009-02-20,38000276,,,0,0,0,0,19110,0,72892002,4217975,,,Otite média não supurativa
4694,670,0,2018-01-16,2018-01-16,38000276,,,0,0,0,0,19140,0,444814009,40481087,,,Infecção viral das vias aéreas superiores
4695,670,0,2013-12-14,2013-12-14,38000276,,,0,0,0,0,19139,0,64859006,80502,,,Osteoporose
4696,670,0,2013-07-30,2013-07-30,38000276,,,0,0,0,0,19127,0,44465007,81151,,,Entorse de tornozelo
4697,670,0,2013-03-12,2013-03-12,38000276,,,0,0,0,0,19125,0,195662009,4112343,,,Faringite viral aguda
4698,670,0,2001-11-29,2001-11-29,38000276,,,0,0,0,0,19141,0,124171000119105,43530652,,,Nefropatia diabética crônica
4699,670,0,1999-01-23,1999-01-23,38000276,,,0,0,0,0,19142,0,53741008,317576,,,Doença arterial coronariana
4700,670,0,1988-12-17,1988-12-17,38000276,,,0,0,0,0,19136,0,230690007,381316,,,Acidente vascular cerebral
4701,670,0,1982-07-03,1982-07-03,38000276,,,0,0,0,0,19131,0,239873007,4079750,,,Osteoartrite do joelho
4702,670,0,1972-09-30,1972-09-30,38000276,,,0,0,0,0,19133,0,15777000,40316773,,,Pré-diabetes
4703,670,4060985,1963-09-21,1963-09-21,38000276,,,0,0,0,0,19128,0,162864005,4060985,,,IMC 30+ - obesidade
4704,670,0,1952-02-09,1952-02-09,38000276,,,0,0,0,0,19123,0,38341003,316866,,,Hipertensão arterial
4705,672,0,2018-04-21,2018-04-21,38000276,,,0,0,0,0,19168,0,444814009,40481087,,,Infecção viral das vias aéreas superiores
4706,672,0,2017-03-11,2017-03-11,38000276,,,0,0,0,0,19173,0,195662009,4112343,,,Faringite viral aguda
4707,672,0,2015-02-21,2015-02-21,38000276,,,0,0,0,0,19172,0,444814009,40481087,,,Infecção viral das vias aéreas superiores
4708,672,0,2013-02-15,2013-02-15,38000276,,,0,0,0,0,19166,0,10509002,260139,,,Bronquite aguda
4709,672,0,2011-05-31,2011-05-31,38000276,,,0,0,0,0,19150,0,444814009,40481087,,,Infecção viral das vias aéreas superiores
4710,672,0,2011-03-01,2011-03-01,38000276,,,0,0,0,0,19156,0,195662009,4112343,,,Faringite viral aguda
4711,673,0,2015-01-20,2015-01-20,38000276,,,0,0,0,0,19174,0,33737001,4142905,,,Fratura de rádio
4712,673,0,2013-09-12,2013-09-12,38000276,,,0,0,0,0,19184,0,444814009,40481087,,,Infecção viral das vias aéreas superiores
4713,673,0,2012-11-01,2012-11-01,38000276,,,0,0,0,0,19188,0,16114001,4059173,,,Fratura de tornozelo
4714,673,0,2011-11-30,2011-11-30,38000276,,,0,0,0,0,19192,0,10509002,260139,,,Bronquite aguda
4715,673,0,2010-11-12,2010-11-12,38000276,,,0,0,0,0,19195,0,195662009,4112343,,,Faringite viral aguda
4716,673,0,2009-05-15,2009-05-15,38000276,,,0,0,0,0,19185,0,444814009,40481087,,,Infecção viral das vias aéreas superiores
4717,673,0,2000-04-23,2000-04-23,38000276,,,0,0,0,0,19183,0,713197008,37017023,,,Fibrose cística recorrente
4718,673,0,1999-03-30,1999-03-30,38000276,,,0,0,0,0,19177,0,68496003,4285898,,,Pólipo do cólon
4719,673,0,1995-03-18,1995-03-18,38000276,,,0,0,0,0,19182,0,239873007,4079750,,,Osteoartrite do joelho
4720,673,0,1991-06-27,1991-06-27,38000276,,,0,0,0,0,19190,0,19169002,4078393,,,Aborto espontâneo na gravidez
4721,673,4256640,1991-01-17,1991-01-17,38000276,,,0,0,0,0,19191,0,408512008,4256640,,,Alcoolismo relatado pelo paciente
4722,673,4060985,1972-12-14,1972-12-14,38000276,,,0,0,0,0,19196,0,162864005,4060985,,,IMC 30+ - obesidade
4723,675,0,2017-04-25,2017-04-25,38000276,,,0,0,0,0,19205,0,198992004,137613,,,Pré-eclâmpsia leve
4724,675,0,2016-10-11,2016-10-11,38000276,,,0,0,0,0,19263,0,72892002,4217975,,,Otite média não supurativa
4725,675,0,2016-02-09,2016-02-09,38000276,,,0,0,0,0,19288,0,72892002,4217975,,,Otite média não supurativa
4726,675,4060985,2015-07-07,2015-07-07,38000276,,,0,0,0,0,19238,0,162864005,4060985,,,IMC 30+ - obesidade
4727,675,0,2015-07-02,2015-07-02,38000276,,,0,0,0,0,19238,0,444814009,40481087,,,Infecção viral das vias aéreas superiores
4728,675,0,2015-02-24,2015-02-24,38000276,,,0,0,0,0,19244,0,72892002,4217975,,,Otite média não supurativa
4729,675,0,2011-12-13,2011-12-13,38000276,,,0,0,0,0,19219,0,72892002,4217975,,,Otite média não supurativa
4730,675,0,2010-09-30,2010-09-30,38000276,,,0,0,0,0,19210,0,65966004,4278672,,,Fratura do fêmur
4731,675,0,2009-09-12,2009-09-12,38000276,,,0,0,0,0,19209,0,444814009,40481087,,,Infecção viral das vias aéreas superiores
4732,675,0,2005-07-23,2005-07-23,38000276,,,0,0,0,0,19255,0,55680006,4208104,,,Overdose de droga
4733,675,0,2000-08-01,2000-08-01,38000276,,,0,0,0,0,19270,0,38341003,316866,,,Hipertensão arterial
4734,675,0,1997-02-11,1997-02-11,38000276,,,0,0,0,0,19241,0,124171000119105,43530652,,,Nefropatia diabética crônica
4735,675,0,1996-12-15,1996-12-15,38000276,,,0,0,0,0,19230,0,196416002,4055754,,,Esofagite por refluxo
4736,675,0,1996-10-02,1996-10-02,38000276,,,0,0,0,0,19280,0,82423001,436096,,,Dor crônica
4737,676,0,2017-06-14,2017-06-14,38000276,,,0,0,0,0,19318,0,44465007,81151,,,Entorse de tornozelo
4738,676,4256640,2014-02-21,2014-02-21,38000276,,,0,0,0,0,19326,0,408512008,4256640,,,Alcoolismo relatado pelo paciente
4739,676,0,2014-02-13,2014-02-13,38000276,,,0,0,0,0,19297,0,444814009,40481087,,,Infecção viral das vias aéreas superiores
4740,676,0,2012-11-02,2012-11-02,38000276,,,0,0,0,0,19308,0,72892002,4217975,,,Otite média não supurativa
4741,676,0,2012-04-05,2012-04-05,38000276,,,0,0,0,0,19327,0,444814009,40481087,,,Infecção viral das vias aéreas superiores
4742,676,0,2010-02-05,2010-02-05,38000276,,,0,0,0,0,19317,0,198992004,137613,,,Pré-eclâmpsia leve
4743,676,0,2009-07-28,2009-07-28,38000276,,,0,0,0,0,19299,0,195662009,4112343,,,Faringite viral aguda
4744,676,0,2009-07-24,2009-07-24,38000276,,,0,0,0,0,19324,0,72892002,4217975,,,Otite média não supurativa
4745,676,0,1998-09-25,1998-09-25,38000276,,,0,0,0,0,19305,0,38341003,316866,,,Hipertensão arterial
4746,676,4060985,1997-09-19,1997-09-19,38000276,,,0,0,0,0,19296,0,162864005,4060985,,,IMC 30+ - obesidade
4747,676,4324181,1993-02-19,1993-02-19,38000276,,,0,0,0,0,19309,0,429007001,4324181,,,Histórico de infarto
4748,676,0,1993-02-19,1993-02-19,38000276,,,0,0,0,0,19309,0,410429000,321042,,,Parada cardíaca
4749,677,0,1991-07-25,1991-07-25,38000276,,,0,0,0,0,19338,0,10509002,260139,,,Bronquite aguda
4750,677,0,1991-03-30,1991-03-30,38000276,,,0,0,0,0,19333,0,84757009,380378,,,Epilepsia
4751,677,45766064,1991-03-30,1991-03-30,38000276,,,0,0,0,0,19333,0,703151001,45766064,,,Histórico de artroplastia de joelho
4752,677,0,1991-03-30,1991-03-30,38000276,,,0,0,0,0,19333,0,128613002,4029498,,,Transtorno convulsivo
4753,677,0,1990-10-26,1990-10-26,38000276,,,0,0,0,0,19332,0,65363002,372328,,,Otite média
4754,678,0,2014-12-31,2014-12-31,38000276,,,0,0,0,0,19358,0,195662009,4112343,,,Faringite viral aguda
4755,678,0,2012-07-02,2012-07-02,38000276,,,0,0,0,0,19350,0,44465007,81151,,,Entorse de tornozelo
4756,678,4060985,2010-05-12,2010-05-12,38000276,,,0,0,0,0,19351,0,162864005,4060985,,,IMC 30+ - obesidade
4757,678,0,2009-09-23,2009-09-23,38000276,,,0,0,0,0,19354,0,444814009,40481087,,,Infecção viral das vias aéreas superiores
4758,678,0,1975-08-06,1975-08-06,38000276,,,0,0,0,0,19347,0,53741008,317576,,,Doença arterial coronariana
4759,680,0,2015-12-27,2015-12-27,38000276,,,0,0,0,0,19385,0,62106007,378001,,,Concussão com perda de consciência
4760,680,0,2014-10-28,2014-10-28,38000276,,,0,0,0,0,19384,0,70704007,78272,,,Entorse de punho
4761,680,0,2012-03-17,2012-03-17,38000276,,,0,0,0,0,19382,0,444814009,40481087,,,Infecção viral das vias aéreas superiores
4762,680,0,2010-11-20,2010-11-20,38000276,,,0,0,0,0,19387,0,195662009,4112343,,,Faringite viral aguda
4763,681,0,2018-12-22,2018-12-22,38000276,,,0,0,0,0,19422,0,10509002,260139,,,Bronquite aguda
4764,681,0,2018-02-13,2018-02-13,38000276,,,0,0,0,0,19413,0,424132000,4310703,,,Carcinoma de células escamosas da pele
4765,681,0,2018-02-11,2018-02-11,38000276,,,0,0,0,0,19406,0,254637007,4115276,,,Câncer de pulmão não pequenas células
4766,681,4038238,2018-02-01,2018-02-01,38000276,,,0,0,0,0,19398,0,162573006,4038238,,,Suspeita de abuso de álcool
4767,681,0,2016-04-14,2016-04-14,38000276,,,0,0,0,0,19399,0,10509002,260139,,,Bronquite aguda
4768,681,0,2015-07-08,2015-07-08,38000276,,,0,0,0,0,19402,0,444814009,40481087,,,Infecção viral das vias aéreas superiores
4769,681,0,2013-01-30,2013-01-30,38000276,,,0,0,0,0,19401,0,92691004,200970,,,Carcinoma in situ de próstata
4770,681,0,2013-01-30,2013-01-30,38000276,,,0,0,0,0,19401,0,126906006,4129902,,,Neoplasia de bexiga
4771,681,4323208,2008-10-27,2008-10-27,38000276,,,0,0,0,0,19407,0,428251008,4323208,,,Histórico de apendicectomia
4772,681,0,2008-10-27,2008-10-27,38000276,,,0,0,0,0,19395,0,74400008,440448,,,Apendicite
4773,681,0,2008-10-27,2008-10-27,38000276,,,0,0,0,0,19395,0,47693006,4166224,,,Ruptura de apêndice
4774,681,45766064,1947-11-11,1947-11-11,38000276,,,0,0,0,0,19390,0,703151001,45766064,,,Histórico de artroplastia de joelho
4775,681,0,1947-11-11,1947-11-11,38000276,,,0,0,0,0,19390,0,128613002,4029498,,,Transtorno convulsivo
4776,682,0,2018-11-30,2018-11-30,38000276,,,0,0,0,0,19466,0,65966004,4278672,,,Fratura do fêmur
4777,682,0,2018-03-25,2018-03-25,38000276,,,0,0,0,0,19447,0,72892002,4217975,,,Otite média não supurativa
4778,682,0,2016-01-31,2016-01-31,38000276,,,0,0,0,0,19439,0,15777000,40316773,,,Pré-diabetes
4779,682,0,2009-09-30,2009-09-30,38000276,,,0,0,0,0,19435,0,444814009,40481087,,,Infecção viral das vias aéreas superiores
4780,683,0,2008-10-20,2008-10-20,38000276,,,0,0,0,0,19487,0,15777000,40316773,,,Pré-diabetes
4781,683,0,1996-09-23,1996-09-23,38000276,,,0,0,0,0,19492,0,19169002,4078393,,,Aborto espontâneo na gravidez
4782,683,4256640,1984-11-05,1984-11-05,38000276,,,0,0,0,0,19494,0,408512008,4256640,,,Alcoolismo relatado pelo paciente
4783,683,4060985,1978-10-02,1978-10-02,38000276,,,0,0,0,0,19489,0,162864005,4060985,,,IMC 30+ - obesidade
4784,684,0,2016-09-02,2016-09-02,38000276,,,0,0,0,0,19508,0,55822004,432867,,,Hiperlipidemia
4785,684,0,2015-08-28,2015-08-28,38000276,,,0,0,0,0,19503,0,15777000,40316773,,,Pré-diabetes
4786,684,0,2015-08-28,2015-08-28,38000276,,,0,0,0,0,19503,0,80394007,4214376,,,Hiperglicemia
4787,684,0,2015-03-09,2015-03-09,38000276,,,0,0,0,0,19499,0,195662009,4112343,,,Faringite viral aguda
4788,684,0,2011-09-16,2011-09-16,38000276,,,0,0,0,0,19507,0,237602007,436940,,,Síndrome metabólica
4789,684,0,2011-09-16,2011-09-16,38000276,,,0,0,0,0,19507,0,302870006,4120314,,,Hipertrigliceridemia
4790,684,0,2009-09-11,2009-09-11,38000276,,,0,0,0,0,19500,0,44054006,201826,,,Diabetes mellitus tipo 2
4791,684,0,2009-09-11,2009-09-11,38000276,,,0,0,0,0,19500,0,38341003,316866,,,Hipertensão arterial
4792,684,0,1968-01-24,1968-01-24,38000276,,,0,0,0,0,19506,0,40055000,257012,,,Sinusite crônica
4793,685,0,2017-12-20,2017-12-20,38000276,,,0,0,0,0,19520,0,65363002,372328,,,Otite média
4794,685,0,2016-01-01,2016-01-01,38000276,,,0,0,0,0,19526,0,43878008,28060,,,Faringite estreptocócica
4795,685,0,2013-10-12,2013-10-12,38000276,,,0,0,0,0,19522,0,84757009,380378,,,Epilepsia
4796,685,45766064,2013-10-12,2013-10-12,38000276,,,0,0,0,0,19522,0,703151001,45766064,,,Histórico de artroplastia de joelho
4797,685,0,2013-10-12,2013-10-12,38000276,,,0,0,0,0,19522,0,128613002,4029498,,,Transtorno convulsivo
4798,686,0,2018-11-12,2018-11-12,38000276,,,0,0,0,0,19540,0,284549007,4113008,,,Laceração de mão
4799,686,0,2018-09-30,2018-09-30,38000276,,,0,0,0,0,19527,0,195662009,4112343,,,Faringite viral aguda
4800,686,0,2016-07-29,2016-07-29,38000276,,,0,0,0,0,19530,0,43878008,28060,,,Faringite estreptocócica
4801,686,0,2016-06-25,2016-06-25,38000276,,,0,0,0,0,19534,0,65363002,372328,,,Otite média
4802,686,0,2011-08-29,2011-08-29,38000276,,,0,0,0,0,19543,0,444814009,40481087,,,Infecção viral das vias aéreas superiores
4803,687,0,2016-07-17,2016-07-17,38000276,,,0,0,0,0,19561,0,192127007,440086,,,Transtorno do espectro autista infantil
4804,687,0,2016-05-08,2016-05-08,38000276,,,0,0,0,0,19553,0,62106007,378001,,,Concussão com perda de consciência
4805,687,0,2016-02-01,2016-02-01,38000276,,,0,0,0,0,19563,0,195662009,4112343,,,Faringite viral aguda
4806,687,0,2013-12-05,2013-12-05,38000276,,,0,0,0,0,19560,0,43878008,28060,,,Faringite estreptocócica
4807,687,0,2013-03-26,2013-03-26,38000276,,,0,0,0,0,19549,0,10509002,260139,,,Bronquite aguda
4808,687,0,2009-11-15,2009-11-15,38000276,,,0,0,0,0,19565,0,444814009,40481087,,,Infecção viral das vias aéreas superiores
4809,688,0,2015-03-11,2015-03-11,38000276,,,0,0,0,0,19571,0,195662009,4112343,,,Faringite viral aguda
4810,688,0,2012-07-11,2012-07-11,38000276,,,0,0,0,0,19567,0,195662009,4112343,,,Faringite viral aguda
4811,688,0,2011-10-03,2011-10-03,38000276,,,0,0,0,0,19578,0,195662009,4112343,,,Faringite viral aguda
4812,688,0,2011-03-16,2011-03-16,38000276,,,0,0,0,0,19586,0,62106007,378001,,,Concussão com perda de consciência
4813,688,0,2009-05-11,2009-05-11,38000276,,,0,0,0,0,19583,0,444814009,40481087,,,Infecção viral das vias aéreas superiores
4814,688,4163874,2006-01-09,2006-01-09,38000276,,,0,0,0,0,19585,0,399211009,4163874,,,Histórico de infarto do miocárdio
4815,688,0,2006-01-09,2006-01-09,38000276,,,0,0,0,0,19585,0,22298006,4329847,,,Infarto do miocárdio
4816,688,0,2005-11-14,2005-11-14,38000276,,,0,0,0,0,19575,0,53741008,317576,,,Doença arterial coronariana
4817,688,4060985,1983-08-15,1983-08-15,38000276,,,0,0,0,0,19568,0,162864005,4060985,,,IMC 30+ - obesidade
4818,688,0,1962-07-30,1962-07-30,38000276,,,0,0,0,0,19573,0,38341003,316866,,,Hipertensão arterial
4819,689,0,2018-02-27,2018-02-27,38000276,,,0,0,0,0,19607,0,195662009,4112343,,,Faringite viral aguda
4820,689,0,2017-03-15,2017-03-15,38000276,,,0,0,0,0,19595,0,283385000,4152936,,,Laceração de ombro
4821,689,0,2017-02-28,2017-02-28,38000276,,,0,0,0,0,19608,0,713197008,37017023,,,Fibrose cística recorrente
4822,689,0,2015-12-06,2015-12-06,38000276,,,0,0,0,0,19596,0,68496003,4285898,,,Pólipo do cólon
4823,689,0,2015-04-02,2015-04-02,38000276,,,0,0,0,0,19593,0,195662009,4112343,,,Faringite viral aguda
4824,689,0,2014-12-20,2014-12-20,38000276,,,0,0,0,0,19591,0,75498004,4294548,,,Infecção bacteriana aguda
4825,689,0,2011-04-09,2011-04-09,38000276,,,0,0,0,0,19602,0,444448004,40479422,,,Neuropatia diabética
4826,689,0,2009-03-08,2009-03-08,38000276,,,0,0,0,0,19589,0,10509002,260139,,,Bronquite aguda
4827,689,4060985,2006-08-08,2006-08-08,38000276,,,0,0,0,0,19604,0,162864005,4060985,,,IMC 30+ - obesidade
4828,690,0,2017-04-25,2017-04-25,38000276,,,0,0,0,0,19612,0,10509002,260139,,,Bronquite aguda
4829,690,0,2016-12-11,2016-12-11,38000276,,,0,0,0,0,19616,0,15777000,40316773,,,Pré-diabetes
4830,690,0,2014-11-19,2014-11-19,38000276,,,0,0,0,0,19613,0,195662009,4112343,,,Faringite viral aguda
4831,690,4060985,2013-12-08,2013-12-08,38000276,,,0,0,0,0,19611,0,162864005,4060985,,,IMC 30+ - obesidade
4832,690,0,2004-11-28,2004-11-28,38000276,,,0,0,0,0,19614,0,38341003,316866,,,Hipertensão arterial
4833,691,0,2005-01-06,2005-01-06,38000276,,,0,0,0,0,19628,0,49436004,313217,,,Fibrilação atrial
4834,691,0,1985-09-19,1985-09-19,38000276,,,0,0,0,0,19632,0,64859006,80502,,,Osteoporose
4835,691,0,1946-08-01,1946-08-01,38000276,,,0,0,0,0,19617,0,15777000,40316773,,,Pré-diabetes
4836,691,0,1937-11-29,1937-11-29,38000276,,,0,0,0,0,19630,0,40055000,257012,,,Sinusite crônica
4837,691,4323208,1934-10-05,1934-10-05,38000276,,,0,0,0,0,19618,0,428251008,4323208,,,Histórico de apendicectomia
4838,691,0,1934-10-05,1934-10-05,38000276,,,0,0,0,0,19624,0,74400008,440448,,,Apendicite
4839,692,4163874,2012-06-17,2012-06-17,38000276,,,0,0,0,0,19639,0,399211009,4163874,,,Histórico de infarto do miocárdio
4840,692,0,2012-06-17,2012-06-17,38000276,,,0,0,0,0,19639,0,22298006,4329847,,,Infarto do miocárdio
4841,692,0,2012-02-12,2012-02-12,38000276,,,0,0,0,0,19640,0,444814009,40481087,,,Infecção viral das vias aéreas superiores
4842,692,0,2011-10-16,2011-10-16,38000276,,,0,0,0,0,19641,0,53741008,317576,,,Doença arterial coronariana
4843,692,0,2007-09-01,2007-09-01,38000276,,,0,0,0,0,19643,0,195662009,4112343,,,Faringite viral aguda
4844,692,0,2003-09-22,2003-09-22,38000276,,,0,0,0,0,19633,0,10509002,260139,,,Bronquite aguda
4845,692,0,2002-11-09,2002-11-09,38000276,,,0,0,0,0,19637,0,70704007,78272,,,Entorse de punho
4846,693,0,2017-01-22,2017-01-22,38000276,,,0,0,0,0,19648,0,444814009,40481087,,,Infecção viral das vias aéreas superiores
4847,693,0,2016-08-13,2016-08-13,38000276,,,0,0,0,0,19646,0,444814009,40481087,,,Infecção viral das vias aéreas superiores
4848,693,0,2015-08-11,2015-08-11,38000276,,,0,0,0,0,19645,0,10509002,260139,,,Bronquite aguda
4849,694,0,2015-02-14,2015-02-14,38000276,,,0,0,0,0,19652,0,10509002,260139,,,Bronquite aguda
4850,694,0,2013-06-30,2013-06-30,38000276,,,0,0,0,0,19655,0,444814009,40481087,,,Infecção viral das vias aéreas superiores
4851,695,0,2012-06-19,2012-06-19,38000276,,,0,0,0,0,19671,0,444814009,40481087,,,Infecção viral das vias aéreas superiores
4852,695,0,2010-10-10,2010-10-10,38000276,,,0,0,0,0,19709,0,67811000119102,37395648,,,Câncer de pulmão de pequenas células primário
4853,695,0,2010-10-09,2010-10-09,38000276,,,0,0,0,0,19693,0,254632001,4110591,,,Câncer de pulmão de pequenas células
4854,695,4038238,2010-09-25,2010-09-25,38000276,,,0,0,0,0,19687,0,162573006,4038238,,,Suspeita de abuso de álcool
4855,695,0,2010-05-21,2010-05-21,38000276,,,0,0,0,0,19711,0,10509002,260139,,,Bronquite aguda
4856,695,0,2008-12-18,2008-12-18,38000276,,,0,0,0,0,19677,0,10509002,260139,,,Bronquite aguda
4857,695,0,2007-08-05,2007-08-05,38000276,,,0,0,0,0,19665,0,10509002,260139,,,Bronquite aguda
4858,695,0,2007-07-17,2007-07-17,38000276,,,0,0,0,0,19689,0,15777000,40316773,,,Pré-diabetes
4859,695,0,2006-07-11,2006-07-11,38000276,,,0,0,0,0,19681,0,68496003,4285898,,,Pólipo do cólon
4860,695,0,2005-06-28,2005-06-28,38000276,,,0,0,0,0,19678,0,239872002,4079749,,,Osteoartrite do quadril
4861,695,4060985,1991-12-10,1991-12-10,38000276,,,0,0,0,0,19712,0,162864005,4060985,,,IMC 30+ - obesidade
4862,696,0,2017-12-10,2017-12-10,38000276,,,0,0,0,0,19763,0,62106007,378001,,,Concussão com perda de consciência
4863,696,0,2016-07-21,2016-07-21,38000276,,,0,0,0,0,19740,0,363406005,4180790,,,Neoplasia maligna do cólon
4864,696,0,2016-07-17,2016-07-17,38000276,,,0,0,0,0,19762,0,713197008,37017023,,,Fibrose cística recorrente
4865,696,0,2015-07-23,2015-07-23,38000276,,,0,0,0,0,19722,0,68496003,4285898,,,Pólipo do cólon
4866,696,0,2001-08-27,2001-08-27,38000276,,,0,0,0,0,19734,0,55822004,432867,,,Hiperlipidemia
4867,696,4256640,1997-08-18,1997-08-18,38000276,,,0,0,0,0,19720,0,408512008,4256640,,,Alcoolismo relatado pelo paciente
4868,696,4060985,1981-07-27,1981-07-27,38000276,,,0,0,0,0,19733,0,162864005,4060985,,,IMC 30+ - obesidade
4869,696,0,1979-01-15,1979-01-15,38000276,,,0,0,0,0,19737,0,19169002,4078393,,,Aborto espontâneo na gravidez
4870,697,0,2018-04-30,2018-04-30,38000276,,,0,0,0,0,19773,0,444814009,40481087,,,Infecção viral das vias aéreas superiores
4871,697,0,2018-03-04,2018-03-04,38000276,,,0,0,0,0,19779,0,72892002,4217975,,,Otite média não supurativa
4872,697,0,2016-08-30,2016-08-30,38000276,,,0,0,0,0,19777,0,70704007,78272,,,Entorse de punho
4873,697,0,2013-05-18,2013-05-18,38000276,,,0,0,0,0,19782,0,62564004,375671,,,Concussão sem perda de consciência
4874,697,0,2009-02-08,2009-02-08,38000276,,,0,0,0,0,19765,0,38341003,316866,,,Hipertensão arterial
4875,698,0,2018-06-25,2018-06-25,38000276,,,0,0,0,0,19795,0,444814009,40481087,,,Infecção viral das vias aéreas superiores
4876,698,0,2015-01-13,2015-01-13,38000276,,,0,0,0,0,19797,0,444814009,40481087,,,Infecção viral das vias aéreas superiores
4877,698,0,2012-10-06,2012-10-06,38000276,,,0,0,0,0,19791,0,444814009,40481087,,,Infecção viral das vias aéreas superiores
4878,698,0,2011-03-14,2011-03-14,38000276,,,0,0,0,0,19792,0,10509002,260139,,,Bronquite aguda
4879,699,0,2018-11-30,2018-11-30,38000276,,,0,0,0,0,19814,0,70704007,78272,,,Entorse de punho
4880,699,0,2017-12-28,2017-12-28,38000276,,,0,0,0,0,19813,0,444814009,40481087,,,Infecção viral das vias aéreas superiores
4881,699,0,2017-04-14,2017-04-14,38000276,,,0,0,0,0,19815,0,84757009,380378,,,Epilepsia
4882,699,45766064,2017-04-14,2017-04-14,38000276,,,0,0,0,0,19815,0,703151001,45766064,,,Histórico de artroplastia de joelho
4883,699,0,2017-04-14,2017-04-14,38000276,,,0,0,0,0,19815,0,128613002,4029498,,,Transtorno convulsivo
4884,699,0,2012-10-07,2012-10-07,38000276,,,0,0,0,0,19806,0,53741008,317576,,,Doença arterial coronariana
4885,699,0,1998-05-10,1998-05-10,38000276,,,0,0,0,0,19808,0,15777000,40316773,,,Pré-diabetes
4886,699,4060985,1987-06-14,1987-06-14,38000276,,,0,0,0,0,19810,0,162864005,4060985,,,IMC 30+ - obesidade
4887,700,0,1984-08-27,1984-08-27,38000276,,,0,0,0,0,19844,0,424132000,4310703,,,Carcinoma de células escamosas da pele
4888,700,0,1984-08-26,1984-08-26,38000276,,,0,0,0,0,19841,0,254637007,4115276,,,Câncer de pulmão não pequenas células
4889,700,4038238,1984-08-16,1984-08-16,38000276,,,0,0,0,0,19830,0,162573006,4038238,,,Suspeita de abuso de álcool
4890,700,0,1984-03-13,1984-03-13,38000276,,,0,0,0,0,19849,0,444814009,40481087,,,Infecção viral das vias aéreas superiores
4891,700,0,1977-05-04,1977-05-04,38000276,,,0,0,0,0,19831,0,10509002,260139,,,Bronquite aguda
4892,700,0,1972-01-11,1972-01-11,38000276,,,0,0,0,0,19818,0,15777000,40316773,,,Pré-diabetes
4893,701,0,2016-04-17,2016-04-17,38000276,,,0,0,0,0,19857,0,444814009,40481087,,,Infecção viral das vias aéreas superiores
4894,701,0,2014-02-17,2014-02-17,38000276,,,0,0,0,0,19855,0,33737001,4142905,,,Fratura de rádio
4895,701,0,2012-07-24,2012-07-24,38000276,,,0,0,0,0,19862,0,40930008,140673,,,Hipotireoidismo
4896,701,0,2011-07-19,2011-07-19,38000276,,,0,0,0,0,19856,0,10509002,260139,,,Bronquite aguda
4897,701,0,2011-03-14,2011-03-14,38000276,,,0,0,0,0,19868,0,284549007,4113008,,,Laceração de mão
4898,701,0,2007-04-03,2007-04-03,38000276,,,0,0,0,0,19858,0,196416002,4055754,,,Esofagite por refluxo
4899,701,0,1981-05-14,1981-05-14,38000276,,,0,0,0,0,19873,0,15777000,40316773,,,Pré-diabetes
4900,702,0,2016-09-14,2016-09-14,38000276,,,0,0,0,0,19875,0,444814009,40481087,,,Infecção viral das vias aéreas superiores
4901,702,0,2012-09-03,2012-09-03,38000276,,,0,0,0,0,19883,0,10509002,260139,,,Bronquite aguda
4902,702,0,2011-10-18,2011-10-18,38000276,,,0,0,0,0,19890,0,444814009,40481087,,,Infecção viral das vias aéreas superiores
4903,702,4324181,2011-06-13,2011-06-13,38000276,,,0,0,0,0,19882,0,429007001,4324181,,,Histórico de infarto
4904,702,0,2011-06-13,2011-06-13,38000276,,,0,0,0,0,19882,0,410429000,321042,,,Parada cardíaca
4905,702,0,2011-05-05,2011-05-05,38000276,,,0,0,0,0,19877,0,444814009,40481087,,,Infecção viral das vias aéreas superiores
4906,702,0,2010-01-28,2010-01-28,38000276,,,0,0,0,0,19876,0,195662009,4112343,,,Faringite viral aguda
4907,702,0,1999-08-14,1999-08-14,38000276,,,0,0,0,0,19884,0,446096008,40486433,,,Esteatose hepática perivenular
4908,703,0,2016-02-21,2016-02-21,38000276,,,0,0,0,0,19894,0,10509002,260139,,,Bronquite aguda
4909,703,0,2011-07-20,2011-07-20,38000276,,,0,0,0,0,19893,0,70704007,78272,,,Entorse de punho
4910,703,0,2009-07-10,2009-07-10,38000276,,,0,0,0,0,19898,0,195662009,4112343,,,Faringite viral aguda
4911,704,4163874,2013-08-02,2013-08-02,38000276,,,0,0,0,0,19911,0,399211009,4163874,,,Histórico de infarto do miocárdio
4912,704,0,2013-08-02,2013-08-02,38000276,,,0,0,0,0,19911,0,22298006,4329847,,,Infarto do miocárdio
4913,704,0,2013-04-26,2013-04-26,38000276,,,0,0,0,0,19907,0,53741008,317576,,,Doença arterial coronariana
4914,704,0,2012-10-06,2012-10-06,38000276,,,0,0,0,0,19902,0,68496003,4285898,,,Pólipo do cólon
4915,704,0,2012-09-11,2012-09-11,38000276,,,0,0,0,0,19919,0,44465007,81151,,,Entorse de tornozelo
4916,704,0,2011-11-22,2011-11-22,38000276,,,0,0,0,0,19914,0,444814009,40481087,,,Infecção viral das vias aéreas superiores
4917,704,0,2011-06-29,2011-06-29,38000276,,,0,0,0,0,19899,0,444814009,40481087,,,Infecção viral das vias aéreas superiores
4918,704,0,2009-04-14,2009-04-14,38000276,,,0,0,0,0,19918,0,444814009,40481087,,,Infecção viral das vias aéreas superiores
4919,704,0,2008-03-19,2008-03-19,38000276,,,0,0,0,0,19917,0,10509002,260139,,,Bronquite aguda
4920,704,0,2005-06-30,2005-06-30,38000276,,,0,0,0,0,19920,0,195662009,4112343,,,Faringite viral aguda
4921,704,0,2004-03-06,2004-03-06,38000276,,,0,0,0,0,19913,0,283385000,4152936,,,Laceração de ombro
4922,704,4323208,1998-09-28,1998-09-28,38000276,,,0,0,0,0,19903,0,428251008,4323208,,,Histórico de apendicectomia
4923,704,0,1998-09-28,1998-09-28,38000276,,,0,0,0,0,19908,0,74400008,440448,,,Apendicite
4924,704,0,1998-09-27,1998-09-27,38000276,,,0,0,0,0,19906,0,239873007,4079750,,,Osteoartrite do joelho
4925,704,0,1993-02-12,1993-02-12,38000276,,,0,0,0,0,19922,0,15777000,40316773,,,Pré-diabetes
4926,704,4060985,1987-01-30,1987-01-30,38000276,,,0,0,0,0,19900,0,162864005,4060985,,,IMC 30+ - obesidade
4927,705,0,2018-04-09,2018-04-09,38000276,,,0,0,0,0,19945,0,302870006,4120314,,,Hipertrigliceridemia
4928,705,0,2017-09-11,2017-09-11,38000276,,,0,0,0,0,19938,0,72892002,4217975,,,Otite média não supurativa
4929,705,0,2015-04-06,2015-04-06,38000276,,,0,0,0,0,19946,0,44054006,201826,,,Diabetes mellitus tipo 2
4930,705,0,2012-12-10,2012-12-10,38000276,,,0,0,0,0,19939,0,198992004,137613,,,Pré-eclâmpsia leve
4931,705,0,2012-05-28,2012-05-28,38000276,,,0,0,0,0,19965,0,72892002,4217975,,,Otite média não supurativa
4932,705,0,2009-02-27,2009-02-27,38000276,,,0,0,0,0,19955,0,10509002,260139,,,Bronquite aguda
4933,706,0,2017-12-01,2017-12-01,38000276,,,0,0,0,0,20001,0,444814009,40481087,,,Infecção viral das vias aéreas superiores
4934,706,0,2017-11-04,2017-11-04,38000276,,,0,0,0,0,19987,0,239873007,4079750,,,Osteoartrite do joelho
4935,706,0,2017-07-13,2017-07-13,38000276,,,0,0,0,0,19989,0,40055000,257012,,,Sinusite crônica
4936,706,0,2017-06-08,2017-06-08,38000276,,,0,0,0,0,19976,0,36971009,4283893,,,Sinusite
4937,706,0,2016-08-11,2016-08-11,38000276,,,0,0,0,0,20007,0,10509002,260139,,,Bronquite aguda
4938,706,0,2013-10-20,2013-10-20,38000276,,,0,0,0,0,20006,0,195662009,4112343,,,Faringite viral aguda
4939,706,0,2011-12-27,2011-12-27,38000276,,,0,0,0,0,19985,0,55822004,432867,,,Hiperlipidemia
4940,706,0,2011-04-29,2011-04-29,38000276,,,0,0,0,0,19999,0,444814009,40481087,,,Infecção viral das vias aéreas superiores
4941,706,0,2009-12-09,2009-12-09,38000276,,,0,0,0,0,19992,0,444814009,40481087,,,Infecção viral das vias aéreas superiores
4942,706,0,1986-01-28,1986-01-28,38000276,,,0,0,0,0,19986,0,15777000,40316773,,,Pré-diabetes
4943,706,0,1976-01-13,1976-01-13,38000276,,,0,0,0,0,20000,0,38341003,316866,,,Hipertensão arterial
4944,707,0,2015-10-04,2015-10-04,38000276,,,0,0,0,0,20028,0,156073000,40318618,,,Obesidade
4945,707,0,2015-10-04,2015-10-04,38000276,,,0,0,0,0,20028,0,19169002,4078393,,,Aborto espontâneo na gravidez
4946,707,0,2015-10-04,2015-10-04,38000276,,,0,0,0,0,20028,0,72892002,4217975,,,Otite média não supurativa
4947,707,0,2014-03-17,2014-03-17,38000276,,,0,0,0,0,20021,0,195662009,4112343,,,Faringite viral aguda
4948,707,0,2013-09-20,2013-09-20,38000276,,,0,0,0,0,20009,0,444814009,40481087,,,Infecção viral das vias aéreas superiores
4949,707,0,2012-11-04,2012-11-04,38000276,,,0,0,0,0,20027,0,72892002,4217975,,,Otite média não supurativa
4950,707,0,2012-09-24,2012-09-24,38000276,,,0,0,0,0,20032,0,271737000,439777,,,Anemia
4951,707,0,2009-11-29,2009-11-29,38000276,,,0,0,0,0,20039,0,15777000,40316773,,,Pré-diabetes
4952,707,0,2008-11-23,2008-11-23,38000276,,,0,0,0,0,20031,0,38341003,316866,,,Hipertensão arterial
4953,708,0,2013-10-11,2013-10-11,38000276,,,0,0,0,0,20059,0,230690007,381316,,,Acidente vascular cerebral
4954,708,0,2013-05-17,2013-05-17,38000276,,,0,0,0,0,20059,0,49436004,313217,,,Fibrilação atrial
4955,708,0,2011-07-25,2011-07-25,38000276,,,0,0,0,0,20058,0,444814009,40481087,,,Infecção viral das vias aéreas superiores
4956,708,0,2006-01-31,2006-01-31,38000276,,,0,0,0,0,20041,0,443165006,40480160,,,Faringite aguda
4957,708,0,2006-01-31,2006-01-31,38000276,,,0,0,0,0,20041,0,65966004,4278672,,,Fratura do fêmur
4958,708,0,2005-02-05,2005-02-05,38000276,,,0,0,0,0,20046,0,307731004,4146173,,,Fibrilação atrial de início recente
4959,708,0,1991-01-11,1991-01-11,38000276,,,0,0,0,0,20044,0,64859006,80502,,,Osteoporose
4960,708,4060985,1955-03-04,1955-03-04,38000276,,,0,0,0,0,20042,0,162864005,4060985,,,IMC 30+ - obesidade
4961,708,0,1933-02-10,1933-02-10,38000276,,,0,0,0,0,20047,0,19169002,4078393,,,Aborto espontâneo na gravidez
4962,708,0,1929-04-19,1929-04-19,38000276,,,0,0,0,0,20043,0,38341003,316866,,,Hipertensão arterial
4963,709,0,2014-11-04,2014-11-04,38000276,,,0,0,0,0,20075,0,43878008,28060,,,Faringite estreptocócica
4964,709,0,2009-12-14,2009-12-14,38000276,,,0,0,0,0,20077,0,10509002,260139,,,Bronquite aguda
4965,709,0,2004-09-07,2004-09-07,38000276,,,0,0,0,0,20067,0,64859006,80502,,,Osteoporose
4966,709,4060985,1988-07-26,1988-07-26,38000276,,,0,0,0,0,20064,0,162864005,4060985,,,IMC 30+ - obesidade
4967,709,0,1962-09-04,1962-09-04,38000276,,,0,0,0,0,20068,0,38341003,316866,,,Hipertensão arterial
4968,710,0,2014-10-03,2014-10-03,38000276,,,0,0,0,0,20087,0,284551006,4109685,,,Laceração de pé
4969,710,0,2011-02-25,2011-02-25,38000276,,,0,0,0,0,20088,0,444814009,40481087,,,Infecção viral das vias aéreas superiores
4970,710,0,2011-01-07,2011-01-07,38000276,,,0,0,0,0,20093,0,444814009,40481087,,,Infecção viral das vias aéreas superiores
4971,710,0,2005-04-09,2005-04-09,38000276,,,0,0,0,0,20089,0,239873007,4079750,,,Osteoartrite do joelho
4972,710,4256640,2000-05-06,2000-05-06,38000276,,,0,0,0,0,20096,0,408512008,4256640,,,Alcoolismo relatado pelo paciente
4973,710,0,1998-05-02,1998-05-02,38000276,,,0,0,0,0,20115,0,55822004,432867,,,Hiperlipidemia
4974,710,4060985,1984-06-30,1984-06-30,38000276,,,0,0,0,0,20116,0,162864005,4060985,,,IMC 30+ - obesidade
4975,710,0,1974-06-15,1974-06-15,38000276,,,0,0,0,0,20082,0,38341003,316866,,,Hipertensão arterial
4976,711,0,2014-08-30,2014-08-30,38000276,,,0,0,0,0,20120,0,15777000,40316773,,,Pré-diabetes
4977,711,0,2013-12-29,2013-12-29,38000276,,,0,0,0,0,20121,0,444814009,40481087,,,Infecção viral das vias aéreas superiores
4978,711,0,2013-06-13,2013-06-13,38000276,,,0,0,0,0,20118,0,284549007,4113008,,,Laceração de mão
4979,711,0,1997-05-17,1997-05-17,38000276,,,0,0,0,0,20123,0,38341003,316866,,,Hipertensão arterial
4980,711,4060985,1996-05-11,1996-05-11,38000276,,,0,0,0,0,20124,0,162864005,4060985,,,IMC 30+ - obesidade
4981,712,0,2017-04-17,2017-04-17,38000276,,,0,0,0,0,20169,0,444814009,40481087,,,Infecção viral das vias aéreas superiores
4982,712,0,2014-09-04,2014-09-04,38000276,,,0,0,0,0,20208,0,284549007,4113008,,,Laceração de mão
4983,712,0,2002-06-30,2002-06-30,38000276,,,0,0,0,0,20216,0,233678006,4051466,,,Asma na infância
4984,712,0,2002-06-30,2002-06-30,38000276,,,0,0,0,0,20216,0,446096008,40486433,,,Esteatose hepática perivenular
4985,713,0,2016-12-27,2016-12-27,38000276,,,0,0,0,0,20227,0,444814009,40481087,,,Infecção viral das vias aéreas superiores
4986,713,0,2016-02-14,2016-02-14,38000276,,,0,0,0,0,20229,0,195662009,4112343,,,Faringite viral aguda
4987,713,0,2014-10-28,2014-10-28,38000276,,,0,0,0,0,20225,0,10509002,260139,,,Bronquite aguda
4988,713,0,2012-06-21,2012-06-21,38000276,,,0,0,0,0,20228,0,10509002,260139,,,Bronquite aguda
4989,713,0,2011-08-26,2011-08-26,38000276,,,0,0,0,0,20217,0,195662009,4112343,,,Faringite viral aguda
4990,713,0,2010-02-16,2010-02-16,38000276,,,0,0,0,0,20224,0,43878008,28060,,,Faringite estreptocócica
4991,713,45766064,2003-10-05,2003-10-05,38000276,,,0,0,0,0,20230,0,703151001,45766064,,,Histórico de artroplastia de joelho
4992,713,0,2003-10-05,2003-10-05,38000276,,,0,0,0,0,20230,0,128613002,4029498,,,Transtorno convulsivo
4993,714,0,2017-08-28,2017-08-28,38000276,,,0,0,0,0,20333,0,72892002,4217975,,,Otite média não supurativa
4994,714,0,2017-02-20,2017-02-20,38000276,,,0,0,0,0,20250,0,72892002,4217975,,,Otite média não supurativa
4995,714,0,2016-06-13,2016-06-13,38000276,,,0,0,0,0,20298,0,87433001,261325,,,Enfisema pulmonar
4996,714,0,2015-04-13,2015-04-13,38000276,,,0,0,0,0,20268,0,40275004,134438,,,Dermatite de contato
4997,714,0,2015-02-21,2015-02-21,38000276,,,0,0,0,0,20304,0,10509002,260139,,,Bronquite aguda
4998,714,0,2014-10-09,2014-10-09,38000276,,,0,0,0,0,20334,0,195662009,4112343,,,Faringite viral aguda
4999,714,0,2014-02-18,2014-02-18,38000276,,,0,0,0,0,20271,0,444814009,40481087,,,Infecção viral das vias aéreas superiores
5000,714,0,2012-07-30,2012-07-30,38000276,,,0,0,0,0,20325,0,72892002,4217975,,,Otite média não supurativa
5001,714,0,2012-06-04,2012-06-04,38000276,,,0,0,0,0,20289,0,38341003,316866,,,Hipertensão arterial
5002,714,0,2011-07-18,2011-07-18,38000276,,,0,0,0,0,20257,0,58150001,4237458,,,Fratura de clavícula
5003,714,0,2010-10-11,2010-10-11,38000276,,,0,0,0,0,20288,0,72892002,4217975,,,Otite média não supurativa
5004,714,4323208,2010-04-09,2010-04-09,38000276,,,0,0,0,0,20277,0,428251008,4323208,,,Histórico de apendicectomia
5005,714,0,2010-04-09,2010-04-09,38000276,,,0,0,0,0,20252,0,74400008,440448,,,Apendicite
5006,714,0,2009-11-22,2009-11-22,38000276,,,0,0,0,0,20346,0,195662009,4112343,,,Faringite viral aguda
5007,715,0,2014-07-21,2014-07-21,38000276,,,0,0,0,0,,0,230690007,381316,,,Acidente vascular cerebral
5008,715,0,2011-03-22,2011-03-22,38000276,,,0,0,0,0,20387,0,10509002,260139,,,Bronquite aguda
5009,715,0,2011-03-28,2011-03-28,38000276,,,0,0,0,0,20357,0,195662009,4112343,,,Faringite viral aguda
5010,715,0,2008-01-31,2008-01-31,38000276,,,0,0,0,0,20410,0,70704007,78272,,,Entorse de punho
5011,715,0,2002-08-05,2002-08-05,38000276,,,0,0,0,0,20382,0,55822004,432867,,,Hiperlipidemia
5012,715,0,1992-08-24,1992-08-24,38000276,,,0,0,0,0,20358,0,127013003,192279,,,Nefropatia diabética
5013,715,0,1992-08-24,1992-08-24,38000276,,,0,0,0,0,20358,0,431855005,443614,,,Doença renal crônica estágio 1
5014,715,0,1988-05-16,1988-05-16,38000276,,,0,0,0,0,20385,0,237602007,436940,,,Síndrome metabólica
5015,715,0,1988-05-16,1988-05-16,38000276,,,0,0,0,0,20385,0,302870006,4120314,,,Hipertrigliceridemia
5016,715,0,1988-05-16,1988-05-16,38000276,,,0,0,0,0,20385,0,80394007,4214376,,,Hiperglicemia
5017,715,0,1986-05-12,1986-05-12,38000276,,,0,0,0,0,20388,0,44054006,201826,,,Diabetes mellitus tipo 2
5018,715,0,1986-05-12,1986-05-12,38000276,,,0,0,0,0,20388,0,38341003,316866,,,Hipertensão arterial
5019,715,4060985,1984-05-07,1984-05-07,38000276,,,0,0,0,0,20350,0,162864005,4060985,,,IMC 30+ - obesidade
5020,715,0,1981-04-12,1981-04-12,38000276,,,0,0,0,0,20398,0,239873007,4079750,,,Osteoartrite do joelho
5021,715,0,1965-08-02,1965-08-02,38000276,,,0,0,0,0,20376,0,19169002,4078393,,,Aborto espontâneo na gravidez
5022,716,4163874,2011-12-24,2011-12-24,38000276,,,0,0,0,0,20429,0,399211009,4163874,,,Histórico de infarto do miocárdio
5023,716,0,2011-12-24,2011-12-24,38000276,,,0,0,0,0,20429,0,22298006,4329847,,,Infarto do miocárdio
5024,716,0,2010-07-14,2010-07-14,38000276,,,0,0,0,0,20439,0,263102004,4134304,,,Ruptura de menisco
5025,716,0,2003-08-21,2003-08-21,38000276,,,0,0,0,0,20426,0,195662009,4112343,,,Faringite viral aguda
5026,716,0,2003-03-14,2003-03-14,38000276,,,0,0,0,0,20427,0,195662009,4112343,,,Faringite viral aguda
5027,716,0,2002-10-30,2002-10-30,38000276,,,0,0,0,0,20433,0,65363002,372328,,,Otite média
5028,716,0,2002-09-01,2002-09-01,38000276,,,0,0,0,0,20442,0,43878008,28060,,,Faringite estreptocócica
5029,716,4060985,1998-01-24,1998-01-24,38000276,,,0,0,0,0,20430,0,162864005,4060985,,,IMC 30+ - obesidade
5030,716,0,1992-01-18,1992-01-18,38000276,,,0,0,0,0,20436,0,53741008,317576,,,Doença arterial coronariana
5031,716,0,1982-01-02,1982-01-02,38000276,,,0,0,0,0,20431,0,38341003,316866,,,Hipertensão arterial
5032,717,0,2016-07-29,2016-07-29,38000276,,,0,0,0,0,20471,0,72892002,4217975,,,Otite média não supurativa
5033,717,0,2015-10-16,2015-10-16,38000276,,,0,0,0,0,20456,0,38341003,316866,,,Hipertensão arterial
5034,717,0,2013-09-06,2013-09-06,38000276,,,0,0,0,0,20454,0,72892002,4217975,,,Otite média não supurativa
5035,717,0,2013-06-04,2013-06-04,38000276,,,0,0,0,0,20517,0,241929008,4084167,,,Reação alérgica a alimento
5036,717,0,2011-09-22,2011-09-22,38000276,,,0,0,0,0,20480,0,444814009,40481087,,,Infecção viral das vias aéreas superiores
5037,717,0,2000-03-06,2000-03-06,38000276,,,0,0,0,0,20505,0,232353008,4048171,,,Perfuração do tímpano
5038,718,0,2014-12-06,2014-12-06,38000276,,,0,0,0,0,20546,0,444814009,40481087,,,Infecção viral das vias aéreas superiores
5039,718,0,2014-10-07,2014-10-07,38000276,,,0,0,0,0,20570,0,195662009,4112343,,,Faringite viral aguda
5040,718,0,2012-07-05,2012-07-05,38000276,,,0,0,0,0,20568,0,444814009,40481087,,,Infecção viral das vias aéreas superiores
5041,718,0,2012-04-05,2012-04-05,38000276,,,0,0,0,0,20569,0,43878008,28060,,,Faringite estreptocócica
5042,718,0,2011-09-17,2011-09-17,38000276,,,0,0,0,0,20575,0,444814009,40481087,,,Infecção viral das vias aéreas superiores
5043,718,0,2011-05-04,2011-05-04,38000276,,,0,0,0,0,20549,0,10509002,260139,,,Bronquite aguda
5044,718,0,2010-05-07,2010-05-07,38000276,,,0,0,0,0,20558,0,195662009,4112343,,,Faringite viral aguda
5045,718,0,2010-02-09,2010-02-09,38000276,,,0,0,0,0,20555,0,444814009,40481087,,,Infecção viral das vias aéreas superiores
5046,718,0,1992-10-05,1992-10-05,38000276,,,0,0,0,0,20559,0,19169002,4078393,,,Aborto espontâneo na gravidez
5047,718,0,1992-02-03,1992-02-03,38000276,,,0,0,0,0,20560,0,15777000,40316773,,,Pré-diabetes
5048,718,0,1983-06-10,1983-06-10,38000276,,,0,0,0,0,20552,0,40055000,257012,,,Sinusite crônica
5049,719,0,2016-12-15,2016-12-15,38000276,,,0,0,0,0,20585,0,444814009,40481087,,,Infecção viral das vias aéreas superiores
5050,719,0,2015-12-06,2015-12-06,38000276,,,0,0,0,0,20603,0,195662009,4112343,,,Faringite viral aguda
5051,719,0,2010-04-02,2010-04-02,38000276,,,0,0,0,0,20591,0,444814009,40481087,,,Infecção viral das vias aéreas superiores
5052,719,0,2009-11-08,2009-11-08,38000276,,,0,0,0,0,20579,0,241929008,4084167,,,Reação alérgica a alimento
5053,719,0,2009-04-15,2009-04-15,38000276,,,0,0,0,0,20580,0,444814009,40481087,,,Infecção viral das vias aéreas superiores
5054,719,0,2006-12-16,2006-12-16,38000276,,,0,0,0,0,20582,0,233678006,4051466,,,Asma na infância
5055,719,0,2006-12-16,2006-12-16,38000276,,,0,0,0,0,20582,0,367498001,4280726,,,Gripe sazonal
5056,720,0,2015-11-09,2015-11-09,38000276,,,0,0,0,0,20608,0,263102004,4134304,,,Ruptura de menisco
5057,720,0,2012-10-20,2012-10-20,38000276,,,0,0,0,0,20611,0,44465007,81151,,,Entorse de tornozelo
5058,720,0,2012-03-11,2012-03-11,38000276,,,0,0,0,0,20616,0,10509002,260139,,,Bronquite aguda
5059,720,0,2009-03-04,2009-03-04,38000276,,,0,0,0,0,20614,0,10509002,260139,,,Bronquite aguda
5060,720,0,2007-01-05,2007-01-05,38000276,,,0,0,0,0,20617,0,38341003,316866,,,Hipertensão arterial
5061,721,0,2018-05-14,2018-05-14,38000276,,,0,0,0,0,20627,0,44465007,81151,,,Entorse de tornozelo
5062,721,0,2016-02-15,2016-02-15,38000276,,,0,0,0,0,20622,0,10509002,260139,,,Bronquite aguda
5063,721,0,2015-05-02,2015-05-02,38000276,,,0,0,0,0,20625,0,70704007,78272,,,Entorse de punho
5064,721,0,2014-10-21,2014-10-21,38000276,,,0,0,0,0,20623,0,444814009,40481087,,,Infecção viral das vias aéreas superiores
5065,721,0,2011-07-01,2011-07-01,38000276,,,0,0,0,0,20632,0,70704007,78272,,,Entorse de punho
5066,721,0,2011-02-20,2011-02-20,38000276,,,0,0,0,0,20620,0,65363002,372328,,,Otite média
5067,721,0,2009-01-13,2009-01-13,38000276,,,0,0,0,0,20628,0,10509002,260139,,,Bronquite aguda
5068,722,0,1970-11-04,1970-11-04,38000276,,,0,0,0,0,20698,0,44465007,81151,,,Entorse de tornozelo
5069,722,0,1967-11-13,1967-11-13,38000276,,,0,0,0,0,20674,0,230690007,381316,,,Acidente vascular cerebral
5070,722,0,1966-12-04,1966-12-04,38000276,,,0,0,0,0,20697,0,284551006,4109685,,,Laceração de pé
5071,722,0,1966-06-28,1966-06-28,38000276,,,0,0,0,0,20689,0,444814009,40481087,,,Infecção viral das vias aéreas superiores
5072,722,0,1965-09-25,1965-09-25,38000276,,,0,0,0,0,20681,0,68496003,4285898,,,Pólipo do cólon
5073,722,0,1964-07-06,1964-07-06,38000276,,,0,0,0,0,,0,49436004,313217,,,Fibrilação atrial
5074,722,0,1957-04-15,1957-04-15,38000276,,,0,0,0,0,20683,0,53741008,317576,,,Doença arterial coronariana
5075,722,0,1956-09-14,1956-09-14,38000276,,,0,0,0,0,20648,0,90560007,440674,,,Gota
5076,722,0,1956-01-23,1956-01-23,38000276,,,0,0,0,0,20684,0,1551000119108,43530656,,,Retinopatia diabética não proliferativa
5077,722,0,1956-01-23,1956-01-23,38000276,,,0,0,0,0,20684,0,422034002,4226121,,,Retinopatia diabética proliferativa
5078,722,0,1956-01-23,1956-01-23,38000276,,,0,0,0,0,20684,0,90781000119102,45769905,,,Doença renal crônica por diabetes
5079,722,0,1956-01-23,1956-01-23,38000276,,,0,0,0,0,20684,0,431856006,443601,,,Doença renal crônica estágio 4
5080,722,0,1956-01-23,1956-01-23,38000276,,,0,0,0,0,20684,0,15777000,40316773,,,Pré-diabetes
5081,722,4324181,1947-07-28,1947-07-28,38000276,,,0,0,0,0,20694,0,429007001,4324181,,,Histórico de infarto
5082,722,0,1947-07-28,1947-07-28,38000276,,,0,0,0,0,20694,0,410429000,321042,,,Parada cardíaca
5083,722,0,1936-05-25,1936-05-25,38000276,,,0,0,0,0,20690,0,237602007,436940,,,Síndrome metabólica
5084,722,0,1932-11-28,1932-11-28,38000276,,,0,0,0,0,20636,0,127013003,192279,,,Nefropatia diabética
5085,722,0,1932-11-28,1932-11-28,38000276,,,0,0,0,0,20636,0,431855005,443614,,,Doença renal crônica estágio 1
5086,722,0,1932-11-28,1932-11-28,38000276,,,0,0,0,0,20636,0,302870006,4120314,,,Hipertrigliceridemia
5087,722,0,1929-11-25,1929-11-25,38000276,,,0,0,0,0,20637,0,44054006,201826,,,Diabetes mellitus tipo 2
5088,722,0,1929-11-25,1929-11-25,38000276,,,0,0,0,0,20637,0,38341003,316866,,,Hipertensão arterial
5089,723,0,2018-04-25,2018-04-25,38000276,,,0,0,0,0,20722,0,444814009,40481087,,,Infecção viral das vias aéreas superiores
5090,723,0,2015-07-05,2015-07-05,38000276,,,0,0,0,0,20732,0,62106007,378001,,,Concussão com perda de consciência
5091,724,0,2018-11-09,2018-11-09,38000276,,,0,0,0,0,20742,0,65363002,372328,,,Otite média
5092,724,0,2018-04-04,2018-04-04,38000276,,,0,0,0,0,20743,0,195662009,4112343,,,Faringite viral aguda
5093,724,0,2017-10-03,2017-10-03,38000276,,,0,0,0,0,20739,0,65363002,372328,,,Otite média
5094,725,0,2016-03-29,2016-03-29,38000276,,,0,0,0,0,20757,0,70704007,78272,,,Entorse de punho
5095,725,0,2012-03-22,2012-03-22,38000276,,,0,0,0,0,20754,0,39848009,4218389,,,Lesão em chicote do pescoço
5096,725,0,2009-06-09,2009-06-09,38000276,,,0,0,0,0,20750,0,43878008,28060,,,Faringite estreptocócica
5097,725,0,2009-04-14,2009-04-14,38000276,,,0,0,0,0,20752,0,36971009,4283893,,,Sinusite
5098,725,0,2009-04-07,2009-04-07,38000276,,,0,0,0,0,20753,0,62106007,378001,,,Concussão com perda de consciência
5099,726,0,2018-10-19,2018-10-19,38000276,,,0,0,0,0,20786,0,62106007,378001,,,Concussão com perda de consciência
5100,726,0,2018-05-31,2018-05-31,38000276,,,0,0,0,0,20777,0,444814009,40481087,,,Infecção viral das vias aéreas superiores
5101,726,0,2017-01-06,2017-01-06,38000276,,,0,0,0,0,20802,0,38341003,316866,,,Hipertensão arterial
5102,726,0,2016-05-13,2016-05-13,38000276,,,0,0,0,0,20778,0,156073000,40318618,,,Obesidade
5103,726,0,2016-05-13,2016-05-13,38000276,,,0,0,0,0,20778,0,19169002,4078393,,,Aborto espontâneo na gravidez
5104,726,0,2016-05-13,2016-05-13,38000276,,,0,0,0,0,20778,0,72892002,4217975,,,Otite média não supurativa
5105,726,0,2014-06-20,2014-06-20,38000276,,,0,0,0,0,20800,0,72892002,4217975,,,Otite média não supurativa
5106,726,0,2013-03-05,2013-03-05,38000276,,,0,0,0,0,20792,0,444814009,40481087,,,Infecção viral das vias aéreas superiores
5107,726,0,2012-12-15,2012-12-15,38000276,,,0,0,0,0,20767,0,444814009,40481087,,,Infecção viral das vias aéreas superiores
5108,726,0,2010-09-19,2010-09-19,38000276,,,0,0,0,0,20796,0,40055000,257012,,,Sinusite crônica
5109,726,0,2010-08-29,2010-08-29,38000276,,,0,0,0,0,20789,0,75498004,4294548,,,Infecção bacteriana aguda
5110,726,0,2009-06-09,2009-06-09,38000276,,,0,0,0,0,20772,0,10509002,260139,,,Bronquite aguda
5111,727,0,2015-09-18,2015-09-18,38000276,,,0,0,0,0,20803,0,72892002,4217975,,,Otite média não supurativa
5112,727,0,2013-11-22,2013-11-22,38000276,,,0,0,0,0,20823,0,80394007,4214376,,,Hiperglicemia
5113,727,0,2010-11-19,2010-11-19,38000276,,,0,0,0,0,20810,0,127013003,192279,,,Nefropatia diabética
5114,727,0,2010-11-19,2010-11-19,38000276,,,0,0,0,0,20810,0,431855005,443614,,,Doença renal crônica estágio 1
5115,727,0,2009-12-18,2009-12-18,38000276,,,0,0,0,0,20825,0,72892002,4217975,,,Otite média não supurativa
5116,727,0,2009-07-24,2009-07-24,38000276,,,0,0,0,0,20813,0,237602007,436940,,,Síndrome metabólica
5117,727,0,2009-07-24,2009-07-24,38000276,,,0,0,0,0,20813,0,302870006,4120314,,,Hipertrigliceridemia
5118,727,0,2006-07-21,2006-07-21,38000276,,,0,0,0,0,20812,0,44054006,201826,,,Diabetes mellitus tipo 2
5119,727,0,2006-07-21,2006-07-21,38000276,,,0,0,0,0,20812,0,38341003,316866,,,Hipertensão arterial
5120,727,4060985,2000-07-14,2000-07-14,38000276,,,0,0,0,0,20807,0,162864005,4060985,,,IMC 30+ - obesidade
5121,727,0,1982-03-28,1982-03-28,38000276,,,0,0,0,0,20821,0,40055000,257012,,,Sinusite crônica
5122,727,0,2015-09-25,2015-09-25,38000276,,,0,0,0,0,20814,0,15777000,40316773,,,Pré-diabetes
5123,728,0,2018-04-28,2018-04-28,38000276,,,0,0,0,0,20843,0,43878008,28060,,,Faringite estreptocócica
5124,728,0,2017-12-20,2017-12-20,38000276,,,0,0,0,0,20846,0,65966004,4278672,,,Fratura do fêmur
5125,728,0,2017-07-30,2017-07-30,38000276,,,0,0,0,0,20842,0,15777000,40316773,,,Pré-diabetes
5126,728,0,2014-12-31,2014-12-31,38000276,,,0,0,0,0,20849,0,39848009,4218389,,,Lesão em chicote do pescoço
5127,728,0,2009-06-25,2009-06-25,38000276,,,0,0,0,0,20848,0,10509002,260139,,,Bronquite aguda
5128,728,0,1997-02-07,1997-02-07,38000276,,,0,0,0,0,20840,0,232353008,4048171,,,Perfuração do tímpano
5129,729,0,2018-12-04,2018-12-04,38000276,,,0,0,0,0,20856,0,64859006,80502,,,Osteoporose
5130,729,0,2013-12-17,2013-12-17,38000276,,,0,0,0,0,20862,0,44465007,81151,,,Entorse de tornozelo
5131,729,0,1992-03-17,1992-03-17,38000276,,,0,0,0,0,20857,0,19169002,4078393,,,Aborto espontâneo na gravidez
5132,729,0,1977-03-15,1977-03-15,38000276,,,0,0,0,0,20859,0,15777000,40316773,,,Pré-diabetes
5133,730,0,1977-11-12,1977-11-12,38000276,,,0,0,0,0,20873,0,53741008,317576,,,Doença arterial coronariana
5134,730,0,1977-03-29,1977-03-29,38000276,,,0,0,0,0,20876,0,444814009,40481087,,,Infecção viral das vias aéreas superiores
5135,730,0,1972-04-02,1972-04-02,38000276,,,0,0,0,0,20871,0,65363002,372328,,,Otite média
5136,730,0,1971-10-09,1971-10-09,38000276,,,0,0,0,0,20868,0,55822004,432867,,,Hiperlipidemia
5137,730,0,1968-11-29,1968-11-29,38000276,,,0,0,0,0,20881,0,10509002,260139,,,Bronquite aguda
5138,730,4060985,1961-10-28,1961-10-28,38000276,,,0,0,0,0,20889,0,162864005,4060985,,,IMC 30+ - obesidade
5139,730,0,1950-10-14,1950-10-14,38000276,,,0,0,0,0,20880,0,185086009,258780,,,DPOC exacerbada
5140,731,0,2016-10-24,2016-10-24,38000276,,,0,0,0,0,20900,0,284549007,4113008,,,Laceração de mão
5141,731,0,2016-03-03,2016-03-03,38000276,,,0,0,0,0,20904,0,195662009,4112343,,,Faringite viral aguda
5142,731,0,2015-10-02,2015-10-02,38000276,,,0,0,0,0,20906,0,65363002,372328,,,Otite média
5143,731,0,2011-12-23,2011-12-23,38000276,,,0,0,0,0,20897,0,10509002,260139,,,Bronquite aguda
5144,732,0,2017-12-23,2017-12-23,38000276,,,0,0,0,0,20916,0,68496003,4285898,,,Pólipo do cólon
5145,732,0,2017-09-04,2017-09-04,38000276,,,0,0,0,0,20924,0,10509002,260139,,,Bronquite aguda
5146,732,0,2017-06-28,2017-06-28,38000276,,,0,0,0,0,20917,0,40055000,257012,,,Sinusite crônica
5147,732,0,2017-05-31,2017-05-31,38000276,,,0,0,0,0,20919,0,75498004,4294548,,,Infecção bacteriana aguda
5148,732,0,2015-08-24,2015-08-24,38000276,,,0,0,0,0,20926,0,10509002,260139,,,Bronquite aguda
5149,732,0,2014-04-03,2014-04-03,38000276,,,0,0,0,0,20932,0,444814009,40481087,,,Infecção viral das vias aéreas superiores
5150,732,0,2012-02-05,2012-02-05,38000276,,,0,0,0,0,20915,0,195662009,4112343,,,Faringite viral aguda
5151,732,4060985,2006-01-18,2006-01-18,38000276,,,0,0,0,0,20927,0,162864005,4060985,,,IMC 30+ - obesidade
5152,732,45766064,1967-12-23,1967-12-23,38000276,,,0,0,0,0,20933,0,703151001,45766064,,,Histórico de artroplastia de joelho
5153,732,0,1967-12-23,1967-12-23,38000276,,,0,0,0,0,20933,0,128613002,4029498,,,Transtorno convulsivo
5154,733,0,2018-05-30,2018-05-30,38000276,,,0,0,0,0,20940,0,444814009,40481087,,,Infecção viral das vias aéreas superiores
5155,733,0,2017-02-24,2017-02-24,38000276,,,0,0,0,0,20943,0,15777000,40316773,,,Pré-diabetes
5156,733,0,2017-02-17,2017-02-17,38000276,,,0,0,0,0,20944,0,10509002,260139,,,Bronquite aguda
5157,733,0,2015-06-01,2015-06-01,38000276,,,0,0,0,0,20938,0,195662009,4112343,,,Faringite viral aguda
5158,733,0,2012-02-16,2012-02-16,38000276,,,0,0,0,0,20941,0,444814009,40481087,,,Infecção viral das vias aéreas superiores
5159,733,0,2009-08-12,2009-08-12,38000276,,,0,0,0,0,20935,0,44465007,81151,,,Entorse de tornozelo
5160,734,0,2016-02-19,2016-02-19,38000276,,,0,0,0,0,20945,0,43878008,28060,,,Faringite estreptocócica
5161,734,0,2015-03-31,2015-03-31,38000276,,,0,0,0,0,20955,0,58150001,4237458,,,Fratura de clavícula
5162,734,4256640,2014-04-17,2014-04-17,38000276,,,0,0,0,0,20952,0,408512008,4256640,,,Alcoolismo relatado pelo paciente
5163,734,0,2013-11-20,2013-11-20,38000276,,,0,0,0,0,20948,0,195662009,4112343,,,Faringite viral aguda
5164,734,4060985,2009-03-19,2009-03-19,38000276,,,0,0,0,0,20951,0,162864005,4060985,,,IMC 30+ - obesidade
5165,735,0,2017-12-20,2017-12-20,38000276,,,0,0,0,0,20980,0,72892002,4217975,,,Otite média não supurativa
5166,735,0,2016-11-12,2016-11-12,38000276,,,0,0,0,0,20968,0,444814009,40481087,,,Infecção viral das vias aéreas superiores
5167,735,0,2016-05-18,2016-05-18,38000276,,,0,0,0,0,21011,0,72892002,4217975,,,Otite média não supurativa
5168,735,0,2012-11-28,2012-11-28,38000276,,,0,0,0,0,20982,0,38341003,316866,,,Hipertensão arterial
5169,736,0,1994-10-18,1994-10-18,38000276,,,0,0,0,0,21066,0,80394007,4214376,,,Hiperglicemia
5170,736,0,1994-06-21,1994-06-21,38000276,,,0,0,0,0,21033,0,127013003,192279,,,Nefropatia diabética
5171,736,0,1994-06-21,1994-06-21,38000276,,,0,0,0,0,21033,0,431855005,443614,,,Doença renal crônica estágio 1
5172,736,0,1992-03-28,1992-03-28,38000276,,,0,0,0,0,21025,0,444814009,40481087,,,Infecção viral das vias aéreas superiores
5173,736,0,1992-01-03,1992-01-03,38000276,,,0,0,0,0,21059,0,65966004,4278672,,,Fratura do fêmur
5174,736,0,1990-12-31,1990-12-31,38000276,,,0,0,0,0,21062,0,424132000,4310703,,,Carcinoma de células escamosas da pele
5175,736,0,1990-12-29,1990-12-29,38000276,,,0,0,0,0,21057,0,254637007,4115276,,,Câncer de pulmão não pequenas células
5176,736,4038238,1990-12-17,1990-12-17,38000276,,,0,0,0,0,21072,0,162573006,4038238,,,Suspeita de abuso de álcool
5177,736,0,1989-11-18,1989-11-18,38000276,,,0,0,0,0,21034,0,444814009,40481087,,,Infecção viral das vias aéreas superiores
5178,736,0,1985-10-08,1985-10-08,38000276,,,0,0,0,0,21021,0,195662009,4112343,,,Faringite viral aguda
5179,736,0,1984-12-04,1984-12-04,38000276,,,0,0,0,0,21018,0,237602007,436940,,,Síndrome metabólica
5180,736,0,1982-11-23,1982-11-23,38000276,,,0,0,0,0,21055,0,302870006,4120314,,,Hipertrigliceridemia
5181,736,0,1979-11-20,1979-11-20,38000276,,,0,0,0,0,21065,0,44054006,201826,,,Diabetes mellitus tipo 2
5182,736,0,1979-11-20,1979-11-20,38000276,,,0,0,0,0,21065,0,38341003,316866,,,Hipertensão arterial
5183,736,0,1976-11-16,1976-11-16,38000276,,,0,0,0,0,21039,0,15777000,40316773,,,Pré-diabetes
5184,737,0,2018-01-20,2018-01-20,38000276,,,0,0,0,0,21103,0,195662009,4112343,,,Faringite viral aguda
5185,737,0,2017-07-02,2017-07-02,38000276,,,0,0,0,0,21143,0,65966004,4278672,,,Fratura do fêmur
5186,737,0,2017-03-02,2017-03-02,38000276,,,0,0,0,0,21081,0,72892002,4217975,,,Otite média não supurativa
5187,737,0,2015-12-13,2015-12-13,38000276,,,0,0,0,0,21113,0,444814009,40481087,,,Infecção viral das vias aéreas superiores
5188,737,0,2015-10-08,2015-10-08,38000276,,,0,0,0,0,21144,0,72892002,4217975,,,Otite média não supurativa
5189,737,0,2013-10-12,2013-10-12,38000276,,,0,0,0,0,21142,0,444814009,40481087,,,Infecção viral das vias aéreas superiores
5190,737,0,2013-08-15,2013-08-15,38000276,,,0,0,0,0,21100,0,72892002,4217975,,,Otite média não supurativa
5191,737,0,2012-07-04,2012-07-04,38000276,,,0,0,0,0,21127,0,444814009,40481087,,,Infecção viral das vias aéreas superiores
5192,737,0,2011-08-04,2011-08-04,38000276,,,0,0,0,0,21132,0,15777000,40316773,,,Pré-diabetes
5193,737,0,2011-06-25,2011-06-25,38000276,,,0,0,0,0,21119,0,444814009,40481087,,,Infecção viral das vias aéreas superiores
5194,737,0,2011-05-19,2011-05-19,38000276,,,0,0,0,0,21138,0,72892002,4217975,,,Otite média não supurativa
5195,737,0,2010-09-23,2010-09-23,38000276,,,0,0,0,0,21120,0,72892002,4217975,,,Otite média não supurativa
5196,737,0,2010-03-25,2010-03-25,38000276,,,0,0,0,0,21104,0,72892002,4217975,,,Otite média não supurativa
5197,738,0,2015-11-28,2015-11-28,38000276,,,0,0,0,0,21175,0,10509002,260139,,,Bronquite aguda
5198,738,0,2014-03-07,2014-03-07,38000276,,,0,0,0,0,21179,0,444814009,40481087,,,Infecção viral das vias aéreas superiores
5199,738,0,2013-11-10,2013-11-10,38000276,,,0,0,0,0,21177,0,444814009,40481087,,,Infecção viral das vias aéreas superiores
5200,738,0,2010-03-16,2010-03-16,38000276,,,0,0,0,0,21172,0,444814009,40481087,,,Infecção viral das vias aéreas superiores
5201,738,0,2007-07-28,2007-07-28,38000276,,,0,0,0,0,21153,0,55822004,432867,,,Hiperlipidemia
5202,738,0,1992-04-25,1992-04-25,38000276,,,0,0,0,0,21178,0,15777000,40316773,,,Pré-diabetes
5203,738,0,1984-03-25,1984-03-25,38000276,,,0,0,0,0,21152,0,271737000,439777,,,Anemia
5204,738,0,1980-05-24,1980-05-24,38000276,,,0,0,0,0,21161,0,38341003,316866,,,Hipertensão arterial
5205,739,0,2013-05-18,2013-05-18,38000276,,,0,0,0,0,21182,0,444814009,40481087,,,Infecção viral das vias aéreas superiores
5206,739,0,2011-11-25,2011-11-25,38000276,,,0,0,0,0,21181,0,444814009,40481087,,,Infecção viral das vias aéreas superiores
5207,739,0,2011-06-29,2011-06-29,38000276,,,0,0,0,0,21188,0,15777000,40316773,,,Pré-diabetes
5208,739,0,2009-01-09,2009-01-09,38000276,,,0,0,0,0,21185,0,44465007,81151,,,Entorse de tornozelo
5209,739,0,1996-08-21,1996-08-21,38000276,,,0,0,0,0,21186,0,38341003,316866,,,Hipertensão arterial
5210,739,0,1983-11-30,1983-11-30,38000276,,,0,0,0,0,21187,0,40055000,257012,,,Sinusite crônica
5211,740,0,2006-11-10,2006-11-10,38000276,,,0,0,0,0,21204,0,230690007,381316,,,Acidente vascular cerebral
5212,740,0,2004-05-14,2004-05-14,38000276,,,0,0,0,0,21206,0,49436004,313217,,,Fibrilação atrial
5213,740,0,2003-12-02,2003-12-02,38000276,,,0,0,0,0,21207,0,444814009,40481087,,,Infecção viral das vias aéreas superiores
5214,740,0,2002-06-11,2002-06-11,38000276,,,0,0,0,0,21197,0,68496003,4285898,,,Pólipo do cólon
5215,740,0,1999-04-16,1999-04-16,38000276,,,0,0,0,0,21203,0,26929004,378419,,,Doença de Alzheimer
5216,740,0,1970-08-27,1970-08-27,38000276,,,0,0,0,0,21200,0,40055000,257012,,,Sinusite crônica
5217,740,0,1945-08-10,1945-08-10,38000276,,,0,0,0,0,21209,0,38341003,316866,,,Hipertensão arterial
5218,740,4256640,1937-06-25,1937-06-25,38000276,,,0,0,0,0,21191,0,408512008,4256640,,,Alcoolismo relatado pelo paciente
5219,740,4060985,1933-06-02,1933-06-02,38000276,,,0,0,0,0,21196,0,162864005,4060985,,,IMC 30+ - obesidade
5220,741,4163874,1989-11-16,1989-11-16,38000276,,,0,0,0,0,21213,0,399211009,4163874,,,Histórico de infarto do miocárdio
5221,741,0,1989-11-16,1989-11-16,38000276,,,0,0,0,0,21213,0,22298006,4329847,,,Infarto do miocárdio
5222,741,0,1989-10-02,1989-10-02,38000276,,,0,0,0,0,21232,0,68496003,4285898,,,Pólipo do cólon
5223,741,0,1988-08-04,1988-08-04,38000276,,,0,0,0,0,21230,0,53741008,317576,,,Doença arterial coronariana
5224,741,0,1987-07-18,1987-07-18,38000276,,,0,0,0,0,21244,0,10509002,260139,,,Bronquite aguda
5225,741,0,1985-03-25,1985-03-25,38000276,,,0,0,0,0,21248,0,44465007,81151,,,Entorse de tornozelo
5226,741,0,1983-01-25,1983-01-25,38000276,,,0,0,0,0,21229,0,195662009,4112343,,,Faringite viral aguda
5227,741,0,1973-05-24,1973-05-24,38000276,,,0,0,0,0,21246,0,55822004,432867,,,Hiperlipidemia
5228,741,4060985,1943-10-14,1943-10-14,38000276,,,0,0,0,0,21221,0,162864005,4060985,,,IMC 30+ - obesidade
5229,741,0,1915-07-22,1915-07-22,38000276,,,0,0,0,0,21242,0,84757009,380378,,,Epilepsia
5230,741,45766064,1914-10-08,1914-10-08,38000276,,,0,0,0,0,21241,0,703151001,45766064,,,Histórico de artroplastia de joelho
5231,741,0,1914-10-08,1914-10-08,38000276,,,0,0,0,0,21241,0,128613002,4029498,,,Transtorno convulsivo
5232,742,0,2016-02-20,2016-02-20,38000276,,,0,0,0,0,21262,0,233678006,4051466,,,Asma na infância
5233,742,0,2015-06-08,2015-06-08,38000276,,,0,0,0,0,21257,0,65363002,372328,,,Otite média
5234,743,0,2016-12-07,2016-12-07,38000276,,,0,0,0,0,21276,0,370247008,4156265,,,Lesão facial
5235,743,0,2016-01-12,2016-01-12,38000276,,,0,0,0,0,21267,0,62564004,375671,,,Concussão sem perda de consciência
5236,743,0,2014-10-12,2014-10-12,38000276,,,0,0,0,0,21271,0,444814009,40481087,,,Infecção viral das vias aéreas superiores
5237,743,0,2011-05-08,2011-05-08,38000276,,,0,0,0,0,21269,0,58150001,4237458,,,Fratura de clavícula
5238,744,0,2016-05-04,2016-05-04,38000276,,,0,0,0,0,21285,0,195662009,4112343,,,Faringite viral aguda
5239,744,0,2012-06-02,2012-06-02,38000276,,,0,0,0,0,21282,0,65363002,372328,,,Otite média
5240,744,0,2012-03-16,2012-03-16,38000276,,,0,0,0,0,21292,0,43878008,28060,,,Faringite estreptocócica
5241,744,0,2009-08-18,2009-08-18,38000276,,,0,0,0,0,21284,0,43878008,28060,,,Faringite estreptocócica
5242,745,0,2018-10-04,2018-10-04,38000276,,,0,0,0,0,21340,0,444814009,40481087,,,Infecção viral das vias aéreas superiores
5243,745,0,2016-05-27,2016-05-27,38000276,,,0,0,0,0,21302,0,444814009,40481087,,,Infecção viral das vias aéreas superiores
5244,745,0,2015-09-17,2015-09-17,38000276,,,0,0,0,0,21332,0,72892002,4217975,,,Otite média não supurativa
5245,745,0,2011-11-10,2011-11-10,38000276,,,0,0,0,0,21314,0,72892002,4217975,,,Otite média não supurativa
5246,745,0,2009-12-03,2009-12-03,38000276,,,0,0,0,0,21298,0,444814009,40481087,,,Infecção viral das vias aéreas superiores
5247,745,4060985,2007-03-01,2007-03-01,38000276,,,0,0,0,0,21315,0,162864005,4060985,,,IMC 30+ - obesidade
5248,745,0,1976-05-21,1976-05-21,38000276,,,0,0,0,0,21323,0,40055000,257012,,,Sinusite crônica
5249,746,0,2017-03-11,2017-03-11,38000276,,,0,0,0,0,21361,0,43878008,28060,,,Faringite estreptocócica
5250,746,0,2016-11-29,2016-11-29,38000276,,,0,0,0,0,21350,0,43878008,28060,,,Faringite estreptocócica
5251,746,0,2013-01-10,2013-01-10,38000276,,,0,0,0,0,21364,0,10509002,260139,,,Bronquite aguda
5252,746,0,2012-04-13,2012-04-13,38000276,,,0,0,0,0,21352,0,444814009,40481087,,,Infecção viral das vias aéreas superiores
5253,746,4256640,1988-10-30,1988-10-30,38000276,,,0,0,0,0,21357,0,408512008,4256640,,,Alcoolismo relatado pelo paciente
5254,746,0,1970-12-20,1970-12-20,38000276,,,0,0,0,0,21356,0,38341003,316866,,,Hipertensão arterial
5255,746,4060985,1967-11-26,1967-11-26,38000276,,,0,0,0,0,21367,0,162864005,4060985,,,IMC 30+ - obesidade
5256,746,0,1955-11-26,1955-11-26,38000276,,,0,0,0,0,21347,0,40055000,257012,,,Sinusite crônica
5257,747,0,2012-02-11,2012-02-11,38000276,,,0,0,0,0,21374,0,444814009,40481087,,,Infecção viral das vias aéreas superiores
5258,748,0,2015-10-11,2015-10-11,38000276,,,0,0,0,0,21388,0,444814009,40481087,,,Infecção viral das vias aéreas superiores
5259,748,0,2014-12-07,2014-12-07,38000276,,,0,0,0,0,21394,0,195662009,4112343,,,Faringite viral aguda
5260,748,0,2013-03-22,2013-03-22,38000276,,,0,0,0,0,21386,0,64859006,80502,,,Osteoporose
5261,748,0,2009-08-23,2009-08-23,38000276,,,0,0,0,0,21391,0,43878008,28060,,,Faringite estreptocócica
5262,748,0,1992-07-10,1992-07-10,38000276,,,0,0,0,0,21384,0,15777000,40316773,,,Pré-diabetes
5263,748,4256640,1982-07-16,1982-07-16,38000276,,,0,0,0,0,21392,0,408512008,4256640,,,Alcoolismo relatado pelo paciente
5264,748,0,1976-06-11,1976-06-11,38000276,,,0,0,0,0,21379,0,19169002,4078393,,,Aborto espontâneo na gravidez
5265,748,4060985,1964-07-17,1964-07-17,38000276,,,0,0,0,0,21389,0,162864005,4060985,,,IMC 30+ - obesidade
5266,748,4323208,1963-07-07,1963-07-07,38000276,,,0,0,0,0,21385,0,428251008,4323208,,,Histórico de apendicectomia
5267,748,0,1963-07-07,1963-07-07,38000276,,,0,0,0,0,21393,0,74400008,440448,,,Apendicite
5268,749,0,2018-06-07,2018-06-07,38000276,,,0,0,0,0,21406,0,444814009,40481087,,,Infecção viral das vias aéreas superiores
5269,749,0,2016-08-16,2016-08-16,38000276,,,0,0,0,0,21431,0,10509002,260139,,,Bronquite aguda
5270,749,0,2016-06-05,2016-06-05,38000276,,,0,0,0,0,21419,0,15777000,40316773,,,Pré-diabetes
5271,749,0,2016-05-29,2016-05-29,38000276,,,0,0,0,0,21402,0,72892002,4217975,,,Otite média não supurativa
5272,749,0,2014-08-23,2014-08-23,38000276,,,0,0,0,0,21399,0,195662009,4112343,,,Faringite viral aguda
5273,749,0,2014-07-10,2014-07-10,38000276,,,0,0,0,0,21414,0,195662009,4112343,,,Faringite viral aguda
5274,749,0,2014-04-30,2014-04-30,38000276,,,0,0,0,0,21433,0,195662009,4112343,,,Faringite viral aguda
5275,749,0,2013-07-07,2013-07-07,38000276,,,0,0,0,0,21422,0,72892002,4217975,,,Otite média não supurativa
5276,749,0,2011-05-28,2011-05-28,38000276,,,0,0,0,0,21409,0,10509002,260139,,,Bronquite aguda
5277,749,0,2010-05-07,2010-05-07,38000276,,,0,0,0,0,21417,0,43878008,28060,,,Faringite estreptocócica
5278,749,0,2008-08-31,2008-08-31,38000276,,,0,0,0,0,21434,0,72892002,4217975,,,Otite média não supurativa
5279,750,0,2018-11-22,2018-11-22,38000276,,,0,0,0,0,21445,0,195662009,4112343,,,Faringite viral aguda
5280,750,0,2015-08-02,2015-08-02,38000276,,,0,0,0,0,21451,0,444814009,40481087,,,Infecção viral das vias aéreas superiores
5281,750,0,2013-06-05,2013-06-05,38000276,,,0,0,0,0,21449,0,713197008,37017023,,,Fibrose cística recorrente
5282,750,0,2012-04-15,2012-04-15,38000276,,,0,0,0,0,21460,0,10509002,260139,,,Bronquite aguda
5283,750,0,2012-02-11,2012-02-11,38000276,,,0,0,0,0,21452,0,68496003,4285898,,,Pólipo do cólon
5284,750,0,2010-08-24,2010-08-24,38000276,,,0,0,0,0,21454,0,195662009,4112343,,,Faringite viral aguda
5285,750,0,1997-02-17,1997-02-17,38000276,,,0,0,0,0,21443,0,15777000,40316773,,,Pré-diabetes
5286,750,0,1975-04-07,1975-04-07,38000276,,,0,0,0,0,21442,0,38341003,316866,,,Hipertensão arterial
5287,751,0,2014-11-14,2014-11-14,38000276,,,0,0,0,0,21467,0,444814009,40481087,,,Infecção viral das vias aéreas superiores
5288,751,0,2011-12-21,2011-12-21,38000276,,,0,0,0,0,21481,0,65363002,372328,,,Otite média
5289,751,0,2011-09-08,2011-09-08,38000276,,,0,0,0,0,21474,0,65363002,372328,,,Otite média
5290,751,0,2011-08-12,2011-08-12,38000276,,,0,0,0,0,21464,0,43878008,28060,,,Faringite estreptocócica
5291,751,0,2011-03-20,2011-03-20,38000276,,,0,0,0,0,21466,0,444814009,40481087,,,Infecção viral das vias aéreas superiores
5292,752,0,2014-12-04,2014-12-04,38000276,,,0,0,0,0,21487,0,15777000,40316773,,,Pré-diabetes
5293,752,4060985,2011-12-01,2011-12-01,38000276,,,0,0,0,0,21488,0,162864005,4060985,,,IMC 30+ - obesidade
5294,752,0,2007-05-07,2007-05-07,38000276,,,0,0,0,0,21486,0,40055000,257012,,,Sinusite crônica
5295,753,0,2017-10-05,2017-10-05,38000276,,,0,0,0,0,21491,0,444814009,40481087,,,Infecção viral das vias aéreas superiores
5296,753,0,2011-06-01,2011-06-01,38000276,,,0,0,0,0,21505,0,65363002,372328,,,Otite média
5297,753,0,2009-09-18,2009-09-18,38000276,,,0,0,0,0,21498,0,444814009,40481087,,,Infecção viral das vias aéreas superiores
5298,754,0,1994-09-05,1994-09-05,38000276,,,0,0,0,0,21524,0,55680006,4208104,,,Overdose de droga
5299,754,4256640,1992-03-22,1992-03-22,38000276,,,0,0,0,0,21526,0,408512008,4256640,,,Alcoolismo relatado pelo paciente
5300,754,0,1991-04-15,1991-04-15,38000276,,,0,0,0,0,21521,0,82423001,436096,,,Dor crônica
5301,754,0,1991-03-21,1991-03-21,38000276,,,0,0,0,0,21529,0,283371005,4155034,,,Laceração de antebraço
5302,754,0,1991-01-31,1991-01-31,38000276,,,0,0,0,0,21538,0,124171000119105,43530652,,,Nefropatia diabética crônica
5303,754,0,1990-04-07,1990-04-07,38000276,,,0,0,0,0,21512,0,196416002,4055754,,,Esofagite por refluxo
5304,754,0,1989-03-02,1989-03-02,38000276,,,0,0,0,0,21537,0,201834006,75036,,,Dermatite perioral
5305,754,0,1988-09-09,1988-09-09,38000276,,,0,0,0,0,21536,0,444814009,40481087,,,Infecção viral das vias aéreas superiores
5306,754,0,1986-08-29,1986-08-29,38000276,,,0,0,0,0,21513,0,444814009,40481087,,,Infecção viral das vias aéreas superiores
5307,754,4060985,1975-11-30,1975-11-30,38000276,,,0,0,0,0,21544,0,162864005,4060985,,,IMC 30+ - obesidade
5308,755,0,1996-11-08,1996-11-08,38000276,,,0,0,0,0,21569,0,230690007,381316,,,Acidente vascular cerebral
5309,755,0,1996-02-20,1996-02-20,38000276,,,0,0,0,0,21574,0,444814009,40481087,,,Infecção viral das vias aéreas superiores
5310,755,0,1992-04-11,1992-04-11,38000276,,,0,0,0,0,21547,0,195662009,4112343,,,Faringite viral aguda
5311,755,0,1991-03-14,1991-03-14,38000276,,,0,0,0,0,21590,0,196416002,4055754,,,Esofagite por refluxo
5312,755,0,1991-02-10,1991-02-10,38000276,,,0,0,0,0,21561,0,10509002,260139,,,Bronquite aguda
5313,755,0,1990-11-04,1990-11-04,38000276,,,0,0,0,0,21570,0,82423001,436096,,,Dor crônica
5314,755,0,1990-04-19,1990-04-19,38000276,,,0,0,0,0,21584,0,124171000119105,43530652,,,Nefropatia diabética crônica
5315,755,0,1990-01-03,1990-01-03,38000276,,,0,0,0,0,21546,0,403190006,4296204,,,Queimadura solar de primeiro grau
5316,755,0,1987-02-18,1987-02-18,38000276,,,0,0,0,0,21560,0,444814009,40481087,,,Infecção viral das vias aéreas superiores
5317,755,0,1983-10-17,1983-10-17,38000276,,,0,0,0,0,21572,0,40055000,257012,,,Sinusite crônica
5318,755,0,1982-01-15,1982-01-15,38000276,,,0,0,0,0,21565,0,53741008,317576,,,Doença arterial coronariana
5319,755,4324181,1957-05-17,1957-05-17,38000276,,,0,0,0,0,21575,0,429007001,4324181,,,Histórico de infarto
5320,755,0,1941-04-11,1941-04-11,38000276,,,0,0,0,0,21549,0,38341003,316866,,,Hipertensão arterial
5321,755,0,1957-05-17,1957-05-17,38000276,,,0,0,0,0,21575,0,410429000,321042,,,Parada cardíaca
5322,756,4060985,2014-07-21,2014-07-21,38000276,,,0,0,0,0,21595,0,162864005,4060985,,,IMC 30+ - obesidade
5323,756,0,2011-04-19,2011-04-19,38000276,,,0,0,0,0,21596,0,444814009,40481087,,,Infecção viral das vias aéreas superiores
5324,756,0,2004-07-05,2004-07-05,38000276,,,0,0,0,0,21594,0,38341003,316866,,,Hipertensão arterial
5325,757,0,2016-04-29,2016-04-29,38000276,,,0,0,0,0,21598,0,195662009,4112343,,,Faringite viral aguda
5326,757,0,2013-03-24,2013-03-24,38000276,,,0,0,0,0,21611,0,444814009,40481087,,,Infecção viral das vias aéreas superiores
5327,757,0,2011-05-06,2011-05-06,38000276,,,0,0,0,0,21635,0,403190006,4296204,,,Queimadura solar de primeiro grau
5328,757,0,2004-12-09,2004-12-09,38000276,,,0,0,0,0,21629,0,55822004,432867,,,Hiperlipidemia
5329,757,4060985,2002-12-05,2002-12-05,38000276,,,0,0,0,0,21627,0,162864005,4060985,,,IMC 30+ - obesidade
5330,757,0,1966-08-22,1966-08-22,38000276,,,0,0,0,0,21633,0,446096008,40486433,,,Esteatose hepática perivenular
5331,758,0,2017-04-20,2017-04-20,38000276,,,0,0,0,0,21645,0,15777000,40316773,,,Pré-diabetes
5332,758,0,2016-05-27,2016-05-27,38000276,,,0,0,0,0,21643,0,44465007,81151,,,Entorse de tornozelo
5333,758,0,2013-11-18,2013-11-18,38000276,,,0,0,0,0,21646,0,195662009,4112343,,,Faringite viral aguda
5334,758,0,2011-12-16,2011-12-16,38000276,,,0,0,0,0,21647,0,444814009,40481087,,,Infecção viral das vias aéreas superiores
5335,758,0,2010-12-11,2010-12-11,38000276,,,0,0,0,0,21642,0,70704007,78272,,,Entorse de punho
5336,758,0,1991-05-30,1991-05-30,38000276,,,0,0,0,0,21648,0,38341003,316866,,,Hipertensão arterial
5337,759,0,2016-12-17,2016-12-17,38000276,,,0,0,0,0,21666,0,49436004,313217,,,Fibrilação atrial
5338,759,0,2015-03-25,2015-03-25,38000276,,,0,0,0,0,21670,0,36971009,4283893,,,Sinusite
5339,759,0,2013-11-03,2013-11-03,38000276,,,0,0,0,0,21668,0,444814009,40481087,,,Infecção viral das vias aéreas superiores
5340,759,0,2011-12-31,2011-12-31,38000276,,,0,0,0,0,21662,0,195662009,4112343,,,Faringite viral aguda
5341,759,0,2010-01-28,2010-01-28,38000276,,,0,0,0,0,21657,0,284551006,4109685,,,Laceração de pé
5342,759,4060985,1985-04-13,1985-04-13,38000276,,,0,0,0,0,21655,0,162864005,4060985,,,IMC 30+ - obesidade
5343,759,0,1965-09-08,1965-09-08,38000276,,,0,0,0,0,21651,0,40055000,257012,,,Sinusite crônica
5344,760,0,2016-10-07,2016-10-07,38000276,,,0,0,0,0,21709,0,62106007,378001,,,Concussão com perda de consciência
5345,760,0,2014-01-28,2014-01-28,38000276,,,0,0,0,0,21696,0,156073000,40318618,,,Obesidade
5346,760,0,2014-01-28,2014-01-28,38000276,,,0,0,0,0,21696,0,72892002,4217975,,,Otite média não supurativa
5347,760,0,2013-01-12,2013-01-12,38000276,,,0,0,0,0,21708,0,283385000,4152936,,,Laceração de ombro
5348,760,0,2012-07-31,2012-07-31,38000276,,,0,0,0,0,21689,0,35999006,4262136,,,Cegueira
5349,760,0,2012-07-31,2012-07-31,38000276,,,0,0,0,0,21689,0,19169002,4078393,,,Aborto espontâneo na gravidez
5350,760,0,2012-07-31,2012-07-31,38000276,,,0,0,0,0,21689,0,72892002,4217975,,,Otite média não supurativa
5351,760,4060985,2011-10-11,2011-10-11,38000276,,,0,0,0,0,21672,0,162864005,4060985,,,IMC 30+ - obesidade
5352,760,0,2011-02-12,2011-02-12,38000276,,,0,0,0,0,21703,0,444814009,40481087,,,Infecção viral das vias aéreas superiores
5353,760,0,2010-07-20,2010-07-20,38000276,,,0,0,0,0,21673,0,72892002,4217975,,,Otite média não supurativa
5354,761,0,2018-07-04,2018-07-04,38000276,,,0,0,0,0,21713,0,230690007,381316,,,Acidente vascular cerebral
5355,761,0,2013-06-19,2013-06-19,38000276,,,0,0,0,0,21722,0,263102004,4134304,,,Ruptura de menisco
5356,761,0,2009-08-02,2009-08-02,38000276,,,0,0,0,0,21737,0,444814009,40481087,,,Infecção viral das vias aéreas superiores
5357,761,0,2009-06-06,2009-06-06,38000276,,,0,0,0,0,21724,0,444814009,40481087,,,Infecção viral das vias aéreas superiores
5358,761,0,2006-11-22,2006-11-22,38000276,,,0,0,0,0,21744,0,55822004,432867,,,Hiperlipidemia
5359,761,0,2000-10-18,2000-10-18,38000276,,,0,0,0,0,21725,0,7200002,4218106,,,Alcoolismo
5360,761,0,1972-04-05,1972-04-05,38000276,,,0,0,0,0,21710,0,15777000,40316773,,,Pré-diabetes
5361,761,0,1963-01-23,1963-01-23,38000276,,,0,0,0,0,21733,0,38341003,316866,,,Hipertensão arterial
5362,762,0,2018-10-31,2018-10-31,38000276,,,0,0,0,0,21762,0,43878008,28060,,,Faringite estreptocócica
5363,762,0,2017-10-05,2017-10-05,38000276,,,0,0,0,0,21757,0,10509002,260139,,,Bronquite aguda
5364,762,0,2016-09-09,2016-09-09,38000276,,,0,0,0,0,21761,0,62106007,378001,,,Concussão com perda de consciência
5365,762,0,2015-05-23,2015-05-23,38000276,,,0,0,0,0,21756,0,444814009,40481087,,,Infecção viral das vias aéreas superiores
5366,763,4060985,2016-08-19,2016-08-19,38000276,,,0,0,0,0,21763,0,162864005,4060985,,,IMC 30+ - obesidade
5367,763,0,2014-01-24,2014-01-24,38000276,,,0,0,0,0,21765,0,444814009,40481087,,,Infecção viral das vias aéreas superiores
5368,764,0,2017-08-24,2017-08-24,38000276,,,0,0,0,0,21791,0,49436004,313217,,,Fibrilação atrial
5369,764,0,2016-08-10,2016-08-10,38000276,,,0,0,0,0,21800,0,10509002,260139,,,Bronquite aguda
5370,764,0,2015-12-20,2015-12-20,38000276,,,0,0,0,0,21813,0,443165006,40480160,,,Faringite aguda
5371,764,0,2015-12-20,2015-12-20,38000276,,,0,0,0,0,21813,0,65966004,4278672,,,Fratura do fêmur
5372,764,0,2011-08-18,2011-08-18,38000276,,,0,0,0,0,21770,0,444814009,40481087,,,Infecção viral das vias aéreas superiores
5373,764,0,2011-08-07,2011-08-07,38000276,,,0,0,0,0,21789,0,10509002,260139,,,Bronquite aguda
5374,764,0,2011-03-21,2011-03-21,38000276,,,0,0,0,0,21829,0,444814009,40481087,,,Infecção viral das vias aéreas superiores
5375,764,0,1999-03-18,1999-03-18,38000276,,,0,0,0,0,21778,0,64859006,80502,,,Osteoporose
5376,764,0,1968-09-26,1968-09-26,38000276,,,0,0,0,0,21790,0,55822004,432867,,,Hiperlipidemia
5377,764,0,1964-10-15,1964-10-15,38000276,,,0,0,0,0,21767,0,15777000,40316773,,,Pré-diabetes
5378,764,4060985,1950-02-16,1950-02-16,38000276,,,0,0,0,0,21821,0,162864005,4060985,,,IMC 30+ - obesidade
5379,764,0,1945-10-25,1945-10-25,38000276,,,0,0,0,0,21799,0,19169002,4078393,,,Aborto espontâneo na gravidez
5380,764,0,1936-11-19,1936-11-19,38000276,,,0,0,0,0,21835,0,38341003,316866,,,Hipertensão arterial
5381,765,0,2018-10-17,2018-10-17,38000276,,,0,0,0,0,21861,0,72892002,4217975,,,Otite média não supurativa
5382,765,0,2013-01-17,2013-01-17,38000276,,,0,0,0,0,21856,0,10509002,260139,,,Bronquite aguda
5383,765,0,2012-05-30,2012-05-30,38000276,,,0,0,0,0,21859,0,72892002,4217975,,,Otite média não supurativa
5384,765,0,2011-08-10,2011-08-10,38000276,,,0,0,0,0,21848,0,72892002,4217975,,,Otite média não supurativa
5385,765,0,2009-09-09,2009-09-09,38000276,,,0,0,0,0,21872,0,72892002,4217975,,,Otite média não supurativa
5386,765,0,1993-02-16,1993-02-16,38000276,,,0,0,0,0,21855,0,40055000,257012,,,Sinusite crônica
5387,766,0,2016-03-17,2016-03-17,38000276,,,0,0,0,0,21889,0,444814009,40481087,,,Infecção viral das vias aéreas superiores
5388,766,0,2010-04-22,2010-04-22,38000276,,,0,0,0,0,21888,0,36971009,4283893,,,Sinusite
5389,767,0,2018-10-05,2018-10-05,38000276,,,0,0,0,0,21896,0,65966004,4278672,,,Fratura do fêmur
5390,767,0,2018-06-02,2018-06-02,38000276,,,0,0,0,0,21894,0,65363002,372328,,,Otite média
5391,767,0,2018-02-04,2018-02-04,38000276,,,0,0,0,0,21901,0,446096008,40486433,,,Esteatose hepática perivenular
5392,767,0,2017-08-25,2017-08-25,38000276,,,0,0,0,0,21904,0,65363002,372328,,,Otite média
5393,767,0,2015-07-25,2015-07-25,38000276,,,0,0,0,0,21903,0,10509002,260139,,,Bronquite aguda
5394,767,0,2015-04-24,2015-04-24,38000276,,,0,0,0,0,21895,0,241929008,4084167,,,Reação alérgica a alimento
5395,767,0,2015-03-08,2015-03-08,38000276,,,0,0,0,0,21898,0,65363002,372328,,,Otite média
5396,767,0,2014-12-07,2014-12-07,38000276,,,0,0,0,0,21893,0,65363002,372328,,,Otite média
5397,767,0,2014-07-28,2014-07-28,38000276,,,0,0,0,0,21911,0,65363002,372328,,,Otite média
5398,768,0,2018-01-20,2018-01-20,38000276,,,0,0,0,0,21921,0,65363002,372328,,,Otite média
5399,768,0,2017-10-12,2017-10-12,38000276,,,0,0,0,0,21927,0,10509002,260139,,,Bronquite aguda
5400,768,0,2016-02-18,2016-02-18,38000276,,,0,0,0,0,21917,0,65363002,372328,,,Otite média
5401,769,0,2017-12-30,2017-12-30,38000276,,,0,0,0,0,21959,0,444814009,40481087,,,Infecção viral das vias aéreas superiores
5402,769,0,2016-08-23,2016-08-23,38000276,,,0,0,0,0,21950,0,398254007,439393,,,Pré-eclâmpsia
5403,769,0,2016-07-05,2016-07-05,38000276,,,0,0,0,0,21945,0,195662009,4112343,,,Faringite viral aguda
5404,769,0,2016-03-08,2016-03-08,38000276,,,0,0,0,0,21951,0,72892002,4217975,,,Otite média não supurativa
5405,769,0,2012-09-28,2012-09-28,38000276,,,0,0,0,0,21956,0,301011002,4116491,,,Infecção do trato urinário por E. coli
5406,769,0,2011-06-10,2011-06-10,38000276,,,0,0,0,0,21962,0,10509002,260139,,,Bronquite aguda
5407,769,45766064,1988-10-04,1988-10-04,38000276,,,0,0,0,0,21960,0,703151001,45766064,,,Histórico de artroplastia de joelho
5408,769,0,1988-10-04,1988-10-04,38000276,,,0,0,0,0,21960,0,128613002,4029498,,,Transtorno convulsivo
5409,770,0,2017-10-17,2017-10-17,38000276,,,0,0,0,0,21973,0,444814009,40481087,,,Infecção viral das vias aéreas superiores
5410,770,0,2014-07-13,2014-07-13,38000276,,,0,0,0,0,21979,0,10509002,260139,,,Bronquite aguda
5411,770,0,2000-10-10,2000-10-10,38000276,,,0,0,0,0,21989,0,196416002,4055754,,,Esofagite por refluxo
5412,770,0,1996-08-03,1996-08-03,38000276,,,0,0,0,0,21992,0,49436004,313217,,,Fibrilação atrial
5413,770,0,1995-09-02,1995-09-02,38000276,,,0,0,0,0,21968,0,713197008,37017023,,,Fibrose cística recorrente
5414,770,0,1994-07-09,1994-07-09,38000276,,,0,0,0,0,21993,0,68496003,4285898,,,Pólipo do cólon
5415,770,0,1993-07-17,1993-07-17,38000276,,,0,0,0,0,21971,0,15777000,40316773,,,Pré-diabetes
5416,770,4256640,1966-07-02,1966-07-02,38000276,,,0,0,0,0,21969,0,408512008,4256640,,,Alcoolismo relatado pelo paciente
5417,770,4060985,1953-07-11,1953-07-11,38000276,,,0,0,0,0,21983,0,162864005,4060985,,,IMC 30+ - obesidade
5418,770,0,1944-07-08,1944-07-08,38000276,,,0,0,0,0,21967,0,271737000,439777,,,Anemia
5419,772,0,2016-05-12,2016-05-12,38000276,,,0,0,0,0,21999,0,444814009,40481087,,,Infecção viral das vias aéreas superiores
5420,772,4256640,2011-08-28,2011-08-28,38000276,,,0,0,0,0,22000,0,408512008,4256640,,,Alcoolismo relatado pelo paciente
5421,772,4060985,1992-07-05,1992-07-05,38000276,,,0,0,0,0,21996,0,162864005,4060985,,,IMC 30+ - obesidade
5422,773,4324181,2006-11-24,2006-11-24,38000276,,,0,0,0,0,22012,0,429007001,4324181,,,Histórico de infarto
5423,773,0,2006-11-24,2006-11-24,38000276,,,0,0,0,0,22012,0,410429000,321042,,,Parada cardíaca
5424,773,0,1998-01-30,1998-01-30,38000276,,,0,0,0,0,22022,0,230690007,381316,,,Acidente vascular cerebral
5425,773,0,1993-10-22,1993-10-22,38000276,,,0,0,0,0,22008,0,53741008,317576,,,Doença arterial coronariana
5426,773,0,1983-08-26,1983-08-26,38000276,,,0,0,0,0,22017,0,64859006,80502,,,Osteoporose
5427,773,0,1953-05-08,1953-05-08,38000276,,,0,0,0,0,22002,0,15777000,40316773,,,Pré-diabetes
5428,773,4060985,1938-05-06,1938-05-06,38000276,,,0,0,0,0,22003,0,162864005,4060985,,,IMC 30+ - obesidade
5429,773,0,1932-04-29,1932-04-29,38000276,,,0,0,0,0,22006,0,38341003,316866,,,Hipertensão arterial
5430,774,0,2015-03-20,2015-03-20,38000276,,,0,0,0,0,22027,0,26929004,378419,,,Doença de Alzheimer
5431,774,0,2014-12-22,2014-12-22,38000276,,,0,0,0,0,22042,0,10509002,260139,,,Bronquite aguda
5432,774,0,2011-04-27,2011-04-27,38000276,,,0,0,0,0,22039,0,195662009,4112343,,,Faringite viral aguda
5433,774,0,2011-04-10,2011-04-10,38000276,,,0,0,0,0,22048,0,444814009,40481087,,,Infecção viral das vias aéreas superiores
5434,774,4256640,1979-08-24,1979-08-24,38000276,,,0,0,0,0,22026,0,408512008,4256640,,,Alcoolismo relatado pelo paciente
5435,774,4323208,1977-08-10,1977-08-10,38000276,,,0,0,0,0,22032,0,428251008,4323208,,,Histórico de apendicectomia
5436,774,0,1977-08-10,1977-08-10,38000276,,,0,0,0,0,22046,0,74400008,440448,,,Apendicite
5437,774,0,1976-08-08,1976-08-08,38000276,,,0,0,0,0,22023,0,239872002,4079749,,,Osteoartrite do quadril
5438,774,0,1962-03-29,1962-03-29,38000276,,,0,0,0,0,22033,0,40055000,257012,,,Sinusite crônica
5439,774,4060985,1961-10-20,1961-10-20,38000276,,,0,0,0,0,22035,0,162864005,4060985,,,IMC 30+ - obesidade
5440,774,0,1957-10-11,1957-10-11,38000276,,,0,0,0,0,22034,0,38341003,316866,,,Hipertensão arterial
5441,775,0,2017-04-22,2017-04-22,38000276,,,0,0,0,0,22060,0,40055000,257012,,,Sinusite crônica
5442,775,0,2017-03-25,2017-03-25,38000276,,,0,0,0,0,22059,0,36971009,4283893,,,Sinusite
5443,775,0,2013-12-20,2013-12-20,38000276,,,0,0,0,0,22050,0,444814009,40481087,,,Infecção viral das vias aéreas superiores
5444,775,0,2012-11-25,2012-11-25,38000276,,,0,0,0,0,22063,0,10509002,260139,,,Bronquite aguda
5445,775,0,2010-11-09,2010-11-09,38000276,,,0,0,0,0,22061,0,444814009,40481087,,,Infecção viral das vias aéreas superiores
5446,775,4060985,2006-07-10,2006-07-10,38000276,,,0,0,0,0,22052,0,162864005,4060985,,,IMC 30+ - obesidade
5447,776,0,2014-10-02,2014-10-02,38000276,,,0,0,0,0,22065,0,65363002,372328,,,Otite média
5448,777,0,2018-06-02,2018-06-02,38000276,,,0,0,0,0,22080,0,10509002,260139,,,Bronquite aguda
5449,777,0,2015-12-22,2015-12-22,38000276,,,0,0,0,0,22125,0,65363002,372328,,,Otite média
5450,778,0,2013-08-25,2013-08-25,38000276,,,0,0,0,0,22165,0,443165006,40480160,,,Faringite aguda
5451,778,0,2013-08-25,2013-08-25,38000276,,,0,0,0,0,22165,0,359817006,4230399,,,Doença renal crônica estágio 2
5452,778,0,1997-03-11,1997-03-11,38000276,,,0,0,0,0,22154,0,55822004,432867,,,Hiperlipidemia
5453,778,0,1989-08-16,1989-08-16,38000276,,,0,0,0,0,22168,0,230690007,381316,,,Acidente vascular cerebral
5454,778,0,1978-06-07,1978-06-07,38000276,,,0,0,0,0,22133,0,92691004,200970,,,Carcinoma in situ de próstata
5455,778,0,1978-06-07,1978-06-07,38000276,,,0,0,0,0,22133,0,126906006,4129902,,,Neoplasia de bexiga
5456,778,0,1978-06-07,1978-06-07,38000276,,,0,0,0,0,22133,0,64859006,80502,,,Osteoporose
5457,778,0,1960-04-12,1960-04-12,38000276,,,0,0,0,0,22156,0,15777000,40316773,,,Pré-diabetes
5458,778,42709996,1955-07-06,1955-07-06,38000276,,,0,0,0,0,22134,0,449868002,42709996,,,Fumante atual de cigarro
5459,778,0,1936-06-10,1936-06-10,38000276,,,0,0,0,0,22149,0,38341003,316866,,,Hipertensão arterial
5460,778,0,1934-05-19,1934-05-19,38000276,,,0,0,0,0,22174,0,40055000,257012,,,Sinusite crônica
5461,779,0,2017-12-08,2017-12-08,38000276,,,0,0,0,0,22184,0,10509002,260139,,,Bronquite aguda
5462,779,0,2016-01-07,2016-01-07,38000276,,,0,0,0,0,22191,0,444814009,40481087,,,Infecção viral das vias aéreas superiores
5463,779,0,2014-09-04,2014-09-04,38000276,,,0,0,0,0,22196,0,195662009,4112343,,,Faringite viral aguda
5464,779,0,2011-11-01,2011-11-01,38000276,,,0,0,0,0,22181,0,444814009,40481087,,,Infecção viral das vias aéreas superiores
5465,779,0,2011-03-01,2011-03-01,38000276,,,0,0,0,0,22194,0,44465007,81151,,,Entorse de tornozelo
5466,779,0,2010-10-06,2010-10-06,38000276,,,0,0,0,0,22183,0,65363002,372328,,,Otite média
5467,779,0,2010-07-13,2010-07-13,38000276,,,0,0,0,0,22187,0,195662009,4112343,,,Faringite viral aguda
5468,779,0,2010-01-05,2010-01-05,38000276,,,0,0,0,0,22189,0,62106007,378001,,,Concussão com perda de consciência
5469,779,0,2003-06-01,2003-06-01,38000276,,,0,0,0,0,22195,0,19169002,4078393,,,Aborto espontâneo na gravidez
5470,779,4256640,1993-10-31,1993-10-31,38000276,,,0,0,0,0,22207,0,408512008,4256640,,,Alcoolismo relatado pelo paciente
5471,779,4060985,1987-09-27,1987-09-27,38000276,,,0,0,0,0,22185,0,162864005,4060985,,,IMC 30+ - obesidade
5472,780,0,2019-01-03,2019-01-03,38000276,,,0,0,0,0,22219,0,370247008,4156265,,,Lesão facial
5473,780,0,2011-01-31,2011-01-31,38000276,,,0,0,0,0,22227,0,444814009,40481087,,,Infecção viral das vias aéreas superiores
5474,780,4256640,2010-06-21,2010-06-21,38000276,,,0,0,0,0,22220,0,408512008,4256640,,,Alcoolismo relatado pelo paciente
5475,780,0,1995-04-20,1995-04-20,38000276,,,0,0,0,0,22208,0,370247008,4156265,,,Lesão facial
5476,780,4060985,1994-05-23,1994-05-23,38000276,,,0,0,0,0,22212,0,162864005,4060985,,,IMC 30+ - obesidade
5477,780,0,1991-05-13,1991-05-13,38000276,,,0,0,0,0,,0,53741008,317576,,,Doença arterial coronariana
5478,780,0,1973-04-20,1973-04-20,38000276,,,0,0,0,0,22213,0,40055000,257012,,,Sinusite crônica
5479,781,0,2018-08-13,2018-08-13,38000276,,,0,0,0,0,22229,0,195662009,4112343,,,Faringite viral aguda
5480,781,4256640,2017-09-28,2017-09-28,38000276,,,0,0,0,0,22235,0,408512008,4256640,,,Alcoolismo relatado pelo paciente
5481,781,0,2016-08-28,2016-08-28,38000276,,,0,0,0,0,22231,0,444814009,40481087,,,Infecção viral das vias aéreas superiores
5482,781,0,2012-07-01,2012-07-01,38000276,,,0,0,0,0,22239,0,444814009,40481087,,,Infecção viral das vias aéreas superiores
5483,781,4060985,2002-01-03,2002-01-03,38000276,,,0,0,0,0,22236,0,162864005,4060985,,,IMC 30+ - obesidade
5484,781,0,2000-07-27,2000-07-27,38000276,,,0,0,0,0,22233,0,19169002,4078393,,,Aborto espontâneo na gravidez
5485,781,0,1991-12-19,1991-12-19,38000276,,,0,0,0,0,22230,0,38341003,316866,,,Hipertensão arterial
5486,782,0,2015-09-06,2015-09-06,38000276,,,0,0,0,0,22249,0,15777000,40316773,,,Pré-diabetes
5487,782,0,2015-05-03,2015-05-03,38000276,,,0,0,0,0,22247,0,72892002,4217975,,,Otite média não supurativa
5488,782,0,2015-02-17,2015-02-17,38000276,,,0,0,0,0,22269,0,39848009,4218389,,,Lesão em chicote do pescoço
5489,782,0,2014-01-12,2014-01-12,38000276,,,0,0,0,0,22267,0,444814009,40481087,,,Infecção viral das vias aéreas superiores
5490,782,0,2009-03-13,2009-03-13,38000276,,,0,0,0,0,22251,0,444448004,40479422,,,Neuropatia diabética
5491,782,0,2002-08-18,2002-08-18,38000276,,,0,0,0,0,22264,0,38341003,316866,,,Hipertensão arterial
5492,784,0,2014-09-12,2014-09-12,38000276,,,0,0,0,0,22284,0,444814009,40481087,,,Infecção viral das vias aéreas superiores
5493,784,0,2014-01-22,2014-01-22,38000276,,,0,0,0,0,22279,0,195662009,4112343,,,Faringite viral aguda
5494,784,0,2010-10-18,2010-10-18,38000276,,,0,0,0,0,22287,0,444814009,40481087,,,Infecção viral das vias aéreas superiores
5495,784,0,2008-09-06,2008-09-06,38000276,,,0,0,0,0,22277,0,367498001,4280726,,,Gripe sazonal
5496,785,0,2017-01-13,2017-01-13,38000276,,,0,0,0,0,22299,0,444814009,40481087,,,Infecção viral das vias aéreas superiores
5497,785,0,2010-05-02,2010-05-02,38000276,,,0,0,0,0,22301,0,444448004,40479422,,,Neuropatia diabética
5498,786,0,2015-09-28,2015-09-28,38000276,,,0,0,0,0,22304,0,444814009,40481087,,,Infecção viral das vias aéreas superiores
5499,786,0,2011-04-30,2011-04-30,38000276,,,0,0,0,0,22302,0,444814009,40481087,,,Infecção viral das vias aéreas superiores
5500,787,0,2016-11-25,2016-11-25,38000276,,,0,0,0,0,22312,0,444814009,40481087,,,Infecção viral das vias aéreas superiores
5501,787,0,2015-01-24,2015-01-24,38000276,,,0,0,0,0,22328,0,10509002,260139,,,Bronquite aguda
5502,787,0,2014-12-21,2014-12-21,38000276,,,0,0,0,0,22326,0,444814009,40481087,,,Infecção viral das vias aéreas superiores
5503,787,0,2014-06-02,2014-06-02,38000276,,,0,0,0,0,22309,0,55822004,432867,,,Hiperlipidemia
5504,787,0,2011-05-12,2011-05-12,38000276,,,0,0,0,0,22330,0,444814009,40481087,,,Infecção viral das vias aéreas superiores
5505,787,0,2010-08-25,2010-08-25,38000276,,,0,0,0,0,22324,0,195662009,4112343,,,Faringite viral aguda
5506,787,4256640,1988-05-02,1988-05-02,38000276,,,0,0,0,0,22315,0,408512008,4256640,,,Alcoolismo relatado pelo paciente
5507,787,4060985,1973-07-09,1973-07-09,38000276,,,0,0,0,0,22310,0,162864005,4060985,,,IMC 30+ - obesidade
5508,787,0,1972-05-15,1972-05-15,38000276,,,0,0,0,0,22327,0,230690007,381316,,,Acidente vascular cerebral
5509,788,0,2016-09-26,2016-09-26,38000276,,,0,0,0,0,22361,0,444814009,40481087,,,Infecção viral das vias aéreas superiores
5510,788,0,2016-06-13,2016-06-13,38000276,,,0,0,0,0,22408,0,58150001,4237458,,,Fratura de clavícula
5511,788,0,2015-03-21,2015-03-21,38000276,,,0,0,0,0,22362,0,444814009,40481087,,,Infecção viral das vias aéreas superiores
5512,788,0,2015-01-22,2015-01-22,38000276,,,0,0,0,0,22343,0,82423001,436096,,,Dor crônica
5513,788,0,2011-07-27,2011-07-27,38000276,,,0,0,0,0,22429,0,230265002,4043241,,,Enxaqueca sem aura
5514,788,0,2004-06-27,2004-06-27,38000276,,,0,0,0,0,22370,0,239873007,4079750,,,Osteoartrite do joelho
5515,788,0,1992-11-25,1992-11-25,38000276,,,0,0,0,0,22431,0,19169002,4078393,,,Aborto espontâneo na gravidez
5516,788,0,1991-09-25,1991-09-25,38000276,,,0,0,0,0,22373,0,1551000119108,43530656,,,Retinopatia diabética não proliferativa
5517,788,0,1991-09-25,1991-09-25,38000276,,,0,0,0,0,22373,0,127013003,192279,,,Nefropatia diabética
5518,788,0,1991-09-25,1991-09-25,38000276,,,0,0,0,0,22373,0,431855005,443614,,,Doença renal crônica estágio 1
5519,788,0,1986-12-24,1986-12-24,38000276,,,0,0,0,0,22453,0,237602007,436940,,,Síndrome metabólica
5520,788,0,1986-12-24,1986-12-24,38000276,,,0,0,0,0,22453,0,80394007,4214376,,,Hiperglicemia
5521,788,0,1983-12-21,1983-12-21,38000276,,,0,0,0,0,22375,0,368581000119106,37016354,,,Neuropatia por diabetes tipo 2
5522,788,0,1983-12-21,1983-12-21,38000276,,,0,0,0,0,22375,0,422034002,4226121,,,Retinopatia diabética proliferativa
5523,788,0,1983-12-21,1983-12-21,38000276,,,0,0,0,0,22375,0,302870006,4120314,,,Hipertrigliceridemia
5524,788,0,1980-12-17,1980-12-17,38000276,,,0,0,0,0,22352,0,44054006,201826,,,Diabetes mellitus tipo 2
5525,788,0,1980-12-17,1980-12-17,38000276,,,0,0,0,0,22352,0,38341003,316866,,,Hipertensão arterial
5526,789,0,2016-09-14,2016-09-14,38000276,,,0,0,0,0,22464,0,38341003,316866,,,Hipertensão arterial
5527,789,0,2011-07-22,2011-07-22,38000276,,,0,0,0,0,22462,0,444814009,40481087,,,Infecção viral das vias aéreas superiores
5528,790,0,2018-06-28,2018-06-28,38000276,,,0,0,0,0,22490,0,444814009,40481087,,,Infecção viral das vias aéreas superiores
5529,790,0,2015-08-18,2015-08-18,38000276,,,0,0,0,0,22481,0,44465007,81151,,,Entorse de tornozelo
5530,790,0,2014-10-28,2014-10-28,38000276,,,0,0,0,0,22476,0,36971009,4283893,,,Sinusite
5531,790,0,2014-10-09,2014-10-09,38000276,,,0,0,0,0,22489,0,195662009,4112343,,,Faringite viral aguda
5532,790,0,2009-12-18,2009-12-18,38000276,,,0,0,0,0,22487,0,10509002,260139,,,Bronquite aguda
5533,790,0,2009-08-19,2009-08-19,38000276,,,0,0,0,0,22477,0,16114001,4059173,,,Fratura de tornozelo
5534,791,0,2018-05-28,2018-05-28,38000276,,,0,0,0,0,22528,0,72892002,4217975,,,Otite média não supurativa
5535,791,0,2015-10-26,2015-10-26,38000276,,,0,0,0,0,22516,0,72892002,4217975,,,Otite média não supurativa
5536,791,0,2013-11-25,2013-11-25,38000276,,,0,0,0,0,22537,0,72892002,4217975,,,Otite média não supurativa
5537,791,0,2010-04-09,2010-04-09,38000276,,,0,0,0,0,22531,0,195662009,4112343,,,Faringite viral aguda
5538,791,0,2010-02-10,2010-02-10,38000276,,,0,0,0,0,22491,0,444814009,40481087,,,Infecção viral das vias aéreas superiores
5539,791,4060985,2005-05-02,2005-05-02,38000276,,,0,0,0,0,22517,0,162864005,4060985,,,IMC 30+ - obesidade
5540,791,0,2001-03-31,2001-03-31,38000276,,,0,0,0,0,22512,0,196416002,4055754,,,Esofagite por refluxo
5541,792,0,1995-11-08,1995-11-08,38000276,,,0,0,0,0,22538,0,10509002,260139,,,Bronquite aguda
5542,792,0,1994-08-31,1994-08-31,38000276,,,0,0,0,0,22552,0,444814009,40481087,,,Infecção viral das vias aéreas superiores
5543,792,0,1994-01-01,1994-01-01,38000276,,,0,0,0,0,22555,0,195662009,4112343,,,Faringite viral aguda
5544,792,0,1991-11-22,1991-11-22,38000276,,,0,0,0,0,22545,0,26929004,378419,,,Doença de Alzheimer
5545,792,0,1990-11-08,1990-11-08,38000276,,,0,0,0,0,22550,0,444814009,40481087,,,Infecção viral das vias aéreas superiores
5546,792,0,1938-04-22,1938-04-22,38000276,,,0,0,0,0,22556,0,79586000,199076,,,Gravidez tubária
5547,792,0,1937-02-26,1937-02-26,38000276,,,0,0,0,0,22542,0,19169002,4078393,,,Aborto espontâneo na gravidez
5548,793,0,2017-07-28,2017-07-28,38000276,,,0,0,0,0,22570,0,43878008,28060,,,Faringite estreptocócica
5549,793,0,2017-02-26,2017-02-26,38000276,,,0,0,0,0,22561,0,10509002,260139,,,Bronquite aguda
5550,793,0,2015-11-20,2015-11-20,38000276,,,0,0,0,0,22564,0,195662009,4112343,,,Faringite viral aguda
5551,793,0,2015-09-04,2015-09-04,38000276,,,0,0,0,0,22568,0,195662009,4112343,,,Faringite viral aguda
5552,793,0,2014-10-24,2014-10-24,38000276,,,0,0,0,0,22574,0,195662009,4112343,,,Faringite viral aguda
5553,793,0,2003-07-08,2003-07-08,38000276,,,0,0,0,0,22563,0,237602007,436940,,,Síndrome metabólica
5554,793,0,2000-07-04,2000-07-04,38000276,,,0,0,0,0,22572,0,302870006,4120314,,,Hipertrigliceridemia
5555,793,0,1997-07-01,1997-07-01,38000276,,,0,0,0,0,22562,0,44054006,201826,,,Diabetes mellitus tipo 2
5556,794,0,2015-11-10,2015-11-10,38000276,,,0,0,0,0,22578,0,44465007,81151,,,Entorse de tornozelo
5557,794,0,2009-10-20,2009-10-20,38000276,,,0,0,0,0,22584,0,10509002,260139,,,Bronquite aguda
5558,794,0,2009-07-22,2009-07-22,38000276,,,0,0,0,0,22580,0,444814009,40481087,,,Infecção viral das vias aéreas superiores
5559,794,4060985,2005-08-08,2005-08-08,38000276,,,0,0,0,0,22585,0,162864005,4060985,,,IMC 30+ - obesidade
5560,794,0,1996-05-29,1996-05-29,38000276,,,0,0,0,0,22583,0,271737000,439777,,,Anemia
5561,795,0,2013-12-29,2013-12-29,38000276,,,0,0,0,0,22605,0,15777000,40316773,,,Pré-diabetes
5562,795,4060985,2007-12-23,2007-12-23,38000276,,,0,0,0,0,22591,0,162864005,4060985,,,IMC 30+ - obesidade
5563,795,0,2002-03-07,2002-03-07,38000276,,,0,0,0,0,22600,0,195967001,317009,,,Asma
5564,795,0,1995-11-19,1995-11-19,38000276,,,0,0,0,0,22586,0,38341003,316866,,,Hipertensão arterial
5565,796,0,2017-08-30,2017-08-30,38000276,,,0,0,0,0,22610,0,195662009,4112343,,,Faringite viral aguda
5566,796,0,2016-02-28,2016-02-28,38000276,,,0,0,0,0,22617,0,444814009,40481087,,,Infecção viral das vias aéreas superiores
5567,796,0,2014-03-05,2014-03-05,38000276,,,0,0,0,0,22608,0,403190006,4296204,,,Queimadura solar de primeiro grau
5568,796,4060985,2004-01-19,2004-01-19,38000276,,,0,0,0,0,22606,0,162864005,4060985,,,IMC 30+ - obesidade
5569,797,0,2018-12-04,2018-12-04,38000276,,,0,0,0,0,22620,0,10509002,260139,,,Bronquite aguda
5570,797,4163874,2017-03-13,2017-03-13,38000276,,,0,0,0,0,22636,0,399211009,4163874,,,Histórico de infarto do miocárdio
5571,797,0,2017-03-13,2017-03-13,38000276,,,0,0,0,0,22636,0,22298006,4329847,,,Infarto do miocárdio
5572,797,0,2014-10-10,2014-10-10,38000276,,,0,0,0,0,22639,0,370247008,4156265,,,Lesão facial
5573,797,0,2014-05-19,2014-05-19,38000276,,,0,0,0,0,22637,0,444814009,40481087,,,Infecção viral das vias aéreas superiores
5574,797,0,2010-09-23,2010-09-23,38000276,,,0,0,0,0,22640,0,444814009,40481087,,,Infecção viral das vias aéreas superiores
5575,797,0,2009-12-27,2009-12-27,38000276,,,0,0,0,0,22624,0,19169002,4078393,,,Aborto espontâneo na gravidez
5576,797,0,2009-12-27,2009-12-27,38000276,,,0,0,0,0,22624,0,72892002,4217975,,,Otite média não supurativa
5577,797,4060985,2004-03-07,2004-03-07,38000276,,,0,0,0,0,22641,0,162864005,4060985,,,IMC 30+ - obesidade
5578,797,0,1987-05-04,1987-05-04,38000276,,,0,0,0,0,22642,0,53741008,317576,,,Doença arterial coronariana
5579,797,0,1980-04-20,1980-04-20,38000276,,,0,0,0,0,22623,0,38341003,316866,,,Hipertensão arterial
5580,798,0,2010-01-29,2010-01-29,38000276,,,0,0,0,0,22647,0,367498001,4280726,,,Gripe sazonal
5581,798,0,2008-10-26,2008-10-26,38000276,,,0,0,0,0,22649,0,24079001,133834,,,Dermatite atópica
5582,799,0,2018-06-30,2018-06-30,38000276,,,0,0,0,0,22664,0,444814009,40481087,,,Infecção viral das vias aéreas superiores
5583,799,0,2016-11-27,2016-11-27,38000276,,,0,0,0,0,22692,0,72892002,4217975,,,Otite média não supurativa
5584,799,0,2016-01-08,2016-01-08,38000276,,,0,0,0,0,22688,0,195662009,4112343,,,Faringite viral aguda
5585,799,0,2013-12-22,2013-12-22,38000276,,,0,0,0,0,22667,0,72892002,4217975,,,Otite média não supurativa
5586,799,0,2013-04-30,2013-04-30,38000276,,,0,0,0,0,22690,0,444814009,40481087,,,Infecção viral das vias aéreas superiores
5587,800,0,2018-11-30,2018-11-30,38000276,,,0,0,0,0,22713,0,230690007,381316,,,Acidente vascular cerebral
5588,800,0,2018-11-17,2018-11-17,38000276,,,0,0,0,0,22713,0,195662009,4112343,,,Faringite viral aguda
5589,800,0,2016-11-26,2016-11-26,38000276,,,0,0,0,0,22708,0,444814009,40481087,,,Infecção viral das vias aéreas superiores
5590,800,0,2010-08-19,2010-08-19,38000276,,,0,0,0,0,22703,0,43878008,28060,,,Faringite estreptocócica
5591,800,0,2010-03-21,2010-03-21,38000276,,,0,0,0,0,22701,0,10509002,260139,,,Bronquite aguda
5592,800,0,1993-02-26,1993-02-26,38000276,,,0,0,0,0,22722,0,19169002,4078393,,,Aborto espontâneo na gravidez
5593,800,0,1990-11-27,1990-11-27,38000276,,,0,0,0,0,22723,0,239873007,4079750,,,Osteoartrite do joelho
5594,800,4060985,1989-02-24,1989-02-24,38000276,,,0,0,0,0,22707,0,162864005,4060985,,,IMC 30+ - obesidade
5595,800,0,1962-12-28,1962-12-28,38000276,,,0,0,0,0,22712,0,38341003,316866,,,Hipertensão arterial
5596,801,0,2017-03-28,2017-03-28,38000276,,,0,0,0,0,22726,0,70704007,78272,,,Entorse de punho
5597,801,0,2011-01-22,2011-01-22,38000276,,,0,0,0,0,22729,0,444814009,40481087,,,Infecção viral das vias aéreas superiores
5598,802,0,2015-08-24,2015-08-24,38000276,,,0,0,0,0,22741,0,15777000,40316773,,,Pré-diabetes
5599,802,0,2013-11-26,2013-11-26,38000276,,,0,0,0,0,22747,0,62564004,375671,,,Concussão sem perda de consciência
5600,802,0,2010-06-14,2010-06-14,38000276,,,0,0,0,0,22745,0,10509002,260139,,,Bronquite aguda
5601,802,0,2003-06-16,2003-06-16,38000276,,,0,0,0,0,22743,0,38341003,316866,,,Hipertensão arterial
5602,803,0,2017-01-21,2017-01-21,38000276,,,0,0,0,0,22756,0,10509002,260139,,,Bronquite aguda
5603,803,0,2011-12-04,2011-12-04,38000276,,,0,0,0,0,22778,0,10509002,260139,,,Bronquite aguda
5604,803,0,2010-04-05,2010-04-05,38000276,,,0,0,0,0,22776,0,230265002,4043241,,,Enxaqueca sem aura
5605,803,0,2005-04-18,2005-04-18,38000276,,,0,0,0,0,22780,0,55822004,432867,,,Hiperlipidemia
5606,803,4060985,2003-04-14,2003-04-14,38000276,,,0,0,0,0,22754,0,162864005,4060985,,,IMC 30+ - obesidade
5607,804,0,2018-01-15,2018-01-15,38000276,,,0,0,0,0,22828,0,271737000,439777,,,Anemia
5608,804,0,2017-10-13,2017-10-13,38000276,,,0,0,0,0,22802,0,195662009,4112343,,,Faringite viral aguda
5609,804,4060985,2012-08-26,2012-08-26,38000276,,,0,0,0,0,22799,0,162864005,4060985,,,IMC 30+ - obesidade
5610,804,0,2012-08-19,2012-08-19,38000276,,,0,0,0,0,22833,0,444814009,40481087,,,Infecção viral das vias aéreas superiores
5611,804,0,2012-01-15,2012-01-15,38000276,,,0,0,0,0,22826,0,72892002,4217975,,,Otite média não supurativa
5612,804,0,2010-07-25,2010-07-25,38000276,,,0,0,0,0,22782,0,72892002,4217975,,,Otite média não supurativa
5613,804,0,1993-10-24,1993-10-24,38000276,,,0,0,0,0,22789,0,38341003,316866,,,Hipertensão arterial
5614,805,0,2016-10-25,2016-10-25,38000276,,,0,0,0,0,22852,0,72892002,4217975,,,Otite média não supurativa
5615,805,0,2011-07-19,2011-07-19,38000276,,,0,0,0,0,22851,0,72892002,4217975,,,Otite média não supurativa
5616,805,0,2011-03-29,2011-03-29,38000276,,,0,0,0,0,22836,0,35999006,4262136,,,Cegueira
5617,805,0,2011-03-29,2011-03-29,38000276,,,0,0,0,0,22836,0,19169002,4078393,,,Aborto espontâneo na gravidez
5618,805,0,2011-03-29,2011-03-29,38000276,,,0,0,0,0,22836,0,72892002,4217975,,,Otite média não supurativa
5619,806,0,2017-05-20,2017-05-20,38000276,,,0,0,0,0,22905,0,10509002,260139,,,Bronquite aguda
5620,806,0,2015-10-26,2015-10-26,38000276,,,0,0,0,0,22921,0,444814009,40481087,,,Infecção viral das vias aéreas superiores
5621,806,0,2014-12-03,2014-12-03,38000276,,,0,0,0,0,22900,0,62564004,375671,,,Concussão sem perda de consciência
5622,806,0,2014-07-25,2014-07-25,38000276,,,0,0,0,0,22918,0,198992004,137613,,,Pré-eclâmpsia leve
5623,806,0,2014-01-10,2014-01-10,38000276,,,0,0,0,0,22922,0,72892002,4217975,,,Otite média não supurativa
5624,806,0,2011-04-30,2011-04-30,38000276,,,0,0,0,0,22894,0,10509002,260139,,,Bronquite aguda
5625,806,0,2010-09-03,2010-09-03,38000276,,,0,0,0,0,22883,0,72892002,4217975,,,Otite média não supurativa
5626,806,4323208,2010-04-04,2010-04-04,38000276,,,0,0,0,0,22876,0,428251008,4323208,,,Histórico de apendicectomia
5627,806,0,2010-04-04,2010-04-04,38000276,,,0,0,0,0,22896,0,74400008,440448,,,Apendicite
5628,806,0,2010-01-26,2010-01-26,38000276,,,0,0,0,0,22902,0,195662009,4112343,,,Faringite viral aguda
5629,806,0,1998-08-14,1998-08-14,38000276,,,0,0,0,0,22911,0,79586000,199076,,,Gravidez tubária
5630,806,0,1998-03-13,1998-03-13,38000276,,,0,0,0,0,22871,0,19169002,4078393,,,Aborto espontâneo na gravidez
5631,806,0,1997-10-10,1997-10-10,38000276,,,0,0,0,0,22887,0,15777000,40316773,,,Pré-diabetes
5632,808,0,2018-04-28,2018-04-28,38000276,,,0,0,0,0,22938,0,195662009,4112343,,,Faringite viral aguda
5633,808,0,2016-05-13,2016-05-13,38000276,,,0,0,0,0,22935,0,444814009,40481087,,,Infecção viral das vias aéreas superiores
5634,809,0,2017-10-01,2017-10-01,38000276,,,0,0,0,0,22941,0,10509002,260139,,,Bronquite aguda
5635,809,0,2017-07-06,2017-07-06,38000276,,,0,0,0,0,22945,0,283371005,4155034,,,Laceração de antebraço
5636,809,0,2017-05-25,2017-05-25,38000276,,,0,0,0,0,22946,0,10509002,260139,,,Bronquite aguda
5637,809,0,2017-01-05,2017-01-05,38000276,,,0,0,0,0,22956,0,195662009,4112343,,,Faringite viral aguda
5638,809,0,2011-11-19,2011-11-19,38000276,,,0,0,0,0,22955,0,239872002,4079749,,,Osteoartrite do quadril
5639,809,0,1991-08-23,1991-08-23,38000276,,,0,0,0,0,22940,0,87433001,261325,,,Enfisema pulmonar
5640,809,0,1988-08-19,1988-08-19,38000276,,,0,0,0,0,22950,0,15777000,40316773,,,Pré-diabetes
5641,810,4060985,2015-10-13,2015-10-13,38000276,,,0,0,0,0,22974,0,162864005,4060985,,,IMC 30+ - obesidade
5642,810,0,2015-10-06,2015-10-06,38000276,,,0,0,0,0,22965,0,197927001,4056621,,,Uretrite recorrente
5643,810,0,2015-10-06,2015-10-06,38000276,,,0,0,0,0,22965,0,38822007,195588,,,Cistite
5644,810,0,2015-07-16,2015-07-16,38000276,,,0,0,0,0,22972,0,38822007,195588,,,Cistite
5645,810,0,2014-08-08,2014-08-08,38000276,,,0,0,0,0,22979,0,195662009,4112343,,,Faringite viral aguda
5646,810,0,1997-10-28,1997-10-28,38000276,,,0,0,0,0,22960,0,19169002,4078393,,,Aborto espontâneo na gravidez
5647,810,45766064,1984-07-23,1984-07-23,38000276,,,0,0,0,0,22967,0,703151001,45766064,,,Histórico de artroplastia de joelho
5648,810,0,1984-07-23,1984-07-23,38000276,,,0,0,0,0,22967,0,128613002,4029498,,,Transtorno convulsivo
5649,811,0,2018-03-14,2018-03-14,38000276,,,0,0,0,0,22982,0,283385000,4152936,,,Laceração de ombro
5650,811,0,2015-09-13,2015-09-13,38000276,,,0,0,0,0,22989,0,195662009,4112343,,,Faringite viral aguda
5651,811,0,2014-09-28,2014-09-28,38000276,,,0,0,0,0,22986,0,444814009,40481087,,,Infecção viral das vias aéreas superiores
5652,811,0,2013-05-16,2013-05-16,38000276,,,0,0,0,0,22988,0,444814009,40481087,,,Infecção viral das vias aéreas superiores
5653,811,0,2011-07-08,2011-07-08,38000276,,,0,0,0,0,22984,0,10509002,260139,,,Bronquite aguda
5654,811,0,2009-08-02,2009-08-02,38000276,,,0,0,0,0,22985,0,43878008,28060,,,Faringite estreptocócica
5655,812,0,2014-05-25,2014-05-25,38000276,,,0,0,0,0,22998,0,444814009,40481087,,,Infecção viral das vias aéreas superiores
5656,812,0,2013-01-10,2013-01-10,38000276,,,0,0,0,0,22997,0,40055000,257012,,,Sinusite crônica
5657,812,0,2012-12-06,2012-12-06,38000276,,,0,0,0,0,22993,0,36971009,4283893,,,Sinusite
5658,812,0,2012-04-14,2012-04-14,38000276,,,0,0,0,0,22996,0,15777000,40316773,,,Pré-diabetes
5659,812,0,2010-03-18,2010-03-18,38000276,,,0,0,0,0,23001,0,43878008,28060,,,Faringite estreptocócica
5660,813,4060985,2018-11-16,2018-11-16,38000276,,,0,0,0,0,23004,0,162864005,4060985,,,IMC 30+ - obesidade
5661,813,0,2018-04-12,2018-04-12,38000276,,,0,0,0,0,23008,0,16114001,4059173,,,Fratura de tornozelo
5662,814,0,2018-01-10,2018-01-10,38000276,,,0,0,0,0,23028,0,58150001,4237458,,,Fratura de clavícula
5663,814,0,2017-10-25,2017-10-25,38000276,,,0,0,0,0,23015,0,36971009,4283893,,,Sinusite
5664,814,0,2015-12-16,2015-12-16,38000276,,,0,0,0,0,23024,0,444814009,40481087,,,Infecção viral das vias aéreas superiores
5665,814,0,2006-12-07,2006-12-07,38000276,,,0,0,0,0,23025,0,15777000,40316773,,,Pré-diabetes
5666,814,4256640,2004-12-02,2004-12-02,38000276,,,0,0,0,0,23021,0,408512008,4256640,,,Alcoolismo relatado pelo paciente
5667,814,4060985,1988-04-07,1988-04-07,38000276,,,0,0,0,0,23017,0,162864005,4060985,,,IMC 30+ - obesidade
5668,814,0,1978-03-23,1978-03-23,38000276,,,0,0,0,0,23010,0,38341003,316866,,,Hipertensão arterial
5669,815,0,2018-06-04,2018-06-04,38000276,,,0,0,0,0,23031,0,444814009,40481087,,,Infecção viral das vias aéreas superiores
5670,815,0,2015-04-15,2015-04-15,38000276,,,0,0,0,0,23044,0,195662009,4112343,,,Faringite viral aguda
5671,815,0,2011-10-29,2011-10-29,38000276,,,0,0,0,0,23036,0,62106007,378001,,,Concussão com perda de consciência
5672,816,0,2018-03-22,2018-03-22,38000276,,,0,0,0,0,23051,0,44465007,81151,,,Entorse de tornozelo
5673,816,0,2015-08-03,2015-08-03,38000276,,,0,0,0,0,23062,0,444814009,40481087,,,Infecção viral das vias aéreas superiores
5674,816,0,2014-11-08,2014-11-08,38000276,,,0,0,0,0,23060,0,65363002,372328,,,Otite média
5675,816,0,2013-08-24,2013-08-24,38000276,,,0,0,0,0,23055,0,444814009,40481087,,,Infecção viral das vias aéreas superiores
5676,816,0,2013-04-09,2013-04-09,38000276,,,0,0,0,0,23066,0,232353008,4048171,,,Perfuração do tímpano
5677,817,0,2018-05-25,2018-05-25,38000276,,,0,0,0,0,23073,0,43878008,28060,,,Faringite estreptocócica
5678,817,0,2017-11-15,2017-11-15,38000276,,,0,0,0,0,23100,0,195662009,4112343,,,Faringite viral aguda
5679,817,0,2015-01-30,2015-01-30,38000276,,,0,0,0,0,23074,0,10509002,260139,,,Bronquite aguda
5680,817,0,2013-09-08,2013-09-08,38000276,,,0,0,0,0,23086,0,444814009,40481087,,,Infecção viral das vias aéreas superiores
5681,817,0,2010-08-28,2010-08-28,38000276,,,0,0,0,0,23089,0,75498004,4294548,,,Infecção bacteriana aguda
5682,817,0,2008-10-29,2008-10-29,38000276,,,0,0,0,0,23096,0,446096008,40486433,,,Esteatose hepática perivenular
5683,818,0,2018-01-16,2018-01-16,38000276,,,0,0,0,0,23119,0,58150001,4237458,,,Fratura de clavícula
5684,819,0,2017-07-08,2017-07-08,38000276,,,0,0,0,0,23123,0,44465007,81151,,,Entorse de tornozelo
5685,819,0,2017-07-01,2017-07-01,38000276,,,0,0,0,0,23142,0,444814009,40481087,,,Infecção viral das vias aéreas superiores
5686,819,0,2016-06-23,2016-06-23,38000276,,,0,0,0,0,23132,0,10509002,260139,,,Bronquite aguda
5687,819,0,2014-02-19,2014-02-19,38000276,,,0,0,0,0,23149,0,195662009,4112343,,,Faringite viral aguda
5688,819,0,2011-08-18,2011-08-18,38000276,,,0,0,0,0,23158,0,44465007,81151,,,Entorse de tornozelo
5689,819,0,2003-02-16,2003-02-16,38000276,,,0,0,0,0,23155,0,82423001,436096,,,Dor crônica
5690,819,0,2002-08-29,2002-08-29,38000276,,,0,0,0,0,23156,0,124171000119105,43530652,,,Nefropatia diabética crônica
5691,819,0,2002-06-23,2002-06-23,38000276,,,0,0,0,0,23157,0,196416002,4055754,,,Esofagite por refluxo
5692,820,0,2013-07-11,2013-07-11,38000276,,,0,0,0,0,23182,0,62106007,378001,,,Concussão com perda de consciência
5693,820,4060985,2013-05-16,2013-05-16,38000276,,,0,0,0,0,23183,0,162864005,4060985,,,IMC 30+ - obesidade
5694,820,0,2010-05-08,2010-05-08,38000276,,,0,0,0,0,23178,0,75498004,4294548,,,Infecção bacteriana aguda
5695,820,0,1980-05-24,1980-05-24,38000276,,,0,0,0,0,23186,0,232353008,4048171,,,Perfuração do tímpano
5696,821,0,2014-12-24,2014-12-24,38000276,,,0,0,0,0,23203,0,10509002,260139,,,Bronquite aguda
5697,821,0,2011-10-15,2011-10-15,38000276,,,0,0,0,0,23197,0,444814009,40481087,,,Infecção viral das vias aéreas superiores
5698,821,0,1988-12-07,1988-12-07,38000276,,,0,0,0,0,23201,0,15777000,40316773,,,Pré-diabetes
5699,822,0,2013-06-15,2013-06-15,38000276,,,0,0,0,0,23213,0,444814009,40481087,,,Infecção viral das vias aéreas superiores
5700,823,0,2016-12-09,2016-12-09,38000276,,,0,0,0,0,23230,0,65363002,372328,,,Otite média
5701,823,0,2016-02-20,2016-02-20,38000276,,,0,0,0,0,23239,0,195662009,4112343,,,Faringite viral aguda
5702,823,0,2011-07-20,2011-07-20,38000276,,,0,0,0,0,23229,0,16114001,4059173,,,Fratura de tornozelo
5703,823,0,2010-03-13,2010-03-13,38000276,,,0,0,0,0,23235,0,195662009,4112343,,,Faringite viral aguda
5704,823,0,2006-09-03,2006-09-03,38000276,,,0,0,0,0,23227,0,196416002,4055754,,,Esofagite por refluxo
5705,823,0,2000-01-10,2000-01-10,38000276,,,0,0,0,0,23234,0,68496003,4285898,,,Pólipo do cólon
5706,823,0,1981-12-20,1981-12-20,38000276,,,0,0,0,0,23240,0,15777000,40316773,,,Pré-diabetes
5707,823,4060985,1968-04-28,1968-04-28,38000276,,,0,0,0,0,23225,0,162864005,4060985,,,IMC 30+ - obesidade
5708,824,0,2017-02-12,2017-02-12,38000276,,,0,0,0,0,23289,0,40055000,257012,,,Sinusite crônica
5709,824,0,2016-12-11,2016-12-11,38000276,,,0,0,0,0,23278,0,75498004,4294548,,,Infecção bacteriana aguda
5710,824,0,2012-10-22,2012-10-22,38000276,,,0,0,0,0,23294,0,195662009,4112343,,,Faringite viral aguda
5711,824,0,2012-08-12,2012-08-12,38000276,,,0,0,0,0,23259,0,43878008,28060,,,Faringite estreptocócica
5712,824,0,2010-10-16,2010-10-16,38000276,,,0,0,0,0,23244,0,444814009,40481087,,,Infecção viral das vias aéreas superiores
5713,824,0,2010-05-29,2010-05-29,38000276,,,0,0,0,0,23266,0,444814009,40481087,,,Infecção viral das vias aéreas superiores
5714,824,0,1997-05-11,1997-05-11,38000276,,,0,0,0,0,23250,0,15777000,40316773,,,Pré-diabetes
5715,824,0,1994-12-27,1994-12-27,38000276,,,0,0,0,0,23255,0,55680006,4208104,,,Overdose de droga
5716,824,0,1990-06-18,1990-06-18,38000276,,,0,0,0,0,23279,0,124171000119105,43530652,,,Nefropatia diabética crônica
5717,824,0,1990-03-15,1990-03-15,38000276,,,0,0,0,0,23272,0,82423001,436096,,,Dor crônica
5718,824,0,1990-02-06,1990-02-06,38000276,,,0,0,0,0,23249,0,196416002,4055754,,,Esofagite por refluxo
5719,824,0,1984-04-22,1984-04-22,38000276,,,0,0,0,0,23260,0,38341003,316866,,,Hipertensão arterial
5720,825,0,2018-09-08,2018-09-08,38000276,,,0,0,0,0,23300,0,127013003,192279,,,Nefropatia diabética
5721,825,0,2018-09-08,2018-09-08,38000276,,,0,0,0,0,23300,0,431855005,443614,,,Doença renal crônica estágio 1
5722,825,0,2018-09-08,2018-09-08,38000276,,,0,0,0,0,23300,0,237602007,436940,,,Síndrome metabólica
5723,825,0,2018-09-08,2018-09-08,38000276,,,0,0,0,0,23300,0,302870006,4120314,,,Hipertrigliceridemia
5724,825,0,2015-09-05,2015-09-05,38000276,,,0,0,0,0,23299,0,44054006,201826,,,Diabetes mellitus tipo 2
5725,825,0,2008-08-23,2008-08-23,38000276,,,0,0,0,0,23296,0,38341003,316866,,,Hipertensão arterial
5726,826,4324181,1959-06-15,1959-06-15,38000276,,,0,0,0,0,23320,0,429007001,4324181,,,Histórico de infarto
5727,826,0,1959-06-15,1959-06-15,38000276,,,0,0,0,0,23320,0,410429000,321042,,,Parada cardíaca
5728,826,0,1957-10-06,1957-10-06,38000276,,,0,0,0,0,23322,0,44465007,81151,,,Entorse de tornozelo
5729,826,0,1956-08-06,1956-08-06,38000276,,,0,0,0,0,23316,0,444814009,40481087,,,Infecção viral das vias aéreas superiores
5730,826,0,1954-02-08,1954-02-08,38000276,,,0,0,0,0,23302,0,90781000119102,45769905,,,Doença renal crônica por diabetes
5731,826,0,1954-02-08,1954-02-08,38000276,,,0,0,0,0,23302,0,431856006,443601,,,Doença renal crônica estágio 4
5732,826,0,1953-02-18,1953-02-18,38000276,,,0,0,0,0,23333,0,195662009,4112343,,,Faringite viral aguda
5733,826,0,1952-11-01,1952-11-01,38000276,,,0,0,0,0,23336,0,307731004,4146173,,,Fibrilação atrial de início recente
5734,826,0,1952-05-19,1952-05-19,38000276,,,0,0,0,0,23312,0,127013003,192279,,,Nefropatia diabética
5735,826,0,1952-05-19,1952-05-19,38000276,,,0,0,0,0,23312,0,431855005,443614,,,Doença renal crônica estágio 1
5736,826,0,1952-05-19,1952-05-19,38000276,,,0,0,0,0,23312,0,237602007,436940,,,Síndrome metabólica
5737,826,0,1952-05-19,1952-05-19,38000276,,,0,0,0,0,23312,0,302870006,4120314,,,Hipertrigliceridemia
5738,826,0,1952-05-19,1952-05-19,38000276,,,0,0,0,0,23312,0,80394007,4214376,,,Hiperglicemia
5739,826,0,1950-10-02,1950-10-02,38000276,,,0,0,0,0,23311,0,44054006,201826,,,Diabetes mellitus tipo 2
5740,826,0,1950-10-02,1950-10-02,38000276,,,0,0,0,0,23311,0,38341003,316866,,,Hipertensão arterial
5741,826,0,1950-10-02,1950-10-02,38000276,,,0,0,0,0,23311,0,53741008,317576,,,Doença arterial coronariana
5742,826,0,1944-08-14,1944-08-14,38000276,,,0,0,0,0,23303,0,15777000,40316773,,,Pré-diabetes
5743,827,0,2018-09-02,2018-09-02,38000276,,,0,0,0,0,23374,0,72892002,4217975,,,Otite média não supurativa
5744,827,0,2018-01-14,2018-01-14,38000276,,,0,0,0,0,23348,0,72892002,4217975,,,Otite média não supurativa
5745,827,0,2017-10-05,2017-10-05,38000276,,,0,0,0,0,23349,0,43878008,28060,,,Faringite estreptocócica
5746,827,0,2017-04-23,2017-04-23,38000276,,,0,0,0,0,23344,0,72892002,4217975,,,Otite média não supurativa
5747,827,0,2015-12-01,2015-12-01,38000276,,,0,0,0,0,23343,0,195662009,4112343,,,Faringite viral aguda
5748,827,0,2015-04-19,2015-04-19,38000276,,,0,0,0,0,23340,0,198992004,137613,,,Pré-eclâmpsia leve
5749,827,0,2015-03-22,2015-03-22,38000276,,,0,0,0,0,23376,0,398254007,439393,,,Pré-eclâmpsia
5750,827,0,2014-10-05,2014-10-05,38000276,,,0,0,0,0,23380,0,72892002,4217975,,,Otite média não supurativa
5751,827,0,2014-03-17,2014-03-17,38000276,,,0,0,0,0,23350,0,10509002,260139,,,Bronquite aguda
5752,827,0,2011-02-27,2011-02-27,38000276,,,0,0,0,0,23381,0,72892002,4217975,,,Otite média não supurativa
5753,827,0,2009-06-07,2009-06-07,38000276,,,0,0,0,0,23370,0,72892002,4217975,,,Otite média não supurativa
5754,828,0,2018-07-30,2018-07-30,38000276,,,0,0,0,0,23396,0,195662009,4112343,,,Faringite viral aguda
5755,828,0,2016-01-01,2016-01-01,38000276,,,0,0,0,0,23406,0,43878008,28060,,,Faringite estreptocócica
5756,828,0,2015-11-19,2015-11-19,38000276,,,0,0,0,0,23395,0,195662009,4112343,,,Faringite viral aguda
5757,828,0,1988-07-19,1988-07-19,38000276,,,0,0,0,0,23398,0,15777000,40316773,,,Pré-diabetes
5758,828,4060985,1980-12-09,1980-12-09,38000276,,,0,0,0,0,23401,0,162864005,4060985,,,IMC 30+ - obesidade
5759,828,0,1967-11-21,1967-11-21,38000276,,,0,0,0,0,23389,0,38341003,316866,,,Hipertensão arterial
5760,829,0,2017-07-09,2017-07-09,38000276,,,0,0,0,0,23421,0,62106007,378001,,,Concussão com perda de consciência
5761,829,0,2016-07-11,2016-07-11,38000276,,,0,0,0,0,23425,0,195662009,4112343,,,Faringite viral aguda
5762,829,0,2016-06-30,2016-06-30,38000276,,,0,0,0,0,23420,0,370247008,4156265,,,Lesão facial
5763,829,0,2012-10-14,2012-10-14,38000276,,,0,0,0,0,23416,0,195662009,4112343,,,Faringite viral aguda
5764,829,0,2005-02-19,2005-02-19,38000276,,,0,0,0,0,23423,0,15777000,40316773,,,Pré-diabetes
5765,829,4060985,1994-05-14,1994-05-14,38000276,,,0,0,0,0,23428,0,162864005,4060985,,,IMC 30+ - obesidade
5766,829,0,1981-04-04,1981-04-04,38000276,,,0,0,0,0,23408,0,38341003,316866,,,Hipertensão arterial
5767,829,0,1965-02-15,1965-02-15,38000276,,,0,0,0,0,23414,0,446096008,40486433,,,Esteatose hepática perivenular
5768,830,0,2016-12-13,2016-12-13,38000276,,,0,0,0,0,23442,0,49436004,313217,,,Fibrilação atrial
5769,830,0,2016-10-25,2016-10-25,38000276,,,0,0,0,0,23432,0,444814009,40481087,,,Infecção viral das vias aéreas superiores
5770,830,0,2016-07-02,2016-07-02,38000276,,,0,0,0,0,23448,0,195662009,4112343,,,Faringite viral aguda
5771,830,0,2011-12-27,2011-12-27,38000276,,,0,0,0,0,23439,0,55822004,432867,,,Hiperlipidemia
5772,830,4256640,2007-12-18,2007-12-18,38000276,,,0,0,0,0,23445,0,408512008,4256640,,,Alcoolismo relatado pelo paciente
5773,830,4060985,1990-02-13,1990-02-13,38000276,,,0,0,0,0,23438,0,162864005,4060985,,,IMC 30+ - obesidade
5774,831,0,2018-10-23,2018-10-23,38000276,,,0,0,0,0,23469,0,43878008,28060,,,Faringite estreptocócica
5775,831,0,2017-10-20,2017-10-20,38000276,,,0,0,0,0,23453,0,444470001,40479768,,,Lesão do nervo ulnar
5776,831,0,2014-09-06,2014-09-06,38000276,,,0,0,0,0,23463,0,33737001,4142905,,,Fratura de rádio
5777,831,0,2013-09-11,2013-09-11,38000276,,,0,0,0,0,23462,0,62106007,378001,,,Concussão com perda de consciência
5778,831,0,2011-08-30,2011-08-30,38000276,,,0,0,0,0,23466,0,444814009,40481087,,,Infecção viral das vias aéreas superiores
5779,831,0,2004-07-31,2004-07-31,38000276,,,0,0,0,0,23457,0,55822004,432867,,,Hiperlipidemia
5780,831,4060985,1982-01-09,1982-01-09,38000276,,,0,0,0,0,23475,0,162864005,4060985,,,IMC 30+ - obesidade
5781,831,0,1980-10-11,1980-10-11,38000276,,,0,0,0,0,23451,0,19169002,4078393,,,Aborto espontâneo na gravidez
5782,831,0,1964-04-18,1964-04-18,38000276,,,0,0,0,0,23473,0,38341003,316866,,,Hipertensão arterial
5783,832,0,2011-11-06,2011-11-06,38000276,,,0,0,0,0,23494,0,40055000,257012,,,Sinusite crônica
5784,832,0,2011-10-16,2011-10-16,38000276,,,0,0,0,0,23497,0,75498004,4294548,,,Infecção bacteriana aguda
5785,832,0,2010-03-16,2010-03-16,38000276,,,0,0,0,0,23493,0,195662009,4112343,,,Faringite viral aguda
5786,833,0,2018-11-14,2018-11-14,38000276,,,0,0,0,0,23507,0,444814009,40481087,,,Infecção viral das vias aéreas superiores
5787,833,0,2016-01-13,2016-01-13,38000276,,,0,0,0,0,23511,0,444814009,40481087,,,Infecção viral das vias aéreas superiores
5788,833,0,2015-09-10,2015-09-10,38000276,,,0,0,0,0,23503,0,39848009,4218389,,,Lesão em chicote do pescoço
5789,833,0,2013-03-25,2013-03-25,38000276,,,0,0,0,0,23501,0,195662009,4112343,,,Faringite viral aguda
5790,833,0,2012-07-14,2012-07-14,38000276,,,0,0,0,0,23505,0,43878008,28060,,,Faringite estreptocócica
5791,833,0,2011-10-08,2011-10-08,38000276,,,0,0,0,0,23500,0,444814009,40481087,,,Infecção viral das vias aéreas superiores
5792,833,0,1991-04-18,1991-04-18,38000276,,,0,0,0,0,23506,0,15777000,40316773,,,Pré-diabetes
5793,834,0,2017-09-03,2017-09-03,38000276,,,0,0,0,0,23520,0,444814009,40481087,,,Infecção viral das vias aéreas superiores
5794,834,0,2016-03-04,2016-03-04,38000276,,,0,0,0,0,23518,0,43878008,28060,,,Faringite estreptocócica
5795,834,0,2012-06-14,2012-06-14,38000276,,,0,0,0,0,23523,0,195662009,4112343,,,Faringite viral aguda
5796,834,0,2010-12-16,2010-12-16,38000276,,,0,0,0,0,23521,0,444814009,40481087,,,Infecção viral das vias aéreas superiores
5797,834,0,1999-06-07,1999-06-07,38000276,,,0,0,0,0,23515,0,15777000,40316773,,,Pré-diabetes
5798,835,0,2016-06-23,2016-06-23,38000276,,,0,0,0,0,23527,0,15777000,40316773,,,Pré-diabetes
5799,835,0,2009-10-07,2009-10-07,38000276,,,0,0,0,0,23524,0,444814009,40481087,,,Infecção viral das vias aéreas superiores
5800,836,0,2017-08-30,2017-08-30,38000276,,,0,0,0,0,23545,0,444814009,40481087,,,Infecção viral das vias aéreas superiores
5801,836,0,2017-07-28,2017-07-28,38000276,,,0,0,0,0,23555,0,10509002,260139,,,Bronquite aguda
5802,836,0,2017-04-17,2017-04-17,38000276,,,0,0,0,0,23541,0,10509002,260139,,,Bronquite aguda
5803,836,0,2016-04-27,2016-04-27,38000276,,,0,0,0,0,23560,0,10509002,260139,,,Bronquite aguda
5804,836,0,2016-04-19,2016-04-19,38000276,,,0,0,0,0,23530,0,44465007,81151,,,Entorse de tornozelo
5805,836,0,2015-04-21,2015-04-21,38000276,,,0,0,0,0,23542,0,43878008,28060,,,Faringite estreptocócica
5806,836,0,2009-10-07,2009-10-07,38000276,,,0,0,0,0,23550,0,195662009,4112343,,,Faringite viral aguda
5807,836,0,2007-05-10,2007-05-10,38000276,,,0,0,0,0,23551,0,55822004,432867,,,Hiperlipidemia
5808,836,4060985,2000-04-17,2000-04-17,38000276,,,0,0,0,0,23557,0,162864005,4060985,,,IMC 30+ - obesidade
5809,837,4060985,2016-04-20,2016-04-20,38000276,,,0,0,0,0,23565,0,162864005,4060985,,,IMC 30+ - obesidade
5810,837,0,2014-02-27,2014-02-27,38000276,,,0,0,0,0,23563,0,65363002,372328,,,Otite média
5811,837,0,2013-04-09,2013-04-09,38000276,,,0,0,0,0,23567,0,195662009,4112343,,,Faringite viral aguda
5812,837,0,2011-05-02,2011-05-02,38000276,,,0,0,0,0,23561,0,444814009,40481087,,,Infecção viral das vias aéreas superiores
5813,837,0,2009-04-19,2009-04-19,38000276,,,0,0,0,0,23566,0,195662009,4112343,,,Faringite viral aguda
5814,838,0,2016-07-18,2016-07-18,38000276,,,0,0,0,0,23580,0,65363002,372328,,,Otite média
5815,838,0,2016-04-11,2016-04-11,38000276,,,0,0,0,0,23574,0,44465007,81151,,,Entorse de tornozelo
5816,838,0,2014-09-19,2014-09-19,38000276,,,0,0,0,0,23582,0,65363002,372328,,,Otite média
5817,839,4256640,2015-06-09,2015-06-09,38000276,,,0,0,0,0,23625,0,408512008,4256640,,,Alcoolismo relatado pelo paciente
5818,839,0,2014-11-11,2014-11-11,38000276,,,0,0,0,0,23609,0,72892002,4217975,,,Otite média não supurativa
5819,839,0,2013-11-24,2013-11-24,38000276,,,0,0,0,0,23584,0,43878008,28060,,,Faringite estreptocócica
5820,839,0,2013-08-27,2013-08-27,38000276,,,0,0,0,0,23592,0,72892002,4217975,,,Otite média não supurativa
5821,839,0,2012-05-24,2012-05-24,38000276,,,0,0,0,0,23639,0,239873007,4079750,,,Osteoartrite do joelho
5822,839,0,2012-05-22,2012-05-22,38000276,,,0,0,0,0,23610,0,72892002,4217975,,,Otite média não supurativa
5823,839,0,2012-01-17,2012-01-17,38000276,,,0,0,0,0,23602,0,72892002,4217975,,,Otite média não supurativa
5824,839,0,2010-11-30,2010-11-30,38000276,,,0,0,0,0,23637,0,72892002,4217975,,,Otite média não supurativa
5825,839,0,2010-09-06,2010-09-06,38000276,,,0,0,0,0,23619,0,444814009,40481087,,,Infecção viral das vias aéreas superiores
5826,839,0,2010-02-11,2010-02-11,38000276,,,0,0,0,0,23632,0,33737001,4142905,,,Fratura de rádio
5827,839,4060985,2000-08-08,2000-08-08,38000276,,,0,0,0,0,23590,0,162864005,4060985,,,IMC 30+ - obesidade
5828,839,0,1993-07-27,1993-07-27,38000276,,,0,0,0,0,23618,0,38341003,316866,,,Hipertensão arterial
5829,840,0,2016-12-06,2016-12-06,38000276,,,0,0,0,0,23661,0,363406005,4180790,,,Neoplasia maligna do cólon
5830,840,0,2016-12-01,2016-12-01,38000276,,,0,0,0,0,23656,0,713197008,37017023,,,Fibrose cística recorrente
5831,840,0,2015-10-06,2015-10-06,38000276,,,0,0,0,0,23644,0,68496003,4285898,,,Pólipo do cólon
5832,840,0,2011-04-16,2011-04-16,38000276,,,0,0,0,0,23658,0,195662009,4112343,,,Faringite viral aguda
5833,840,4060985,1989-10-12,1989-10-12,38000276,,,0,0,0,0,23666,0,162864005,4060985,,,IMC 30+ - obesidade
5834,840,0,1979-09-27,1979-09-27,38000276,,,0,0,0,0,23646,0,38341003,316866,,,Hipertensão arterial
5835,841,0,1987-05-11,1987-05-11,38000276,,,0,0,0,0,23677,0,230690007,381316,,,Acidente vascular cerebral
5836,841,0,1986-03-04,1986-03-04,38000276,,,0,0,0,0,23723,0,363406005,4180790,,,Neoplasia maligna do cólon
5837,841,0,1986-02-27,1986-02-27,38000276,,,0,0,0,0,23716,0,713197008,37017023,,,Fibrose cística recorrente
5838,841,0,1985-10-28,1985-10-28,38000276,,,0,0,0,0,23682,0,195662009,4112343,,,Faringite viral aguda
5839,841,0,1984-10-05,1984-10-05,38000276,,,0,0,0,0,23724,0,68496003,4285898,,,Pólipo do cólon
5840,841,0,1980-06-10,1980-06-10,38000276,,,0,0,0,0,23683,0,33737001,4142905,,,Fratura de rádio
5841,841,0,1978-08-13,1978-08-13,38000276,,,0,0,0,0,23713,0,68496003,4285898,,,Pólipo do cólon
5842,841,0,1974-04-15,1974-04-15,38000276,,,0,0,0,0,23727,0,49436004,313217,,,Fibrilação atrial
5843,841,0,1961-08-04,1961-08-04,38000276,,,0,0,0,0,23689,0,239873007,4079750,,,Osteoartrite do joelho
5844,841,0,1957-12-16,1957-12-16,38000276,,,0,0,0,0,23705,0,90781000119102,45769905,,,Doença renal crônica por diabetes
5845,841,0,1957-12-16,1957-12-16,38000276,,,0,0,0,0,23705,0,431856006,443601,,,Doença renal crônica estágio 4
5846,841,0,1957-06-17,1957-06-17,38000276,,,0,0,0,0,23704,0,127013003,192279,,,Nefropatia diabética
5847,841,0,1957-06-17,1957-06-17,38000276,,,0,0,0,0,23704,0,431855005,443614,,,Doença renal crônica estágio 1
5848,841,0,1957-06-17,1957-06-17,38000276,,,0,0,0,0,23704,0,237602007,436940,,,Síndrome metabólica
5849,841,0,1957-06-17,1957-06-17,38000276,,,0,0,0,0,23704,0,302870006,4120314,,,Hipertrigliceridemia
5850,841,0,1957-06-17,1957-06-17,38000276,,,0,0,0,0,23704,0,80394007,4214376,,,Hiperglicemia
5851,841,0,1957-01-28,1957-01-28,38000276,,,0,0,0,0,23691,0,44054006,201826,,,Diabetes mellitus tipo 2
5852,841,4060985,1947-01-06,1947-01-06,38000276,,,0,0,0,0,23669,0,162864005,4060985,,,IMC 30+ - obesidade
5853,841,0,1930-11-24,1930-11-24,38000276,,,0,0,0,0,23668,0,19169002,4078393,,,Aborto espontâneo na gravidez
5854,842,0,2018-02-10,2018-02-10,38000276,,,0,0,0,0,23731,0,10509002,260139,,,Bronquite aguda
5855,842,4256640,1986-03-21,1986-03-21,38000276,,,0,0,0,0,23741,0,408512008,4256640,,,Alcoolismo relatado pelo paciente
5856,842,4060985,1970-12-04,1970-12-04,38000276,,,0,0,0,0,23743,0,162864005,4060985,,,IMC 30+ - obesidade
5857,842,0,1963-09-06,1963-09-06,38000276,,,0,0,0,0,23729,0,19169002,4078393,,,Aborto espontâneo na gravidez
5858,842,0,1960-05-22,1960-05-22,38000276,,,0,0,0,0,23730,0,271737000,439777,,,Anemia
5859,843,0,2017-06-01,2017-06-01,38000276,,,0,0,0,0,23758,0,44465007,81151,,,Entorse de tornozelo
5860,843,0,2012-08-12,2012-08-12,38000276,,,0,0,0,0,23764,0,284551006,4109685,,,Laceração de pé
5861,843,0,2009-03-22,2009-03-22,38000276,,,0,0,0,0,23749,0,444814009,40481087,,,Infecção viral das vias aéreas superiores
5862,843,0,2002-09-20,2002-09-20,38000276,,,0,0,0,0,23751,0,49436004,313217,,,Fibrilação atrial
5863,843,0,2002-05-10,2002-05-10,38000276,,,0,0,0,0,23766,0,230690007,381316,,,Acidente vascular cerebral
5864,843,0,1980-10-20,1980-10-20,38000276,,,0,0,0,0,23761,0,40055000,257012,,,Sinusite crônica
5865,843,0,1960-08-05,1960-08-05,38000276,,,0,0,0,0,23763,0,15777000,40316773,,,Pré-diabetes
5866,843,4060985,1950-08-25,1950-08-25,38000276,,,0,0,0,0,23752,0,162864005,4060985,,,IMC 30+ - obesidade
5867,843,0,1934-10-05,1934-10-05,38000276,,,0,0,0,0,23759,0,38341003,316866,,,Hipertensão arterial
5868,843,4324181,1927-12-23,1927-12-23,38000276,,,0,0,0,0,23760,0,429007001,4324181,,,Histórico de infarto
5869,843,0,1927-12-23,1927-12-23,38000276,,,0,0,0,0,23760,0,410429000,321042,,,Parada cardíaca
5870,844,0,2018-10-23,2018-10-23,38000276,,,0,0,0,0,23770,0,424132000,4310703,,,Carcinoma de células escamosas da pele
5871,844,0,2018-10-21,2018-10-21,38000276,,,0,0,0,0,23776,0,254637007,4115276,,,Câncer de pulmão não pequenas células
5872,844,4038238,2018-10-08,2018-10-08,38000276,,,0,0,0,0,23778,0,162573006,4038238,,,Suspeita de abuso de álcool
5873,844,0,2014-09-13,2014-09-13,38000276,,,0,0,0,0,23782,0,195662009,4112343,,,Faringite viral aguda
5874,844,0,2014-09-06,2014-09-06,38000276,,,0,0,0,0,23780,0,10509002,260139,,,Bronquite aguda
5875,844,4060985,2013-09-10,2013-09-10,38000276,,,0,0,0,0,23789,0,162864005,4060985,,,IMC 30+ - obesidade
5876,844,0,2013-03-03,2013-03-03,38000276,,,0,0,0,0,23787,0,10509002,260139,,,Bronquite aguda
5877,844,0,2012-04-01,2012-04-01,38000276,,,0,0,0,0,23777,0,283385000,4152936,,,Laceração de ombro
5878,844,0,1983-12-20,1983-12-20,38000276,,,0,0,0,0,23786,0,38341003,316866,,,Hipertensão arterial
5879,845,0,2015-02-08,2015-02-08,38000276,,,0,0,0,0,23807,0,195662009,4112343,,,Faringite viral aguda
5880,845,0,2013-04-07,2013-04-07,38000276,,,0,0,0,0,23799,0,75498004,4294548,,,Infecção bacteriana aguda
5881,845,0,2011-01-19,2011-01-19,38000276,,,0,0,0,0,23796,0,43878008,28060,,,Faringite estreptocócica
5882,845,4256640,1996-03-08,1996-03-08,38000276,,,0,0,0,0,23797,0,408512008,4256640,,,Alcoolismo relatado pelo paciente
5883,845,4060985,1980-11-28,1980-11-28,38000276,,,0,0,0,0,23792,0,162864005,4060985,,,IMC 30+ - obesidade
5884,845,4324181,1963-01-11,1963-01-11,38000276,,,0,0,0,0,23793,0,429007001,4324181,,,Histórico de infarto
5885,845,0,1963-01-11,1963-01-11,38000276,,,0,0,0,0,23793,0,410429000,321042,,,Parada cardíaca
5886,846,0,2014-08-27,2014-08-27,38000276,,,0,0,0,0,23839,0,444814009,40481087,,,Infecção viral das vias aéreas superiores
5887,846,0,2013-07-22,2013-07-22,38000276,,,0,0,0,0,23838,0,10509002,260139,,,Bronquite aguda
5888,846,0,2013-02-04,2013-02-04,38000276,,,0,0,0,0,23834,0,444814009,40481087,,,Infecção viral das vias aéreas superiores
5889,846,0,2012-08-17,2012-08-17,38000276,,,0,0,0,0,23814,0,195662009,4112343,,,Faringite viral aguda
5890,846,0,2003-12-26,2003-12-26,38000276,,,0,0,0,0,23848,0,15777000,40316773,,,Pré-diabetes
5891,846,4060985,1993-12-24,1993-12-24,38000276,,,0,0,0,0,23836,0,162864005,4060985,,,IMC 30+ - obesidade
5892,846,0,1993-12-24,1993-12-24,38000276,,,0,0,0,0,23836,0,55822004,432867,,,Hiperlipidemia
5893,847,0,2017-04-30,2017-04-30,38000276,,,0,0,0,0,23856,0,444814009,40481087,,,Infecção viral das vias aéreas superiores
5894,847,0,2011-01-16,2011-01-16,38000276,,,0,0,0,0,23859,0,444814009,40481087,,,Infecção viral das vias aéreas superiores
5895,848,0,2018-12-21,2018-12-21,38000276,,,0,0,0,0,23865,0,443165006,40480160,,,Faringite aguda
5896,848,0,2018-12-21,2018-12-21,38000276,,,0,0,0,0,23865,0,263102004,4134304,,,Ruptura de menisco
5897,848,0,2017-07-31,2017-07-31,38000276,,,0,0,0,0,23878,0,230690007,381316,,,Acidente vascular cerebral
5898,848,0,2014-12-08,2014-12-08,38000276,,,0,0,0,0,23866,0,64859006,80502,,,Osteoporose
5899,848,0,2012-11-22,2012-11-22,38000276,,,0,0,0,0,23867,0,444814009,40481087,,,Infecção viral das vias aéreas superiores
5900,848,0,2012-02-04,2012-02-04,38000276,,,0,0,0,0,23880,0,444814009,40481087,,,Infecção viral das vias aéreas superiores
5901,848,0,1978-04-06,1978-04-06,38000276,,,0,0,0,0,23868,0,40055000,257012,,,Sinusite crônica
5902,848,0,1967-04-17,1967-04-17,38000276,,,0,0,0,0,23881,0,15777000,40316773,,,Pré-diabetes
5903,848,0,1952-05-12,1952-05-12,38000276,,,0,0,0,0,23879,0,38341003,316866,,,Hipertensão arterial
5904,849,0,2013-11-18,2013-11-18,38000276,,,0,0,0,0,23907,0,403191005,4296205,,,Queimadura solar de segundo grau
5905,849,0,2012-03-22,2012-03-22,38000276,,,0,0,0,0,23891,0,195662009,4112343,,,Faringite viral aguda
5906,849,0,2011-10-08,2011-10-08,38000276,,,0,0,0,0,23909,0,444814009,40481087,,,Infecção viral das vias aéreas superiores
5907,849,0,2011-02-15,2011-02-15,38000276,,,0,0,0,0,23900,0,97331000119101,45770830,,,Obesidade mórbida
5908,849,0,2009-01-15,2009-01-15,38000276,,,0,0,0,0,23890,0,39848009,4218389,,,Lesão em chicote do pescoço
5909,849,0,2002-10-15,2002-10-15,38000276,,,0,0,0,0,23908,0,1501000119109,43530685,,,Polineuropatia por diabetes tipo 2
5910,849,0,1986-07-29,1986-07-29,38000276,,,0,0,0,0,23902,0,368581000119106,37016354,,,Neuropatia por diabetes tipo 2
5911,849,0,1986-07-29,1986-07-29,38000276,,,0,0,0,0,23902,0,1551000119108,43530656,,,Retinopatia diabética não proliferativa
5912,849,0,1983-07-26,1983-07-26,38000276,,,0,0,0,0,23899,0,237602007,436940,,,Síndrome metabólica
5913,849,0,1983-07-26,1983-07-26,38000276,,,0,0,0,0,23899,0,302870006,4120314,,,Hipertrigliceridemia
5914,849,0,1983-07-26,1983-07-26,38000276,,,0,0,0,0,23899,0,80394007,4214376,,,Hiperglicemia
5915,849,0,1980-07-22,1980-07-22,38000276,,,0,0,0,0,23905,0,422034002,4226121,,,Retinopatia diabética proliferativa
5916,849,0,1980-07-22,1980-07-22,38000276,,,0,0,0,0,23905,0,44054006,201826,,,Diabetes mellitus tipo 2
5917,849,4060985,1977-07-19,1977-07-19,38000276,,,0,0,0,0,23898,0,162864005,4060985,,,IMC 30+ - obesidade
5918,850,0,2014-11-07,2014-11-07,38000276,,,0,0,0,0,23917,0,43878008,28060,,,Faringite estreptocócica
5919,850,0,2014-07-29,2014-07-29,38000276,,,0,0,0,0,23923,0,195662009,4112343,,,Faringite viral aguda
5920,850,0,2014-02-08,2014-02-08,38000276,,,0,0,0,0,23928,0,444814009,40481087,,,Infecção viral das vias aéreas superiores
5921,850,0,2013-08-14,2013-08-14,38000276,,,0,0,0,0,23927,0,70704007,78272,,,Entorse de punho
5922,850,4256640,1974-11-14,1974-11-14,38000276,,,0,0,0,0,23929,0,408512008,4256640,,,Alcoolismo relatado pelo paciente
5923,850,4060985,1968-10-10,1968-10-10,38000276,,,0,0,0,0,23924,0,162864005,4060985,,,IMC 30+ - obesidade
5924,851,0,2017-07-06,2017-07-06,38000276,,,0,0,0,0,24009,0,444814009,40481087,,,Infecção viral das vias aéreas superiores
5925,851,0,2016-01-23,2016-01-23,38000276,,,0,0,0,0,24003,0,124171000119105,43530652,,,Nefropatia diabética crônica
5926,851,0,2015-09-29,2015-09-29,38000276,,,0,0,0,0,23949,0,444814009,40481087,,,Infecção viral das vias aéreas superiores
5927,851,0,2015-06-24,2015-06-24,38000276,,,0,0,0,0,23958,0,82423001,436096,,,Dor crônica
5928,851,0,2014-07-19,2014-07-19,38000276,,,0,0,0,0,24019,0,196416002,4055754,,,Esofagite por refluxo
5929,851,0,2011-09-27,2011-09-27,38000276,,,0,0,0,0,23971,0,43878008,28060,,,Faringite estreptocócica
5930,851,0,2011-07-19,2011-07-19,38000276,,,0,0,0,0,23963,0,43878008,28060,,,Faringite estreptocócica
5931,851,0,2011-03-12,2011-03-12,38000276,,,0,0,0,0,24007,0,444814009,40481087,,,Infecção viral das vias aéreas superiores
5932,851,0,2010-06-17,2010-06-17,38000276,,,0,0,0,0,24017,0,444814009,40481087,,,Infecção viral das vias aéreas superiores
5933,851,0,2009-06-03,2009-06-03,38000276,,,0,0,0,0,23969,0,444814009,40481087,,,Infecção viral das vias aéreas superiores
5934,851,0,2004-06-21,2004-06-21,38000276,,,0,0,0,0,23996,0,233678006,4051466,,,Asma na infância
5935,851,0,2003-06-22,2003-06-22,38000276,,,0,0,0,0,23940,0,232353008,4048171,,,Perfuração do tímpano
5936,852,0,2018-01-01,2018-01-01,38000276,,,0,0,0,0,24045,0,72892002,4217975,,,Otite média não supurativa
5937,852,0,2014-01-13,2014-01-13,38000276,,,0,0,0,0,24041,0,72892002,4217975,,,Otite média não supurativa
5938,852,0,2012-12-17,2012-12-17,38000276,,,0,0,0,0,24053,0,79586000,199076,,,Gravidez tubária
5939,852,0,2012-12-17,2012-12-17,38000276,,,0,0,0,0,24053,0,72892002,4217975,,,Otite média não supurativa
5940,852,0,2012-08-27,2012-08-27,38000276,,,0,0,0,0,24051,0,19169002,4078393,,,Aborto espontâneo na gravidez
5941,852,0,2012-08-27,2012-08-27,38000276,,,0,0,0,0,24051,0,72892002,4217975,,,Otite média não supurativa
5942,852,0,2012-07-02,2012-07-02,38000276,,,0,0,0,0,24061,0,15777000,40316773,,,Pré-diabetes
5943,852,0,2012-05-09,2012-05-09,38000276,,,0,0,0,0,24076,0,195662009,4112343,,,Faringite viral aguda
5944,852,0,2002-04-08,2002-04-08,38000276,,,0,0,0,0,24082,0,38341003,316866,,,Hipertensão arterial
5945,853,0,2015-05-23,2015-05-23,38000276,,,0,0,0,0,24103,0,65363002,372328,,,Otite média
5946,853,0,2014-06-14,2014-06-14,38000276,,,0,0,0,0,24094,0,65363002,372328,,,Otite média
5947,853,0,2013-07-08,2013-07-08,38000276,,,0,0,0,0,24088,0,65363002,372328,,,Otite média
5948,853,0,2013-01-29,2013-01-29,38000276,,,0,0,0,0,24109,0,10509002,260139,,,Bronquite aguda
5949,853,0,2010-09-11,2010-09-11,38000276,,,0,0,0,0,24107,0,65363002,372328,,,Otite média
5950,854,0,2012-10-23,2012-10-23,38000276,,,0,0,0,0,24132,0,10509002,260139,,,Bronquite aguda
5951,854,0,2010-06-12,2010-06-12,38000276,,,0,0,0,0,24117,0,239872002,4079749,,,Osteoartrite do quadril
5952,854,0,2009-11-22,2009-11-22,38000276,,,0,0,0,0,24122,0,109838007,79740,,,Carcinoma de cólon
5953,854,0,2009-11-17,2009-11-17,38000276,,,0,0,0,0,24115,0,713197008,37017023,,,Fibrose cística recorrente
5954,854,0,2009-11-02,2009-11-02,38000276,,,0,0,0,0,24118,0,62106007,378001,,,Concussão com perda de consciência
5955,854,0,2008-06-25,2008-06-25,38000276,,,0,0,0,0,24125,0,68496003,4285898,,,Pólipo do cólon
5956,854,4060985,1985-02-24,1985-02-24,38000276,,,0,0,0,0,24124,0,162864005,4060985,,,IMC 30+ - obesidade
5957,854,0,1985-02-11,1985-02-11,38000276,,,0,0,0,0,24134,0,40055000,257012,,,Sinusite crônica
5958,855,0,2016-04-14,2016-04-14,38000276,,,0,0,0,0,24159,0,283385000,4152936,,,Laceração de ombro
5959,855,0,2015-07-14,2015-07-14,38000276,,,0,0,0,0,24136,0,55822004,432867,,,Hiperlipidemia
5960,855,0,2012-11-03,2012-11-03,38000276,,,0,0,0,0,24147,0,75498004,4294548,,,Infecção bacteriana aguda
5961,855,0,2012-05-21,2012-05-21,38000276,,,0,0,0,0,24158,0,70704007,78272,,,Entorse de punho
5962,855,0,2011-02-03,2011-02-03,38000276,,,0,0,0,0,24160,0,195662009,4112343,,,Faringite viral aguda
5963,855,0,2010-06-29,2010-06-29,38000276,,,0,0,0,0,24154,0,239873007,4079750,,,Osteoartrite do joelho
5964,855,0,2009-05-07,2009-05-07,38000276,,,0,0,0,0,24155,0,444814009,40481087,,,Infecção viral das vias aéreas superiores
5965,855,0,2005-03-01,2005-03-01,38000276,,,0,0,0,0,24144,0,15777000,40316773,,,Pré-diabetes
5966,855,4060985,1992-09-22,1992-09-22,38000276,,,0,0,0,0,24151,0,162864005,4060985,,,IMC 30+ - obesidade
5967,855,0,1983-09-13,1983-09-13,38000276,,,0,0,0,0,24149,0,185086009,258780,,,DPOC exacerbada
5968,855,45766064,1961-07-11,1961-07-11,38000276,,,0,0,0,0,24156,0,703151001,45766064,,,Histórico de artroplastia de joelho
5969,855,0,1961-07-11,1961-07-11,38000276,,,0,0,0,0,24156,0,128613002,4029498,,,Transtorno convulsivo
5970,855,0,1979-09-04,1979-09-04,38000276,,,0,0,0,0,24146,0,38341003,316866,,,Hipertensão arterial
5971,856,0,2018-06-14,2018-06-14,38000276,,,0,0,0,0,24214,0,195662009,4112343,,,Faringite viral aguda
5972,856,0,2015-12-25,2015-12-25,38000276,,,0,0,0,0,24220,0,444814009,40481087,,,Infecção viral das vias aéreas superiores
5973,856,0,2014-05-04,2014-05-04,38000276,,,0,0,0,0,24169,0,444814009,40481087,,,Infecção viral das vias aéreas superiores
5974,856,0,2012-09-25,2012-09-25,38000276,,,0,0,0,0,24211,0,10509002,260139,,,Bronquite aguda
5975,856,0,2012-02-17,2012-02-17,38000276,,,0,0,0,0,24175,0,444814009,40481087,,,Infecção viral das vias aéreas superiores
5976,856,0,1999-06-12,1999-06-12,38000276,,,0,0,0,0,24232,0,127013003,192279,,,Nefropatia diabética
5977,856,0,1999-06-12,1999-06-12,38000276,,,0,0,0,0,24232,0,431855005,443614,,,Doença renal crônica estágio 1
5978,856,0,1998-06-06,1998-06-06,38000276,,,0,0,0,0,24191,0,55822004,432867,,,Hiperlipidemia
5979,856,0,1997-05-31,1997-05-31,38000276,,,0,0,0,0,24207,0,68496003,4285898,,,Pólipo do cólon
5980,856,0,1995-10-21,1995-10-21,38000276,,,0,0,0,0,24231,0,237602007,436940,,,Síndrome metabólica
5981,856,0,1995-10-21,1995-10-21,38000276,,,0,0,0,0,24231,0,302870006,4120314,,,Hipertrigliceridemia
5982,856,0,1995-10-21,1995-10-21,38000276,,,0,0,0,0,24231,0,80394007,4214376,,,Hiperglicemia
5983,856,0,1993-10-16,1993-10-16,38000276,,,0,0,0,0,24222,0,44054006,201826,,,Diabetes mellitus tipo 2
5984,856,0,1992-12-01,1992-12-01,38000276,,,0,0,0,0,24215,0,40055000,257012,,,Sinusite crônica
5985,856,4060985,1981-06-20,1981-06-20,38000276,,,0,0,0,0,24190,0,162864005,4060985,,,IMC 30+ - obesidade
5986,856,0,1977-05-23,1977-05-23,38000276,,,0,0,0,0,24163,0,271737000,439777,,,Anemia
5987,856,0,1965-12-18,1965-12-18,38000276,,,0,0,0,0,24212,0,19169002,4078393,,,Aborto espontâneo na gravidez
5988,857,0,2016-05-30,2016-05-30,38000276,,,0,0,0,0,24246,0,195662009,4112343,,,Faringite viral aguda
5989,857,0,2015-07-16,2015-07-16,38000276,,,0,0,0,0,24240,0,10509002,260139,,,Bronquite aguda
5990,857,0,2010-12-07,2010-12-07,38000276,,,0,0,0,0,24237,0,10509002,260139,,,Bronquite aguda
5991,857,0,2010-04-29,2010-04-29,38000276,,,0,0,0,0,24245,0,444814009,40481087,,,Infecção viral das vias aéreas superiores
5992,857,0,2009-03-23,2009-03-23,38000276,,,0,0,0,0,24243,0,444814009,40481087,,,Infecção viral das vias aéreas superiores
5993,857,0,2001-07-29,2001-07-29,38000276,,,0,0,0,0,24238,0,15777000,40316773,,,Pré-diabetes
5994,858,0,2018-03-12,2018-03-12,38000276,,,0,0,0,0,24257,0,444814009,40481087,,,Infecção viral das vias aéreas superiores
5995,858,0,2017-04-17,2017-04-17,38000276,,,0,0,0,0,24274,0,444814009,40481087,,,Infecção viral das vias aéreas superiores
5996,858,0,2017-01-13,2017-01-13,38000276,,,0,0,0,0,24263,0,72892002,4217975,,,Otite média não supurativa
5997,858,0,2016-01-08,2016-01-08,38000276,,,0,0,0,0,24252,0,198992004,137613,,,Pré-eclâmpsia leve
5998,858,0,2015-06-26,2015-06-26,38000276,,,0,0,0,0,24259,0,72892002,4217975,,,Otite média não supurativa
5999,858,0,2001-02-02,2001-02-02,38000276,,,0,0,0,0,24271,0,38341003,316866,,,Hipertensão arterial
6000,859,0,2018-02-25,2018-02-25,38000276,,,0,0,0,0,24325,0,49436004,313217,,,Fibrilação atrial
6001,859,0,2016-06-18,2016-06-18,38000276,,,0,0,0,0,24319,0,10509002,260139,,,Bronquite aguda
6002,859,0,2016-02-11,2016-02-11,38000276,,,0,0,0,0,24298,0,10509002,260139,,,Bronquite aguda
6003,859,0,2012-07-08,2012-07-08,38000276,,,0,0,0,0,24313,0,72892002,4217975,,,Otite média não supurativa
6004,859,4256640,2012-05-13,2012-05-13,38000276,,,0,0,0,0,24307,0,408512008,4256640,,,Alcoolismo relatado pelo paciente
6005,859,4060985,1997-03-16,1997-03-16,38000276,,,0,0,0,0,24296,0,162864005,4060985,,,IMC 30+ - obesidade
6006,859,0,1996-03-10,1996-03-10,38000276,,,0,0,0,0,24317,0,19169002,4078393,,,Aborto espontâneo na gravidez
6007,859,0,1987-03-01,1987-03-01,38000276,,,0,0,0,0,24316,0,38341003,316866,,,Hipertensão arterial
6008,860,0,2017-03-02,2017-03-02,38000276,,,0,0,0,0,24340,0,38341003,316866,,,Hipertensão arterial
6009,860,0,2009-01-05,2009-01-05,38000276,,,0,0,0,0,24330,0,10509002,260139,,,Bronquite aguda
6010,861,0,2013-01-10,2013-01-10,38000276,,,0,0,0,0,24364,0,195662009,4112343,,,Faringite viral aguda
6011,861,0,2011-10-19,2011-10-19,38000276,,,0,0,0,0,24371,0,10509002,260139,,,Bronquite aguda
6012,861,4323208,2008-05-27,2008-05-27,38000276,,,0,0,0,0,24375,0,428251008,4323208,,,Histórico de apendicectomia
6013,861,0,2008-05-27,2008-05-27,38000276,,,0,0,0,0,24365,0,74400008,440448,,,Apendicite
6014,862,0,2018-01-20,2018-01-20,38000276,,,0,0,0,0,24387,0,263102004,4134304,,,Ruptura de menisco
6015,862,0,2016-07-01,2016-07-01,38000276,,,0,0,0,0,24377,0,10509002,260139,,,Bronquite aguda
6016,863,0,2017-03-25,2017-03-25,38000276,,,0,0,0,0,24404,0,10509002,260139,,,Bronquite aguda
6017,863,0,2016-09-03,2016-09-03,38000276,,,0,0,0,0,24405,0,444814009,40481087,,,Infecção viral das vias aéreas superiores
6018,863,0,2015-01-16,2015-01-16,38000276,,,0,0,0,0,24397,0,444814009,40481087,,,Infecção viral das vias aéreas superiores
6019,863,0,2013-08-26,2013-08-26,38000276,,,0,0,0,0,24396,0,15777000,40316773,,,Pré-diabetes
6020,863,0,2012-04-10,2012-04-10,38000276,,,0,0,0,0,24400,0,444814009,40481087,,,Infecção viral das vias aéreas superiores
6021,863,0,2011-07-17,2011-07-17,38000276,,,0,0,0,0,24394,0,10509002,260139,,,Bronquite aguda
6022,863,0,2010-04-30,2010-04-30,38000276,,,0,0,0,0,24401,0,444814009,40481087,,,Infecção viral das vias aéreas superiores
6023,864,0,2016-11-23,2016-11-23,38000276,,,0,0,0,0,24441,0,195662009,4112343,,,Faringite viral aguda
6024,864,0,2015-05-23,2015-05-23,38000276,,,0,0,0,0,24426,0,444814009,40481087,,,Infecção viral das vias aéreas superiores
6025,864,0,2015-03-19,2015-03-19,38000276,,,0,0,0,0,24413,0,10509002,260139,,,Bronquite aguda
6026,864,0,2010-03-20,2010-03-20,38000276,,,0,0,0,0,24436,0,65363002,372328,,,Otite média
6027,864,0,2009-04-04,2009-04-04,38000276,,,0,0,0,0,24418,0,10509002,260139,,,Bronquite aguda
6028,864,0,2008-06-04,2008-06-04,38000276,,,0,0,0,0,24437,0,367498001,4280726,,,Gripe sazonal
6029,865,0,2016-04-18,2016-04-18,38000276,,,0,0,0,0,24460,0,43878008,28060,,,Faringite estreptocócica
6030,865,0,2016-04-22,2016-04-22,38000276,,,0,0,0,0,24462,0,15777000,40316773,,,Pré-diabetes
6031,865,0,2015-03-06,2015-03-06,38000276,,,0,0,0,0,24463,0,44465007,81151,,,Entorse de tornozelo
6032,865,0,2014-10-04,2014-10-04,38000276,,,0,0,0,0,24456,0,444814009,40481087,,,Infecção viral das vias aéreas superiores
6033,865,0,2011-11-23,2011-11-23,38000276,,,0,0,0,0,24454,0,75498004,4294548,,,Infecção bacteriana aguda
6034,865,0,2009-12-07,2009-12-07,38000276,,,0,0,0,0,24455,0,444814009,40481087,,,Infecção viral das vias aéreas superiores
6035,865,4060985,2002-11-15,2002-11-15,38000276,,,0,0,0,0,24458,0,162864005,4060985,,,IMC 30+ - obesidade
6036,866,0,2017-02-05,2017-02-05,38000276,,,0,0,0,0,24475,0,64859006,80502,,,Osteoporose
6037,866,0,1999-08-29,1999-08-29,38000276,,,0,0,0,0,24467,0,15777000,40316773,,,Pré-diabetes
6038,866,4060985,1988-11-27,1988-11-27,38000276,,,0,0,0,0,24478,0,162864005,4060985,,,IMC 30+ - obesidade
6039,866,0,1975-02-02,1975-02-02,38000276,,,0,0,0,0,24466,0,38341003,316866,,,Hipertensão arterial
6040,867,0,2017-01-31,2017-01-31,38000276,,,0,0,0,0,24506,0,109838007,79740,,,Carcinoma de cólon
6041,867,0,2017-01-28,2017-01-28,38000276,,,0,0,0,0,24508,0,713197008,37017023,,,Fibrose cística recorrente
6042,867,0,2015-09-06,2015-09-06,38000276,,,0,0,0,0,24485,0,68496003,4285898,,,Pólipo do cólon
6043,867,0,2013-08-10,2013-08-10,38000276,,,0,0,0,0,24494,0,444814009,40481087,,,Infecção viral das vias aéreas superiores
6044,867,4256640,1998-10-03,1998-10-03,38000276,,,0,0,0,0,24489,0,408512008,4256640,,,Alcoolismo relatado pelo paciente
6045,867,4060985,1985-07-06,1985-07-06,38000276,,,0,0,0,0,24481,0,162864005,4060985,,,IMC 30+ - obesidade
6046,867,0,1976-08-14,1976-08-14,38000276,,,0,0,0,0,24491,0,53741008,317576,,,Doença arterial coronariana
6047,867,0,1969-08-02,1969-08-02,38000276,,,0,0,0,0,24502,0,38341003,316866,,,Hipertensão arterial
6048,867,0,1957-11-14,1957-11-14,38000276,,,0,0,0,0,24486,0,40055000,257012,,,Sinusite crônica
6049,867,0,1953-09-15,1953-09-15,38000276,,,0,0,0,0,24482,0,232353008,4048171,,,Perfuração do tímpano
6050,868,0,2012-10-31,2012-10-31,38000276,,,0,0,0,0,24522,0,444814009,40481087,,,Infecção viral das vias aéreas superiores
6051,868,4060985,2006-04-03,2006-04-03,38000276,,,0,0,0,0,24515,0,162864005,4060985,,,IMC 30+ - obesidade
6052,868,0,1981-02-23,1981-02-23,38000276,,,0,0,0,0,24517,0,38341003,316866,,,Hipertensão arterial
6053,869,0,2017-11-09,2017-11-09,38000276,,,0,0,0,0,24530,0,72892002,4217975,,,Otite média não supurativa
6054,869,0,2016-06-30,2016-06-30,38000276,,,0,0,0,0,24527,0,38341003,316866,,,Hipertensão arterial
6055,869,0,2012-01-07,2012-01-07,38000276,,,0,0,0,0,24549,0,444814009,40481087,,,Infecção viral das vias aéreas superiores
6056,869,0,2011-05-22,2011-05-22,38000276,,,0,0,0,0,24524,0,444814009,40481087,,,Infecção viral das vias aéreas superiores
6057,869,0,2009-12-05,2009-12-05,38000276,,,0,0,0,0,24588,0,444814009,40481087,,,Infecção viral das vias aéreas superiores
6058,869,0,2009-06-29,2009-06-29,38000276,,,0,0,0,0,24600,0,10509002,260139,,,Bronquite aguda
6059,869,0,2009-06-19,2009-06-19,38000276,,,0,0,0,0,24610,0,444814009,40481087,,,Infecção viral das vias aéreas superiores
6060,869,0,2002-04-15,2002-04-15,38000276,,,0,0,0,0,24576,0,232353008,4048171,,,Perfuração do tímpano
6061,870,0,1973-10-15,1973-10-15,38000276,,,0,0,0,0,24628,0,195662009,4112343,,,Faringite viral aguda
6062,870,0,1973-01-25,1973-01-25,38000276,,,0,0,0,0,24643,0,444814009,40481087,,,Infecção viral das vias aéreas superiores
6063,870,0,1971-07-05,1971-07-05,38000276,,,0,0,0,0,24637,0,92691004,200970,,,Carcinoma in situ de próstata
6064,870,0,1971-07-05,1971-07-05,38000276,,,0,0,0,0,24637,0,126906006,4129902,,,Neoplasia de bexiga
6065,870,0,1968-06-04,1968-06-04,38000276,,,0,0,0,0,24624,0,195662009,4112343,,,Faringite viral aguda
6066,870,0,1968-05-13,1968-05-13,38000276,,,0,0,0,0,24642,0,284551006,4109685,,,Laceração de pé
6067,870,0,1967-10-27,1967-10-27,38000276,,,0,0,0,0,24645,0,195662009,4112343,,,Faringite viral aguda
6068,870,0,1953-09-15,1953-09-15,38000276,,,0,0,0,0,24638,0,239873007,4079750,,,Osteoartrite do joelho
6069,870,0,1939-01-16,1939-01-16,38000276,,,0,0,0,0,24626,0,15777000,40316773,,,Pré-diabetes
6070,870,0,1929-11-11,1929-11-11,38000276,,,0,0,0,0,24635,0,370143000,4152280,,,Transtorno depressivo maior
6071,871,0,2017-01-08,2017-01-08,38000276,,,0,0,0,0,24665,0,16114001,4059173,,,Fratura de tornozelo
6072,871,0,2015-07-25,2015-07-25,38000276,,,0,0,0,0,24654,0,444814009,40481087,,,Infecção viral das vias aéreas superiores
6073,872,0,2018-12-01,2018-12-01,38000276,,,0,0,0,0,24667,0,10509002,260139,,,Bronquite aguda
6074,872,0,2014-03-16,2014-03-16,38000276,,,0,0,0,0,24718,0,398254007,439393,,,Pré-eclâmpsia
6075,872,0,2013-11-01,2013-11-01,38000276,,,0,0,0,0,24707,0,62106007,378001,,,Concussão com perda de consciência
6076,872,0,2013-09-29,2013-09-29,38000276,,,0,0,0,0,24673,0,72892002,4217975,,,Otite média não supurativa
6077,872,0,2012-08-02,2012-08-02,38000276,,,0,0,0,0,24704,0,36971009,4283893,,,Sinusite
6078,872,4060985,2012-01-29,2012-01-29,38000276,,,0,0,0,0,24676,0,162864005,4060985,,,IMC 30+ - obesidade
6079,872,0,2010-06-27,2010-06-27,38000276,,,0,0,0,0,24721,0,198992004,137613,,,Pré-eclâmpsia leve
6080,872,0,2009-12-13,2009-12-13,38000276,,,0,0,0,0,24694,0,72892002,4217975,,,Otite média não supurativa
6081,872,0,2001-10-28,2001-10-28,38000276,,,0,0,0,0,24712,0,38341003,316866,,,Hipertensão arterial
6082,872,0,1992-07-23,1992-07-23,38000276,,,0,0,0,0,24677,0,40055000,257012,,,Sinusite crônica
6083,872,0,1986-05-28,1986-05-28,38000276,,,0,0,0,0,24671,0,232353008,4048171,,,Perfuração do tímpano
6084,873,0,2017-12-26,2017-12-26,38000276,,,0,0,0,0,24724,0,195662009,4112343,,,Faringite viral aguda
6085,873,0,2015-05-10,2015-05-10,38000276,,,0,0,0,0,24734,0,44465007,81151,,,Entorse de tornozelo
6086,873,0,2012-10-15,2012-10-15,38000276,,,0,0,0,0,24735,0,444814009,40481087,,,Infecção viral das vias aéreas superiores
6087,873,4256640,2004-02-27,2004-02-27,38000276,,,0,0,0,0,24729,0,408512008,4256640,,,Alcoolismo relatado pelo paciente
6088,873,4060985,1983-06-24,1983-06-24,38000276,,,0,0,0,0,24727,0,162864005,4060985,,,IMC 30+ - obesidade
6089,874,0,2018-03-04,2018-03-04,38000276,,,0,0,0,0,24748,0,195662009,4112343,,,Faringite viral aguda
6090,874,0,2016-10-26,2016-10-26,38000276,,,0,0,0,0,24749,0,195662009,4112343,,,Faringite viral aguda
6091,874,0,2016-08-11,2016-08-11,38000276,,,0,0,0,0,24758,0,195662009,4112343,,,Faringite viral aguda
6092,874,0,2014-07-03,2014-07-03,38000276,,,0,0,0,0,24751,0,444814009,40481087,,,Infecção viral das vias aéreas superiores
6093,874,0,2012-06-18,2012-06-18,38000276,,,0,0,0,0,24754,0,43878008,28060,,,Faringite estreptocócica
6094,874,0,2012-04-06,2012-04-06,38000276,,,0,0,0,0,24759,0,195662009,4112343,,,Faringite viral aguda
6095,874,0,2009-05-21,2009-05-21,38000276,,,0,0,0,0,24755,0,65363002,372328,,,Otite média
6096,875,0,2016-09-01,2016-09-01,38000276,,,0,0,0,0,24772,0,444814009,40481087,,,Infecção viral das vias aéreas superiores
6097,875,0,2016-02-15,2016-02-15,38000276,,,0,0,0,0,24768,0,444814009,40481087,,,Infecção viral das vias aéreas superiores
6098,875,0,2009-11-09,2009-11-09,38000276,,,0,0,0,0,24792,0,10509002,260139,,,Bronquite aguda
6099,875,4060985,2006-10-25,2006-10-25,38000276,,,0,0,0,0,24766,0,162864005,4060985,,,IMC 30+ - obesidade
6100,876,0,2016-05-22,2016-05-22,38000276,,,0,0,0,0,24813,0,195662009,4112343,,,Faringite viral aguda
6101,876,0,2014-02-22,2014-02-22,38000276,,,0,0,0,0,24816,0,43878008,28060,,,Faringite estreptocócica
6102,876,0,2013-08-14,2013-08-14,38000276,,,0,0,0,0,24815,0,444814009,40481087,,,Infecção viral das vias aéreas superiores
6103,876,0,2013-04-11,2013-04-11,38000276,,,0,0,0,0,24811,0,44465007,81151,,,Entorse de tornozelo
6104,876,0,2010-06-27,2010-06-27,38000276,,,0,0,0,0,24824,0,10509002,260139,,,Bronquite aguda
6105,876,0,2009-10-02,2009-10-02,38000276,,,0,0,0,0,24825,0,195662009,4112343,,,Faringite viral aguda
6106,877,0,2016-07-15,2016-07-15,38000276,,,0,0,0,0,24829,0,65363002,372328,,,Otite média
6107,877,0,2013-12-15,2013-12-15,38000276,,,0,0,0,0,24836,0,10509002,260139,,,Bronquite aguda
6108,878,0,2015-10-09,2015-10-09,38000276,,,0,0,0,0,24846,0,444814009,40481087,,,Infecção viral das vias aéreas superiores
6109,878,0,2012-10-04,2012-10-04,38000276,,,0,0,0,0,24852,0,444814009,40481087,,,Infecção viral das vias aéreas superiores
6110,878,0,2010-07-04,2010-07-04,38000276,,,0,0,0,0,24844,0,65966004,4278672,,,Fratura do fêmur
6111,878,4060985,2004-02-15,2004-02-15,38000276,,,0,0,0,0,24845,0,162864005,4060985,,,IMC 30+ - obesidade
6112,878,4323208,1992-07-02,1992-07-02,38000276,,,0,0,0,0,24855,0,428251008,4323208,,,Histórico de apendicectomia
6113,878,0,1992-07-02,1992-07-02,38000276,,,0,0,0,0,24843,0,74400008,440448,,,Apendicite
6114,879,0,2018-10-10,2018-10-10,38000276,,,0,0,0,0,24937,0,72892002,4217975,,,Otite média não supurativa
6115,879,0,2018-08-14,2018-08-14,38000276,,,0,0,0,0,24890,0,444814009,40481087,,,Infecção viral das vias aéreas superiores
6116,879,0,2015-09-12,2015-09-12,38000276,,,0,0,0,0,24928,0,10509002,260139,,,Bronquite aguda
6117,879,0,2014-02-15,2014-02-15,38000276,,,0,0,0,0,24880,0,43878008,28060,,,Faringite estreptocócica
6118,879,0,2013-03-09,2013-03-09,38000276,,,0,0,0,0,24888,0,43878008,28060,,,Faringite estreptocócica
6119,879,0,2009-04-25,2009-04-25,38000276,,,0,0,0,0,24905,0,33737001,4142905,,,Fratura de rádio
6120,879,0,2004-02-23,2004-02-23,38000276,,,0,0,0,0,24932,0,232353008,4048171,,,Perfuração do tímpano
6121,880,0,1980-11-28,1980-11-28,38000276,,,0,0,0,0,24943,0,68496003,4285898,,,Pólipo do cólon
6122,880,0,1978-01-07,1978-01-07,38000276,,,0,0,0,0,24972,0,424132000,4310703,,,Carcinoma de células escamosas da pele
6123,880,0,1978-01-06,1978-01-06,38000276,,,0,0,0,0,24966,0,254637007,4115276,,,Câncer de pulmão não pequenas células
6124,880,4038238,1977-12-31,1977-12-31,38000276,,,0,0,0,0,25007,0,162573006,4038238,,,Suspeita de abuso de álcool
6125,880,0,1977-06-09,1977-06-09,38000276,,,0,0,0,0,24946,0,195662009,4112343,,,Faringite viral aguda
6126,880,0,1976-08-26,1976-08-26,38000276,,,0,0,0,0,24977,0,92691004,200970,,,Carcinoma in situ de próstata
6127,880,0,1976-08-26,1976-08-26,38000276,,,0,0,0,0,24977,0,126906006,4129902,,,Neoplasia de bexiga
6128,880,0,1975-09-22,1975-09-22,38000276,,,0,0,0,0,24982,0,65966004,4278672,,,Fratura do fêmur
6129,880,0,1975-08-10,1975-08-10,38000276,,,0,0,0,0,24994,0,10509002,260139,,,Bronquite aguda
6130,880,0,1975-03-09,1975-03-09,38000276,,,0,0,0,0,24979,0,10509002,260139,,,Bronquite aguda
6131,880,0,1974-10-06,1974-10-06,38000276,,,0,0,0,0,24997,0,68496003,4285898,,,Pólipo do cólon
6132,880,0,1971-03-11,1971-03-11,38000276,,,0,0,0,0,24995,0,10509002,260139,,,Bronquite aguda
6133,880,4060985,1956-10-18,1956-10-18,38000276,,,0,0,0,0,24959,0,162864005,4060985,,,IMC 30+ - obesidade
6134,880,0,1954-10-14,1954-10-14,38000276,,,0,0,0,0,25002,0,7200002,4218106,,,Alcoolismo
6135,881,0,2018-08-26,2018-08-26,38000276,,,0,0,0,0,25021,0,403191005,4296205,,,Queimadura solar de segundo grau
6136,881,0,2016-03-25,2016-03-25,38000276,,,0,0,0,0,25020,0,40055000,257012,,,Sinusite crônica
6137,881,0,2016-01-29,2016-01-29,38000276,,,0,0,0,0,25008,0,36971009,4283893,,,Sinusite
6138,881,0,2013-06-23,2013-06-23,38000276,,,0,0,0,0,25009,0,263102004,4134304,,,Ruptura de menisco
6139,881,0,2012-02-28,2012-02-28,38000276,,,0,0,0,0,25010,0,195662009,4112343,,,Faringite viral aguda
6140,881,0,2009-10-29,2009-10-29,38000276,,,0,0,0,0,25018,0,65363002,372328,,,Otite média
6141,881,0,1992-03-04,1992-03-04,38000276,,,0,0,0,0,25011,0,84757009,380378,,,Epilepsia
6142,881,45766064,1992-01-15,1992-01-15,38000276,,,0,0,0,0,25014,0,703151001,45766064,,,Histórico de artroplastia de joelho
6143,881,0,1992-01-15,1992-01-15,38000276,,,0,0,0,0,25014,0,128613002,4029498,,,Transtorno convulsivo
6144,882,0,2017-02-09,2017-02-09,38000276,,,0,0,0,0,25066,0,422034002,4226121,,,Retinopatia diabética proliferativa
6145,882,0,2017-02-09,2017-02-09,38000276,,,0,0,0,0,25066,0,44054006,201826,,,Diabetes mellitus tipo 2
6146,882,0,2015-11-26,2015-11-26,38000276,,,0,0,0,0,25032,0,72892002,4217975,,,Otite média não supurativa
6147,882,0,2014-11-06,2014-11-06,38000276,,,0,0,0,0,25034,0,72892002,4217975,,,Otite média não supurativa
6148,882,0,2013-12-25,2013-12-25,38000276,,,0,0,0,0,25045,0,43878008,28060,,,Faringite estreptocócica
6149,882,0,2011-07-21,2011-07-21,38000276,,,0,0,0,0,25065,0,72892002,4217975,,,Otite média não supurativa
6150,883,0,2017-11-18,2017-11-18,38000276,,,0,0,0,0,25080,0,44465007,81151,,,Entorse de tornozelo
6151,883,0,2012-12-14,2012-12-14,38000276,,,0,0,0,0,25085,0,62106007,378001,,,Concussão com perda de consciência
6152,884,0,2018-08-05,2018-08-05,38000276,,,0,0,0,0,25153,0,36971009,4283893,,,Sinusite
6153,884,0,2016-08-19,2016-08-19,38000276,,,0,0,0,0,25137,0,444814009,40481087,,,Infecção viral das vias aéreas superiores
6154,884,0,2015-09-07,2015-09-07,38000276,,,0,0,0,0,25096,0,195662009,4112343,,,Faringite viral aguda
6155,884,0,2014-12-07,2014-12-07,38000276,,,0,0,0,0,25103,0,444814009,40481087,,,Infecção viral das vias aéreas superiores
6156,884,0,2013-09-02,2013-09-02,38000276,,,0,0,0,0,25117,0,195662009,4112343,,,Faringite viral aguda
6157,884,0,2013-01-11,2013-01-11,38000276,,,0,0,0,0,25135,0,10509002,260139,,,Bronquite aguda
6158,884,0,1988-01-15,1988-01-15,38000276,,,0,0,0,0,25124,0,64859006,80502,,,Osteoporose
6159,884,0,1986-07-11,1986-07-11,38000276,,,0,0,0,0,25157,0,230690007,381316,,,Acidente vascular cerebral
6160,884,0,1957-11-29,1957-11-29,38000276,,,0,0,0,0,25160,0,157141000119108,45757499,,,Proteinúria por diabetes tipo 2
6161,884,0,1957-11-29,1957-11-29,38000276,,,0,0,0,0,25160,0,433144002,443597,,,Doença renal crônica estágio 3
6162,884,0,1957-11-29,1957-11-29,38000276,,,0,0,0,0,25160,0,15777000,40316773,,,Pré-diabetes
6163,884,0,1957-09-27,1957-09-27,38000276,,,0,0,0,0,25121,0,237602007,436940,,,Síndrome metabólica
6164,884,0,1957-09-27,1957-09-27,38000276,,,0,0,0,0,25121,0,302870006,4120314,,,Hipertrigliceridemia
6165,884,0,1957-09-27,1957-09-27,38000276,,,0,0,0,0,25121,0,80394007,4214376,,,Hiperglicemia
6166,884,0,1956-08-03,1956-08-03,38000276,,,0,0,0,0,25161,0,90781000119102,45769905,,,Doença renal crônica por diabetes
6167,884,0,1956-08-03,1956-08-03,38000276,,,0,0,0,0,25161,0,127013003,192279,,,Nefropatia diabética
6168,884,0,1956-08-03,1956-08-03,38000276,,,0,0,0,0,25161,0,431856006,443601,,,Doença renal crônica estágio 4
6169,884,0,1956-08-03,1956-08-03,38000276,,,0,0,0,0,25161,0,44054006,201826,,,Diabetes mellitus tipo 2
6170,884,0,1956-08-03,1956-08-03,38000276,,,0,0,0,0,25161,0,38341003,316866,,,Hipertensão arterial
6171,884,4256640,1952-11-21,1952-11-21,38000276,,,0,0,0,0,25097,0,408512008,4256640,,,Alcoolismo relatado pelo paciente
6172,884,0,1949-11-10,1949-11-10,38000276,,,0,0,0,0,25133,0,40055000,257012,,,Sinusite crônica
6173,884,0,1945-01-19,1945-01-19,38000276,,,0,0,0,0,25119,0,19169002,4078393,,,Aborto espontâneo na gravidez
6174,884,4060985,1934-03-09,1934-03-09,38000276,,,0,0,0,0,25162,0,162864005,4060985,,,IMC 30+ - obesidade
6175,885,0,2013-09-02,2013-09-02,38000276,,,0,0,0,0,25210,0,195662009,4112343,,,Faringite viral aguda
6176,885,0,2012-03-27,2012-03-27,38000276,,,0,0,0,0,25197,0,195662009,4112343,,,Faringite viral aguda
6177,885,0,2011-08-07,2011-08-07,38000276,,,0,0,0,0,25206,0,72892002,4217975,,,Otite média não supurativa
6178,885,0,2011-03-13,2011-03-13,38000276,,,0,0,0,0,25203,0,35999006,4262136,,,Cegueira
6179,885,0,2011-03-13,2011-03-13,38000276,,,0,0,0,0,25203,0,72892002,4217975,,,Otite média não supurativa
6180,885,0,2010-07-10,2010-07-10,38000276,,,0,0,0,0,25181,0,10509002,260139,,,Bronquite aguda
6181,885,0,2009-02-08,2009-02-08,38000276,,,0,0,0,0,25200,0,156073000,40318618,,,Obesidade
6182,885,0,2009-02-08,2009-02-08,38000276,,,0,0,0,0,25200,0,19169002,4078393,,,Aborto espontâneo na gravidez
6183,885,0,2009-02-08,2009-02-08,38000276,,,0,0,0,0,25200,0,72892002,4217975,,,Otite média não supurativa
6184,885,4060985,2007-06-03,2007-06-03,38000276,,,0,0,0,0,25216,0,162864005,4060985,,,IMC 30+ - obesidade
6185,885,0,2005-05-27,2005-05-27,38000276,,,0,0,0,0,25186,0,239873007,4079750,,,Osteoartrite do joelho
6186,886,0,2018-04-20,2018-04-20,38000276,,,0,0,0,0,25275,0,65363002,372328,,,Otite média
6187,886,4256640,2017-06-03,2017-06-03,38000276,,,0,0,0,0,25270,0,408512008,4256640,,,Alcoolismo relatado pelo paciente
6188,886,0,2014-05-26,2014-05-26,38000276,,,0,0,0,0,25249,0,195662009,4112343,,,Faringite viral aguda
6189,886,4060985,2000-01-01,2000-01-01,38000276,,,0,0,0,0,25230,0,162864005,4060985,,,IMC 30+ - obesidade
6190,886,0,1999-10-06,1999-10-06,38000276,,,0,0,0,0,25221,0,55680006,4208104,,,Overdose de droga
6191,886,0,1996-08-10,1996-08-10,38000276,,,0,0,0,0,25263,0,38341003,316866,,,Hipertensão arterial
6192,886,0,1995-03-28,1995-03-28,38000276,,,0,0,0,0,25223,0,82423001,436096,,,Dor crônica
6193,886,0,1992-07-17,1992-07-17,38000276,,,0,0,0,0,25219,0,124171000119105,43530652,,,Nefropatia diabética crônica
6194,886,0,1992-05-11,1992-05-11,38000276,,,0,0,0,0,25252,0,196416002,4055754,,,Esofagite por refluxo
6195,886,0,1978-09-05,1978-09-05,38000276,,,0,0,0,0,25253,0,65363002,372328,,,Otite média
6196,887,0,2018-02-13,2018-02-13,38000276,,,0,0,0,0,25287,0,444814009,40481087,,,Infecção viral das vias aéreas superiores
6197,887,0,2017-10-04,2017-10-04,38000276,,,0,0,0,0,25279,0,10509002,260139,,,Bronquite aguda
6198,887,0,2017-10-03,2017-10-03,38000276,,,0,0,0,0,25294,0,65363002,372328,,,Otite média
6199,887,0,2016-08-26,2016-08-26,38000276,,,0,0,0,0,25293,0,367498001,4280726,,,Gripe sazonal
6200,887,0,2016-02-02,2016-02-02,38000276,,,0,0,0,0,25283,0,444814009,40481087,,,Infecção viral das vias aéreas superiores
6201,887,0,2015-10-14,2015-10-14,38000276,,,0,0,0,0,25297,0,241929008,4084167,,,Reação alérgica a alimento
6202,887,0,2015-04-24,2015-04-24,38000276,,,0,0,0,0,25286,0,444814009,40481087,,,Infecção viral das vias aéreas superiores
6203,887,0,2014-10-20,2014-10-20,38000276,,,0,0,0,0,25298,0,195662009,4112343,,,Faringite viral aguda
6204,888,0,2016-06-18,2016-06-18,38000276,,,0,0,0,0,25305,0,444814009,40481087,,,Infecção viral das vias aéreas superiores
6205,888,0,2015-11-18,2015-11-18,38000276,,,0,0,0,0,25313,0,65363002,372328,,,Otite média
6206,888,0,2014-01-21,2014-01-21,38000276,,,0,0,0,0,25307,0,10509002,260139,,,Bronquite aguda
6207,888,0,2012-01-02,2012-01-02,38000276,,,0,0,0,0,25308,0,195662009,4112343,,,Faringite viral aguda
6208,888,0,2011-07-27,2011-07-27,38000276,,,0,0,0,0,25309,0,10509002,260139,,,Bronquite aguda
6209,888,4323208,2003-12-16,2003-12-16,38000276,,,0,0,0,0,25302,0,428251008,4323208,,,Histórico de apendicectomia
6210,888,0,2003-12-16,2003-12-16,38000276,,,0,0,0,0,25306,0,74400008,440448,,,Apendicite
6211,889,0,2017-10-25,2017-10-25,38000276,,,0,0,0,0,25343,0,72892002,4217975,,,Otite média não supurativa
6212,889,0,2016-08-30,2016-08-30,38000276,,,0,0,0,0,25359,0,444814009,40481087,,,Infecção viral das vias aéreas superiores
6213,889,4060985,2014-07-16,2014-07-16,38000276,,,0,0,0,0,25328,0,162864005,4060985,,,IMC 30+ - obesidade
6214,889,0,2014-07-05,2014-07-05,38000276,,,0,0,0,0,25335,0,10509002,260139,,,Bronquite aguda
6215,889,0,2014-04-23,2014-04-23,38000276,,,0,0,0,0,25341,0,72892002,4217975,,,Otite média não supurativa
6216,889,0,2012-12-05,2012-12-05,38000276,,,0,0,0,0,25351,0,72892002,4217975,,,Otite média não supurativa
6217,889,0,2010-03-17,2010-03-17,38000276,,,0,0,0,0,25329,0,156073000,40318618,,,Obesidade
6218,889,0,2010-03-17,2010-03-17,38000276,,,0,0,0,0,25329,0,19169002,4078393,,,Aborto espontâneo na gravidez
6219,889,0,2010-03-17,2010-03-17,38000276,,,0,0,0,0,25329,0,72892002,4217975,,,Otite média não supurativa
6220,889,0,2009-05-16,2009-05-16,38000276,,,0,0,0,0,25320,0,444814009,40481087,,,Infecção viral das vias aéreas superiores
6221,889,0,2005-08-30,2005-08-30,38000276,,,0,0,0,0,25334,0,40055000,257012,,,Sinusite crônica
6222,889,0,1988-12-21,1988-12-21,38000276,,,0,0,0,0,25353,0,38341003,316866,,,Hipertensão arterial
6223,891,0,2018-11-28,2018-11-28,38000276,,,0,0,0,0,25420,0,195662009,4112343,,,Faringite viral aguda
6224,891,0,2017-07-27,2017-07-27,38000276,,,0,0,0,0,25406,0,195662009,4112343,,,Faringite viral aguda
6225,891,0,2017-03-10,2017-03-10,38000276,,,0,0,0,0,25408,0,444814009,40481087,,,Infecção viral das vias aéreas superiores
6226,891,0,2016-03-17,2016-03-17,38000276,,,0,0,0,0,25395,0,444814009,40481087,,,Infecção viral das vias aéreas superiores
6227,891,0,2016-01-21,2016-01-21,38000276,,,0,0,0,0,25385,0,444814009,40481087,,,Infecção viral das vias aéreas superiores
6228,891,0,2011-04-26,2011-04-26,38000276,,,0,0,0,0,25393,0,284549007,4113008,,,Laceração de mão
6229,892,0,2017-09-19,2017-09-19,38000276,,,0,0,0,0,25431,0,15777000,40316773,,,Pré-diabetes
6230,892,0,2016-05-15,2016-05-15,38000276,,,0,0,0,0,25442,0,195662009,4112343,,,Faringite viral aguda
6231,892,4060985,2014-09-16,2014-09-16,38000276,,,0,0,0,0,25425,0,162864005,4060985,,,IMC 30+ - obesidade
6232,892,0,2014-09-03,2014-09-03,38000276,,,0,0,0,0,25439,0,239872002,4079749,,,Osteoartrite do quadril
6233,892,0,2011-11-23,2011-11-23,38000276,,,0,0,0,0,25433,0,195662009,4112343,,,Faringite viral aguda
6234,892,0,2011-05-10,2011-05-10,38000276,,,0,0,0,0,25423,0,35999006,4262136,,,Cegueira
6235,892,0,2011-05-10,2011-05-10,38000276,,,0,0,0,0,25423,0,19169002,4078393,,,Aborto espontâneo na gravidez
6236,892,0,2011-05-10,2011-05-10,38000276,,,0,0,0,0,25423,0,72892002,4217975,,,Otite média não supurativa
6237,892,0,2009-09-15,2009-09-15,38000276,,,0,0,0,0,25428,0,72892002,4217975,,,Otite média não supurativa
6238,893,4163874,2018-09-09,2018-09-09,38000276,,,0,0,0,0,25457,0,399211009,4163874,,,Histórico de infarto do miocárdio
6239,893,0,2018-09-09,2018-09-09,38000276,,,0,0,0,0,25457,0,22298006,4329847,,,Infarto do miocárdio
6240,893,0,2013-01-06,2013-01-06,38000276,,,0,0,0,0,25451,0,195662009,4112343,,,Faringite viral aguda
6241,893,0,2005-04-02,2005-04-02,38000276,,,0,0,0,0,25454,0,40055000,257012,,,Sinusite crônica
6242,893,0,2002-10-20,2002-10-20,38000276,,,0,0,0,0,25459,0,53741008,317576,,,Doença arterial coronariana
6243,894,0,2018-11-17,2018-11-17,38000276,,,0,0,0,0,25492,0,38341003,316866,,,Hipertensão arterial
6244,894,0,2017-02-21,2017-02-21,38000276,,,0,0,0,0,25486,0,444814009,40481087,,,Infecção viral das vias aéreas superiores
6245,894,0,2016-06-06,2016-06-06,38000276,,,0,0,0,0,25470,0,444814009,40481087,,,Infecção viral das vias aéreas superiores
6246,894,0,2014-09-24,2014-09-24,38000276,,,0,0,0,0,25469,0,65363002,372328,,,Otite média
6247,894,0,2013-05-09,2013-05-09,38000276,,,0,0,0,0,25478,0,263102004,4134304,,,Ruptura de menisco
6248,894,0,2009-03-10,2009-03-10,38000276,,,0,0,0,0,25477,0,44465007,81151,,,Entorse de tornozelo
6249,895,0,2016-08-15,2016-08-15,38000276,,,0,0,0,0,25504,0,53741008,317576,,,Doença arterial coronariana
6250,895,0,2012-07-23,2012-07-23,38000276,,,0,0,0,0,25518,0,49436004,313217,,,Fibrilação atrial
6251,895,0,2011-04-25,2011-04-25,38000276,,,0,0,0,0,25509,0,10509002,260139,,,Bronquite aguda
6252,895,0,2007-06-25,2007-06-25,38000276,,,0,0,0,0,25500,0,55822004,432867,,,Hiperlipidemia
6253,895,0,1995-04-10,1995-04-10,38000276,,,0,0,0,0,25506,0,239873007,4079750,,,Osteoartrite do joelho
6254,895,4060985,1985-12-23,1985-12-23,38000276,,,0,0,0,0,25520,0,162864005,4060985,,,IMC 30+ - obesidade
6255,896,0,2018-07-25,2018-07-25,38000276,,,0,0,0,0,25548,0,10509002,260139,,,Bronquite aguda
6256,896,0,2017-10-28,2017-10-28,38000276,,,0,0,0,0,25539,0,444814009,40481087,,,Infecção viral das vias aéreas superiores
6257,896,0,2014-11-09,2014-11-09,38000276,,,0,0,0,0,25560,0,368581000119106,37016354,,,Neuropatia por diabetes tipo 2
6258,896,0,2014-07-27,2014-07-27,38000276,,,0,0,0,0,25553,0,36971009,4283893,,,Sinusite
6259,896,0,2013-12-30,2013-12-30,38000276,,,0,0,0,0,25551,0,44465007,81151,,,Entorse de tornozelo
6260,896,0,2011-10-31,2011-10-31,38000276,,,0,0,0,0,25537,0,195662009,4112343,,,Faringite viral aguda
6261,896,0,2011-10-25,2011-10-25,38000276,,,0,0,0,0,25547,0,444814009,40481087,,,Infecção viral das vias aéreas superiores
6262,896,0,2010-07-18,2010-07-18,38000276,,,0,0,0,0,25563,0,237602007,436940,,,Síndrome metabólica
6263,896,0,2010-04-18,2010-04-18,38000276,,,0,0,0,0,25541,0,302870006,4120314,,,Hipertrigliceridemia
6264,896,0,2010-04-05,2010-04-05,38000276,,,0,0,0,0,25526,0,40055000,257012,,,Sinusite crônica
6265,896,0,2010-03-15,2010-03-15,38000276,,,0,0,0,0,25554,0,36971009,4283893,,,Sinusite
6266,896,0,2009-10-25,2009-10-25,38000276,,,0,0,0,0,25534,0,44054006,201826,,,Diabetes mellitus tipo 2
6267,896,0,2006-10-22,2006-10-22,38000276,,,0,0,0,0,25532,0,15777000,40316773,,,Pré-diabetes
6268,896,0,2002-07-14,2002-07-14,38000276,,,0,0,0,0,25540,0,38341003,316866,,,Hipertensão arterial
6269,896,0,1986-04-29,1986-04-29,38000276,,,0,0,0,0,25561,0,446096008,40486433,,,Esteatose hepática perivenular
6270,897,0,2017-08-02,2017-08-02,38000276,,,0,0,0,0,25576,0,40055000,257012,,,Sinusite crônica
6271,897,0,2017-06-28,2017-06-28,38000276,,,0,0,0,0,25570,0,36971009,4283893,,,Sinusite
6272,897,0,2011-11-12,2011-11-12,38000276,,,0,0,0,0,25579,0,444814009,40481087,,,Infecção viral das vias aéreas superiores
6273,897,0,2011-01-31,2011-01-31,38000276,,,0,0,0,0,25578,0,10509002,260139,,,Bronquite aguda
6274,897,0,2010-06-04,2010-06-04,38000276,,,0,0,0,0,25575,0,444814009,40481087,,,Infecção viral das vias aéreas superiores
6275,897,0,2009-02-10,2009-02-10,38000276,,,0,0,0,0,25567,0,195662009,4112343,,,Faringite viral aguda
6276,898,0,2017-12-10,2017-12-10,38000276,,,0,0,0,0,25587,0,55822004,432867,,,Hiperlipidemia
6277,898,0,2013-11-10,2013-11-10,38000276,,,0,0,0,0,25585,0,10509002,260139,,,Bronquite aguda
6278,898,0,2013-07-07,2013-07-07,38000276,,,0,0,0,0,25586,0,444814009,40481087,,,Infecção viral das vias aéreas superiores
6279,898,0,2011-07-05,2011-07-05,38000276,,,0,0,0,0,25582,0,444814009,40481087,,,Infecção viral das vias aéreas superiores
6280,898,0,2011-02-08,2011-02-08,38000276,,,0,0,0,0,25597,0,444814009,40481087,,,Infecção viral das vias aéreas superiores
6281,898,4324181,2004-08-15,2004-08-15,38000276,,,0,0,0,0,25588,0,429007001,4324181,,,Histórico de infarto
6282,898,0,2004-08-15,2004-08-15,38000276,,,0,0,0,0,25588,0,410429000,321042,,,Parada cardíaca
6283,898,0,1980-01-13,1980-01-13,38000276,,,0,0,0,0,25584,0,15777000,40316773,,,Pré-diabetes
6284,899,0,2004-08-11,2004-08-11,38000276,,,0,0,0,0,25604,0,38341003,316866,,,Hipertensão arterial
6285,900,0,2018-01-09,2018-01-09,38000276,,,0,0,0,0,25612,0,15777000,40316773,,,Pré-diabetes
6286,900,0,2016-07-13,2016-07-13,38000276,,,0,0,0,0,25610,0,444814009,40481087,,,Infecção viral das vias aéreas superiores
6287,900,4256640,2013-07-16,2013-07-16,38000276,,,0,0,0,0,25608,0,408512008,4256640,,,Alcoolismo relatado pelo paciente
6288,900,0,2012-04-19,2012-04-19,38000276,,,0,0,0,0,25606,0,283371005,4155034,,,Laceração de antebraço
6289,900,0,2009-01-28,2009-01-28,38000276,,,0,0,0,0,25613,0,444814009,40481087,,,Infecção viral das vias aéreas superiores
6290,900,4060985,1992-08-11,1992-08-11,38000276,,,0,0,0,0,25607,0,162864005,4060985,,,IMC 30+ - obesidade
6291,901,0,2014-05-28,2014-05-28,38000276,,,0,0,0,0,25630,0,444814009,40481087,,,Infecção viral das vias aéreas superiores
6292,901,0,2011-05-30,2011-05-30,38000276,,,0,0,0,0,25622,0,10509002,260139,,,Bronquite aguda
6293,901,0,2003-08-20,2003-08-20,38000276,,,0,0,0,0,25647,0,55822004,432867,,,Hiperlipidemia
6294,901,0,1999-09-29,1999-09-29,38000276,,,0,0,0,0,25618,0,19169002,4078393,,,Aborto espontâneo na gravidez
6295,901,0,1981-10-07,1981-10-07,38000276,,,0,0,0,0,25614,0,15777000,40316773,,,Pré-diabetes
6296,902,0,2018-10-31,2018-10-31,38000276,,,0,0,0,0,25662,0,444814009,40481087,,,Infecção viral das vias aéreas superiores
6297,902,0,2017-10-04,2017-10-04,38000276,,,0,0,0,0,25665,0,195662009,4112343,,,Faringite viral aguda
6298,902,0,2015-04-04,2015-04-04,38000276,,,0,0,0,0,25652,0,444814009,40481087,,,Infecção viral das vias aéreas superiores
6299,902,0,2013-04-12,2013-04-12,38000276,,,0,0,0,0,25664,0,36971009,4283893,,,Sinusite
6300,902,4060985,1993-09-17,1993-09-17,38000276,,,0,0,0,0,25650,0,162864005,4060985,,,IMC 30+ - obesidade
6301,902,4323208,1986-08-15,1986-08-15,38000276,,,0,0,0,0,25663,0,428251008,4323208,,,Histórico de apendicectomia
6302,902,0,1986-08-15,1986-08-15,38000276,,,0,0,0,0,25653,0,74400008,440448,,,Apendicite
6303,903,0,2017-03-07,2017-03-07,38000276,,,0,0,0,0,25718,0,195662009,4112343,,,Faringite viral aguda
6304,903,0,2016-12-26,2016-12-26,38000276,,,0,0,0,0,25679,0,15777000,40316773,,,Pré-diabetes
6305,903,0,2016-12-26,2016-12-26,38000276,,,0,0,0,0,25679,0,80394007,4214376,,,Hiperglicemia
6306,903,0,2016-12-14,2016-12-14,38000276,,,0,0,0,0,25675,0,444814009,40481087,,,Infecção viral das vias aéreas superiores
6307,903,0,2014-06-29,2014-06-29,38000276,,,0,0,0,0,25704,0,444814009,40481087,,,Infecção viral das vias aéreas superiores
6308,903,0,2012-05-19,2012-05-19,38000276,,,0,0,0,0,25681,0,75498004,4294548,,,Infecção bacteriana aguda
6309,903,0,2011-10-04,2011-10-04,38000276,,,0,0,0,0,25687,0,55680006,4208104,,,Overdose de droga
6310,903,0,2008-06-16,2008-06-16,38000276,,,0,0,0,0,25733,0,237602007,436940,,,Síndrome metabólica
6311,903,0,2008-06-16,2008-06-16,38000276,,,0,0,0,0,25733,0,302870006,4120314,,,Hipertrigliceridemia
6312,903,0,2005-06-13,2005-06-13,38000276,,,0,0,0,0,25703,0,44054006,201826,,,Diabetes mellitus tipo 2
6313,903,0,1998-11-23,1998-11-23,38000276,,,0,0,0,0,25735,0,40055000,257012,,,Sinusite crônica
6314,903,0,1991-02-17,1991-02-17,38000276,,,0,0,0,0,25717,0,82423001,436096,,,Dor crônica
6315,903,0,1990-08-02,1990-08-02,38000276,,,0,0,0,0,25708,0,124171000119105,43530652,,,Nefropatia diabética crônica
6316,903,0,1990-01-31,1990-01-31,38000276,,,0,0,0,0,25734,0,196416002,4055754,,,Esofagite por refluxo
6317,903,0,1987-10-19,1987-10-19,38000276,,,0,0,0,0,25667,0,38341003,316866,,,Hipertensão arterial
6318,904,0,2019-01-05,2019-01-05,38000276,,,0,0,0,0,25756,0,444814009,40481087,,,Infecção viral das vias aéreas superiores
6319,904,0,2014-11-29,2014-11-29,38000276,,,0,0,0,0,25760,0,398254007,439393,,,Pré-eclâmpsia
6320,904,0,2014-06-14,2014-06-14,38000276,,,0,0,0,0,25776,0,72892002,4217975,,,Otite média não supurativa
6321,904,4256640,2013-07-27,2013-07-27,38000276,,,0,0,0,0,25752,0,408512008,4256640,,,Alcoolismo relatado pelo paciente
6322,904,0,2009-04-18,2009-04-18,38000276,,,0,0,0,0,25763,0,72892002,4217975,,,Otite média não supurativa
6323,904,4324181,1996-06-22,1996-06-22,38000276,,,0,0,0,0,25771,0,429007001,4324181,,,Histórico de infarto
6324,904,0,1996-06-22,1996-06-22,38000276,,,0,0,0,0,25771,0,410429000,321042,,,Parada cardíaca
6325,904,4060985,1995-06-24,1995-06-24,38000276,,,0,0,0,0,25777,0,162864005,4060985,,,IMC 30+ - obesidade
6326,904,0,1992-05-29,1992-05-29,38000276,,,0,0,0,0,25759,0,444814009,40481087,,,Infecção viral das vias aéreas superiores
6327,904,0,1984-11-02,1984-11-02,38000276,,,0,0,0,0,25753,0,40055000,257012,,,Sinusite crônica
6328,905,0,2017-10-24,2017-10-24,38000276,,,0,0,0,0,25784,0,195662009,4112343,,,Faringite viral aguda
6329,905,4060985,2017-10-27,2017-10-27,38000276,,,0,0,0,0,25785,0,162864005,4060985,,,IMC 30+ - obesidade
6330,905,0,2016-09-29,2016-09-29,38000276,,,0,0,0,0,25787,0,444814009,40481087,,,Infecção viral das vias aéreas superiores
6331,905,0,2015-11-21,2015-11-21,38000276,,,0,0,0,0,25779,0,43878008,28060,,,Faringite estreptocócica
6332,905,0,2015-09-20,2015-09-20,38000276,,,0,0,0,0,25786,0,44465007,81151,,,Entorse de tornozelo
6333,905,0,2000-06-09,2000-06-09,38000276,,,0,0,0,0,25783,0,38341003,316866,,,Hipertensão arterial
6334,905,0,1999-05-04,1999-05-04,38000276,,,0,0,0,0,25781,0,82423001,436096,,,Dor crônica
6335,906,0,2012-09-03,2012-09-03,38000276,,,0,0,0,0,25798,0,241929008,4084167,,,Reação alérgica a alimento
6336,906,0,2012-07-08,2012-07-08,38000276,,,0,0,0,0,25789,0,43878008,28060,,,Faringite estreptocócica
6337,906,0,2012-04-27,2012-04-27,38000276,,,0,0,0,0,25799,0,195662009,4112343,,,Faringite viral aguda
6338,906,0,2012-04-24,2012-04-24,38000276,,,0,0,0,0,25802,0,444814009,40481087,,,Infecção viral das vias aéreas superiores
6339,906,0,2010-04-06,2010-04-06,38000276,,,0,0,0,0,25791,0,444814009,40481087,,,Infecção viral das vias aéreas superiores
6340,906,4060985,2008-11-07,2008-11-07,38000276,,,0,0,0,0,25790,0,162864005,4060985,,,IMC 30+ - obesidade
6341,906,0,2008-11-07,2008-11-07,38000276,,,0,0,0,0,25790,0,38341003,316866,,,Hipertensão arterial
6342,906,0,2001-06-08,2001-06-08,38000276,,,0,0,0,0,25793,0,40055000,257012,,,Sinusite crônica
6343,907,0,2017-02-07,2017-02-07,38000276,,,0,0,0,0,25807,0,65363002,372328,,,Otite média
6344,908,0,2018-11-17,2018-11-17,38000276,,,0,0,0,0,25820,0,65363002,372328,,,Otite média
6345,908,0,2017-07-12,2017-07-12,38000276,,,0,0,0,0,25822,0,65363002,372328,,,Otite média
6346,909,0,2016-04-24,2016-04-24,38000276,,,0,0,0,0,25834,0,10509002,260139,,,Bronquite aguda
6347,909,0,2010-02-19,2010-02-19,38000276,,,0,0,0,0,25833,0,43878008,28060,,,Faringite estreptocócica
6348,909,4060985,1987-02-12,1987-02-12,38000276,,,0,0,0,0,25830,0,162864005,4060985,,,IMC 30+ - obesidade
6349,910,0,2017-01-09,2017-01-09,38000276,,,0,0,0,0,25841,0,195662009,4112343,,,Faringite viral aguda
6350,910,0,2016-10-02,2016-10-02,38000276,,,0,0,0,0,25857,0,284549007,4113008,,,Laceração de mão
6351,910,0,2015-12-14,2015-12-14,38000276,,,0,0,0,0,25854,0,444814009,40481087,,,Infecção viral das vias aéreas superiores
6352,910,0,2014-11-11,2014-11-11,38000276,,,0,0,0,0,25845,0,195662009,4112343,,,Faringite viral aguda
6353,910,0,2013-01-23,2013-01-23,38000276,,,0,0,0,0,25847,0,10509002,260139,,,Bronquite aguda
6354,910,0,2012-07-09,2012-07-09,38000276,,,0,0,0,0,25848,0,43878008,28060,,,Faringite estreptocócica
6355,910,4323208,2002-12-12,2002-12-12,38000276,,,0,0,0,0,25849,0,428251008,4323208,,,Histórico de apendicectomia
6356,910,0,2002-12-12,2002-12-12,38000276,,,0,0,0,0,25856,0,74400008,440448,,,Apendicite
6357,910,0,2002-12-12,2002-12-12,38000276,,,0,0,0,0,25856,0,47693006,4166224,,,Ruptura de apêndice
6358,911,0,2017-08-15,2017-08-15,38000276,,,0,0,0,0,25877,0,26929004,378419,,,Doença de Alzheimer
6359,911,0,2015-02-08,2015-02-08,38000276,,,0,0,0,0,25872,0,65966004,4278672,,,Fratura do fêmur
6360,911,0,2012-02-24,2012-02-24,38000276,,,0,0,0,0,25873,0,359817006,4230399,,,Doença renal crônica estágio 2
6361,911,0,2009-08-18,2009-08-18,38000276,,,0,0,0,0,25868,0,444814009,40481087,,,Infecção viral das vias aéreas superiores
6362,911,0,1994-04-05,1994-04-05,38000276,,,0,0,0,0,25870,0,15777000,40316773,,,Pré-diabetes
6363,911,0,1963-02-19,1963-02-19,38000276,,,0,0,0,0,25866,0,38341003,316866,,,Hipertensão arterial
6364,912,0,2017-01-08,2017-01-08,38000276,,,0,0,0,0,25889,0,195662009,4112343,,,Faringite viral aguda
6365,912,0,2016-11-27,2016-11-27,38000276,,,0,0,0,0,25887,0,195662009,4112343,,,Faringite viral aguda
6366,912,0,2015-01-30,2015-01-30,38000276,,,0,0,0,0,25890,0,44465007,81151,,,Entorse de tornozelo
6367,912,0,2013-03-20,2013-03-20,38000276,,,0,0,0,0,25884,0,44465007,81151,,,Entorse de tornozelo
6368,912,4323208,2012-12-28,2012-12-28,38000276,,,0,0,0,0,25886,0,428251008,4323208,,,Histórico de apendicectomia
6369,912,0,2012-12-28,2012-12-28,38000276,,,0,0,0,0,25888,0,74400008,440448,,,Apendicite
6370,912,0,2011-04-21,2011-04-21,38000276,,,0,0,0,0,25885,0,444814009,40481087,,,Infecção viral das vias aéreas superiores
6371,912,0,2003-03-19,2003-03-19,38000276,,,0,0,0,0,25883,0,38341003,316866,,,Hipertensão arterial
6372,913,0,2013-12-15,2013-12-15,38000276,,,0,0,0,0,25905,0,444814009,40481087,,,Infecção viral das vias aéreas superiores
6373,913,4060985,1997-10-13,1997-10-13,38000276,,,0,0,0,0,25897,0,162864005,4060985,,,IMC 30+ - obesidade
6374,913,0,1991-01-21,1991-01-21,38000276,,,0,0,0,0,25909,0,19169002,4078393,,,Aborto espontâneo na gravidez
6375,913,0,1978-09-18,1978-09-18,38000276,,,0,0,0,0,25907,0,38341003,316866,,,Hipertensão arterial
6376,914,0,2014-03-22,2014-03-22,38000276,,,0,0,0,0,25935,0,72892002,4217975,,,Otite média não supurativa
6377,914,0,2013-09-28,2013-09-28,38000276,,,0,0,0,0,25915,0,72892002,4217975,,,Otite média não supurativa
6378,914,0,2013-08-28,2013-08-28,38000276,,,0,0,0,0,25921,0,39848009,4218389,,,Lesão em chicote do pescoço
6379,914,0,2012-12-22,2012-12-22,38000276,,,0,0,0,0,25929,0,72892002,4217975,,,Otite média não supurativa
6380,914,0,2012-10-22,2012-10-22,38000276,,,0,0,0,0,25922,0,444814009,40481087,,,Infecção viral das vias aéreas superiores
6381,914,0,1996-08-29,1996-08-29,38000276,,,0,0,0,0,25914,0,446096008,40486433,,,Esteatose hepática perivenular
6382,915,0,2017-01-31,2017-01-31,38000276,,,0,0,0,0,25967,0,72892002,4217975,,,Otite média não supurativa
6383,915,0,2016-07-24,2016-07-24,38000276,,,0,0,0,0,25978,0,195662009,4112343,,,Faringite viral aguda
6384,915,0,2016-05-16,2016-05-16,38000276,,,0,0,0,0,25953,0,444814009,40481087,,,Infecção viral das vias aéreas superiores
6385,915,0,2010-10-23,2010-10-23,38000276,,,0,0,0,0,25960,0,10509002,260139,,,Bronquite aguda
6386,915,0,2010-02-23,2010-02-23,38000276,,,0,0,0,0,25968,0,72892002,4217975,,,Otite média não supurativa
6387,915,0,2005-11-15,2005-11-15,38000276,,,0,0,0,0,25946,0,38341003,316866,,,Hipertensão arterial
6388,916,0,2017-07-08,2017-07-08,38000276,,,0,0,0,0,26026,0,195662009,4112343,,,Faringite viral aguda
6389,916,0,2014-09-18,2014-09-18,38000276,,,0,0,0,0,25988,0,62564004,375671,,,Concussão sem perda de consciência
6390,916,0,2014-08-31,2014-08-31,38000276,,,0,0,0,0,26001,0,72892002,4217975,,,Otite média não supurativa
6391,916,0,2008-05-18,2008-05-18,38000276,,,0,0,0,0,26004,0,15777000,40316773,,,Pré-diabetes
6392,916,4256640,1996-04-07,1996-04-07,38000276,,,0,0,0,0,26014,0,408512008,4256640,,,Alcoolismo relatado pelo paciente
6393,916,4060985,1987-08-16,1987-08-16,38000276,,,0,0,0,0,26023,0,162864005,4060985,,,IMC 30+ - obesidade
6394,917,0,2018-04-23,2018-04-23,38000276,,,0,0,0,0,26039,0,444814009,40481087,,,Infecção viral das vias aéreas superiores
6395,917,0,2015-04-26,2015-04-26,38000276,,,0,0,0,0,26033,0,44465007,81151,,,Entorse de tornozelo
6396,917,0,2012-09-08,2012-09-08,38000276,,,0,0,0,0,26032,0,62106007,378001,,,Concussão com perda de consciência
6397,917,4060985,1980-12-12,1980-12-12,38000276,,,0,0,0,0,26044,0,162864005,4060985,,,IMC 30+ - obesidade
6398,917,0,1965-03-13,1965-03-13,38000276,,,0,0,0,0,26037,0,40055000,257012,,,Sinusite crônica
6399,918,0,2005-08-10,2005-08-10,38000276,,,0,0,0,0,26057,0,55822004,432867,,,Hiperlipidemia
6400,918,0,2005-08-02,2005-08-02,38000276,,,0,0,0,0,26062,0,10509002,260139,,,Bronquite aguda
6401,918,0,2004-03-22,2004-03-22,38000276,,,0,0,0,0,26052,0,44465007,81151,,,Entorse de tornozelo
6402,918,0,2000-11-06,2000-11-06,38000276,,,0,0,0,0,26046,0,43878008,28060,,,Faringite estreptocócica
6403,918,0,2000-02-03,2000-02-03,38000276,,,0,0,0,0,26049,0,40055000,257012,,,Sinusite crônica
6404,918,0,1999-12-30,1999-12-30,38000276,,,0,0,0,0,26051,0,75498004,4294548,,,Infecção bacteriana aguda
6405,918,0,1996-02-12,1996-02-12,38000276,,,0,0,0,0,26053,0,39848009,4218389,,,Lesão em chicote do pescoço
6406,918,0,1989-07-19,1989-07-19,38000276,,,0,0,0,0,26064,0,40055000,257012,,,Sinusite crônica
6407,918,0,1987-04-29,1987-04-29,38000276,,,0,0,0,0,26054,0,10509002,260139,,,Bronquite aguda
6408,918,0,1986-08-20,1986-08-20,38000276,,,0,0,0,0,26069,0,15777000,40316773,,,Pré-diabetes
6409,918,0,1983-08-17,1983-08-17,38000276,,,0,0,0,0,26056,0,185086009,258780,,,DPOC exacerbada
6410,918,0,1976-08-04,1976-08-04,38000276,,,0,0,0,0,26061,0,38341003,316866,,,Hipertensão arterial
6411,918,0,1960-10-25,1960-10-25,38000276,,,0,0,0,0,26067,0,10509002,260139,,,Bronquite aguda
6412,919,0,2018-03-17,2018-03-17,38000276,,,0,0,0,0,26106,0,36971009,4283893,,,Sinusite
6413,919,0,2017-07-21,2017-07-21,38000276,,,0,0,0,0,26099,0,156073000,40318618,,,Obesidade
6414,919,0,2017-07-21,2017-07-21,38000276,,,0,0,0,0,26099,0,72892002,4217975,,,Otite média não supurativa
6415,919,0,2014-07-05,2014-07-05,38000276,,,0,0,0,0,26094,0,44465007,81151,,,Entorse de tornozelo
6416,919,0,2013-08-18,2013-08-18,38000276,,,0,0,0,0,26092,0,284551006,4109685,,,Laceração de pé
6417,919,0,2013-08-03,2013-08-03,38000276,,,0,0,0,0,26107,0,10509002,260139,,,Bronquite aguda
6418,919,0,2013-02-04,2013-02-04,38000276,,,0,0,0,0,26100,0,195662009,4112343,,,Faringite viral aguda
6419,919,0,2012-12-14,2012-12-14,38000276,,,0,0,0,0,26105,0,72892002,4217975,,,Otite média não supurativa
6420,919,0,2010-09-03,2010-09-03,38000276,,,0,0,0,0,26090,0,62564004,375671,,,Concussão sem perda de consciência
6421,919,0,2009-05-10,2009-05-10,38000276,,,0,0,0,0,26073,0,10509002,260139,,,Bronquite aguda
6422,919,0,2008-07-18,2008-07-18,38000276,,,0,0,0,0,26101,0,79586000,199076,,,Gravidez tubária
6423,919,0,2008-07-18,2008-07-18,38000276,,,0,0,0,0,26101,0,72892002,4217975,,,Otite média não supurativa
6424,919,0,2001-10-19,2001-10-19,38000276,,,0,0,0,0,26103,0,19169002,4078393,,,Aborto espontâneo na gravidez
6425,919,0,1992-07-17,1992-07-17,38000276,,,0,0,0,0,26071,0,15777000,40316773,,,Pré-diabetes
6426,920,0,2016-07-27,2016-07-27,38000276,,,0,0,0,0,26120,0,72892002,4217975,,,Otite média não supurativa
6427,920,0,2013-07-03,2013-07-03,38000276,,,0,0,0,0,26130,0,72892002,4217975,,,Otite média não supurativa
6428,920,0,2010-09-07,2010-09-07,38000276,,,0,0,0,0,26129,0,10509002,260139,,,Bronquite aguda
6429,921,0,1993-03-05,1993-03-05,38000276,,,0,0,0,0,26152,0,15777000,40316773,,,Pré-diabetes
6430,921,4060985,1990-09-07,1990-09-07,38000276,,,0,0,0,0,26146,0,162864005,4060985,,,IMC 30+ - obesidade
6431,922,0,1988-11-21,1988-11-21,38000276,,,0,0,0,0,26170,0,64859006,80502,,,Osteoporose
6432,922,0,1988-02-20,1988-02-20,38000276,,,0,0,0,0,26155,0,70704007,78272,,,Entorse de punho
6433,922,0,1986-03-02,1986-03-02,38000276,,,0,0,0,0,26153,0,65966004,4278672,,,Fratura do fêmur
6434,922,0,1984-10-29,1984-10-29,38000276,,,0,0,0,0,26157,0,26929004,378419,,,Doença de Alzheimer
6435,922,0,1984-03-17,1984-03-17,38000276,,,0,0,0,0,26165,0,444814009,40481087,,,Infecção viral das vias aéreas superiores
6436,922,0,1982-12-11,1982-12-11,38000276,,,0,0,0,0,26154,0,195662009,4112343,,,Faringite viral aguda
6437,922,0,1957-06-17,1957-06-17,38000276,,,0,0,0,0,26159,0,79586000,199076,,,Gravidez tubária
6438,922,0,1955-10-24,1955-10-24,38000276,,,0,0,0,0,26173,0,15777000,40316773,,,Pré-diabetes
6439,922,0,1955-05-16,1955-05-16,38000276,,,0,0,0,0,26167,0,19169002,4078393,,,Aborto espontâneo na gravidez
6440,922,4256640,1952-01-28,1952-01-28,38000276,,,0,0,0,0,26161,0,408512008,4256640,,,Alcoolismo relatado pelo paciente
6441,922,4060985,1933-10-09,1933-10-09,38000276,,,0,0,0,0,26175,0,162864005,4060985,,,IMC 30+ - obesidade
6442,923,0,2018-12-23,2018-12-23,38000276,,,0,0,0,0,26190,0,36971009,4283893,,,Sinusite
6443,923,0,2018-09-09,2018-09-09,38000276,,,0,0,0,0,26193,0,33737001,4142905,,,Fratura de rádio
6444,923,0,2016-11-12,2016-11-12,38000276,,,0,0,0,0,26182,0,444814009,40481087,,,Infecção viral das vias aéreas superiores
6445,923,0,2013-05-03,2013-05-03,38000276,,,0,0,0,0,26181,0,444814009,40481087,,,Infecção viral das vias aéreas superiores
6446,923,0,2010-09-21,2010-09-21,38000276,,,0,0,0,0,26197,0,307731004,4146173,,,Fibrilação atrial de início recente
6447,923,0,1981-05-22,1981-05-22,38000276,,,0,0,0,0,26194,0,15777000,40316773,,,Pré-diabetes
6448,923,0,1978-07-07,1978-07-07,38000276,,,0,0,0,0,26183,0,19169002,4078393,,,Aborto espontâneo na gravidez
6449,923,0,1968-05-03,1968-05-03,38000276,,,0,0,0,0,26189,0,38341003,316866,,,Hipertensão arterial
6450,923,0,1965-07-27,1965-07-27,38000276,,,0,0,0,0,26196,0,36971009,4283893,,,Sinusite
6451,924,0,2017-07-15,2017-07-15,38000276,,,0,0,0,0,26203,0,72892002,4217975,,,Otite média não supurativa
6452,924,0,2016-04-30,2016-04-30,38000276,,,0,0,0,0,26219,0,72892002,4217975,,,Otite média não supurativa
6453,924,0,2015-12-19,2015-12-19,38000276,,,0,0,0,0,26235,0,72892002,4217975,,,Otite média não supurativa
6454,924,0,2015-08-11,2015-08-11,38000276,,,0,0,0,0,26210,0,195662009,4112343,,,Faringite viral aguda
6455,924,0,2014-05-27,2014-05-27,38000276,,,0,0,0,0,26246,0,10509002,260139,,,Bronquite aguda
6456,924,0,2013-08-15,2013-08-15,38000276,,,0,0,0,0,26242,0,444814009,40481087,,,Infecção viral das vias aéreas superiores
6457,924,0,2013-07-20,2013-07-20,38000276,,,0,0,0,0,26273,0,72892002,4217975,,,Otite média não supurativa
6458,924,0,2011-10-04,2011-10-04,38000276,,,0,0,0,0,26200,0,444814009,40481087,,,Infecção viral das vias aéreas superiores
6459,924,0,2011-06-11,2011-06-11,38000276,,,0,0,0,0,26252,0,72892002,4217975,,,Otite média não supurativa
6460,924,0,2008-12-27,2008-12-27,38000276,,,0,0,0,0,26220,0,72892002,4217975,,,Otite média não supurativa
6461,924,0,2004-05-01,2004-05-01,38000276,,,0,0,0,0,26244,0,38341003,316866,,,Hipertensão arterial
6462,925,0,2014-10-11,2014-10-11,38000276,,,0,0,0,0,26279,0,444814009,40481087,,,Infecção viral das vias aéreas superiores
6463,925,0,2014-03-23,2014-03-23,38000276,,,0,0,0,0,26277,0,444814009,40481087,,,Infecção viral das vias aéreas superiores
6464,925,0,2013-11-09,2013-11-09,38000276,,,0,0,0,0,26289,0,43878008,28060,,,Faringite estreptocócica
6465,925,0,2011-01-14,2011-01-14,38000276,,,0,0,0,0,26286,0,43878008,28060,,,Faringite estreptocócica
6466,925,0,2010-03-21,2010-03-21,38000276,,,0,0,0,0,26290,0,10509002,260139,,,Bronquite aguda
6467,925,0,2010-02-05,2010-02-05,38000276,,,0,0,0,0,26280,0,65363002,372328,,,Otite média
6468,925,0,2008-07-16,2008-07-16,38000276,,,0,0,0,0,26282,0,65363002,372328,,,Otite média
6469,926,0,1983-03-21,1983-03-21,38000276,,,0,0,0,0,26295,0,195967001,317009,,,Asma
6470,926,4256640,1975-06-16,1975-06-16,38000276,,,0,0,0,0,26300,0,408512008,4256640,,,Alcoolismo relatado pelo paciente
6471,926,4060985,1957-12-23,1957-12-23,38000276,,,0,0,0,0,26298,0,162864005,4060985,,,IMC 30+ - obesidade
6472,927,0,2014-11-23,2014-11-23,38000276,,,0,0,0,0,26323,0,43878008,28060,,,Faringite estreptocócica
6473,927,0,2013-01-15,2013-01-15,38000276,,,0,0,0,0,26350,0,93761005,197500,,,Metástase cerebral
6474,927,0,2013-01-06,2013-01-06,38000276,,,0,0,0,0,26324,0,68496003,4285898,,,Pólipo do cólon
6475,927,0,2012-10-05,2012-10-05,38000276,,,0,0,0,0,26349,0,444814009,40481087,,,Infecção viral das vias aéreas superiores
6476,927,0,2012-10-04,2012-10-04,38000276,,,0,0,0,0,26349,0,26929004,378419,,,Doença de Alzheimer
6477,927,0,2012-08-24,2012-08-24,38000276,,,0,0,0,0,26330,0,195662009,4112343,,,Faringite viral aguda
6478,927,0,2012-04-11,2012-04-11,38000276,,,0,0,0,0,26317,0,195662009,4112343,,,Faringite viral aguda
6479,927,0,2011-05-04,2011-05-04,38000276,,,0,0,0,0,26335,0,10509002,260139,,,Bronquite aguda
6480,927,0,2002-01-17,2002-01-17,38000276,,,0,0,0,0,26340,0,55822004,432867,,,Hiperlipidemia
6481,927,0,1991-08-20,1991-08-20,38000276,,,0,0,0,0,26327,0,68496003,4285898,,,Pólipo do cólon
6482,927,4060985,1985-10-17,1985-10-17,38000276,,,0,0,0,0,26331,0,162864005,4060985,,,IMC 30+ - obesidade
6483,927,0,1973-08-11,1973-08-11,38000276,,,0,0,0,0,26337,0,239872002,4079749,,,Osteoartrite do quadril
6484,928,0,2017-04-08,2017-04-08,38000276,,,0,0,0,0,26363,0,444814009,40481087,,,Infecção viral das vias aéreas superiores
6485,928,0,2015-10-14,2015-10-14,38000276,,,0,0,0,0,26358,0,195662009,4112343,,,Faringite viral aguda
6486,929,0,2016-01-25,2016-01-25,38000276,,,0,0,0,0,26375,0,195662009,4112343,,,Faringite viral aguda
6487,930,0,2018-10-09,2018-10-09,38000276,,,0,0,0,0,26394,0,367498001,4280726,,,Gripe sazonal
6488,930,0,2016-03-02,2016-03-02,38000276,,,0,0,0,0,26396,0,444814009,40481087,,,Infecção viral das vias aéreas superiores
6489,931,0,2018-09-27,2018-09-27,38000276,,,0,0,0,0,26417,0,444814009,40481087,,,Infecção viral das vias aéreas superiores
6490,931,0,2016-05-22,2016-05-22,38000276,,,0,0,0,0,26415,0,38822007,195588,,,Cistite
6491,931,0,2012-07-02,2012-07-02,38000276,,,0,0,0,0,26423,0,44465007,81151,,,Entorse de tornozelo
6492,931,0,2010-08-28,2010-08-28,38000276,,,0,0,0,0,26410,0,283371005,4155034,,,Laceração de antebraço
6493,931,0,2010-04-16,2010-04-16,38000276,,,0,0,0,0,26422,0,38822007,195588,,,Cistite
6494,931,4256640,2009-04-29,2009-04-29,38000276,,,0,0,0,0,26425,0,408512008,4256640,,,Alcoolismo relatado pelo paciente
6495,931,0,2006-05-17,2006-05-17,38000276,,,0,0,0,0,26411,0,19169002,4078393,,,Aborto espontâneo na gravidez
6496,931,4060985,1993-06-23,1993-06-23,38000276,,,0,0,0,0,26424,0,162864005,4060985,,,IMC 30+ - obesidade
6497,931,0,1973-08-30,1973-08-30,38000276,,,0,0,0,0,26407,0,275272006,4166590,,,Projeção de hemorragia
6498,931,0,1973-05-22,1973-05-22,38000276,,,0,0,0,0,26409,0,40055000,257012,,,Sinusite crônica
6499,932,0,2018-07-26,2018-07-26,38000276,,,0,0,0,0,26429,0,10509002,260139,,,Bronquite aguda
6500,932,0,2013-08-30,2013-08-30,38000276,,,0,0,0,0,26436,0,38341003,316866,,,Hipertensão arterial
6501,932,0,2011-08-06,2011-08-06,38000276,,,0,0,0,0,26435,0,10509002,260139,,,Bronquite aguda
6502,932,0,2010-03-21,2010-03-21,38000276,,,0,0,0,0,26437,0,444814009,40481087,,,Infecção viral das vias aéreas superiores
6503,933,0,2018-02-25,2018-02-25,38000276,,,0,0,0,0,26463,0,444814009,40481087,,,Infecção viral das vias aéreas superiores
6504,933,0,2014-08-13,2014-08-13,38000276,,,0,0,0,0,26487,0,195662009,4112343,,,Faringite viral aguda
6505,933,0,2011-04-22,2011-04-22,38000276,,,0,0,0,0,26469,0,44465007,81151,,,Entorse de tornozelo
6506,933,0,2009-12-24,2009-12-24,38000276,,,0,0,0,0,26478,0,444814009,40481087,,,Infecção viral das vias aéreas superiores
6507,933,0,2008-09-27,2008-09-27,38000276,,,0,0,0,0,26473,0,55680006,4208104,,,Overdose de droga
6508,933,0,2005-11-25,2005-11-25,38000276,,,0,0,0,0,26447,0,196416002,4055754,,,Esofagite por refluxo
6509,933,0,1991-02-23,1991-02-23,38000276,,,0,0,0,0,26468,0,15777000,40316773,,,Pré-diabetes
6510,933,4256640,1988-02-20,1988-02-20,38000276,,,0,0,0,0,26459,0,408512008,4256640,,,Alcoolismo relatado pelo paciente
6511,933,0,1983-05-16,1983-05-16,38000276,,,0,0,0,0,26446,0,40055000,257012,,,Sinusite crônica
6512,933,4060985,1968-11-09,1968-11-09,38000276,,,0,0,0,0,26456,0,162864005,4060985,,,IMC 30+ - obesidade
6513,933,0,1952-09-06,1952-09-06,38000276,,,0,0,0,0,26474,0,84757009,380378,,,Epilepsia
6514,933,45766064,1951-09-22,1951-09-22,38000276,,,0,0,0,0,26476,0,703151001,45766064,,,Histórico de artroplastia de joelho
6515,933,0,1951-09-22,1951-09-22,38000276,,,0,0,0,0,26476,0,128613002,4029498,,,Transtorno convulsivo
6516,934,0,2018-07-30,2018-07-30,38000276,,,0,0,0,0,26489,0,72892002,4217975,,,Otite média não supurativa
6517,934,0,2017-04-27,2017-04-27,38000276,,,0,0,0,0,26508,0,195662009,4112343,,,Faringite viral aguda
6518,934,0,2013-10-05,2013-10-05,38000276,,,0,0,0,0,26500,0,195662009,4112343,,,Faringite viral aguda
6519,934,0,2012-09-24,2012-09-24,38000276,,,0,0,0,0,26514,0,62106007,378001,,,Concussão com perda de consciência
6520,934,4323208,2010-01-30,2010-01-30,38000276,,,0,0,0,0,26491,0,428251008,4323208,,,Histórico de apendicectomia
6521,934,0,2010-01-30,2010-01-30,38000276,,,0,0,0,0,26513,0,74400008,440448,,,Apendicite
6522,934,0,2001-12-20,2001-12-20,38000276,,,0,0,0,0,26510,0,40055000,257012,,,Sinusite crônica
6523,935,0,2018-04-20,2018-04-20,38000276,,,0,0,0,0,26522,0,444814009,40481087,,,Infecção viral das vias aéreas superiores
6524,935,0,2015-12-03,2015-12-03,38000276,,,0,0,0,0,26528,0,62564004,375671,,,Concussão sem perda de consciência
6525,935,0,2014-10-22,2014-10-22,38000276,,,0,0,0,0,26521,0,444814009,40481087,,,Infecção viral das vias aéreas superiores
6526,935,4060985,2008-06-10,2008-06-10,38000276,,,0,0,0,0,26530,0,162864005,4060985,,,IMC 30+ - obesidade
6527,935,0,2006-09-23,2006-09-23,38000276,,,0,0,0,0,26523,0,239873007,4079750,,,Osteoartrite do joelho
6528,935,0,1992-11-24,1992-11-24,38000276,,,0,0,0,0,26518,0,38341003,316866,,,Hipertensão arterial
6529,936,0,2018-09-11,2018-09-11,38000276,,,0,0,0,0,26548,0,444814009,40481087,,,Infecção viral das vias aéreas superiores
6530,936,0,2013-01-14,2013-01-14,38000276,,,0,0,0,0,26554,0,43878008,28060,,,Faringite estreptocócica
6531,936,0,2012-08-29,2012-08-29,38000276,,,0,0,0,0,26555,0,55680006,4208104,,,Overdose de droga
6532,936,0,2011-02-07,2011-02-07,38000276,,,0,0,0,0,26544,0,44465007,81151,,,Entorse de tornozelo
6533,936,0,2010-09-14,2010-09-14,38000276,,,0,0,0,0,26547,0,196416002,4055754,,,Esofagite por refluxo
6534,936,0,2010-07-25,2010-07-25,38000276,,,0,0,0,0,26549,0,124171000119105,43530652,,,Nefropatia diabética crônica
6535,936,0,2009-11-15,2009-11-15,38000276,,,0,0,0,0,26584,0,10509002,260139,,,Bronquite aguda
6536,936,0,2009-08-03,2009-08-03,38000276,,,0,0,0,0,26564,0,82423001,436096,,,Dor crônica
6537,937,0,2010-07-12,2010-07-12,38000276,,,0,0,0,0,26593,0,195662009,4112343,,,Faringite viral aguda
6538,937,0,2010-06-08,2010-06-08,38000276,,,0,0,0,0,26644,0,283371005,4155034,,,Laceração de antebraço
6539,937,0,2009-09-02,2009-09-02,38000276,,,0,0,0,0,26614,0,195662009,4112343,,,Faringite viral aguda
6540,937,0,2009-04-08,2009-04-08,38000276,,,0,0,0,0,26616,0,10509002,260139,,,Bronquite aguda
6541,937,0,2008-11-03,2008-11-03,38000276,,,0,0,0,0,26676,0,10509002,260139,,,Bronquite aguda
6542,937,0,2006-11-23,2006-11-23,38000276,,,0,0,0,0,26667,0,67811000119102,37395648,,,Câncer de pulmão de pequenas células primário
6543,937,0,2006-11-22,2006-11-22,38000276,,,0,0,0,0,26659,0,254632001,4110591,,,Câncer de pulmão de pequenas células
6544,937,4038238,2006-11-12,2006-11-12,38000276,,,0,0,0,0,26638,0,162573006,4038238,,,Suspeita de abuso de álcool
6545,937,0,2005-10-11,2005-10-11,38000276,,,0,0,0,0,26666,0,68496003,4285898,,,Pólipo do cólon
6546,937,0,2005-06-12,2005-06-12,38000276,,,0,0,0,0,26671,0,75498004,4294548,,,Infecção bacteriana aguda
6547,937,0,2002-12-04,2002-12-04,38000276,,,0,0,0,0,26630,0,92691004,200970,,,Carcinoma in situ de próstata
6548,937,0,2002-12-04,2002-12-04,38000276,,,0,0,0,0,26630,0,126906006,4129902,,,Neoplasia de bexiga
6549,937,0,2002-03-27,2002-03-27,38000276,,,0,0,0,0,26631,0,195662009,4112343,,,Faringite viral aguda
6550,937,0,2002-01-31,2002-01-31,38000276,,,0,0,0,0,26654,0,10509002,260139,,,Bronquite aguda
6551,937,0,2001-03-13,2001-03-13,38000276,,,0,0,0,0,26634,0,284551006,4109685,,,Laceração de pé
6552,937,42709996,1980-09-10,1980-09-10,38000276,,,0,0,0,0,26596,0,449868002,42709996,,,Fumante atual de cigarro
6553,937,4256640,1963-04-24,1963-04-24,38000276,,,0,0,0,0,26600,0,408512008,4256640,,,Alcoolismo relatado pelo paciente
6554,937,0,1952-10-15,1952-10-15,38000276,,,0,0,0,0,26657,0,38341003,316866,,,Hipertensão arterial
6555,937,4060985,1944-08-30,1944-08-30,38000276,,,0,0,0,0,26673,0,162864005,4060985,,,IMC 30+ - obesidade
6556,938,0,2018-07-23,2018-07-23,38000276,,,0,0,0,0,26688,0,444814009,40481087,,,Infecção viral das vias aéreas superiores
6557,938,0,2012-12-20,2012-12-20,38000276,,,0,0,0,0,26697,0,43878008,28060,,,Faringite estreptocócica
6558,938,0,2011-09-02,2011-09-02,38000276,,,0,0,0,0,26694,0,15777000,40316773,,,Pré-diabetes
6559,938,0,2006-11-29,2006-11-29,38000276,,,0,0,0,0,26689,0,40055000,257012,,,Sinusite crônica
6560,938,4323208,1997-08-16,1997-08-16,38000276,,,0,0,0,0,26690,0,428251008,4323208,,,Histórico de apendicectomia
6561,938,0,1997-08-16,1997-08-16,38000276,,,0,0,0,0,26693,0,74400008,440448,,,Apendicite
6562,938,0,1997-08-16,1997-08-16,38000276,,,0,0,0,0,26693,0,47693006,4166224,,,Ruptura de apêndice
6563,939,0,2018-04-22,2018-04-22,38000276,,,0,0,0,0,26724,0,10509002,260139,,,Bronquite aguda
6564,939,0,2017-11-06,2017-11-06,38000276,,,0,0,0,0,26699,0,195662009,4112343,,,Faringite viral aguda
6565,939,0,2014-09-08,2014-09-08,38000276,,,0,0,0,0,26708,0,195662009,4112343,,,Faringite viral aguda
6566,939,0,2012-11-28,2012-11-28,38000276,,,0,0,0,0,26719,0,284549007,4113008,,,Laceração de mão
6567,939,0,2009-03-20,2009-03-20,38000276,,,0,0,0,0,26723,0,10509002,260139,,,Bronquite aguda
6568,939,0,2008-01-07,2008-01-07,38000276,,,0,0,0,0,26718,0,713197008,37017023,,,Fibrose cística recorrente
6569,939,0,2006-11-13,2006-11-13,38000276,,,0,0,0,0,26714,0,68496003,4285898,,,Pólipo do cólon
6570,939,0,2006-10-28,2006-10-28,38000276,,,0,0,0,0,26707,0,40055000,257012,,,Sinusite crônica
6571,939,0,1975-01-03,1975-01-03,38000276,,,0,0,0,0,26716,0,15777000,40316773,,,Pré-diabetes
6572,939,4060985,1968-12-27,1968-12-27,38000276,,,0,0,0,0,26705,0,162864005,4060985,,,IMC 30+ - obesidade
6573,939,0,1965-09-11,1965-09-11,38000276,,,0,0,0,0,26706,0,19169002,4078393,,,Aborto espontâneo na gravidez
6574,940,0,2018-07-05,2018-07-05,38000276,,,0,0,0,0,26730,0,195662009,4112343,,,Faringite viral aguda
6575,940,0,2017-10-05,2017-10-05,38000276,,,0,0,0,0,26742,0,283371005,4155034,,,Laceração de antebraço
6576,941,0,1988-07-03,1988-07-03,38000276,,,0,0,0,0,26758,0,195662009,4112343,,,Faringite viral aguda
6577,941,0,1988-04-25,1988-04-25,38000276,,,0,0,0,0,26747,0,10509002,260139,,,Bronquite aguda
6578,941,0,1983-08-12,1983-08-12,38000276,,,0,0,0,0,26761,0,68496003,4285898,,,Pólipo do cólon
6579,941,0,1982-02-09,1982-02-09,38000276,,,0,0,0,0,26757,0,444814009,40481087,,,Infecção viral das vias aéreas superiores
6580,941,0,1981-12-23,1981-12-23,38000276,,,0,0,0,0,26755,0,195662009,4112343,,,Faringite viral aguda
6581,941,0,1981-02-23,1981-02-23,38000276,,,0,0,0,0,26770,0,26929004,378419,,,Doença de Alzheimer
6582,941,0,1979-03-24,1979-03-24,38000276,,,0,0,0,0,26743,0,195662009,4112343,,,Faringite viral aguda
6583,941,0,1979-01-27,1979-01-27,38000276,,,0,0,0,0,26772,0,444814009,40481087,,,Infecção viral das vias aéreas superiores
6584,941,4256640,1955-06-06,1955-06-06,38000276,,,0,0,0,0,26768,0,408512008,4256640,,,Alcoolismo relatado pelo paciente
6585,941,0,1941-10-06,1941-10-06,38000276,,,0,0,0,0,26769,0,19169002,4078393,,,Aborto espontâneo na gravidez
6586,941,4060985,1938-05-09,1938-05-09,38000276,,,0,0,0,0,26765,0,162864005,4060985,,,IMC 30+ - obesidade
6587,942,0,2018-05-16,2018-05-16,38000276,,,0,0,0,0,26788,0,44465007,81151,,,Entorse de tornozelo
6588,942,0,2018-01-17,2018-01-17,38000276,,,0,0,0,0,26789,0,444814009,40481087,,,Infecção viral das vias aéreas superiores
6589,942,0,2016-03-27,2016-03-27,38000276,,,0,0,0,0,26787,0,16114001,4059173,,,Fratura de tornozelo
6590,942,0,2014-12-01,2014-12-01,38000276,,,0,0,0,0,26777,0,195662009,4112343,,,Faringite viral aguda
6591,942,0,2013-09-21,2013-09-21,38000276,,,0,0,0,0,26791,0,10509002,260139,,,Bronquite aguda
6592,942,0,2013-06-24,2013-06-24,38000276,,,0,0,0,0,26775,0,195662009,4112343,,,Faringite viral aguda
6593,942,0,2011-04-18,2011-04-18,38000276,,,0,0,0,0,26786,0,44465007,81151,,,Entorse de tornozelo
6594,942,0,2010-10-06,2010-10-06,38000276,,,0,0,0,0,26773,0,65363002,372328,,,Otite média
6595,942,0,2010-07-14,2010-07-14,38000276,,,0,0,0,0,26798,0,444814009,40481087,,,Infecção viral das vias aéreas superiores
6596,942,0,2010-03-10,2010-03-10,38000276,,,0,0,0,0,26785,0,44465007,81151,,,Entorse de tornozelo
6597,943,0,2017-01-05,2017-01-05,38000276,,,0,0,0,0,26810,0,10509002,260139,,,Bronquite aguda
6598,943,0,2011-03-28,2011-03-28,38000276,,,0,0,0,0,26823,0,195662009,4112343,,,Faringite viral aguda
6599,943,4060985,2001-10-24,2001-10-24,38000276,,,0,0,0,0,26840,0,162864005,4060985,,,IMC 30+ - obesidade
6600,943,0,1988-10-05,1988-10-05,38000276,,,0,0,0,0,26833,0,38341003,316866,,,Hipertensão arterial
6601,944,0,2015-10-19,2015-10-19,38000276,,,0,0,0,0,26862,0,444814009,40481087,,,Infecção viral das vias aéreas superiores
6602,944,0,2015-10-05,2015-10-05,38000276,,,0,0,0,0,26867,0,195662009,4112343,,,Faringite viral aguda
6603,944,0,2014-12-26,2014-12-26,38000276,,,0,0,0,0,26861,0,195662009,4112343,,,Faringite viral aguda
6604,944,0,2014-02-17,2014-02-17,38000276,,,0,0,0,0,26872,0,43878008,28060,,,Faringite estreptocócica
6605,944,0,2013-12-08,2013-12-08,38000276,,,0,0,0,0,26864,0,444814009,40481087,,,Infecção viral das vias aéreas superiores
6606,944,0,2013-09-23,2013-09-23,38000276,,,0,0,0,0,26881,0,262574004,4094814,,,Ferimento por arma branca
6607,944,0,2012-11-25,2012-11-25,38000276,,,0,0,0,0,26871,0,47505003,436676,,,Transtorno de estresse pós-traumático
6608,944,0,2011-12-17,2011-12-17,38000276,,,0,0,0,0,26865,0,10509002,260139,,,Bronquite aguda
6609,944,0,2006-06-10,2006-06-10,38000276,,,0,0,0,0,26868,0,40055000,257012,,,Sinusite crônica
6610,944,0,1993-07-01,1993-07-01,38000276,,,0,0,0,0,26869,0,15777000,40316773,,,Pré-diabetes
6611,944,4060985,1990-06-28,1990-06-28,38000276,,,0,0,0,0,26863,0,162864005,4060985,,,IMC 30+ - obesidade
6612,945,0,2017-05-27,2017-05-27,38000276,,,0,0,0,0,26890,0,444814009,40481087,,,Infecção viral das vias aéreas superiores
6613,945,0,2014-03-21,2014-03-21,38000276,,,0,0,0,0,26884,0,15777000,40316773,,,Pré-diabetes
6614,945,0,2012-06-03,2012-06-03,38000276,,,0,0,0,0,26882,0,444814009,40481087,,,Infecção viral das vias aéreas superiores
6615,945,0,2011-09-29,2011-09-29,38000276,,,0,0,0,0,26887,0,44465007,81151,,,Entorse de tornozelo
6616,945,0,2009-02-04,2009-02-04,38000276,,,0,0,0,0,26891,0,444814009,40481087,,,Infecção viral das vias aéreas superiores
6617,946,0,2016-04-11,2016-04-11,38000276,,,0,0,0,0,26897,0,241929008,4084167,,,Reação alérgica a alimento
6618,947,0,2018-12-04,2018-12-04,38000276,,,0,0,0,0,26909,0,65363002,372328,,,Otite média
6619,947,0,2018-11-15,2018-11-15,38000276,,,0,0,0,0,26919,0,10509002,260139,,,Bronquite aguda
6620,947,0,2017-11-02,2017-11-02,38000276,,,0,0,0,0,26914,0,65363002,372328,,,Otite média
6621,947,0,2017-02-26,2017-02-26,38000276,,,0,0,0,0,26920,0,444814009,40481087,,,Infecção viral das vias aéreas superiores
6622,947,0,2016-01-28,2016-01-28,38000276,,,0,0,0,0,26907,0,65363002,372328,,,Otite média
6623,948,0,2018-07-27,2018-07-27,38000276,,,0,0,0,0,26930,0,10509002,260139,,,Bronquite aguda
6624,948,0,2017-03-07,2017-03-07,38000276,,,0,0,0,0,26925,0,444814009,40481087,,,Infecção viral das vias aéreas superiores
6625,949,0,2018-05-06,2018-05-06,38000276,,,0,0,0,0,26935,0,403191005,4296205,,,Queimadura solar de segundo grau
6626,949,0,2017-03-11,2017-03-11,38000276,,,0,0,0,0,26951,0,444814009,40481087,,,Infecção viral das vias aéreas superiores
6627,949,0,2015-07-08,2015-07-08,38000276,,,0,0,0,0,26943,0,444814009,40481087,,,Infecção viral das vias aéreas superiores
6628,949,0,2014-04-15,2014-04-15,38000276,,,0,0,0,0,26946,0,72892002,4217975,,,Otite média não supurativa
6629,950,0,2016-05-03,2016-05-03,38000276,,,0,0,0,0,26963,0,283385000,4152936,,,Laceração de ombro
6630,950,0,2016-02-04,2016-02-04,38000276,,,0,0,0,0,26979,0,88805009,4229440,,,Cardiomiopatia isquêmica crônica
6631,950,0,2014-08-24,2014-08-24,38000276,,,0,0,0,0,26975,0,185086009,258780,,,DPOC exacerbada
6632,950,0,2014-03-31,2014-03-31,38000276,,,0,0,0,0,26964,0,44465007,81151,,,Entorse de tornozelo
6633,950,0,2013-08-16,2013-08-16,38000276,,,0,0,0,0,26977,0,444814009,40481087,,,Infecção viral das vias aéreas superiores
6634,950,0,2011-01-28,2011-01-28,38000276,,,0,0,0,0,26961,0,195662009,4112343,,,Faringite viral aguda
6635,950,0,2009-04-05,2009-04-05,38000276,,,0,0,0,0,26965,0,283385000,4152936,,,Laceração de ombro
6636,950,0,1997-09-21,1997-09-21,38000276,,,0,0,0,0,26974,0,15777000,40316773,,,Pré-diabetes
6637,951,0,2015-06-24,2015-06-24,38000276,,,0,0,0,0,26990,0,198992004,137613,,,Pré-eclâmpsia leve
6638,951,0,2014-12-10,2014-12-10,38000276,,,0,0,0,0,27006,0,72892002,4217975,,,Otite média não supurativa
6639,951,0,2014-03-19,2014-03-19,38000276,,,0,0,0,0,27009,0,156073000,40318618,,,Obesidade
6640,951,0,2014-03-19,2014-03-19,38000276,,,0,0,0,0,27009,0,19169002,4078393,,,Aborto espontâneo na gravidez
6641,951,0,2014-03-19,2014-03-19,38000276,,,0,0,0,0,27009,0,72892002,4217975,,,Otite média não supurativa
6642,951,0,2013-10-11,2013-10-11,38000276,,,0,0,0,0,26994,0,39848009,4218389,,,Lesão em chicote do pescoço
6643,951,0,2013-10-02,2013-10-02,38000276,,,0,0,0,0,26993,0,72892002,4217975,,,Otite média não supurativa
6644,951,0,2013-05-14,2013-05-14,38000276,,,0,0,0,0,27004,0,195662009,4112343,,,Faringite viral aguda
6645,951,0,2012-02-25,2012-02-25,38000276,,,0,0,0,0,27001,0,444814009,40481087,,,Infecção viral das vias aéreas superiores
6646,951,4060985,2008-12-24,2008-12-24,38000276,,,0,0,0,0,26986,0,162864005,4060985,,,IMC 30+ - obesidade
6647,952,4060985,2014-03-11,2014-03-11,38000276,,,0,0,0,0,27024,0,162864005,4060985,,,IMC 30+ - obesidade
6648,952,0,2014-02-27,2014-02-27,38000276,,,0,0,0,0,27028,0,195662009,4112343,,,Faringite viral aguda
6649,952,0,2013-06-21,2013-06-21,38000276,,,0,0,0,0,27015,0,195662009,4112343,,,Faringite viral aguda
6650,952,0,2013-01-01,2013-01-01,38000276,,,0,0,0,0,27023,0,444814009,40481087,,,Infecção viral das vias aéreas superiores
6651,952,0,2012-06-16,2012-06-16,38000276,,,0,0,0,0,27022,0,195662009,4112343,,,Faringite viral aguda
6652,952,0,2012-06-08,2012-06-08,38000276,,,0,0,0,0,27016,0,444814009,40481087,,,Infecção viral das vias aéreas superiores
6653,952,0,2010-08-13,2010-08-13,38000276,,,0,0,0,0,27032,0,195662009,4112343,,,Faringite viral aguda
6654,952,0,2004-06-16,2004-06-16,38000276,,,0,0,0,0,27029,0,195967001,317009,,,Asma
6655,952,0,1986-01-07,1986-01-07,38000276,,,0,0,0,0,27027,0,53741008,317576,,,Doença arterial coronariana
6656,952,0,1984-06-21,1984-06-21,38000276,,,0,0,0,0,27011,0,232353008,4048171,,,Perfuração do tímpano
6657,953,0,2017-08-07,2017-08-07,38000276,,,0,0,0,0,27039,0,195662009,4112343,,,Faringite viral aguda
6658,953,0,2014-11-22,2014-11-22,38000276,,,0,0,0,0,27063,0,72892002,4217975,,,Otite média não supurativa
6659,953,0,2013-08-06,2013-08-06,38000276,,,0,0,0,0,27036,0,444814009,40481087,,,Infecção viral das vias aéreas superiores
6660,953,0,2011-09-29,2011-09-29,38000276,,,0,0,0,0,27056,0,195662009,4112343,,,Faringite viral aguda
6661,953,0,2011-03-29,2011-03-29,38000276,,,0,0,0,0,27046,0,444814009,40481087,,,Infecção viral das vias aéreas superiores
6662,953,45766064,1994-02-08,1994-02-08,38000276,,,0,0,0,0,27035,0,703151001,45766064,,,Histórico de artroplastia de joelho
6663,953,0,1994-02-08,1994-02-08,38000276,,,0,0,0,0,27035,0,128613002,4029498,,,Transtorno convulsivo
6664,953,0,1991-07-22,1991-07-22,38000276,,,0,0,0,0,27047,0,40055000,257012,,,Sinusite crônica
6665,954,0,2018-09-21,2018-09-21,38000276,,,0,0,0,0,27103,0,72892002,4217975,,,Otite média não supurativa
6666,954,4256640,2017-07-28,2017-07-28,38000276,,,0,0,0,0,27101,0,408512008,4256640,,,Alcoolismo relatado pelo paciente
6667,954,0,2017-02-27,2017-02-27,38000276,,,0,0,0,0,27075,0,195662009,4112343,,,Faringite viral aguda
6668,954,0,2015-06-26,2015-06-26,38000276,,,0,0,0,0,27120,0,72892002,4217975,,,Otite média não supurativa
6669,954,0,2014-11-02,2014-11-02,38000276,,,0,0,0,0,27091,0,307731004,4146173,,,Fibrilação atrial de início recente
6670,954,0,2012-10-26,2012-10-26,38000276,,,0,0,0,0,27102,0,156073000,40318618,,,Obesidade
6671,954,0,2012-10-26,2012-10-26,38000276,,,0,0,0,0,27102,0,19169002,4078393,,,Aborto espontâneo na gravidez
6672,954,0,2012-10-26,2012-10-26,38000276,,,0,0,0,0,27102,0,72892002,4217975,,,Otite média não supurativa
6673,954,0,2010-10-01,2010-10-01,38000276,,,0,0,0,0,27099,0,72892002,4217975,,,Otite média não supurativa
6674,954,0,2008-11-28,2008-11-28,38000276,,,0,0,0,0,27123,0,72892002,4217975,,,Otite média não supurativa
6675,954,0,2005-03-25,2005-03-25,38000276,,,0,0,0,0,27114,0,72892002,4217975,,,Otite média não supurativa
6676,954,4060985,2001-04-27,2001-04-27,38000276,,,0,0,0,0,27113,0,162864005,4060985,,,IMC 30+ - obesidade
6677,954,0,1991-11-01,1991-11-01,38000276,,,0,0,0,0,27088,0,72892002,4217975,,,Otite média não supurativa
6678,955,0,2016-10-27,2016-10-27,38000276,,,0,0,0,0,27138,0,72892002,4217975,,,Otite média não supurativa
6679,955,0,2016-05-19,2016-05-19,38000276,,,0,0,0,0,27127,0,72892002,4217975,,,Otite média não supurativa
6680,955,0,2016-01-09,2016-01-09,38000276,,,0,0,0,0,27146,0,10509002,260139,,,Bronquite aguda
6681,955,4060985,2015-07-09,2015-07-09,38000276,,,0,0,0,0,27141,0,162864005,4060985,,,IMC 30+ - obesidade
6682,955,0,2010-04-22,2010-04-22,38000276,,,0,0,0,0,27144,0,72892002,4217975,,,Otite média não supurativa
6683,955,0,2010-01-17,2010-01-17,38000276,,,0,0,0,0,27162,0,444814009,40481087,,,Infecção viral das vias aéreas superiores
6684,955,0,2009-11-12,2009-11-12,38000276,,,0,0,0,0,27131,0,195662009,4112343,,,Faringite viral aguda
6685,955,0,2005-05-03,2005-05-03,38000276,,,0,0,0,0,27151,0,84757009,380378,,,Epilepsia
6686,955,45766064,2005-05-03,2005-05-03,38000276,,,0,0,0,0,27151,0,703151001,45766064,,,Histórico de artroplastia de joelho
6687,955,0,2005-05-03,2005-05-03,38000276,,,0,0,0,0,27151,0,128613002,4029498,,,Transtorno convulsivo
6688,956,0,2016-08-21,2016-08-21,38000276,,,0,0,0,0,27176,0,24079001,133834,,,Dermatite atópica
6689,956,0,2016-08-14,2016-08-14,38000276,,,0,0,0,0,27190,0,70704007,78272,,,Entorse de punho
6690,956,0,2016-02-19,2016-02-19,38000276,,,0,0,0,0,27189,0,241929008,4084167,,,Reação alérgica a alimento
6691,956,0,2015-10-20,2015-10-20,38000276,,,0,0,0,0,27183,0,10509002,260139,,,Bronquite aguda
6692,956,0,2015-02-21,2015-02-21,38000276,,,0,0,0,0,27180,0,65363002,372328,,,Otite média
6693,956,0,2014-08-25,2014-08-25,38000276,,,0,0,0,0,27187,0,239720000,4035415,,,Tendinite do manguito rotador
6694,956,0,2014-06-26,2014-06-26,38000276,,,0,0,0,0,27186,0,241929008,4084167,,,Reação alérgica a alimento
6695,957,0,2017-08-15,2017-08-15,38000276,,,0,0,0,0,27193,0,10509002,260139,,,Bronquite aguda
6696,957,0,2012-02-15,2012-02-15,38000276,,,0,0,0,0,27202,0,195662009,4112343,,,Faringite viral aguda
6697,957,0,2011-06-15,2011-06-15,38000276,,,0,0,0,0,27199,0,65363002,372328,,,Otite média
6698,957,0,2010-12-08,2010-12-08,38000276,,,0,0,0,0,27201,0,195662009,4112343,,,Faringite viral aguda
6699,957,0,2010-12-01,2010-12-01,38000276,,,0,0,0,0,27197,0,38341003,316866,,,Hipertensão arterial
6700,958,0,2016-11-19,2016-11-19,38000276,,,0,0,0,0,27240,0,444814009,40481087,,,Infecção viral das vias aéreas superiores
6701,958,0,2015-03-09,2015-03-09,38000276,,,0,0,0,0,27223,0,198992004,137613,,,Pré-eclâmpsia leve
6702,958,0,2014-08-25,2014-08-25,38000276,,,0,0,0,0,27234,0,72892002,4217975,,,Otite média não supurativa
6703,958,0,2014-01-12,2014-01-12,38000276,,,0,0,0,0,27211,0,444814009,40481087,,,Infecção viral das vias aéreas superiores
6704,958,0,2013-08-19,2013-08-19,38000276,,,0,0,0,0,27204,0,72892002,4217975,,,Otite média não supurativa
6705,958,4060985,2013-03-04,2013-03-04,38000276,,,0,0,0,0,27235,0,162864005,4060985,,,IMC 30+ - obesidade
6706,958,0,2010-08-02,2010-08-02,38000276,,,0,0,0,0,27241,0,198992004,137613,,,Pré-eclâmpsia leve
6707,958,0,2010-01-18,2010-01-18,38000276,,,0,0,0,0,27245,0,72892002,4217975,,,Otite média não supurativa
6708,958,0,2006-12-20,2006-12-20,38000276,,,0,0,0,0,27221,0,40055000,257012,,,Sinusite crônica
6709,958,0,2004-09-20,2004-09-20,38000276,,,0,0,0,0,27248,0,185086009,258780,,,DPOC exacerbada
6710,959,0,2018-08-02,2018-08-02,38000276,,,0,0,0,0,27323,0,72892002,4217975,,,Otite média não supurativa
6711,959,0,2017-07-18,2017-07-18,38000276,,,0,0,0,0,27256,0,38822007,195588,,,Cistite
6712,959,0,2016-10-16,2016-10-16,38000276,,,0,0,0,0,27261,0,39848009,4218389,,,Lesão em chicote do pescoço
6713,959,0,2016-06-29,2016-06-29,38000276,,,0,0,0,0,27297,0,40055000,257012,,,Sinusite crônica
6714,959,0,2016-04-27,2016-04-27,38000276,,,0,0,0,0,27304,0,36971009,4283893,,,Sinusite
6715,960,0,2018-07-19,2018-07-19,38000276,,,0,0,0,0,27365,0,79586000,199076,,,Gravidez tubária
6716,960,0,2018-07-19,2018-07-19,38000276,,,0,0,0,0,27365,0,72892002,4217975,,,Otite média não supurativa
6717,960,0,2018-03-29,2018-03-29,38000276,,,0,0,0,0,27361,0,19169002,4078393,,,Aborto espontâneo na gravidez
6718,960,0,2018-03-29,2018-03-29,38000276,,,0,0,0,0,27361,0,72892002,4217975,,,Otite média não supurativa
6719,960,0,2017-09-12,2017-09-12,38000276,,,0,0,0,0,27343,0,43878008,28060,,,Faringite estreptocócica
6720,960,0,2016-04-21,2016-04-21,38000276,,,0,0,0,0,27373,0,15777000,40316773,,,Pré-diabetes
6721,960,0,2015-04-02,2015-04-02,38000276,,,0,0,0,0,27342,0,72892002,4217975,,,Otite média não supurativa
6722,960,0,2014-05-29,2014-05-29,38000276,,,0,0,0,0,27350,0,72892002,4217975,,,Otite média não supurativa
6723,960,4060985,2013-04-18,2013-04-18,38000276,,,0,0,0,0,27344,0,162864005,4060985,,,IMC 30+ - obesidade
6724,960,0,2012-03-15,2012-03-15,38000276,,,0,0,0,0,27387,0,72892002,4217975,,,Otite média não supurativa
6725,960,0,2009-03-05,2009-03-05,38000276,,,0,0,0,0,27351,0,72892002,4217975,,,Otite média não supurativa
6726,960,0,2007-04-03,2007-04-03,38000276,,,0,0,0,0,27384,0,40055000,257012,,,Sinusite crônica
6727,961,0,2018-05-04,2018-05-04,38000276,,,0,0,0,0,27401,0,156073000,40318618,,,Obesidade
6728,961,0,2018-05-04,2018-05-04,38000276,,,0,0,0,0,27401,0,19169002,4078393,,,Aborto espontâneo na gravidez
6729,961,0,2018-05-04,2018-05-04,38000276,,,0,0,0,0,27401,0,72892002,4217975,,,Otite média não supurativa
6730,961,0,2014-06-13,2014-06-13,38000276,,,0,0,0,0,27397,0,72892002,4217975,,,Otite média não supurativa
6731,961,4060985,2010-10-08,2010-10-08,38000276,,,0,0,0,0,27396,0,162864005,4060985,,,IMC 30+ - obesidade
6732,962,0,2017-10-25,2017-10-25,38000276,,,0,0,0,0,27529,0,10509002,260139,,,Bronquite aguda
6733,962,0,2012-11-20,2012-11-20,38000276,,,0,0,0,0,27506,0,16114001,4059173,,,Fratura de tornozelo
6734,962,0,2012-01-25,2012-01-25,38000276,,,0,0,0,0,27546,0,26929004,378419,,,Doença de Alzheimer
6735,962,0,2010-02-13,2010-02-13,38000276,,,0,0,0,0,27447,0,444814009,40481087,,,Infecção viral das vias aéreas superiores
6736,962,0,1991-10-03,1991-10-03,38000276,,,0,0,0,0,27454,0,127013003,192279,,,Nefropatia diabética
6737,962,0,1991-10-03,1991-10-03,38000276,,,0,0,0,0,27454,0,431855005,443614,,,Doença renal crônica estágio 1
6738,962,0,1990-09-27,1990-09-27,38000276,,,0,0,0,0,27557,0,5602001,438130,,,Dor por opioides
6739,962,0,1990-09-27,1990-09-27,38000276,,,0,0,0,0,27557,0,7200002,4218106,,,Alcoolismo
6740,962,0,1983-06-02,1983-06-02,38000276,,,0,0,0,0,27558,0,237602007,436940,,,Síndrome metabólica
6741,962,0,1983-06-02,1983-06-02,38000276,,,0,0,0,0,27558,0,302870006,4120314,,,Hipertrigliceridemia
6742,962,0,1983-06-02,1983-06-02,38000276,,,0,0,0,0,27558,0,80394007,4214376,,,Hiperglicemia
6743,962,0,1982-05-27,1982-05-27,38000276,,,0,0,0,0,27420,0,44054006,201826,,,Diabetes mellitus tipo 2
6744,962,4060985,1969-10-02,1969-10-02,38000276,,,0,0,0,0,27419,0,162864005,4060985,,,IMC 30+ - obesidade
6745,962,0,1966-08-19,1966-08-19,38000276,,,0,0,0,0,27515,0,40055000,257012,,,Sinusite crônica
6746,962,0,1958-12-03,1958-12-03,38000276,,,0,0,0,0,27438,0,19169002,4078393,,,Aborto espontâneo na gravidez
6747,963,0,2014-09-10,2014-09-10,38000276,,,0,0,0,0,27584,0,10509002,260139,,,Bronquite aguda
6748,963,0,2013-12-18,2013-12-18,38000276,,,0,0,0,0,27586,0,444814009,40481087,,,Infecção viral das vias aéreas superiores
6749,963,0,2013-11-08,2013-11-08,38000276,,,0,0,0,0,27597,0,72892002,4217975,,,Otite média não supurativa
6750,963,0,2012-10-12,2012-10-12,38000276,,,0,0,0,0,27606,0,195662009,4112343,,,Faringite viral aguda
6751,963,0,2011-11-04,2011-11-04,38000276,,,0,0,0,0,27582,0,72892002,4217975,,,Otite média não supurativa
6752,963,0,2009-10-16,2009-10-16,38000276,,,0,0,0,0,27610,0,70704007,78272,,,Entorse de punho
6753,964,0,2014-04-21,2014-04-21,38000276,,,0,0,0,0,27613,0,62564004,375671,,,Concussão sem perda de consciência
6754,964,0,2013-12-21,2013-12-21,38000276,,,0,0,0,0,27626,0,10509002,260139,,,Bronquite aguda
6755,964,0,2011-10-11,2011-10-11,38000276,,,0,0,0,0,27616,0,444814009,40481087,,,Infecção viral das vias aéreas superiores
6756,964,0,2011-08-21,2011-08-21,38000276,,,0,0,0,0,27615,0,44465007,81151,,,Entorse de tornozelo
6757,964,0,1990-04-10,1990-04-10,38000276,,,0,0,0,0,27617,0,40930008,140673,,,Hipotireoidismo
6758,964,0,1971-07-19,1971-07-19,38000276,,,0,0,0,0,27630,0,15777000,40316773,,,Pré-diabetes
6759,964,0,1967-07-17,1967-07-17,38000276,,,0,0,0,0,27628,0,19169002,4078393,,,Aborto espontâneo na gravidez
6760,964,0,1955-02-21,1955-02-21,38000276,,,0,0,0,0,27619,0,40055000,257012,,,Sinusite crônica
6761,965,0,2017-07-12,2017-07-12,38000276,,,0,0,0,0,27645,0,72892002,4217975,,,Otite média não supurativa
6762,965,0,2016-12-14,2016-12-14,38000276,,,0,0,0,0,27661,0,198992004,137613,,,Pré-eclâmpsia leve
6763,965,0,2016-06-01,2016-06-01,38000276,,,0,0,0,0,27678,0,72892002,4217975,,,Otite média não supurativa
6764,965,0,2016-05-20,2016-05-20,38000276,,,0,0,0,0,27677,0,10509002,260139,,,Bronquite aguda
6765,965,4060985,2015-09-30,2015-09-30,38000276,,,0,0,0,0,27655,0,162864005,4060985,,,IMC 30+ - obesidade
6766,965,0,2015-06-10,2015-06-10,38000276,,,0,0,0,0,27681,0,72892002,4217975,,,Otite média não supurativa
6767,965,0,2013-01-09,2013-01-09,38000276,,,0,0,0,0,27654,0,72892002,4217975,,,Otite média não supurativa
6768,965,0,2011-07-05,2011-07-05,38000276,,,0,0,0,0,27648,0,69896004,80809,,,Artrite reumatoide
6769,965,0,2010-07-18,2010-07-18,38000276,,,0,0,0,0,27674,0,444814009,40481087,,,Infecção viral das vias aéreas superiores
6770,966,0,2016-06-15,2016-06-15,38000276,,,0,0,0,0,27685,0,444814009,40481087,,,Infecção viral das vias aéreas superiores
6771,966,0,2015-09-06,2015-09-06,38000276,,,0,0,0,0,27727,0,284551006,4109685,,,Laceração de pé
6772,966,0,2011-07-12,2011-07-12,38000276,,,0,0,0,0,27735,0,64859006,80502,,,Osteoporose
6773,966,0,1982-01-26,1982-01-26,38000276,,,0,0,0,0,27717,0,55822004,432867,,,Hiperlipidemia
6774,966,4060985,1969-05-27,1969-05-27,38000276,,,0,0,0,0,27690,0,162864005,4060985,,,IMC 30+ - obesidade
6775,966,0,1953-07-15,1953-07-15,38000276,,,0,0,0,0,27705,0,40055000,257012,,,Sinusite crônica
6776,966,0,1952-12-23,1952-12-23,38000276,,,0,0,0,0,27708,0,19169002,4078393,,,Aborto espontâneo na gravidez
6777,967,0,2014-06-15,2014-06-15,38000276,,,0,0,0,0,27744,0,195662009,4112343,,,Faringite viral aguda
6778,967,0,2011-01-29,2011-01-29,38000276,,,0,0,0,0,27741,0,10509002,260139,,,Bronquite aguda
6779,967,0,2009-01-30,2009-01-30,38000276,,,0,0,0,0,27747,0,10509002,260139,,,Bronquite aguda
6780,968,0,2016-10-02,2016-10-02,38000276,,,0,0,0,0,27753,0,10509002,260139,,,Bronquite aguda
6781,968,0,2013-05-11,2013-05-11,38000276,,,0,0,0,0,27767,0,444448004,40479422,,,Neuropatia diabética
6782,968,0,2013-02-22,2013-02-22,38000276,,,0,0,0,0,27760,0,195662009,4112343,,,Faringite viral aguda
6783,968,0,2012-06-02,2012-06-02,38000276,,,0,0,0,0,27764,0,444814009,40481087,,,Infecção viral das vias aéreas superiores
6784,969,0,2017-06-09,2017-06-09,38000276,,,0,0,0,0,27789,0,65363002,372328,,,Otite média
6785,969,0,2016-03-29,2016-03-29,38000276,,,0,0,0,0,27779,0,284551006,4109685,,,Laceração de pé
6786,969,0,2015-03-11,2015-03-11,38000276,,,0,0,0,0,27768,0,444814009,40481087,,,Infecção viral das vias aéreas superiores
6787,969,0,2012-06-02,2012-06-02,38000276,,,0,0,0,0,27786,0,65363002,372328,,,Otite média
6788,969,0,2011-09-22,2011-09-22,38000276,,,0,0,0,0,27771,0,65363002,372328,,,Otite média
6789,970,0,2018-08-27,2018-08-27,38000276,,,0,0,0,0,27796,0,196416002,4055754,,,Esofagite por refluxo
6790,970,0,2018-06-30,2018-06-30,38000276,,,0,0,0,0,27804,0,82423001,436096,,,Dor crônica
6791,970,0,2018-05-29,2018-05-29,38000276,,,0,0,0,0,27791,0,10509002,260139,,,Bronquite aguda
6792,970,0,2018-05-24,2018-05-24,38000276,,,0,0,0,0,27797,0,192127007,440086,,,Transtorno do espectro autista infantil
6793,970,0,2009-03-02,2009-03-02,38000276,,,0,0,0,0,27803,0,65363002,372328,,,Otite média
6794,971,0,2014-04-25,2014-04-25,38000276,,,0,0,0,0,27810,0,39848009,4218389,,,Lesão em chicote do pescoço
6795,971,0,2010-07-17,2010-07-17,38000276,,,0,0,0,0,27816,0,36971009,4283893,,,Sinusite
6796,971,0,2009-08-05,2009-08-05,38000276,,,0,0,0,0,27812,0,284551006,4109685,,,Laceração de pé
6797,971,0,2003-05-26,2003-05-26,38000276,,,0,0,0,0,27809,0,38341003,316866,,,Hipertensão arterial
6798,972,0,2014-06-29,2014-06-29,38000276,,,0,0,0,0,27819,0,444814009,40481087,,,Infecção viral das vias aéreas superiores
6799,972,0,2014-02-18,2014-02-18,38000276,,,0,0,0,0,27824,0,15777000,40316773,,,Pré-diabetes
6800,972,0,2011-02-08,2011-02-08,38000276,,,0,0,0,0,27823,0,10509002,260139,,,Bronquite aguda
6801,972,4060985,2009-11-10,2009-11-10,38000276,,,0,0,0,0,27822,0,162864005,4060985,,,IMC 30+ - obesidade
6802,973,0,2018-06-09,2018-06-09,38000276,,,0,0,0,0,27826,0,65966004,4278672,,,Fratura do fêmur
6803,973,0,2013-12-06,2013-12-06,38000276,,,0,0,0,0,27838,0,444814009,40481087,,,Infecção viral das vias aéreas superiores
6804,973,0,2010-11-20,2010-11-20,38000276,,,0,0,0,0,27832,0,10509002,260139,,,Bronquite aguda
6805,973,0,2010-05-27,2010-05-27,38000276,,,0,0,0,0,27837,0,444814009,40481087,,,Infecção viral das vias aéreas superiores
6806,975,0,2018-09-19,2018-09-19,38000276,,,0,0,0,0,27884,0,284549007,4113008,,,Laceração de mão
6807,975,0,2017-12-21,2017-12-21,38000276,,,0,0,0,0,27865,0,195662009,4112343,,,Faringite viral aguda
6808,975,0,2013-10-15,2013-10-15,38000276,,,0,0,0,0,27881,0,62106007,378001,,,Concussão com perda de consciência
6809,975,0,2012-01-12,2012-01-12,38000276,,,0,0,0,0,27876,0,444814009,40481087,,,Infecção viral das vias aéreas superiores
6810,975,0,2010-04-13,2010-04-13,38000276,,,0,0,0,0,27887,0,72892002,4217975,,,Otite média não supurativa
6811,975,0,2009-12-25,2009-12-25,38000276,,,0,0,0,0,27877,0,444814009,40481087,,,Infecção viral das vias aéreas superiores
6812,975,0,2009-12-22,2009-12-22,38000276,,,0,0,0,0,27852,0,72892002,4217975,,,Otite média não supurativa
6813,975,0,2009-09-22,2009-09-22,38000276,,,0,0,0,0,27869,0,44465007,81151,,,Entorse de tornozelo
6814,975,0,2009-06-23,2009-06-23,38000276,,,0,0,0,0,27851,0,398254007,439393,,,Pré-eclâmpsia
6815,975,0,2009-01-06,2009-01-06,38000276,,,0,0,0,0,27890,0,72892002,4217975,,,Otite média não supurativa
6816,976,0,2018-08-26,2018-08-26,38000276,,,0,0,0,0,27894,0,444814009,40481087,,,Infecção viral das vias aéreas superiores
6817,976,0,2013-03-02,2013-03-02,38000276,,,0,0,0,0,27898,0,444814009,40481087,,,Infecção viral das vias aéreas superiores
6818,976,0,2011-10-17,2011-10-17,38000276,,,0,0,0,0,27900,0,444814009,40481087,,,Infecção viral das vias aéreas superiores
6819,977,0,2017-04-12,2017-04-12,38000276,,,0,0,0,0,27915,0,444814009,40481087,,,Infecção viral das vias aéreas superiores
6820,977,0,2016-01-30,2016-01-30,38000276,,,0,0,0,0,27904,0,68496003,4285898,,,Pólipo do cólon
6821,977,4060985,1986-08-22,1986-08-22,38000276,,,0,0,0,0,27913,0,162864005,4060985,,,IMC 30+ - obesidade
6822,978,0,1995-04-03,1995-04-03,38000276,,,0,0,0,0,27920,0,26929004,378419,,,Doença de Alzheimer
6823,978,0,1994-03-26,1994-03-26,38000276,,,0,0,0,0,27927,0,444814009,40481087,,,Infecção viral das vias aéreas superiores
6824,978,0,1953-03-23,1953-03-23,38000276,,,0,0,0,0,27934,0,19169002,4078393,,,Aborto espontâneo na gravidez
6825,978,4060985,1947-07-28,1947-07-28,38000276,,,0,0,0,0,27923,0,162864005,4060985,,,IMC 30+ - obesidade
6826,978,0,1941-07-08,1941-07-08,38000276,,,0,0,0,0,27930,0,40055000,257012,,,Sinusite crônica
6827,979,0,2017-01-14,2017-01-14,38000276,,,0,0,0,0,27945,0,62564004,375671,,,Concussão sem perda de consciência
6828,979,0,2014-01-13,2014-01-13,38000276,,,0,0,0,0,27942,0,15777000,40316773,,,Pré-diabetes
6829,979,0,2013-01-03,2013-01-03,38000276,,,0,0,0,0,27939,0,15724005,4048695,,,Fratura de vértebra
6830,979,4060985,2011-01-10,2011-01-10,38000276,,,0,0,0,0,27937,0,162864005,4060985,,,IMC 30+ - obesidade
6831,979,0,2009-09-28,2009-09-28,38000276,,,0,0,0,0,27950,0,72892002,4217975,,,Otite média não supurativa
6832,979,0,2009-02-05,2009-02-05,38000276,,,0,0,0,0,27948,0,10509002,260139,,,Bronquite aguda
6833,979,0,2002-11-13,2002-11-13,38000276,,,0,0,0,0,27947,0,40055000,257012,,,Sinusite crônica
6834,980,0,2018-11-16,2018-11-16,38000276,,,0,0,0,0,28001,0,195662009,4112343,,,Faringite viral aguda
6835,980,0,2018-02-02,2018-02-02,38000276,,,0,0,0,0,27996,0,195662009,4112343,,,Faringite viral aguda
6836,980,0,2017-01-03,2017-01-03,38000276,,,0,0,0,0,27987,0,444814009,40481087,,,Infecção viral das vias aéreas superiores
6837,980,0,2016-04-07,2016-04-07,38000276,,,0,0,0,0,28002,0,72892002,4217975,,,Otite média não supurativa
6838,980,0,2011-03-03,2011-03-03,38000276,,,0,0,0,0,27979,0,72892002,4217975,,,Otite média não supurativa
6839,980,0,2010-03-08,2010-03-08,38000276,,,0,0,0,0,27984,0,43878008,28060,,,Faringite estreptocócica
6840,980,0,2009-03-19,2009-03-19,38000276,,,0,0,0,0,27974,0,72892002,4217975,,,Otite média não supurativa
6841,980,0,2005-11-24,2005-11-24,38000276,,,0,0,0,0,27988,0,38341003,316866,,,Hipertensão arterial
6842,980,4060985,2003-11-13,2003-11-13,38000276,,,0,0,0,0,27959,0,162864005,4060985,,,IMC 30+ - obesidade
6843,981,0,2018-07-15,2018-07-15,38000276,,,0,0,0,0,28019,0,195662009,4112343,,,Faringite viral aguda
6844,981,0,2018-03-03,2018-03-03,38000276,,,0,0,0,0,28039,0,195662009,4112343,,,Faringite viral aguda
6845,981,0,2016-04-24,2016-04-24,38000276,,,0,0,0,0,28013,0,444814009,40481087,,,Infecção viral das vias aéreas superiores
6846,981,0,2014-07-17,2014-07-17,38000276,,,0,0,0,0,28047,0,40055000,257012,,,Sinusite crônica
6847,981,0,2014-04-24,2014-04-24,38000276,,,0,0,0,0,28025,0,36971009,4283893,,,Sinusite
6848,981,0,2009-12-21,2009-12-21,38000276,,,0,0,0,0,28048,0,398254007,439393,,,Pré-eclâmpsia
6849,981,0,2009-07-06,2009-07-06,38000276,,,0,0,0,0,28046,0,72892002,4217975,,,Otite média não supurativa
6850,981,0,2009-03-25,2009-03-25,38000276,,,0,0,0,0,28034,0,444814009,40481087,,,Infecção viral das vias aéreas superiores
6851,981,4256640,2005-07-18,2005-07-18,38000276,,,0,0,0,0,28030,0,408512008,4256640,,,Alcoolismo relatado pelo paciente
6852,981,0,2001-03-26,2001-03-26,38000276,,,0,0,0,0,28023,0,19169002,4078393,,,Aborto espontâneo na gravidez
6853,981,0,1994-11-28,1994-11-28,38000276,,,0,0,0,0,28012,0,38341003,316866,,,Hipertensão arterial
6854,981,4060985,1987-10-19,1987-10-19,38000276,,,0,0,0,0,28022,0,162864005,4060985,,,IMC 30+ - obesidade
6855,982,0,2018-09-11,2018-09-11,38000276,,,0,0,0,0,28079,0,10509002,260139,,,Bronquite aguda
6856,982,0,2011-03-25,2011-03-25,38000276,,,0,0,0,0,28063,0,195662009,4112343,,,Faringite viral aguda
6857,982,0,2006-02-27,2006-02-27,38000276,,,0,0,0,0,28077,0,55822004,432867,,,Hiperlipidemia
6858,982,0,2003-09-01,2003-09-01,38000276,,,0,0,0,0,28066,0,239873007,4079750,,,Osteoartrite do joelho
6859,982,0,1994-01-24,1994-01-24,38000276,,,0,0,0,0,28060,0,15777000,40316773,,,Pré-diabetes
6860,982,4060985,1976-10-11,1976-10-11,38000276,,,0,0,0,0,28061,0,162864005,4060985,,,IMC 30+ - obesidade
6861,982,0,1967-08-26,1967-08-26,38000276,,,0,0,0,0,28059,0,40055000,257012,,,Sinusite crônica
6862,983,0,2018-01-31,2018-01-31,38000276,,,0,0,0,0,28110,0,403190006,4296204,,,Queimadura solar de primeiro grau
6863,983,0,2015-02-11,2015-02-11,38000276,,,0,0,0,0,28086,0,444814009,40481087,,,Infecção viral das vias aéreas superiores
6864,983,0,2014-02-23,2014-02-23,38000276,,,0,0,0,0,28111,0,70704007,78272,,,Entorse de punho
6865,983,0,2013-01-31,2013-01-31,38000276,,,0,0,0,0,28113,0,39848009,4218389,,,Lesão em chicote do pescoço
6866,983,0,2012-10-29,2012-10-29,38000276,,,0,0,0,0,28083,0,72892002,4217975,,,Otite média não supurativa
6867,983,0,2010-03-23,2010-03-23,38000276,,,0,0,0,0,28095,0,444814009,40481087,,,Infecção viral das vias aéreas superiores
6868,983,0,2008-09-15,2008-09-15,38000276,,,0,0,0,0,28100,0,15777000,40316773,,,Pré-diabetes
6869,983,0,2007-08-16,2007-08-16,38000276,,,0,0,0,0,28090,0,271737000,439777,,,Anemia
6870,983,0,2003-05-05,2003-05-05,38000276,,,0,0,0,0,28109,0,19169002,4078393,,,Aborto espontâneo na gravidez
6871,983,4060985,1992-03-23,1992-03-23,38000276,,,0,0,0,0,28114,0,162864005,4060985,,,IMC 30+ - obesidade
6872,983,0,1980-10-20,1980-10-20,38000276,,,0,0,0,0,28096,0,38341003,316866,,,Hipertensão arterial
6873,984,0,2018-11-01,2018-11-01,38000276,,,0,0,0,0,28129,0,10509002,260139,,,Bronquite aguda
6874,984,0,2016-10-14,2016-10-14,38000276,,,0,0,0,0,28127,0,65966004,4278672,,,Fratura do fêmur
6875,984,0,2016-03-21,2016-03-21,38000276,,,0,0,0,0,28146,0,195662009,4112343,,,Faringite viral aguda
6876,984,0,2010-04-24,2010-04-24,38000276,,,0,0,0,0,28156,0,444814009,40481087,,,Infecção viral das vias aéreas superiores
6877,984,0,2009-11-15,2009-11-15,38000276,,,0,0,0,0,28148,0,43878008,28060,,,Faringite estreptocócica
6878,984,0,2009-06-09,2009-06-09,38000276,,,0,0,0,0,28120,0,70704007,78272,,,Entorse de punho
6879,984,0,2007-01-02,2007-01-02,38000276,,,0,0,0,0,28149,0,40930008,140673,,,Hipotireoidismo
6880,984,0,1999-09-03,1999-09-03,38000276,,,0,0,0,0,28132,0,40055000,257012,,,Sinusite crônica
6881,984,0,1996-01-05,1996-01-05,38000276,,,0,0,0,0,28160,0,201834006,75036,,,Dermatite perioral
6882,984,0,1994-02-05,1994-02-05,38000276,,,0,0,0,0,28134,0,55822004,432867,,,Hiperlipidemia
6883,984,0,1984-09-15,1984-09-15,38000276,,,0,0,0,0,28158,0,79586000,199076,,,Gravidez tubária
6884,984,4256640,1969-08-02,1969-08-02,38000276,,,0,0,0,0,28145,0,408512008,4256640,,,Alcoolismo relatado pelo paciente
6885,984,0,1967-03-11,1967-03-11,38000276,,,0,0,0,0,28166,0,79586000,199076,,,Gravidez tubária
6886,984,0,1965-06-05,1965-06-05,38000276,,,0,0,0,0,28151,0,19169002,4078393,,,Aborto espontâneo na gravidez
6887,984,0,1959-07-18,1959-07-18,38000276,,,0,0,0,0,28137,0,38341003,316866,,,Hipertensão arterial
6888,984,4060985,1953-06-13,1953-06-13,38000276,,,0,0,0,0,28133,0,162864005,4060985,,,IMC 30+ - obesidade
6889,985,0,2016-09-17,2016-09-17,38000276,,,0,0,0,0,28179,0,444814009,40481087,,,Infecção viral das vias aéreas superiores
6890,985,0,2016-07-08,2016-07-08,38000276,,,0,0,0,0,28184,0,195662009,4112343,,,Faringite viral aguda
6891,985,0,2016-02-28,2016-02-28,38000276,,,0,0,0,0,28173,0,43878008,28060,,,Faringite estreptocócica
6892,985,0,2013-06-11,2013-06-11,38000276,,,0,0,0,0,28186,0,44465007,81151,,,Entorse de tornozelo
6893,985,0,2011-03-27,2011-03-27,38000276,,,0,0,0,0,28174,0,65363002,372328,,,Otite média
6894,985,0,2011-01-12,2011-01-12,38000276,,,0,0,0,0,28189,0,43878008,28060,,,Faringite estreptocócica
6895,985,0,2008-11-07,2008-11-07,38000276,,,0,0,0,0,28172,0,53741008,317576,,,Doença arterial coronariana
6896,986,4163874,2001-11-19,2001-11-19,38000276,,,0,0,0,0,28203,0,399211009,4163874,,,Histórico de infarto do miocárdio
6897,986,0,2001-11-19,2001-11-19,38000276,,,0,0,0,0,28203,0,22298006,4329847,,,Infarto do miocárdio
6898,986,0,2000-07-21,2000-07-21,38000276,,,0,0,0,0,28206,0,444814009,40481087,,,Infecção viral das vias aéreas superiores
6899,986,0,1997-07-21,1997-07-21,38000276,,,0,0,0,0,28202,0,65966004,4278672,,,Fratura do fêmur
6900,986,0,1995-10-09,1995-10-09,38000276,,,0,0,0,0,28200,0,44465007,81151,,,Entorse de tornozelo
6901,986,0,1995-01-26,1995-01-26,38000276,,,0,0,0,0,28201,0,195662009,4112343,,,Faringite viral aguda
6902,986,0,1993-11-26,1993-11-26,38000276,,,0,0,0,0,28195,0,444814009,40481087,,,Infecção viral das vias aéreas superiores
6903,986,0,1980-03-03,1980-03-03,38000276,,,0,0,0,0,28199,0,53741008,317576,,,Doença arterial coronariana
6904,986,0,1969-06-21,1969-06-21,38000276,,,0,0,0,0,28196,0,90560007,440674,,,Gota
6905,986,0,1967-06-26,1967-06-26,38000276,,,0,0,0,0,28209,0,15777000,40316773,,,Pré-diabetes
6906,987,0,2018-11-23,2018-11-23,38000276,,,0,0,0,0,28226,0,198992004,137613,,,Pré-eclâmpsia leve
6907,987,0,2018-05-11,2018-05-11,38000276,,,0,0,0,0,28215,0,72892002,4217975,,,Otite média não supurativa
6908,987,0,2016-08-25,2016-08-25,38000276,,,0,0,0,0,28223,0,195662009,4112343,,,Faringite viral aguda
6909,987,0,2008-04-11,2008-04-11,38000276,,,0,0,0,0,28218,0,53741008,317576,,,Doença arterial coronariana
6910,988,0,2018-03-22,2018-03-22,38000276,,,0,0,0,0,28242,0,444814009,40481087,,,Infecção viral das vias aéreas superiores
6911,988,0,2016-09-08,2016-09-08,38000276,,,0,0,0,0,28244,0,444814009,40481087,,,Infecção viral das vias aéreas superiores
6912,988,0,2012-07-29,2012-07-29,38000276,,,0,0,0,0,28248,0,10509002,260139,,,Bronquite aguda
6913,988,0,2009-09-28,2009-09-28,38000276,,,0,0,0,0,28249,0,283385000,4152936,,,Laceração de ombro
6914,988,0,2009-02-19,2009-02-19,38000276,,,0,0,0,0,28245,0,10509002,260139,,,Bronquite aguda
6915,989,0,2012-07-29,2012-07-29,38000276,,,0,0,0,0,28283,0,62106007,378001,,,Concussão com perda de consciência
6916,989,0,2011-06-14,2011-06-14,38000276,,,0,0,0,0,28284,0,284551006,4109685,,,Laceração de pé
6917,989,0,2011-03-14,2011-03-14,38000276,,,0,0,0,0,,0,230690007,381316,,,Acidente vascular cerebral
6918,989,0,2008-12-31,2008-12-31,38000276,,,0,0,0,0,28253,0,195662009,4112343,,,Faringite viral aguda
6919,989,0,2008-02-22,2008-02-22,38000276,,,0,0,0,0,28302,0,195662009,4112343,,,Faringite viral aguda
6920,989,0,2006-05-07,2006-05-07,38000276,,,0,0,0,0,28311,0,10509002,260139,,,Bronquite aguda
6921,989,0,2004-10-25,2004-10-25,38000276,,,0,0,0,0,,0,49436004,313217,,,Fibrilação atrial
6922,989,0,1986-04-11,1986-04-11,38000276,,,0,0,0,0,28310,0,271737000,439777,,,Anemia
6923,989,0,1981-09-21,1981-09-21,38000276,,,0,0,0,0,28319,0,15777000,40316773,,,Pré-diabetes
6924,989,0,1981-09-21,1981-09-21,38000276,,,0,0,0,0,28319,0,80394007,4214376,,,Hiperglicemia
6925,989,0,1981-08-31,1981-08-31,38000276,,,0,0,0,0,28271,0,19169002,4078393,,,Aborto espontâneo na gravidez
6926,989,0,1980-04-28,1980-04-28,38000276,,,0,0,0,0,28299,0,127013003,192279,,,Nefropatia diabética
6927,989,0,1980-04-28,1980-04-28,38000276,,,0,0,0,0,28299,0,431855005,443614,,,Doença renal crônica estágio 1
6928,989,0,1965-06-28,1965-06-28,38000276,,,0,0,0,0,28254,0,237602007,436940,,,Síndrome metabólica
6929,989,0,1965-06-28,1965-06-28,38000276,,,0,0,0,0,28254,0,302870006,4120314,,,Hipertrigliceridemia
6930,989,0,1962-06-25,1962-06-25,38000276,,,0,0,0,0,28289,0,44054006,201826,,,Diabetes mellitus tipo 2
6931,989,0,1962-06-25,1962-06-25,38000276,,,0,0,0,0,28289,0,38341003,316866,,,Hipertensão arterial
6932,990,0,1995-03-28,1995-03-28,38000276,,,0,0,0,0,28346,0,10509002,260139,,,Bronquite aguda
6933,990,0,1993-07-01,1993-07-01,38000276,,,0,0,0,0,28340,0,38822007,195588,,,Cistite
6934,990,0,1990-10-26,1990-10-26,38000276,,,0,0,0,0,28335,0,444814009,40481087,,,Infecção viral das vias aéreas superiores
6935,990,0,1986-07-21,1986-07-21,38000276,,,0,0,0,0,28342,0,58150001,4237458,,,Fratura de clavícula
6936,990,0,1986-02-27,1986-02-27,38000276,,,0,0,0,0,28333,0,444814009,40481087,,,Infecção viral das vias aéreas superiores
6937,990,0,1961-09-12,1961-09-12,38000276,,,0,0,0,0,28351,0,185086009,258780,,,DPOC exacerbada
6938,990,4256640,1955-08-09,1955-08-09,38000276,,,0,0,0,0,28347,0,408512008,4256640,,,Alcoolismo relatado pelo paciente
6939,990,4060985,1950-07-11,1950-07-11,38000276,,,0,0,0,0,28339,0,162864005,4060985,,,IMC 30+ - obesidade
6940,991,0,2011-08-30,2011-08-30,38000276,,,0,0,0,0,28368,0,195662009,4112343,,,Faringite viral aguda
6941,991,0,2011-05-21,2011-05-21,38000276,,,0,0,0,0,28365,0,195662009,4112343,,,Faringite viral aguda
6942,991,0,2009-11-25,2009-11-25,38000276,,,0,0,0,0,28363,0,284551006,4109685,,,Laceração de pé
6943,992,0,2018-03-12,2018-03-12,38000276,,,0,0,0,0,28384,0,444814009,40481087,,,Infecção viral das vias aéreas superiores
6944,992,0,2016-07-12,2016-07-12,38000276,,,0,0,0,0,28381,0,43878008,28060,,,Faringite estreptocócica
6945,993,0,2011-06-01,2011-06-01,38000276,,,0,0,0,0,28395,0,233604007,255848,,,Pneumonia
6946,993,0,2005-07-02,2005-07-02,38000276,,,0,0,0,0,28397,0,26929004,378419,,,Doença de Alzheimer
6947,993,0,2001-10-26,2001-10-26,38000276,,,0,0,0,0,28394,0,65966004,4278672,,,Fratura do fêmur
6948,993,0,1996-05-11,1996-05-11,38000276,,,0,0,0,0,28388,0,92691004,200970,,,Carcinoma in situ de próstata
6949,993,0,1996-05-11,1996-05-11,38000276,,,0,0,0,0,28388,0,126906006,4129902,,,Neoplasia de bexiga
6950,993,0,1968-07-27,1968-07-27,38000276,,,0,0,0,0,28405,0,15777000,40316773,,,Pré-diabetes
6951,993,0,1958-12-13,1958-12-13,38000276,,,0,0,0,0,28390,0,7200002,4218106,,,Alcoolismo
6952,993,4256640,1958-12-13,1958-12-13,38000276,,,0,0,0,0,28390,0,408512008,4256640,,,Alcoolismo relatado pelo paciente
6953,993,4060985,1939-05-27,1939-05-27,38000276,,,0,0,0,0,28406,0,162864005,4060985,,,IMC 30+ - obesidade
6954,994,0,2017-03-17,2017-03-17,38000276,,,0,0,0,0,28414,0,444814009,40481087,,,Infecção viral das vias aéreas superiores
6955,994,0,2016-01-30,2016-01-30,38000276,,,0,0,0,0,28408,0,444814009,40481087,,,Infecção viral das vias aéreas superiores
6956,994,0,2014-06-06,2014-06-06,38000276,,,0,0,0,0,28412,0,403191005,4296205,,,Queimadura solar de segundo grau
6957,994,0,2006-02-16,2006-02-16,38000276,,,0,0,0,0,28415,0,38341003,316866,,,Hipertensão arterial
6958,995,0,2018-08-27,2018-08-27,38000276,,,0,0,0,0,28432,0,444814009,40481087,,,Infecção viral das vias aéreas superiores
6959,995,0,2015-04-29,2015-04-29,38000276,,,0,0,0,0,28426,0,43878008,28060,,,Faringite estreptocócica
6960,995,0,2010-10-20,2010-10-20,38000276,,,0,0,0,0,28430,0,70704007,78272,,,Entorse de punho
6961,995,0,2009-08-14,2009-08-14,38000276,,,0,0,0,0,28424,0,10509002,260139,,,Bronquite aguda
6962,995,0,1989-03-30,1989-03-30,38000276,,,0,0,0,0,28425,0,15777000,40316773,,,Pré-diabetes
6963,995,4060985,1985-03-07,1985-03-07,38000276,,,0,0,0,0,28423,0,162864005,4060985,,,IMC 30+ - obesidade
6964,995,0,1976-11-13,1976-11-13,38000276,,,0,0,0,0,28417,0,40055000,257012,,,Sinusite crônica
6965,996,0,2012-06-08,2012-06-08,38000276,,,0,0,0,0,28449,0,444814009,40481087,,,Infecção viral das vias aéreas superiores
6966,996,0,2012-03-05,2012-03-05,38000276,,,0,0,0,0,28453,0,43878008,28060,,,Faringite estreptocócica
6967,996,0,2011-11-16,2011-11-16,38000276,,,0,0,0,0,28445,0,230690007,381316,,,Acidente vascular cerebral
6968,996,0,2010-10-13,2010-10-13,38000276,,,0,0,0,0,28437,0,70704007,78272,,,Entorse de punho
6969,996,0,2004-08-26,2004-08-26,38000276,,,0,0,0,0,28455,0,93761005,197500,,,Metástase cerebral
6970,996,0,2004-08-17,2004-08-17,38000276,,,0,0,0,0,28438,0,68496003,4285898,,,Pólipo do cólon
6971,996,4256640,1984-08-22,1984-08-22,38000276,,,0,0,0,0,28448,0,408512008,4256640,,,Alcoolismo relatado pelo paciente
6972,996,4060985,1965-11-03,1965-11-03,38000276,,,0,0,0,0,28452,0,162864005,4060985,,,IMC 30+ - obesidade
6973,997,0,2012-09-16,2012-09-16,38000276,,,0,0,0,0,28505,0,301011002,4116491,,,Infecção do trato urinário por E. coli
6974,997,0,2012-08-19,2012-08-19,38000276,,,0,0,0,0,28482,0,72892002,4217975,,,Otite média não supurativa
6975,997,0,2010-10-03,2010-10-03,38000276,,,0,0,0,0,28481,0,72892002,4217975,,,Otite média não supurativa
6976,997,0,2010-05-17,2010-05-17,38000276,,,0,0,0,0,28460,0,10509002,260139,,,Bronquite aguda
6977,997,0,2009-09-27,2009-09-27,38000276,,,0,0,0,0,28489,0,72892002,4217975,,,Otite média não supurativa
6978,997,0,2001-11-18,2001-11-18,38000276,,,0,0,0,0,28488,0,19169002,4078393,,,Aborto espontâneo na gravidez
6979,997,0,1996-11-24,1996-11-24,38000276,,,0,0,0,0,28499,0,15777000,40316773,,,Pré-diabetes
6980,997,0,1995-11-19,1995-11-19,38000276,,,0,0,0,0,28506,0,38341003,316866,,,Hipertensão arterial
6981,998,0,2017-07-03,2017-07-03,38000276,,,0,0,0,0,28526,0,444448004,40479422,,,Neuropatia diabética
6982,998,0,2016-05-09,2016-05-09,38000276,,,0,0,0,0,28548,0,443165006,40480160,,,Faringite aguda
6983,998,0,2016-05-09,2016-05-09,38000276,,,0,0,0,0,28548,0,65966004,4278672,,,Fratura do fêmur
6984,998,0,2014-12-17,2014-12-17,38000276,,,0,0,0,0,28581,0,64859006,80502,,,Osteoporose
6985,998,0,2012-08-12,2012-08-12,38000276,,,0,0,0,0,28547,0,444814009,40481087,,,Infecção viral das vias aéreas superiores
6986,998,0,2011-08-11,2011-08-11,38000276,,,0,0,0,0,28522,0,82423001,436096,,,Dor crônica
6987,998,0,2010-08-25,2010-08-25,38000276,,,0,0,0,0,,0,230690007,381316,,,Acidente vascular cerebral
6988,998,0,2010-08-03,2010-08-03,38000276,,,0,0,0,0,28534,0,43878008,28060,,,Faringite estreptocócica
6989,998,0,2009-08-12,2009-08-12,38000276,,,0,0,0,0,28578,0,49436004,313217,,,Fibrilação atrial
6990,998,0,2007-10-24,2007-10-24,38000276,,,0,0,0,0,28586,0,55822004,432867,,,Hiperlipidemia
6991,998,0,2001-06-06,2001-06-06,38000276,,,0,0,0,0,28517,0,127013003,192279,,,Nefropatia diabética
6992,998,0,2001-06-06,2001-06-06,38000276,,,0,0,0,0,28517,0,431855005,443614,,,Doença renal crônica estágio 1
6993,998,0,1975-05-14,1975-05-14,38000276,,,0,0,0,0,28543,0,237602007,436940,,,Síndrome metabólica
6994,998,0,1975-05-14,1975-05-14,38000276,,,0,0,0,0,28543,0,302870006,4120314,,,Hipertrigliceridemia
6995,998,0,1975-05-14,1975-05-14,38000276,,,0,0,0,0,28543,0,80394007,4214376,,,Hiperglicemia
6996,998,0,1973-05-09,1973-05-09,38000276,,,0,0,0,0,28533,0,44054006,201826,,,Diabetes mellitus tipo 2
6997,998,4060985,1963-01-02,1963-01-02,38000276,,,0,0,0,0,28527,0,162864005,4060985,,,IMC 30+ - obesidade
6998,998,0,1952-12-17,1952-12-17,38000276,,,0,0,0,0,28577,0,38341003,316866,,,Hipertensão arterial
6999,999,0,2014-07-27,2014-07-27,38000276,,,0,0,0,0,28650,0,307731004,4146173,,,Fibrilação atrial de início recente
7000,999,0,2014-06-07,2014-06-07,38000276,,,0,0,0,0,28600,0,444814009,40481087,,,Infecção viral das vias aéreas superiores
7001,999,0,2010-10-10,2010-10-10,38000276,,,0,0,0,0,28636,0,49436004,313217,,,Fibrilação atrial
7002,999,0,2010-08-09,2010-08-09,38000276,,,0,0,0,0,28591,0,55680006,4208104,,,Overdose de droga
7003,999,0,2009-09-25,2009-09-25,38000276,,,0,0,0,0,28613,0,195662009,4112343,,,Faringite viral aguda
7004,999,0,2009-01-14,2009-01-14,38000276,,,0,0,0,0,28651,0,195662009,4112343,,,Faringite viral aguda
7005,999,0,1991-12-22,1991-12-22,38000276,,,0,0,0,0,28610,0,53741008,317576,,,Doença arterial coronariana
7006,999,0,1981-05-10,1981-05-10,38000276,,,0,0,0,0,28642,0,64859006,80502,,,Osteoporose
7007,999,0,1980-08-17,1980-08-17,38000276,,,0,0,0,0,28601,0,40055000,257012,,,Sinusite crônica
7008,999,0,1958-09-14,1958-09-14,38000276,,,0,0,0,0,28604,0,15777000,40316773,,,Pré-diabetes
7009,999,4060985,1950-08-27,1950-08-27,38000276,,,0,0,0,0,28622,0,162864005,4060985,,,IMC 30+ - obesidade
7010,999,0,1949-06-05,1949-06-05,38000276,,,0,0,0,0,28645,0,19169002,4078393,,,Aborto espontâneo na gravidez
7011,999,0,1928-10-14,1928-10-14,38000276,,,0,0,0,0,28612,0,38341003,316866,,,Hipertensão arterial
7012,1000,4163874,1951-07-16,1951-07-16,38000276,,,0,0,0,0,28657,0,399211009,4163874,,,Histórico de infarto do miocárdio
7013,1000,0,1951-07-16,1951-07-16,38000276,,,0,0,0,0,28657,0,22298006,4329847,,,Infarto do miocárdio
7014,1000,0,1949-05-24,1949-05-24,38000276,,,0,0,0,0,28661,0,444814009,40481087,,,Infecção viral das vias aéreas superiores
7015,1000,0,1943-08-04,1943-08-04,38000276,,,0,0,0,0,28662,0,444814009,40481087,,,Infecção viral das vias aéreas superiores
7016,1000,42709996,1932-11-28,1932-11-28,38000276,,,0,0,0,0,28658,0,449868002,42709996,,,Fumante atual de cigarro
7017,1000,0,1932-11-28,1932-11-28,38000276,,,0,0,0,0,28658,0,15777000,40316773,,,Pré-diabetes
7018,1000,0,1928-11-19,1928-11-19,38000276,,,0,0,0,0,28656,0,38341003,316866,,,Hipertensão arterial
7019,1000,0,1917-09-17,1917-09-17,38000276,,,0,0,0,0,28665,0,53741008,317576,,,Doença arterial coronariana
7020,1001,0,1989-12-24,1989-12-24,38000276,,,0,0,0,0,28673,0,233604007,255848,,,Pneumonia
7021,1001,0,1989-11-07,1989-11-07,38000276,,,0,0,0,0,28669,0,444814009,40481087,,,Infecção viral das vias aéreas superiores
7022,1001,0,1989-08-25,1989-08-25,38000276,,,0,0,0,0,28690,0,444814009,40481087,,,Infecção viral das vias aéreas superiores
7023,1001,0,1986-09-19,1986-09-19,38000276,,,0,0,0,0,28686,0,75498004,4294548,,,Infecção bacteriana aguda
7024,1001,0,1984-05-02,1984-05-02,38000276,,,0,0,0,0,28666,0,10509002,260139,,,Bronquite aguda
7025,1001,0,1984-04-14,1984-04-14,38000276,,,0,0,0,0,28693,0,271737000,439777,,,Anemia
7026,1001,0,1983-07-29,1983-07-29,38000276,,,0,0,0,0,28678,0,26929004,378419,,,Doença de Alzheimer
7027,1001,0,1982-12-25,1982-12-25,38000276,,,0,0,0,0,28681,0,263102004,4134304,,,Ruptura de menisco
7028,1001,0,1981-07-17,1981-07-17,38000276,,,0,0,0,0,28698,0,92691004,200970,,,Carcinoma in situ de próstata
7029,1001,0,1981-07-17,1981-07-17,38000276,,,0,0,0,0,28698,0,126906006,4129902,,,Neoplasia de bexiga
7030,1001,42709996,1955-03-04,1955-03-04,38000276,,,0,0,0,0,28679,0,449868002,42709996,,,Fumante atual de cigarro
7031,1001,0,1950-02-24,1950-02-24,38000276,,,0,0,0,0,28667,0,15777000,40316773,,,Pré-diabetes
7032,1001,4060985,1947-02-21,1947-02-21,38000276,,,0,0,0,0,28672,0,162864005,4060985,,,IMC 30+ - obesidade
7033,1001,0,1936-05-09,1936-05-09,38000276,,,0,0,0,0,28680,0,40055000,257012,,,Sinusite crônica
7034,1002,0,2014-10-10,2014-10-10,38000276,,,0,0,0,0,28708,0,75498004,4294548,,,Infecção bacteriana aguda
7035,1002,0,2011-09-26,2011-09-26,38000276,,,0,0,0,0,28702,0,444814009,40481087,,,Infecção viral das vias aéreas superiores
7036,1002,0,2010-10-23,2010-10-23,38000276,,,0,0,0,0,28705,0,38341003,316866,,,Hipertensão arterial
7037,1002,0,2009-04-23,2009-04-23,38000276,,,0,0,0,0,28707,0,195662009,4112343,,,Faringite viral aguda
7038,1003,0,2006-02-16,2006-02-16,38000276,,,0,0,0,0,28720,0,230690007,381316,,,Acidente vascular cerebral
7039,1003,0,2006-01-15,2006-01-15,38000276,,,0,0,0,0,28720,0,444814009,40481087,,,Infecção viral das vias aéreas superiores
7040,1003,0,2000-11-30,2000-11-30,38000276,,,0,0,0,0,28735,0,195662009,4112343,,,Faringite viral aguda
7041,1003,0,2000-03-29,2000-03-29,38000276,,,0,0,0,0,28761,0,370247008,4156265,,,Lesão facial
7042,1003,0,1993-06-25,1993-06-25,38000276,,,0,0,0,0,28724,0,40055000,257012,,,Sinusite crônica
7043,1003,0,1989-09-07,1989-09-07,38000276,,,0,0,0,0,28734,0,15777000,40316773,,,Pré-diabetes
7044,1003,4256640,1984-09-13,1984-09-13,38000276,,,0,0,0,0,28732,0,408512008,4256640,,,Alcoolismo relatado pelo paciente
7045,1003,0,1978-08-31,1978-08-31,38000276,,,0,0,0,0,28745,0,55822004,432867,,,Hiperlipidemia
7046,1003,4060985,1968-02-08,1968-02-08,38000276,,,0,0,0,0,28728,0,162864005,4060985,,,IMC 30+ - obesidade
7047,1003,0,1955-05-19,1955-05-19,38000276,,,0,0,0,0,28754,0,38341003,316866,,,Hipertensão arterial
7048,1003,0,1947-04-03,1947-04-03,38000276,,,0,0,0,0,28739,0,53741008,317576,,,Doença arterial coronariana
7049,1004,0,2018-08-24,2018-08-24,38000276,,,0,0,0,0,28793,0,195662009,4112343,,,Faringite viral aguda
7050,1004,0,2017-06-09,2017-06-09,38000276,,,0,0,0,0,28779,0,10509002,260139,,,Bronquite aguda
7051,1004,0,2017-02-26,2017-02-26,38000276,,,0,0,0,0,28771,0,64859006,80502,,,Osteoporose
7052,1004,0,2015-06-08,2015-06-08,38000276,,,0,0,0,0,28789,0,10509002,260139,,,Bronquite aguda
7053,1004,0,2013-10-24,2013-10-24,38000276,,,0,0,0,0,28776,0,444814009,40481087,,,Infecção viral das vias aéreas superiores
7054,1004,0,2012-12-12,2012-12-12,38000276,,,0,0,0,0,28781,0,195662009,4112343,,,Faringite viral aguda
7055,1004,0,2012-08-01,2012-08-01,38000276,,,0,0,0,0,28791,0,195662009,4112343,,,Faringite viral aguda
7056,1004,0,2005-08-28,2005-08-28,38000276,,,0,0,0,0,28794,0,127013003,192279,,,Nefropatia diabética
7057,1004,0,2005-08-28,2005-08-28,38000276,,,0,0,0,0,28794,0,431855005,443614,,,Doença renal crônica estágio 1
7058,1004,0,2003-08-24,2003-08-24,38000276,,,0,0,0,0,28768,0,237602007,436940,,,Síndrome metabólica
7059,1004,0,2003-08-24,2003-08-24,38000276,,,0,0,0,0,28768,0,302870006,4120314,,,Hipertrigliceridemia
7060,1004,0,2003-08-24,2003-08-24,38000276,,,0,0,0,0,28768,0,80394007,4214376,,,Hiperglicemia
7061,1004,0,2001-08-19,2001-08-19,38000276,,,0,0,0,0,28788,0,44054006,201826,,,Diabetes mellitus tipo 2
7062,1004,0,2001-08-19,2001-08-19,38000276,,,0,0,0,0,28788,0,38341003,316866,,,Hipertensão arterial
7063,1004,4060985,1995-08-06,1995-08-06,38000276,,,0,0,0,0,28766,0,162864005,4060985,,,IMC 30+ - obesidade
7064,1004,0,1979-04-04,1979-04-04,38000276,,,0,0,0,0,28782,0,40055000,257012,,,Sinusite crônica
7065,1005,0,2017-08-23,2017-08-23,38000276,,,0,0,0,0,28810,0,10509002,260139,,,Bronquite aguda
7066,1005,0,2014-09-03,2014-09-03,38000276,,,0,0,0,0,28800,0,10509002,260139,,,Bronquite aguda
7067,1005,0,2011-07-15,2011-07-15,38000276,,,0,0,0,0,28827,0,72892002,4217975,,,Otite média não supurativa
7068,1005,0,2009-08-21,2009-08-21,38000276,,,0,0,0,0,28809,0,444814009,40481087,,,Infecção viral das vias aéreas superiores
7069,1005,4060985,2009-08-14,2009-08-14,38000276,,,0,0,0,0,28812,0,162864005,4060985,,,IMC 30+ - obesidade
7070,1005,0,1995-05-19,1995-05-19,38000276,,,0,0,0,0,28823,0,19169002,4078393,,,Aborto espontâneo na gravidez
7071,1006,0,2014-03-18,2014-03-18,38000276,,,0,0,0,0,28831,0,40055000,257012,,,Sinusite crônica
7072,1006,0,2014-01-28,2014-01-28,38000276,,,0,0,0,0,28845,0,75498004,4294548,,,Infecção bacteriana aguda
7073,1006,0,2011-02-11,2011-02-11,38000276,,,0,0,0,0,28836,0,65966004,4278672,,,Fratura do fêmur
7074,1006,0,2009-09-11,2009-09-11,38000276,,,0,0,0,0,28830,0,75498004,4294548,,,Infecção bacteriana aguda
7075,1006,0,2009-02-07,2009-02-07,38000276,,,0,0,0,0,28833,0,44465007,81151,,,Entorse de tornozelo
7076,1006,0,2003-02-13,2003-02-13,38000276,,,0,0,0,0,28844,0,192127007,440086,,,Transtorno do espectro autista infantil
7077,1007,0,2017-11-01,2017-11-01,38000276,,,0,0,0,0,28855,0,444814009,40481087,,,Infecção viral das vias aéreas superiores
7078,1007,0,2017-06-18,2017-06-18,38000276,,,0,0,0,0,28860,0,10509002,260139,,,Bronquite aguda
7079,1007,0,2016-10-09,2016-10-09,38000276,,,0,0,0,0,28848,0,75498004,4294548,,,Infecção bacteriana aguda
7080,1007,0,2014-10-26,2014-10-26,38000276,,,0,0,0,0,28861,0,39848009,4218389,,,Lesão em chicote do pescoço
7081,1007,0,2014-09-22,2014-09-22,38000276,,,0,0,0,0,28863,0,444814009,40481087,,,Infecção viral das vias aéreas superiores
7082,1007,0,2009-09-22,2009-09-22,38000276,,,0,0,0,0,28859,0,307731004,4146173,,,Fibrilação atrial de início recente
7083,1007,0,2009-09-05,2009-09-05,38000276,,,0,0,0,0,28862,0,444814009,40481087,,,Infecção viral das vias aéreas superiores
7084,1007,0,2003-09-28,2003-09-28,38000276,,,0,0,0,0,28856,0,15777000,40316773,,,Pré-diabetes
7085,1007,4323208,1996-12-11,1996-12-11,38000276,,,0,0,0,0,28853,0,428251008,4323208,,,Histórico de apendicectomia
7086,1007,0,1996-12-11,1996-12-11,38000276,,,0,0,0,0,28857,0,74400008,440448,,,Apendicite
7087,1007,0,1992-05-17,1992-05-17,38000276,,,0,0,0,0,28850,0,38341003,316866,,,Hipertensão arterial
7088,1008,0,2016-12-14,2016-12-14,38000276,,,0,0,0,0,28871,0,284551006,4109685,,,Laceração de pé
7089,1008,4060985,2007-05-31,2007-05-31,38000276,,,0,0,0,0,28874,0,162864005,4060985,,,IMC 30+ - obesidade
7090,1008,0,1993-02-15,1993-02-15,38000276,,,0,0,0,0,28867,0,40055000,257012,,,Sinusite crônica
7091,1008,0,1988-04-14,1988-04-14,38000276,,,0,0,0,0,28866,0,38341003,316866,,,Hipertensão arterial
7092,1009,0,2012-12-10,2012-12-10,38000276,,,0,0,0,0,28890,0,65363002,372328,,,Otite média
7093,1009,0,2012-07-30,2012-07-30,38000276,,,0,0,0,0,28875,0,43878008,28060,,,Faringite estreptocócica
7094,1009,0,2010-01-30,2010-01-30,38000276,,,0,0,0,0,28894,0,40055000,257012,,,Sinusite crônica
7095,1009,0,2009-10-03,2009-10-03,38000276,,,0,0,0,0,28887,0,36971009,4283893,,,Sinusite
7096,1009,0,2009-09-27,2009-09-27,38000276,,,0,0,0,0,28884,0,58150001,4237458,,,Fratura de clavícula
7097,1010,0,2018-09-29,2018-09-29,38000276,,,0,0,0,0,28947,0,10509002,260139,,,Bronquite aguda
7098,1010,0,2016-10-09,2016-10-09,38000276,,,0,0,0,0,28924,0,398254007,439393,,,Pré-eclâmpsia
7099,1010,0,2016-04-24,2016-04-24,38000276,,,0,0,0,0,28920,0,72892002,4217975,,,Otite média não supurativa
7100,1010,0,2011-11-21,2011-11-21,38000276,,,0,0,0,0,28901,0,444814009,40481087,,,Infecção viral das vias aéreas superiores
7101,1010,0,2011-11-11,2011-11-11,38000276,,,0,0,0,0,28921,0,62106007,378001,,,Concussão com perda de consciência
7102,1010,0,2011-04-17,2011-04-17,38000276,,,0,0,0,0,28903,0,398254007,439393,,,Pré-eclâmpsia
7103,1010,0,2010-10-31,2010-10-31,38000276,,,0,0,0,0,28896,0,72892002,4217975,,,Otite média não supurativa
7104,1010,0,2010-04-12,2010-04-12,38000276,,,0,0,0,0,28929,0,10509002,260139,,,Bronquite aguda
7105,1010,0,2009-11-30,2009-11-30,38000276,,,0,0,0,0,28905,0,39848009,4218389,,,Lesão em chicote do pescoço
7106,1010,0,1999-03-27,1999-03-27,38000276,,,0,0,0,0,28941,0,15777000,40316773,,,Pré-diabetes
7107,1010,0,1995-03-18,1995-03-18,38000276,,,0,0,0,0,28950,0,38341003,316866,,,Hipertensão arterial
7108,1010,0,1979-01-29,1979-01-29,38000276,,,0,0,0,0,28935,0,446096008,40486433,,,Esteatose hepática perivenular
7109,1011,0,2015-11-14,2015-11-14,38000276,,,0,0,0,0,28965,0,444814009,40481087,,,Infecção viral das vias aéreas superiores
7110,1011,0,2015-04-25,2015-04-25,38000276,,,0,0,0,0,28951,0,10509002,260139,,,Bronquite aguda
7111,1011,0,2012-04-02,2012-04-02,38000276,,,0,0,0,0,28978,0,195662009,4112343,,,Faringite viral aguda
7112,1011,0,2001-10-30,2001-10-30,38000276,,,0,0,0,0,28972,0,92691004,200970,,,Carcinoma in situ de próstata
7113,1011,0,2001-10-30,2001-10-30,38000276,,,0,0,0,0,28972,0,126906006,4129902,,,Neoplasia de bexiga
7114,1011,0,2001-06-16,2001-06-16,38000276,,,0,0,0,0,28957,0,239873007,4079750,,,Osteoartrite do joelho
7115,1011,0,1996-10-01,1996-10-01,38000276,,,0,0,0,0,28979,0,55822004,432867,,,Hiperlipidemia
7116,1011,0,1980-08-05,1980-08-05,38000276,,,0,0,0,0,28993,0,5602001,438130,,,Dor por opioides
7117,1011,4060985,1977-03-22,1977-03-22,38000276,,,0,0,0,0,28984,0,162864005,4060985,,,IMC 30+ - obesidade
7118,1011,4323208,1971-06-26,1971-06-26,38000276,,,0,0,0,0,28992,0,428251008,4323208,,,Histórico de apendicectomia
7119,1011,0,1971-06-26,1971-06-26,38000276,,,0,0,0,0,28987,0,74400008,440448,,,Apendicite
7120,1012,0,2018-09-11,2018-09-11,38000276,,,0,0,0,0,29005,0,64859006,80502,,,Osteoporose
7121,1012,0,2018-09-04,2018-09-04,38000276,,,0,0,0,0,29008,0,195662009,4112343,,,Faringite viral aguda
7122,1012,0,2018-04-03,2018-04-03,38000276,,,0,0,0,0,29014,0,26929004,378419,,,Doença de Alzheimer
7123,1012,0,2017-03-26,2017-03-26,38000276,,,0,0,0,0,29002,0,444814009,40481087,,,Infecção viral das vias aéreas superiores
7124,1012,0,2013-11-01,2013-11-01,38000276,,,0,0,0,0,29012,0,44465007,81151,,,Entorse de tornozelo
7125,1012,0,2011-12-23,2011-12-23,38000276,,,0,0,0,0,29013,0,444814009,40481087,,,Infecção viral das vias aéreas superiores
7126,1012,0,2010-07-20,2010-07-20,38000276,,,0,0,0,0,28999,0,230690007,381316,,,Acidente vascular cerebral
7127,1012,0,2009-10-26,2009-10-26,38000276,,,0,0,0,0,28995,0,68496003,4285898,,,Pólipo do cólon
7128,1012,4256640,1982-10-19,1982-10-19,38000276,,,0,0,0,0,29016,0,408512008,4256640,,,Alcoolismo relatado pelo paciente
7129,1012,0,1979-05-29,1979-05-29,38000276,,,0,0,0,0,29000,0,79586000,199076,,,Gravidez tubária
7130,1012,0,1979-01-16,1979-01-16,38000276,,,0,0,0,0,29001,0,19169002,4078393,,,Aborto espontâneo na gravidez
7131,1012,0,1971-08-29,1971-08-29,38000276,,,0,0,0,0,29009,0,271737000,439777,,,Anemia
7132,1012,4060985,1967-02-14,1967-02-14,38000276,,,0,0,0,0,29003,0,162864005,4060985,,,IMC 30+ - obesidade
7133,1012,0,1946-11-17,1946-11-17,38000276,,,0,0,0,0,29011,0,40055000,257012,,,Sinusite crônica
7134,1013,0,2015-12-08,2015-12-08,38000276,,,0,0,0,0,29021,0,80394007,4214376,,,Hiperglicemia
7135,1013,0,2004-11-23,2004-11-23,38000276,,,0,0,0,0,29024,0,237602007,436940,,,Síndrome metabólica
7136,1013,0,2004-11-23,2004-11-23,38000276,,,0,0,0,0,29024,0,302870006,4120314,,,Hipertrigliceridemia
7137,1013,0,2001-11-20,2001-11-20,38000276,,,0,0,0,0,29022,0,44054006,201826,,,Diabetes mellitus tipo 2
7138,1013,0,2001-11-20,2001-11-20,38000276,,,0,0,0,0,29022,0,38341003,316866,,,Hipertensão arterial
7139,1014,0,2018-08-23,2018-08-23,38000276,,,0,0,0,0,29029,0,444814009,40481087,,,Infecção viral das vias aéreas superiores
7140,1014,0,2009-12-10,2009-12-10,38000276,,,0,0,0,0,29033,0,283385000,4152936,,,Laceração de ombro
7141,1015,0,2018-05-04,2018-05-04,38000276,,,0,0,0,0,29044,0,444814009,40481087,,,Infecção viral das vias aéreas superiores
7142,1015,0,2018-02-14,2018-02-14,38000276,,,0,0,0,0,29038,0,444814009,40481087,,,Infecção viral das vias aéreas superiores
7143,1015,0,2017-10-17,2017-10-17,38000276,,,0,0,0,0,29047,0,195662009,4112343,,,Faringite viral aguda
7144,1015,0,2016-12-21,2016-12-21,38000276,,,0,0,0,0,29041,0,75498004,4294548,,,Infecção bacteriana aguda
7145,1015,0,2016-04-02,2016-04-02,38000276,,,0,0,0,0,29046,0,444814009,40481087,,,Infecção viral das vias aéreas superiores
7146,1015,0,2016-03-23,2016-03-23,38000276,,,0,0,0,0,29035,0,10509002,260139,,,Bronquite aguda
7147,1015,0,2012-10-02,2012-10-02,38000276,,,0,0,0,0,29048,0,43878008,28060,,,Faringite estreptocócica
7148,1015,0,2012-08-18,2012-08-18,38000276,,,0,0,0,0,29039,0,403191005,4296205,,,Queimadura solar de segundo grau
7149,1015,4060985,2009-12-21,2009-12-21,38000276,,,0,0,0,0,29043,0,162864005,4060985,,,IMC 30+ - obesidade
7150,1016,0,2018-09-23,2018-09-23,38000276,,,0,0,0,0,29088,0,72892002,4217975,,,Otite média não supurativa
7151,1016,0,2017-09-24,2017-09-24,38000276,,,0,0,0,0,29081,0,72892002,4217975,,,Otite média não supurativa
7152,1016,0,2016-05-29,2016-05-29,38000276,,,0,0,0,0,29058,0,10509002,260139,,,Bronquite aguda
7153,1016,0,2012-11-25,2012-11-25,38000276,,,0,0,0,0,29076,0,35999006,4262136,,,Cegueira
7154,1016,0,2012-11-25,2012-11-25,38000276,,,0,0,0,0,29076,0,19169002,4078393,,,Aborto espontâneo na gravidez
7155,1016,0,2012-11-25,2012-11-25,38000276,,,0,0,0,0,29076,0,72892002,4217975,,,Otite média não supurativa
7156,1016,0,2011-11-06,2011-11-06,38000276,,,0,0,0,0,29097,0,72892002,4217975,,,Otite média não supurativa
7157,1016,0,2010-04-11,2010-04-11,38000276,,,0,0,0,0,29078,0,72892002,4217975,,,Otite média não supurativa
7158,1016,0,2010-01-09,2010-01-09,38000276,,,0,0,0,0,29082,0,195662009,4112343,,,Faringite viral aguda
7159,1016,0,2009-03-01,2009-03-01,38000276,,,0,0,0,0,29057,0,195662009,4112343,,,Faringite viral aguda
7160,1016,0,2009-02-01,2009-02-01,38000276,,,0,0,0,0,29065,0,72892002,4217975,,,Otite média não supurativa
7161,1016,0,2007-12-02,2007-12-02,38000276,,,0,0,0,0,29080,0,72892002,4217975,,,Otite média não supurativa
7162,1016,0,1998-12-06,1998-12-06,38000276,,,0,0,0,0,29070,0,72892002,4217975,,,Otite média não supurativa
7163,1017,0,2003-03-12,2003-03-12,38000276,,,0,0,0,0,29144,0,230690007,381316,,,Acidente vascular cerebral
7164,1017,0,2002-08-28,2002-08-28,38000276,,,0,0,0,0,29115,0,72892002,4217975,,,Otite média não supurativa
7165,1017,0,2001-03-28,2001-03-28,38000276,,,0,0,0,0,29124,0,72892002,4217975,,,Otite média não supurativa
7166,1017,0,1996-05-29,1996-05-29,38000276,,,0,0,0,0,29108,0,72892002,4217975,,,Otite média não supurativa
7167,1017,0,1994-06-01,1994-06-01,38000276,,,0,0,0,0,29140,0,38341003,316866,,,Hipertensão arterial
7168,1017,0,1993-11-08,1993-11-08,38000276,,,0,0,0,0,29111,0,44465007,81151,,,Entorse de tornozelo
7169,1018,0,2013-01-03,2013-01-03,38000276,,,0,0,0,0,29173,0,65363002,372328,,,Otite média
7170,1018,0,2012-12-08,2012-12-08,38000276,,,0,0,0,0,29175,0,233678006,4051466,,,Asma na infância
7171,1018,0,2012-05-22,2012-05-22,38000276,,,0,0,0,0,29171,0,444814009,40481087,,,Infecção viral das vias aéreas superiores
7172,1018,0,2012-01-29,2012-01-29,38000276,,,0,0,0,0,29170,0,65363002,372328,,,Otite média
7173,1018,0,2011-12-09,2011-12-09,38000276,,,0,0,0,0,29165,0,446096008,40486433,,,Esteatose hepática perivenular
7174,1018,0,2009-07-30,2009-07-30,38000276,,,0,0,0,0,29155,0,65363002,372328,,,Otite média
7175,1019,0,2018-12-02,2018-12-02,38000276,,,0,0,0,0,29186,0,40055000,257012,,,Sinusite crônica
7176,1019,0,2018-09-09,2018-09-09,38000276,,,0,0,0,0,29187,0,36971009,4283893,,,Sinusite
7177,1019,0,2010-05-05,2010-05-05,38000276,,,0,0,0,0,29178,0,65363002,372328,,,Otite média
7178,1019,0,2009-10-02,2009-10-02,38000276,,,0,0,0,0,29182,0,65363002,372328,,,Otite média
7179,1020,0,1993-11-07,1993-11-07,38000276,,,0,0,0,0,29205,0,10509002,260139,,,Bronquite aguda
7180,1020,0,1992-11-12,1992-11-12,38000276,,,0,0,0,0,29232,0,444814009,40481087,,,Infecção viral das vias aéreas superiores
7181,1020,0,1992-06-14,1992-06-14,38000276,,,0,0,0,0,29202,0,10509002,260139,,,Bronquite aguda
7182,1020,0,1992-01-24,1992-01-24,38000276,,,0,0,0,0,29251,0,314994000,4196262,,,Metástase do cólon
7183,1020,0,1992-01-24,1992-01-24,38000276,,,0,0,0,0,29251,0,126906006,4129902,,,Neoplasia de bexiga
7184,1020,0,1991-09-28,1991-09-28,38000276,,,0,0,0,0,29214,0,444814009,40481087,,,Infecção viral das vias aéreas superiores
7185,1020,0,1990-07-27,1990-07-27,38000276,,,0,0,0,0,29216,0,195662009,4112343,,,Faringite viral aguda
7186,1020,0,1990-04-19,1990-04-19,38000276,,,0,0,0,0,29201,0,230690007,381316,,,Acidente vascular cerebral
7187,1020,0,1990-01-14,1990-01-14,38000276,,,0,0,0,0,29201,0,195662009,4112343,,,Faringite viral aguda
7188,1020,0,1988-09-19,1988-09-19,38000276,,,0,0,0,0,29200,0,403191005,4296205,,,Queimadura solar de segundo grau
7189,1020,0,1988-03-31,1988-03-31,38000276,,,0,0,0,0,29225,0,49436004,313217,,,Fibrilação atrial
7190,1020,0,1965-12-02,1965-12-02,38000276,,,0,0,0,0,29239,0,713197008,37017023,,,Fibrose cística recorrente
7191,1020,0,1964-10-08,1964-10-08,38000276,,,0,0,0,0,29249,0,55822004,432867,,,Hiperlipidemia
7192,1020,0,1964-10-08,1964-10-08,38000276,,,0,0,0,0,29249,0,68496003,4285898,,,Pólipo do cólon
7193,1020,4060985,1958-10-23,1958-10-23,38000276,,,0,0,0,0,29247,0,162864005,4060985,,,IMC 30+ - obesidade
7194,1020,0,1933-08-31,1933-08-31,38000276,,,0,0,0,0,29231,0,38341003,316866,,,Hipertensão arterial
7195,1020,0,1927-07-02,1927-07-02,38000276,,,0,0,0,0,29208,0,40055000,257012,,,Sinusite crônica
7196,1021,0,2017-06-20,2017-06-20,38000276,,,0,0,0,0,29273,0,444814009,40481087,,,Infecção viral das vias aéreas superiores
7197,1021,0,2012-11-08,2012-11-08,38000276,,,0,0,0,0,29266,0,195662009,4112343,,,Faringite viral aguda
7198,1021,0,2012-11-05,2012-11-05,38000276,,,0,0,0,0,29262,0,284549007,4113008,,,Laceração de mão
7199,1022,0,2018-09-16,2018-09-16,38000276,,,0,0,0,0,29283,0,444814009,40481087,,,Infecção viral das vias aéreas superiores
7200,1022,0,2018-05-30,2018-05-30,38000276,,,0,0,0,0,29325,0,15777000,40316773,,,Pré-diabetes
7201,1022,0,2018-05-23,2018-05-23,38000276,,,0,0,0,0,29289,0,40055000,257012,,,Sinusite crônica
7202,1022,0,2018-05-02,2018-05-02,38000276,,,0,0,0,0,29306,0,75498004,4294548,,,Infecção bacteriana aguda
7203,1022,0,2016-08-27,2016-08-27,38000276,,,0,0,0,0,29315,0,444814009,40481087,,,Infecção viral das vias aéreas superiores
7204,1022,0,2015-05-20,2015-05-20,38000276,,,0,0,0,0,29294,0,72892002,4217975,,,Otite média não supurativa
7205,1022,0,2013-03-13,2013-03-13,38000276,,,0,0,0,0,29290,0,72892002,4217975,,,Otite média não supurativa
7206,1022,0,2012-12-27,2012-12-27,38000276,,,0,0,0,0,29323,0,38822007,195588,,,Cistite
7207,1022,0,2012-09-26,2012-09-26,38000276,,,0,0,0,0,29310,0,156073000,40318618,,,Obesidade
7208,1022,0,2012-09-26,2012-09-26,38000276,,,0,0,0,0,29310,0,19169002,4078393,,,Aborto espontâneo na gravidez
7209,1022,0,2012-09-26,2012-09-26,38000276,,,0,0,0,0,29310,0,72892002,4217975,,,Otite média não supurativa
7210,1022,0,2010-07-28,2010-07-28,38000276,,,0,0,0,0,29300,0,72892002,4217975,,,Otite média não supurativa
7211,1023,0,2017-07-12,2017-07-12,38000276,,,0,0,0,0,29327,0,444814009,40481087,,,Infecção viral das vias aéreas superiores
7212,1023,0,2016-01-26,2016-01-26,38000276,,,0,0,0,0,29340,0,10509002,260139,,,Bronquite aguda
7213,1023,0,2016-01-05,2016-01-05,38000276,,,0,0,0,0,29339,0,444814009,40481087,,,Infecção viral das vias aéreas superiores
7214,1023,0,2015-03-13,2015-03-13,38000276,,,0,0,0,0,29346,0,72892002,4217975,,,Otite média não supurativa
7215,1023,0,2013-12-27,2013-12-27,38000276,,,0,0,0,0,29334,0,72892002,4217975,,,Otite média não supurativa
7216,1023,0,2010-03-14,2010-03-14,38000276,,,0,0,0,0,29332,0,444814009,40481087,,,Infecção viral das vias aéreas superiores
7217,1023,0,2005-03-18,2005-03-18,38000276,,,0,0,0,0,29356,0,15777000,40316773,,,Pré-diabetes
7218,1024,0,2017-11-12,2017-11-12,38000276,,,0,0,0,0,29393,0,15777000,40316773,,,Pré-diabetes
7219,1024,0,2017-09-03,2017-09-03,38000276,,,0,0,0,0,29380,0,62106007,378001,,,Concussão com perda de consciência
7220,1024,0,2016-07-10,2016-07-10,38000276,,,0,0,0,0,29362,0,444814009,40481087,,,Infecção viral das vias aéreas superiores
7221,1024,0,2016-07-03,2016-07-03,38000276,,,0,0,0,0,29368,0,127013003,192279,,,Nefropatia diabética
7222,1024,0,2016-07-03,2016-07-03,38000276,,,0,0,0,0,29368,0,431855005,443614,,,Doença renal crônica estágio 1
7223,1024,0,2015-06-19,2015-06-19,38000276,,,0,0,0,0,29388,0,444814009,40481087,,,Infecção viral das vias aéreas superiores
7224,1024,0,2014-06-29,2014-06-29,38000276,,,0,0,0,0,29397,0,97331000119101,45770830,,,Obesidade mórbida
7225,1024,0,2014-06-29,2014-06-29,38000276,,,0,0,0,0,29397,0,1551000119108,43530656,,,Retinopatia diabética não proliferativa
7226,1024,0,2014-06-24,2014-06-24,38000276,,,0,0,0,0,29397,0,444814009,40481087,,,Infecção viral das vias aéreas superiores
7227,1024,0,2013-07-28,2013-07-28,38000276,,,0,0,0,0,29377,0,80394007,4214376,,,Hiperglicemia
7228,1024,0,2004-10-06,2004-10-06,38000276,,,0,0,0,0,29367,0,40055000,257012,,,Sinusite crônica
7229,1024,0,2004-07-18,2004-07-18,38000276,,,0,0,0,0,29386,0,422034002,4226121,,,Retinopatia diabética proliferativa
7230,1024,0,2004-07-18,2004-07-18,38000276,,,0,0,0,0,29386,0,237602007,436940,,,Síndrome metabólica
7231,1024,0,2004-07-18,2004-07-18,38000276,,,0,0,0,0,29386,0,302870006,4120314,,,Hipertrigliceridemia
7232,1024,0,2001-12-30,2001-12-30,38000276,,,0,0,0,0,29384,0,44054006,201826,,,Diabetes mellitus tipo 2
7233,1024,4060985,1998-12-27,1998-12-27,38000276,,,0,0,0,0,29392,0,162864005,4060985,,,IMC 30+ - obesidade
7234,1024,0,1991-12-15,1991-12-15,38000276,,,0,0,0,0,29371,0,38341003,316866,,,Hipertensão arterial
7235,1025,0,2018-07-25,2018-07-25,38000276,,,0,0,0,0,29476,0,10509002,260139,,,Bronquite aguda
7236,1025,0,2017-09-30,2017-09-30,38000276,,,0,0,0,0,29419,0,195662009,4112343,,,Faringite viral aguda
7237,1025,0,2016-10-21,2016-10-21,38000276,,,0,0,0,0,29475,0,195662009,4112343,,,Faringite viral aguda
7238,1025,0,2016-08-08,2016-08-08,38000276,,,0,0,0,0,29464,0,195662009,4112343,,,Faringite viral aguda
7239,1025,0,2011-09-21,2011-09-21,38000276,,,0,0,0,0,29417,0,10509002,260139,,,Bronquite aguda
7240,1025,0,2010-12-23,2010-12-23,38000276,,,0,0,0,0,29460,0,241929008,4084167,,,Reação alérgica a alimento
7241,1025,0,2009-04-17,2009-04-17,38000276,,,0,0,0,0,29428,0,40055000,257012,,,Sinusite crônica
7242,1025,0,2009-03-27,2009-03-27,38000276,,,0,0,0,0,29415,0,36971009,4283893,,,Sinusite
7243,1025,0,2006-09-17,2006-09-17,38000276,,,0,0,0,0,29437,0,232353008,4048171,,,Perfuração do tímpano
7244,1026,0,2017-05-26,2017-05-26,38000276,,,0,0,0,0,29498,0,1551000119108,43530656,,,Retinopatia diabética não proliferativa
7245,1026,0,2017-03-26,2017-03-26,38000276,,,0,0,0,0,29489,0,444814009,40481087,,,Infecção viral das vias aéreas superiores
7246,1026,0,2016-02-13,2016-02-13,38000276,,,0,0,0,0,29509,0,68496003,4285898,,,Pólipo do cólon
7247,1026,0,2011-02-12,2011-02-12,38000276,,,0,0,0,0,29493,0,10509002,260139,,,Bronquite aguda
7248,1026,0,2009-05-12,2009-05-12,38000276,,,0,0,0,0,29511,0,10509002,260139,,,Bronquite aguda
7249,1026,0,2008-04-04,2008-04-04,38000276,,,0,0,0,0,29504,0,422034002,4226121,,,Retinopatia diabética proliferativa
7250,1026,0,2001-01-05,2001-01-05,38000276,,,0,0,0,0,29499,0,368581000119106,37016354,,,Neuropatia por diabetes tipo 2
7251,1026,0,1996-12-27,1996-12-27,38000276,,,0,0,0,0,29507,0,237602007,436940,,,Síndrome metabólica
7252,1026,0,1996-12-27,1996-12-27,38000276,,,0,0,0,0,29507,0,302870006,4120314,,,Hipertrigliceridemia
7253,1026,0,1996-12-27,1996-12-27,38000276,,,0,0,0,0,29507,0,80394007,4214376,,,Hiperglicemia
7254,1026,0,1994-12-23,1994-12-23,38000276,,,0,0,0,0,29492,0,44054006,201826,,,Diabetes mellitus tipo 2
7255,1026,0,1987-12-11,1987-12-11,38000276,,,0,0,0,0,29505,0,15777000,40316773,,,Pré-diabetes
7256,1026,0,1982-07-20,1982-07-20,38000276,,,0,0,0,0,29490,0,40055000,257012,,,Sinusite crônica
7257,1026,4060985,1978-12-01,1978-12-01,38000276,,,0,0,0,0,29508,0,162864005,4060985,,,IMC 30+ - obesidade
7258,1026,4323208,1955-02-17,1955-02-17,38000276,,,0,0,0,0,29501,0,428251008,4323208,,,Histórico de apendicectomia
7259,1026,0,1955-02-17,1955-02-17,38000276,,,0,0,0,0,29491,0,74400008,440448,,,Apendicite
7260,1027,0,2015-11-03,2015-11-03,38000276,,,0,0,0,0,29524,0,444814009,40481087,,,Infecção viral das vias aéreas superiores
7261,1027,0,2013-11-17,2013-11-17,38000276,,,0,0,0,0,29525,0,10509002,260139,,,Bronquite aguda
7262,1027,0,2013-07-20,2013-07-20,38000276,,,0,0,0,0,29518,0,444814009,40481087,,,Infecção viral das vias aéreas superiores
7263,1027,0,2012-12-04,2012-12-04,38000276,,,0,0,0,0,29528,0,62106007,378001,,,Concussão com perda de consciência
7264,1027,0,2010-09-12,2010-09-12,38000276,,,0,0,0,0,29523,0,444814009,40481087,,,Infecção viral das vias aéreas superiores
7265,1028,0,2018-06-04,2018-06-04,38000276,,,0,0,0,0,29585,0,72892002,4217975,,,Otite média não supurativa
7266,1028,0,2017-09-15,2017-09-15,38000276,,,0,0,0,0,29580,0,43878008,28060,,,Faringite estreptocócica
7267,1028,0,2016-07-28,2016-07-28,38000276,,,0,0,0,0,29558,0,444814009,40481087,,,Infecção viral das vias aéreas superiores
7268,1028,0,2015-01-20,2015-01-20,38000276,,,0,0,0,0,29571,0,195662009,4112343,,,Faringite viral aguda
7269,1028,4060985,2006-05-29,2006-05-29,38000276,,,0,0,0,0,29551,0,162864005,4060985,,,IMC 30+ - obesidade
7270,1029,0,2013-08-10,2013-08-10,38000276,,,0,0,0,0,29655,0,10509002,260139,,,Bronquite aguda
7271,1029,0,2013-05-13,2013-05-13,38000276,,,0,0,0,0,29657,0,444814009,40481087,,,Infecção viral das vias aéreas superiores
7272,1029,0,2012-04-22,2012-04-22,38000276,,,0,0,0,0,29636,0,40275004,134438,,,Dermatite de contato
7273,1029,0,2010-02-07,2010-02-07,38000276,,,0,0,0,0,29599,0,43878008,28060,,,Faringite estreptocócica
7274,1030,0,2016-06-15,2016-06-15,38000276,,,0,0,0,0,29668,0,10509002,260139,,,Bronquite aguda
7275,1030,0,2012-04-07,2012-04-07,38000276,,,0,0,0,0,29665,0,10509002,260139,,,Bronquite aguda
7276,1030,0,2005-02-07,2005-02-07,38000276,,,0,0,0,0,29673,0,15777000,40316773,,,Pré-diabetes
7277,1031,0,2018-10-14,2018-10-14,38000276,,,0,0,0,0,29680,0,10509002,260139,,,Bronquite aguda
7278,1031,0,2016-08-30,2016-08-30,38000276,,,0,0,0,0,29692,0,444814009,40481087,,,Infecção viral das vias aéreas superiores
7279,1031,0,2015-04-17,2015-04-17,38000276,,,0,0,0,0,29687,0,65363002,372328,,,Otite média
7280,1031,0,2014-11-03,2014-11-03,38000276,,,0,0,0,0,29681,0,195662009,4112343,,,Faringite viral aguda
7281,1031,0,2012-09-27,2012-09-27,38000276,,,0,0,0,0,29688,0,65363002,372328,,,Otite média
7282,1031,0,2012-02-16,2012-02-16,38000276,,,0,0,0,0,29691,0,65363002,372328,,,Otite média
7283,1032,0,2014-03-31,2014-03-31,38000276,,,0,0,0,0,29708,0,43878008,28060,,,Faringite estreptocócica
7284,1032,0,2013-11-04,2013-11-04,38000276,,,0,0,0,0,29702,0,444814009,40481087,,,Infecção viral das vias aéreas superiores
7285,1032,0,2013-02-20,2013-02-20,38000276,,,0,0,0,0,29699,0,195662009,4112343,,,Faringite viral aguda
7286,1032,0,2009-05-31,2009-05-31,38000276,,,0,0,0,0,29696,0,444814009,40481087,,,Infecção viral das vias aéreas superiores
7287,1032,0,2009-02-01,2009-02-01,38000276,,,0,0,0,0,29709,0,444814009,40481087,,,Infecção viral das vias aéreas superiores
7288,1032,0,2008-03-31,2008-03-31,38000276,,,0,0,0,0,29697,0,65363002,372328,,,Otite média
7289,1033,0,2013-10-04,2013-10-04,38000276,,,0,0,0,0,29718,0,44465007,81151,,,Entorse de tornozelo
7290,1033,0,2013-03-10,2013-03-10,38000276,,,0,0,0,0,29721,0,444814009,40481087,,,Infecção viral das vias aéreas superiores
7291,1033,0,2012-10-18,2012-10-18,38000276,,,0,0,0,0,29716,0,284549007,4113008,,,Laceração de mão
7292,1033,0,2012-08-15,2012-08-15,38000276,,,0,0,0,0,29717,0,444814009,40481087,,,Infecção viral das vias aéreas superiores
7293,1033,0,2011-12-11,2011-12-11,38000276,,,0,0,0,0,29712,0,43878008,28060,,,Faringite estreptocócica
7294,1033,0,2010-02-13,2010-02-13,38000276,,,0,0,0,0,29723,0,444814009,40481087,,,Infecção viral das vias aéreas superiores
7295,1034,0,2015-04-25,2015-04-25,38000276,,,0,0,0,0,29730,0,33737001,4142905,,,Fratura de rádio
7296,1034,4163874,2003-10-09,2003-10-09,38000276,,,0,0,0,0,29732,0,399211009,4163874,,,Histórico de infarto do miocárdio
7297,1034,0,2003-10-09,2003-10-09,38000276,,,0,0,0,0,29732,0,22298006,4329847,,,Infarto do miocárdio
7298,1034,0,1991-09-26,1991-09-26,38000276,,,0,0,0,0,29742,0,53741008,317576,,,Doença arterial coronariana
7299,1034,0,1967-02-09,1967-02-09,38000276,,,0,0,0,0,29741,0,15777000,40316773,,,Pré-diabetes
7300,1034,0,1965-09-01,1965-09-01,38000276,,,0,0,0,0,29728,0,84757009,380378,,,Epilepsia
7301,1034,45766064,1965-09-01,1965-09-01,38000276,,,0,0,0,0,29728,0,703151001,45766064,,,Histórico de artroplastia de joelho
7302,1034,0,1965-09-01,1965-09-01,38000276,,,0,0,0,0,29728,0,128613002,4029498,,,Transtorno convulsivo
7303,1034,0,1944-10-31,1944-10-31,38000276,,,0,0,0,0,29734,0,40055000,257012,,,Sinusite crônica
7304,1035,0,2016-10-24,2016-10-24,38000276,,,0,0,0,0,29791,0,444814009,40481087,,,Infecção viral das vias aéreas superiores
7305,1035,0,2015-04-10,2015-04-10,38000276,,,0,0,0,0,29801,0,43878008,28060,,,Faringite estreptocócica
7306,1035,0,2014-08-24,2014-08-24,38000276,,,0,0,0,0,29758,0,444814009,40481087,,,Infecção viral das vias aéreas superiores
7307,1035,0,2011-10-12,2011-10-12,38000276,,,0,0,0,0,29772,0,195662009,4112343,,,Faringite viral aguda
7308,1035,0,2009-12-06,2009-12-06,38000276,,,0,0,0,0,29748,0,43878008,28060,,,Faringite estreptocócica
7309,1035,0,1996-06-06,1996-06-06,38000276,,,0,0,0,0,29786,0,40055000,257012,,,Sinusite crônica
7310,1035,0,1978-05-11,1978-05-11,38000276,,,0,0,0,0,29789,0,69896004,80809,,,Artrite reumatoide
7311,1035,0,1972-02-26,1972-02-26,38000276,,,0,0,0,0,29762,0,230690007,381316,,,Acidente vascular cerebral
7312,1035,0,1967-02-04,1967-02-04,38000276,,,0,0,0,0,29815,0,55822004,432867,,,Hiperlipidemia
7313,1035,4060985,1946-03-02,1946-03-02,38000276,,,0,0,0,0,29751,0,162864005,4060985,,,IMC 30+ - obesidade
7314,1035,0,1929-05-04,1929-05-04,38000276,,,0,0,0,0,29810,0,38341003,316866,,,Hipertensão arterial
7315,1036,0,2018-12-19,2018-12-19,38000276,,,0,0,0,0,29823,0,444814009,40481087,,,Infecção viral das vias aéreas superiores
7316,1036,0,2018-03-02,2018-03-02,38000276,,,0,0,0,0,29824,0,10509002,260139,,,Bronquite aguda
7317,1036,0,2010-10-12,2010-10-12,38000276,,,0,0,0,0,29837,0,39848009,4218389,,,Lesão em chicote do pescoço
7318,1036,0,2010-05-15,2010-05-15,38000276,,,0,0,0,0,29828,0,195662009,4112343,,,Faringite viral aguda
7319,1036,0,2000-10-21,2000-10-21,38000276,,,0,0,0,0,29838,0,15777000,40316773,,,Pré-diabetes
7320,1036,4256640,1998-10-17,1998-10-17,38000276,,,0,0,0,0,29839,0,408512008,4256640,,,Alcoolismo relatado pelo paciente
7321,1036,4060985,1975-04-26,1975-04-26,38000276,,,0,0,0,0,29827,0,162864005,4060985,,,IMC 30+ - obesidade
7322,1037,0,2016-07-28,2016-07-28,38000276,,,0,0,0,0,29849,0,195662009,4112343,,,Faringite viral aguda
7323,1037,0,2011-01-16,2011-01-16,38000276,,,0,0,0,0,29848,0,10509002,260139,,,Bronquite aguda
7324,1038,0,2017-01-14,2017-01-14,38000276,,,0,0,0,0,29866,0,230690007,381316,,,Acidente vascular cerebral
7325,1038,0,2012-04-13,2012-04-13,38000276,,,0,0,0,0,29862,0,43878008,28060,,,Faringite estreptocócica
7326,1038,0,1993-07-24,1993-07-24,38000276,,,0,0,0,0,29880,0,15777000,40316773,,,Pré-diabetes
7327,1038,0,1991-11-21,1991-11-21,38000276,,,0,0,0,0,29871,0,55680006,4208104,,,Overdose de droga
7328,1038,0,1990-03-14,1990-03-14,38000276,,,0,0,0,0,29890,0,82423001,436096,,,Dor crônica
7329,1038,0,1990-02-05,1990-02-05,38000276,,,0,0,0,0,29884,0,124171000119105,43530652,,,Nefropatia diabética crônica
7330,1038,4256640,1989-09-09,1989-09-09,38000276,,,0,0,0,0,29886,0,408512008,4256640,,,Alcoolismo relatado pelo paciente
7331,1038,0,1974-03-26,1974-03-26,38000276,,,0,0,0,0,29896,0,40055000,257012,,,Sinusite crônica
7332,1038,4060985,1972-11-11,1972-11-11,38000276,,,0,0,0,0,29853,0,162864005,4060985,,,IMC 30+ - obesidade
7333,1039,0,2018-10-28,2018-10-28,38000276,,,0,0,0,0,29909,0,65966004,4278672,,,Fratura do fêmur
7334,1039,0,2013-12-20,2013-12-20,38000276,,,0,0,0,0,29905,0,10509002,260139,,,Bronquite aguda
7335,1039,0,2013-01-22,2013-01-22,38000276,,,0,0,0,0,29910,0,403190006,4296204,,,Queimadura solar de primeiro grau
7336,1039,0,2010-01-17,2010-01-17,38000276,,,0,0,0,0,29907,0,44465007,81151,,,Entorse de tornozelo
7337,1039,0,2008-08-05,2008-08-05,38000276,,,0,0,0,0,29902,0,15777000,40316773,,,Pré-diabetes
7338,1039,0,2001-01-09,2001-01-09,38000276,,,0,0,0,0,29901,0,19169002,4078393,,,Aborto espontâneo na gravidez
7339,1040,0,2018-08-11,2018-08-11,38000276,,,0,0,0,0,29913,0,40055000,257012,,,Sinusite crônica
7340,1040,0,2018-07-14,2018-07-14,38000276,,,0,0,0,0,29919,0,75498004,4294548,,,Infecção bacteriana aguda
7341,1040,0,2014-07-28,2014-07-28,38000276,,,0,0,0,0,29914,0,62106007,378001,,,Concussão com perda de consciência
7342,1042,0,2017-12-27,2017-12-27,38000276,,,0,0,0,0,29942,0,195662009,4112343,,,Faringite viral aguda
7343,1042,0,2013-09-12,2013-09-12,38000276,,,0,0,0,0,29953,0,444814009,40481087,,,Infecção viral das vias aéreas superiores
7344,1042,0,2012-11-06,2012-11-06,38000276,,,0,0,0,0,29932,0,195662009,4112343,,,Faringite viral aguda
7345,1042,0,2012-05-28,2012-05-28,38000276,,,0,0,0,0,29936,0,444814009,40481087,,,Infecção viral das vias aéreas superiores
7346,1042,0,2011-04-10,2011-04-10,38000276,,,0,0,0,0,29940,0,230265002,4043241,,,Enxaqueca sem aura
7347,1042,4060985,1984-04-22,1984-04-22,38000276,,,0,0,0,0,29931,0,162864005,4060985,,,IMC 30+ - obesidade
7348,1043,0,2015-09-21,2015-09-21,38000276,,,0,0,0,0,29960,0,44465007,81151,,,Entorse de tornozelo
7349,1043,0,2015-07-14,2015-07-14,38000276,,,0,0,0,0,29971,0,43878008,28060,,,Faringite estreptocócica
7350,1043,0,2013-09-03,2013-09-03,38000276,,,0,0,0,0,29966,0,36971009,4283893,,,Sinusite
7351,1043,0,2011-11-11,2011-11-11,38000276,,,0,0,0,0,29954,0,65966004,4278672,,,Fratura do fêmur
7352,1043,0,2011-05-05,2011-05-05,38000276,,,0,0,0,0,29970,0,444814009,40481087,,,Infecção viral das vias aéreas superiores
7353,1043,0,2010-07-24,2010-07-24,38000276,,,0,0,0,0,29967,0,444814009,40481087,,,Infecção viral das vias aéreas superiores
7354,1044,0,2013-07-05,2013-07-05,38000276,,,0,0,0,0,29972,0,195662009,4112343,,,Faringite viral aguda
7355,1044,4060985,2009-01-16,2009-01-16,38000276,,,0,0,0,0,29974,0,162864005,4060985,,,IMC 30+ - obesidade
7356,1045,0,2018-03-07,2018-03-07,38000276,,,0,0,0,0,29983,0,65363002,372328,,,Otite média
7357,1046,0,2016-02-11,2016-02-11,38000276,,,0,0,0,0,30007,0,263102004,4134304,,,Ruptura de menisco
7358,1046,0,2015-02-16,2015-02-16,38000276,,,0,0,0,0,29994,0,62564004,375671,,,Concussão sem perda de consciência
7359,1046,0,2014-12-08,2014-12-08,38000276,,,0,0,0,0,29988,0,444814009,40481087,,,Infecção viral das vias aéreas superiores
7360,1046,0,2014-04-28,2014-04-28,38000276,,,0,0,0,0,29991,0,444814009,40481087,,,Infecção viral das vias aéreas superiores
7361,1047,0,2017-05-29,2017-05-29,38000276,,,0,0,0,0,30016,0,444814009,40481087,,,Infecção viral das vias aéreas superiores
7362,1047,0,2011-02-23,2011-02-23,38000276,,,0,0,0,0,30014,0,70704007,78272,,,Entorse de punho
7363,1047,0,1986-07-23,1986-07-23,38000276,,,0,0,0,0,30017,0,367498001,4280726,,,Gripe sazonal
7364,1048,0,2011-04-28,2011-04-28,38000276,,,0,0,0,0,30021,0,10509002,260139,,,Bronquite aguda
7365,1048,0,2009-06-11,2009-06-11,38000276,,,0,0,0,0,30019,0,192127007,440086,,,Transtorno do espectro autista infantil
7366,1049,0,2016-01-03,2016-01-03,38000276,,,0,0,0,0,30029,0,283371005,4155034,,,Laceração de antebraço
7367,1049,0,2015-09-03,2015-09-03,38000276,,,0,0,0,0,30037,0,444814009,40481087,,,Infecção viral das vias aéreas superiores
7368,1049,0,2014-01-03,2014-01-03,38000276,,,0,0,0,0,30033,0,10509002,260139,,,Bronquite aguda
7369,1049,0,2009-05-07,2009-05-07,38000276,,,0,0,0,0,30031,0,195662009,4112343,,,Faringite viral aguda
7370,1050,0,2018-12-15,2018-12-15,38000276,,,0,0,0,0,30042,0,72892002,4217975,,,Otite média não supurativa
7371,1050,0,2018-06-16,2018-06-16,38000276,,,0,0,0,0,30066,0,72892002,4217975,,,Otite média não supurativa
7372,1050,0,2018-02-21,2018-02-21,38000276,,,0,0,0,0,30047,0,195662009,4112343,,,Faringite viral aguda
7373,1050,0,2018-02-19,2018-02-19,38000276,,,0,0,0,0,30078,0,444814009,40481087,,,Infecção viral das vias aéreas superiores
7374,1050,0,2017-08-26,2017-08-26,38000276,,,0,0,0,0,30083,0,198992004,137613,,,Pré-eclâmpsia leve
7375,1050,0,2017-06-15,2017-06-15,38000276,,,0,0,0,0,30063,0,195662009,4112343,,,Faringite viral aguda
7376,1050,0,2017-02-11,2017-02-11,38000276,,,0,0,0,0,30060,0,72892002,4217975,,,Otite média não supurativa
7377,1050,0,2015-03-14,2015-03-14,38000276,,,0,0,0,0,30041,0,444814009,40481087,,,Infecção viral das vias aéreas superiores
7378,1050,0,2014-05-31,2014-05-31,38000276,,,0,0,0,0,30064,0,72892002,4217975,,,Otite média não supurativa
7379,1050,0,2013-02-25,2013-02-25,38000276,,,0,0,0,0,30040,0,444814009,40481087,,,Infecção viral das vias aéreas superiores
7380,1050,0,2011-12-10,2011-12-10,38000276,,,0,0,0,0,30070,0,444814009,40481087,,,Infecção viral das vias aéreas superiores
7381,1050,0,2010-11-09,2010-11-09,38000276,,,0,0,0,0,30062,0,44465007,81151,,,Entorse de tornozelo
7382,1051,0,2018-12-02,2018-12-02,38000276,,,0,0,0,0,30092,0,40055000,257012,,,Sinusite crônica
7383,1051,0,2018-11-11,2018-11-11,38000276,,,0,0,0,0,30086,0,36971009,4283893,,,Sinusite
7384,1051,0,2017-04-04,2017-04-04,38000276,,,0,0,0,0,30098,0,195662009,4112343,,,Faringite viral aguda
7385,1051,0,2016-06-25,2016-06-25,38000276,,,0,0,0,0,30094,0,239873007,4079750,,,Osteoartrite do joelho
7386,1051,0,2015-10-30,2015-10-30,38000276,,,0,0,0,0,30099,0,195662009,4112343,,,Faringite viral aguda
7387,1051,0,2013-09-29,2013-09-29,38000276,,,0,0,0,0,30095,0,195662009,4112343,,,Faringite viral aguda
7388,1051,0,2013-05-21,2013-05-21,38000276,,,0,0,0,0,30100,0,444814009,40481087,,,Infecção viral das vias aéreas superiores
7389,1051,0,2010-07-14,2010-07-14,38000276,,,0,0,0,0,30097,0,444814009,40481087,,,Infecção viral das vias aéreas superiores
7390,1051,4256640,1996-07-16,1996-07-16,38000276,,,0,0,0,0,30103,0,408512008,4256640,,,Alcoolismo relatado pelo paciente
7391,1051,4060985,1975-08-05,1975-08-05,38000276,,,0,0,0,0,30085,0,162864005,4060985,,,IMC 30+ - obesidade
7392,1052,0,2009-11-09,2009-11-09,38000276,,,0,0,0,0,30109,0,444814009,40481087,,,Infecção viral das vias aéreas superiores
7393,1052,0,1996-10-07,1996-10-07,38000276,,,0,0,0,0,30107,0,15777000,40316773,,,Pré-diabetes
7394,1052,0,1987-06-01,1987-06-01,38000276,,,0,0,0,0,30112,0,38341003,316866,,,Hipertensão arterial
7395,1054,0,2016-05-04,2016-05-04,38000276,,,0,0,0,0,30123,0,444814009,40481087,,,Infecção viral das vias aéreas superiores
7396,1054,0,2016-03-27,2016-03-27,38000276,,,0,0,0,0,30116,0,70704007,78272,,,Entorse de punho
7397,1054,0,2012-07-16,2012-07-16,38000276,,,0,0,0,0,30129,0,65363002,372328,,,Otite média
7398,1055,0,2018-05-15,2018-05-15,38000276,,,0,0,0,0,30147,0,444814009,40481087,,,Infecção viral das vias aéreas superiores
7399,1055,0,2011-02-05,2011-02-05,38000276,,,0,0,0,0,30163,0,444814009,40481087,,,Infecção viral das vias aéreas superiores
7400,1055,0,2010-12-11,2010-12-11,38000276,,,0,0,0,0,30166,0,72892002,4217975,,,Otite média não supurativa
7401,1055,0,2010-01-09,2010-01-09,38000276,,,0,0,0,0,30139,0,72892002,4217975,,,Otite média não supurativa
7402,1055,0,2009-12-03,2009-12-03,38000276,,,0,0,0,0,30157,0,195662009,4112343,,,Faringite viral aguda
7403,1055,4060985,2003-06-08,2003-06-08,38000276,,,0,0,0,0,30159,0,162864005,4060985,,,IMC 30+ - obesidade
7404,1055,0,1983-09-18,1983-09-18,38000276,,,0,0,0,0,30153,0,38341003,316866,,,Hipertensão arterial
7405,1056,0,2018-06-28,2018-06-28,38000276,,,0,0,0,0,30187,0,195662009,4112343,,,Faringite viral aguda
7406,1056,0,2017-02-05,2017-02-05,38000276,,,0,0,0,0,30196,0,444814009,40481087,,,Infecção viral das vias aéreas superiores
7407,1056,0,2011-05-19,2011-05-19,38000276,,,0,0,0,0,30193,0,237602007,436940,,,Síndrome metabólica
7408,1056,0,2011-05-19,2011-05-19,38000276,,,0,0,0,0,30193,0,302870006,4120314,,,Hipertrigliceridemia
7409,1056,0,2011-05-19,2011-05-19,38000276,,,0,0,0,0,30193,0,80394007,4214376,,,Hiperglicemia
7410,1056,0,2009-05-14,2009-05-14,38000276,,,0,0,0,0,30181,0,368581000119106,37016354,,,Neuropatia por diabetes tipo 2
7411,1056,0,2009-05-14,2009-05-14,38000276,,,0,0,0,0,30181,0,44054006,201826,,,Diabetes mellitus tipo 2
7412,1056,4060985,2007-05-10,2007-05-10,38000276,,,0,0,0,0,30190,0,162864005,4060985,,,IMC 30+ - obesidade
7413,1056,0,2005-05-05,2005-05-05,38000276,,,0,0,0,0,30186,0,53741008,317576,,,Doença arterial coronariana
7414,1056,0,2002-10-19,2002-10-19,38000276,,,0,0,0,0,30194,0,124171000119105,43530652,,,Nefropatia diabética crônica
7415,1056,0,1972-02-10,1972-02-10,38000276,,,0,0,0,0,30195,0,40055000,257012,,,Sinusite crônica
7416,1057,0,2013-01-12,2013-01-12,38000276,,,0,0,0,0,30202,0,75498004,4294548,,,Infecção bacteriana aguda
7417,1057,0,2005-03-13,2005-03-13,38000276,,,0,0,0,0,30221,0,40055000,257012,,,Sinusite crônica
7418,1057,4256640,1990-08-06,1990-08-06,38000276,,,0,0,0,0,30204,0,408512008,4256640,,,Alcoolismo relatado pelo paciente
7419,1057,0,1987-09-01,1987-09-01,38000276,,,0,0,0,0,30213,0,239873007,4079750,,,Osteoartrite do joelho
7420,1057,4060985,1974-04-22,1974-04-22,38000276,,,0,0,0,0,30206,0,162864005,4060985,,,IMC 30+ - obesidade
7421,1057,0,1960-09-07,1960-09-07,38000276,,,0,0,0,0,30209,0,84757009,380378,,,Epilepsia
7422,1057,45766064,1960-09-07,1960-09-07,38000276,,,0,0,0,0,30209,0,703151001,45766064,,,Histórico de artroplastia de joelho
7423,1057,0,1960-09-07,1960-09-07,38000276,,,0,0,0,0,30209,0,128613002,4029498,,,Transtorno convulsivo
7424,1058,0,2018-11-27,2018-11-27,38000276,,,0,0,0,0,30242,0,72892002,4217975,,,Otite média não supurativa
7425,1058,0,2013-07-05,2013-07-05,38000276,,,0,0,0,0,30222,0,195662009,4112343,,,Faringite viral aguda
7426,1058,0,2012-05-01,2012-05-01,38000276,,,0,0,0,0,30243,0,72892002,4217975,,,Otite média não supurativa
7427,1058,0,2010-06-06,2010-06-06,38000276,,,0,0,0,0,30236,0,283385000,4152936,,,Laceração de ombro
7428,1058,0,2007-10-09,2007-10-09,38000276,,,0,0,0,0,30229,0,72892002,4217975,,,Otite média não supurativa
7429,1058,0,2006-05-02,2006-05-02,38000276,,,0,0,0,0,30224,0,72892002,4217975,,,Otite média não supurativa
7430,1058,4060985,2005-09-27,2005-09-27,38000276,,,0,0,0,0,30248,0,162864005,4060985,,,IMC 30+ - obesidade
7431,1058,0,2003-09-09,2003-09-09,38000276,,,0,0,0,0,30251,0,72892002,4217975,,,Otite média não supurativa
7432,1059,0,2012-02-14,2012-02-14,38000276,,,0,0,0,0,30262,0,444814009,40481087,,,Infecção viral das vias aéreas superiores
7433,1059,0,2007-12-04,2007-12-04,38000276,,,0,0,0,0,30257,0,40055000,257012,,,Sinusite crônica
7434,1059,4060985,2004-11-18,2004-11-18,38000276,,,0,0,0,0,30259,0,162864005,4060985,,,IMC 30+ - obesidade
7435,1060,0,2018-07-24,2018-07-24,38000276,,,0,0,0,0,30268,0,65363002,372328,,,Otite média
7436,1060,0,2017-11-27,2017-11-27,38000276,,,0,0,0,0,30265,0,10509002,260139,,,Bronquite aguda
7437,1060,0,2017-06-08,2017-06-08,38000276,,,0,0,0,0,30270,0,444814009,40481087,,,Infecção viral das vias aéreas superiores
7438,1061,4060985,2016-10-25,2016-10-25,38000276,,,0,0,0,0,30295,0,162864005,4060985,,,IMC 30+ - obesidade
7439,1061,0,2016-10-24,2016-10-24,38000276,,,0,0,0,0,30295,0,444814009,40481087,,,Infecção viral das vias aéreas superiores
7440,1061,0,2013-07-15,2013-07-15,38000276,,,0,0,0,0,30305,0,195662009,4112343,,,Faringite viral aguda
7441,1061,0,2010-11-01,2010-11-01,38000276,,,0,0,0,0,30309,0,55680006,4208104,,,Overdose de droga
7442,1061,0,2006-01-13,2006-01-13,38000276,,,0,0,0,0,30316,0,124171000119105,43530652,,,Nefropatia diabética crônica
7443,1061,0,2005-09-26,2005-09-26,38000276,,,0,0,0,0,30306,0,196416002,4055754,,,Esofagite por refluxo
7444,1061,0,2005-07-07,2005-07-07,38000276,,,0,0,0,0,30296,0,82423001,436096,,,Dor crônica
7445,1062,0,2016-07-19,2016-07-19,38000276,,,0,0,0,0,30333,0,444814009,40481087,,,Infecção viral das vias aéreas superiores
7446,1062,0,2016-05-21,2016-05-21,38000276,,,0,0,0,0,30324,0,444814009,40481087,,,Infecção viral das vias aéreas superiores
7447,1062,0,2015-02-20,2015-02-20,38000276,,,0,0,0,0,30334,0,283385000,4152936,,,Laceração de ombro
7448,1062,0,2013-02-08,2013-02-08,38000276,,,0,0,0,0,30322,0,195662009,4112343,,,Faringite viral aguda
7449,1062,0,2011-08-25,2011-08-25,38000276,,,0,0,0,0,30325,0,444814009,40481087,,,Infecção viral das vias aéreas superiores
7450,1062,4060985,2009-04-25,2009-04-25,38000276,,,0,0,0,0,30326,0,162864005,4060985,,,IMC 30+ - obesidade
7451,1062,0,2008-04-19,2008-04-19,38000276,,,0,0,0,0,30323,0,38341003,316866,,,Hipertensão arterial
7452,1062,0,1994-03-02,1994-03-02,38000276,,,0,0,0,0,30332,0,232353008,4048171,,,Perfuração do tímpano
7453,1063,0,2016-09-11,2016-09-11,38000276,,,0,0,0,0,30353,0,65363002,372328,,,Otite média
7454,1063,0,2015-11-30,2015-11-30,38000276,,,0,0,0,0,30342,0,444814009,40481087,,,Infecção viral das vias aéreas superiores
7455,1063,0,2015-05-31,2015-05-31,38000276,,,0,0,0,0,30350,0,195662009,4112343,,,Faringite viral aguda
7456,1063,0,2014-12-30,2014-12-30,38000276,,,0,0,0,0,30341,0,65363002,372328,,,Otite média
7457,1063,0,2014-12-30,2014-12-30,38000276,,,0,0,0,0,30356,0,16114001,4059173,,,Fratura de tornozelo
7458,1063,0,2013-06-16,2013-06-16,38000276,,,0,0,0,0,30357,0,444814009,40481087,,,Infecção viral das vias aéreas superiores
7459,1064,0,2005-12-30,2005-12-30,38000276,,,0,0,0,0,30380,0,370247008,4156265,,,Lesão facial
7460,1064,0,2004-06-09,2004-06-09,38000276,,,0,0,0,0,30378,0,444814009,40481087,,,Infecção viral das vias aéreas superiores
7461,1064,0,2004-01-06,2004-01-06,38000276,,,0,0,0,0,30363,0,10509002,260139,,,Bronquite aguda
7462,1064,0,2003-03-02,2003-03-02,38000276,,,0,0,0,0,30367,0,444814009,40481087,,,Infecção viral das vias aéreas superiores
7463,1064,0,2002-11-11,2002-11-11,38000276,,,0,0,0,0,,0,230690007,381316,,,Acidente vascular cerebral
7464,1064,0,2002-09-29,2002-09-29,38000276,,,0,0,0,0,30382,0,10509002,260139,,,Bronquite aguda
7465,1064,0,1999-10-18,1999-10-18,38000276,,,0,0,0,0,30383,0,195662009,4112343,,,Faringite viral aguda
7466,1064,0,1997-06-17,1997-06-17,38000276,,,0,0,0,0,30360,0,444814009,40481087,,,Infecção viral das vias aéreas superiores
7467,1064,0,1997-05-02,1997-05-02,38000276,,,0,0,0,0,30373,0,370247008,4156265,,,Lesão facial
7468,1064,0,1991-04-01,1991-04-01,38000276,,,0,0,0,0,30377,0,64859006,80502,,,Osteoporose
7469,1064,0,1988-05-23,1988-05-23,38000276,,,0,0,0,0,30372,0,49436004,313217,,,Fibrilação atrial
7470,1064,0,1953-09-15,1953-09-15,38000276,,,0,0,0,0,30371,0,239873007,4079750,,,Osteoartrite do joelho
7471,1064,0,1942-01-12,1942-01-12,38000276,,,0,0,0,0,30366,0,15777000,40316773,,,Pré-diabetes
7472,1065,0,2013-10-21,2013-10-21,38000276,,,0,0,0,0,30393,0,82423001,436096,,,Dor crônica
7473,1065,0,2013-08-13,2013-08-13,38000276,,,0,0,0,0,30389,0,38341003,316866,,,Hipertensão arterial
7474,1065,0,2012-05-18,2012-05-18,38000276,,,0,0,0,0,30391,0,40055000,257012,,,Sinusite crônica
7475,1065,0,2012-04-06,2012-04-06,38000276,,,0,0,0,0,30385,0,75498004,4294548,,,Infecção bacteriana aguda
7476,1065,0,2011-04-18,2011-04-18,38000276,,,0,0,0,0,30388,0,70704007,78272,,,Entorse de punho
7477,1066,0,2018-01-18,2018-01-18,38000276,,,0,0,0,0,30401,0,26929004,378419,,,Doença de Alzheimer
7478,1066,0,2017-02-10,2017-02-10,38000276,,,0,0,0,0,30399,0,370247008,4156265,,,Lesão facial
7479,1066,0,2014-05-24,2014-05-24,38000276,,,0,0,0,0,30396,0,10509002,260139,,,Bronquite aguda
7480,1066,4324181,1950-10-19,1950-10-19,38000276,,,0,0,0,0,30397,0,429007001,4324181,,,Histórico de infarto
7481,1066,0,1950-10-19,1950-10-19,38000276,,,0,0,0,0,30397,0,410429000,321042,,,Parada cardíaca
7482,1066,45766064,1941-05-29,1941-05-29,38000276,,,0,0,0,0,30395,0,703151001,45766064,,,Histórico de artroplastia de joelho
7483,1066,0,1941-05-29,1941-05-29,38000276,,,0,0,0,0,30395,0,128613002,4029498,,,Transtorno convulsivo
7484,1067,0,2017-02-13,2017-02-13,38000276,,,0,0,0,0,30415,0,19169002,4078393,,,Aborto espontâneo na gravidez
7485,1067,0,2017-02-13,2017-02-13,38000276,,,0,0,0,0,30415,0,72892002,4217975,,,Otite média não supurativa
7486,1067,0,2013-08-12,2013-08-12,38000276,,,0,0,0,0,30436,0,72892002,4217975,,,Otite média não supurativa
7487,1067,0,2011-09-18,2011-09-18,38000276,,,0,0,0,0,30412,0,10509002,260139,,,Bronquite aguda
7488,1067,0,2010-02-01,2010-02-01,38000276,,,0,0,0,0,30438,0,444814009,40481087,,,Infecção viral das vias aéreas superiores
7489,1067,0,2009-07-26,2009-07-26,38000276,,,0,0,0,0,30434,0,43878008,28060,,,Faringite estreptocócica
7490,1067,4060985,2006-10-23,2006-10-23,38000276,,,0,0,0,0,30437,0,162864005,4060985,,,IMC 30+ - obesidade
7491,1068,0,2004-05-28,2004-05-28,38000276,,,0,0,0,0,30481,0,230690007,381316,,,Acidente vascular cerebral
7492,1068,0,2004-04-05,2004-04-05,38000276,,,0,0,0,0,30443,0,444814009,40481087,,,Infecção viral das vias aéreas superiores
7493,1068,0,2000-12-02,2000-12-02,38000276,,,0,0,0,0,30479,0,444814009,40481087,,,Infecção viral das vias aéreas superiores
7494,1068,0,1999-09-08,1999-09-08,38000276,,,0,0,0,0,30473,0,284551006,4109685,,,Laceração de pé
7495,1068,0,1998-12-17,1998-12-17,38000276,,,0,0,0,0,30441,0,444814009,40481087,,,Infecção viral das vias aéreas superiores
7496,1068,0,1996-12-04,1996-12-04,38000276,,,0,0,0,0,30453,0,444814009,40481087,,,Infecção viral das vias aéreas superiores
7497,1068,0,1995-02-20,1995-02-20,38000276,,,0,0,0,0,30470,0,55680006,4208104,,,Overdose de droga
7498,1068,0,1990-07-21,1990-07-21,38000276,,,0,0,0,0,30442,0,124171000119105,43530652,,,Nefropatia diabética crônica
7499,1068,0,1990-03-13,1990-03-13,38000276,,,0,0,0,0,30446,0,82423001,436096,,,Dor crônica
7500,1068,0,1990-02-04,1990-02-04,38000276,,,0,0,0,0,30463,0,196416002,4055754,,,Esofagite por refluxo
7501,1068,0,1990-01-19,1990-01-19,38000276,,,0,0,0,0,30482,0,49436004,313217,,,Fibrilação atrial
7502,1068,0,1945-06-01,1945-06-01,38000276,,,0,0,0,0,30478,0,15777000,40316773,,,Pré-diabetes
7503,1068,0,1941-05-23,1941-05-23,38000276,,,0,0,0,0,30459,0,38341003,316866,,,Hipertensão arterial
7504,1068,0,1940-08-13,1940-08-13,38000276,,,0,0,0,0,30474,0,84757009,380378,,,Epilepsia
7505,1068,45766064,1940-08-13,1940-08-13,38000276,,,0,0,0,0,30474,0,703151001,45766064,,,Histórico de artroplastia de joelho
7506,1068,0,1940-08-13,1940-08-13,38000276,,,0,0,0,0,30474,0,128613002,4029498,,,Transtorno convulsivo
7507,1068,0,1924-02-19,1924-02-19,38000276,,,0,0,0,0,30485,0,40055000,257012,,,Sinusite crônica
7508,1069,0,2014-07-25,2014-07-25,38000276,,,0,0,0,0,30508,0,65363002,372328,,,Otite média
7509,1069,0,2013-07-12,2013-07-12,38000276,,,0,0,0,0,30494,0,65363002,372328,,,Otite média
7510,1069,0,2013-06-10,2013-06-10,38000276,,,0,0,0,0,30498,0,195662009,4112343,,,Faringite viral aguda
7511,1069,0,2012-09-27,2012-09-27,38000276,,,0,0,0,0,30511,0,10509002,260139,,,Bronquite aguda
7512,1069,0,2011-07-04,2011-07-04,38000276,,,0,0,0,0,30503,0,65363002,372328,,,Otite média
7513,1069,0,2011-04-05,2011-04-05,38000276,,,0,0,0,0,30488,0,39848009,4218389,,,Lesão em chicote do pescoço
7514,1069,0,2011-01-13,2011-01-13,38000276,,,0,0,0,0,30515,0,444814009,40481087,,,Infecção viral das vias aéreas superiores
7515,1069,0,2009-07-16,2009-07-16,38000276,,,0,0,0,0,30504,0,43878008,28060,,,Faringite estreptocócica
7516,1070,0,2018-12-29,2018-12-29,38000276,,,0,0,0,0,30532,0,72892002,4217975,,,Otite média não supurativa
7517,1070,0,2014-06-25,2014-06-25,38000276,,,0,0,0,0,30581,0,444814009,40481087,,,Infecção viral das vias aéreas superiores
7518,1070,4256640,2011-08-06,2011-08-06,38000276,,,0,0,0,0,30552,0,408512008,4256640,,,Alcoolismo relatado pelo paciente
7519,1070,0,2009-09-29,2009-09-29,38000276,,,0,0,0,0,30566,0,283371005,4155034,,,Laceração de antebraço
7520,1070,0,1999-10-30,1999-10-30,38000276,,,0,0,0,0,30549,0,72892002,4217975,,,Otite média não supurativa
7521,1070,0,1997-11-08,1997-11-08,38000276,,,0,0,0,0,30569,0,72892002,4217975,,,Otite média não supurativa
7522,1070,0,1997-02-08,1997-02-08,38000276,,,0,0,0,0,30531,0,72892002,4217975,,,Otite média não supurativa
7523,1070,4060985,1995-04-08,1995-04-08,38000276,,,0,0,0,0,30556,0,162864005,4060985,,,IMC 30+ - obesidade
7524,1070,0,1993-03-13,1993-03-13,38000276,,,0,0,0,0,30577,0,72892002,4217975,,,Otite média não supurativa
7525,1070,0,1991-06-08,1991-06-08,38000276,,,0,0,0,0,30579,0,72892002,4217975,,,Otite média não supurativa
7526,1070,0,1990-06-16,1990-06-16,38000276,,,0,0,0,0,30536,0,72892002,4217975,,,Otite média não supurativa
7527,1070,0,1987-11-14,1987-11-14,38000276,,,0,0,0,0,30554,0,72892002,4217975,,,Otite média não supurativa
7528,1070,0,1977-07-23,1977-07-23,38000276,,,0,0,0,0,30537,0,40055000,257012,,,Sinusite crônica
7529,1071,0,2016-12-18,2016-12-18,38000276,,,0,0,0,0,30586,0,283385000,4152936,,,Laceração de ombro
7530,1071,0,2011-03-20,2011-03-20,38000276,,,0,0,0,0,30585,0,65966004,4278672,,,Fratura do fêmur
7531,1072,0,2017-05-01,2017-05-01,38000276,,,0,0,0,0,30598,0,55822004,432867,,,Hiperlipidemia
7532,1072,0,2015-06-29,2015-06-29,38000276,,,0,0,0,0,30626,0,72892002,4217975,,,Otite média não supurativa
7533,1072,0,2010-08-21,2010-08-21,38000276,,,0,0,0,0,30601,0,62106007,378001,,,Concussão com perda de consciência
7534,1072,0,2010-04-17,2010-04-17,38000276,,,0,0,0,0,30642,0,10509002,260139,,,Bronquite aguda
7535,1072,0,2004-03-08,2004-03-08,38000276,,,0,0,0,0,30611,0,15777000,40316773,,,Pré-diabetes
7536,1072,4256640,2001-03-05,2001-03-05,38000276,,,0,0,0,0,30635,0,408512008,4256640,,,Alcoolismo relatado pelo paciente
7537,1072,0,1991-10-14,1991-10-14,38000276,,,0,0,0,0,30613,0,19169002,4078393,,,Aborto espontâneo na gravidez
7538,1072,0,1985-02-11,1985-02-11,38000276,,,0,0,0,0,30609,0,38341003,316866,,,Hipertensão arterial
7539,1072,4060985,1983-01-31,1983-01-31,38000276,,,0,0,0,0,30612,0,162864005,4060985,,,IMC 30+ - obesidade
7540,1073,0,2018-08-01,2018-08-01,38000276,,,0,0,0,0,30674,0,10509002,260139,,,Bronquite aguda
7541,1073,0,2016-02-07,2016-02-07,38000276,,,0,0,0,0,30675,0,444814009,40481087,,,Infecção viral das vias aéreas superiores
7542,1073,0,2014-06-06,2014-06-06,38000276,,,0,0,0,0,30707,0,201834006,75036,,,Dermatite perioral
7543,1073,0,2010-11-27,2010-11-27,38000276,,,0,0,0,0,30672,0,195662009,4112343,,,Faringite viral aguda
7544,1073,0,2006-02-28,2006-02-28,38000276,,,0,0,0,0,30709,0,40055000,257012,,,Sinusite crônica
7545,1073,0,1999-02-09,1999-02-09,38000276,,,0,0,0,0,30666,0,15777000,40316773,,,Pré-diabetes
7546,1073,0,1987-11-10,1987-11-10,38000276,,,0,0,0,0,30680,0,38341003,316866,,,Hipertensão arterial
7547,1073,0,1971-05-25,1971-05-25,38000276,,,0,0,0,0,30658,0,53741008,317576,,,Doença arterial coronariana
7548,1074,0,2016-10-29,2016-10-29,38000276,,,0,0,0,0,30716,0,39848009,4218389,,,Lesão em chicote do pescoço
7549,1074,4060985,2002-07-12,2002-07-12,38000276,,,0,0,0,0,30717,0,162864005,4060985,,,IMC 30+ - obesidade
7550,1075,0,2016-10-13,2016-10-13,38000276,,,0,0,0,0,30722,0,124171000119105,43530652,,,Nefropatia diabética crônica
7551,1075,0,2016-06-24,2016-06-24,38000276,,,0,0,0,0,30727,0,196416002,4055754,,,Esofagite por refluxo
7552,1075,0,2016-04-18,2016-04-18,38000276,,,0,0,0,0,30732,0,82423001,436096,,,Dor crônica
7553,1078,4163874,1971-09-10,1971-09-10,38000276,,,0,0,0,0,30766,0,399211009,4163874,,,Histórico de infarto do miocárdio
7554,1078,0,1971-09-10,1971-09-10,38000276,,,0,0,0,0,30766,0,22298006,4329847,,,Infarto do miocárdio
7555,1078,0,1970-12-05,1970-12-05,38000276,,,0,0,0,0,30761,0,10509002,260139,,,Bronquite aguda
7556,1078,0,1967-10-14,1967-10-14,38000276,,,0,0,0,0,30756,0,195662009,4112343,,,Faringite viral aguda
7557,1078,0,1966-03-30,1966-03-30,38000276,,,0,0,0,0,30768,0,58150001,4237458,,,Fratura de clavícula
7558,1078,0,1964-07-31,1964-07-31,38000276,,,0,0,0,0,30759,0,53741008,317576,,,Doença arterial coronariana
7559,1078,0,1964-01-29,1964-01-29,38000276,,,0,0,0,0,30757,0,444814009,40481087,,,Infecção viral das vias aéreas superiores
7560,1078,0,1963-01-30,1963-01-30,38000276,,,0,0,0,0,30772,0,195662009,4112343,,,Faringite viral aguda
7561,1078,0,1962-07-27,1962-07-27,38000276,,,0,0,0,0,30754,0,237602007,436940,,,Síndrome metabólica
7562,1078,0,1962-07-27,1962-07-27,38000276,,,0,0,0,0,30754,0,302870006,4120314,,,Hipertrigliceridemia
7563,1078,0,1962-07-27,1962-07-27,38000276,,,0,0,0,0,30754,0,80394007,4214376,,,Hiperglicemia
7564,1078,0,1962-03-27,1962-03-27,38000276,,,0,0,0,0,30762,0,444814009,40481087,,,Infecção viral das vias aéreas superiores
7565,1078,0,1959-07-24,1959-07-24,38000276,,,0,0,0,0,30764,0,44054006,201826,,,Diabetes mellitus tipo 2
7566,1078,0,1953-02-06,1953-02-06,38000276,,,0,0,0,0,30758,0,15777000,40316773,,,Pré-diabetes
7567,1078,0,1941-04-25,1941-04-25,38000276,,,0,0,0,0,30752,0,38341003,316866,,,Hipertensão arterial
7568,1079,0,2018-10-02,2018-10-02,38000276,,,0,0,0,0,30790,0,195662009,4112343,,,Faringite viral aguda
7569,1079,0,2015-10-10,2015-10-10,38000276,,,0,0,0,0,30776,0,444814009,40481087,,,Infecção viral das vias aéreas superiores
7570,1079,0,2015-07-11,2015-07-11,38000276,,,0,0,0,0,30779,0,10509002,260139,,,Bronquite aguda
7571,1079,0,2014-08-16,2014-08-16,38000276,,,0,0,0,0,30786,0,444814009,40481087,,,Infecção viral das vias aéreas superiores
7572,1079,0,2014-02-18,2014-02-18,38000276,,,0,0,0,0,30782,0,72892002,4217975,,,Otite média não supurativa
7573,1079,0,2009-09-07,2009-09-07,38000276,,,0,0,0,0,30777,0,10509002,260139,,,Bronquite aguda
7574,1080,4256640,2018-06-07,2018-06-07,38000276,,,0,0,0,0,30793,0,408512008,4256640,,,Alcoolismo relatado pelo paciente
7575,1080,0,2015-03-19,2015-03-19,38000276,,,0,0,0,0,30795,0,10509002,260139,,,Bronquite aguda
7576,1080,0,2009-10-19,2009-10-19,38000276,,,0,0,0,0,30801,0,444814009,40481087,,,Infecção viral das vias aéreas superiores
7577,1080,0,2001-05-10,2001-05-10,38000276,,,0,0,0,0,30797,0,185086009,258780,,,DPOC exacerbada
7578,1080,4060985,2001-05-10,2001-05-10,38000276,,,0,0,0,0,30797,0,162864005,4060985,,,IMC 30+ - obesidade
7579,1080,0,1980-01-04,1980-01-04,38000276,,,0,0,0,0,30798,0,40055000,257012,,,Sinusite crônica
7580,1081,0,2018-09-06,2018-09-06,38000276,,,0,0,0,0,30811,0,195662009,4112343,,,Faringite viral aguda
7581,1081,0,2017-03-05,2017-03-05,38000276,,,0,0,0,0,30806,0,195662009,4112343,,,Faringite viral aguda
7582,1081,0,2016-06-05,2016-06-05,38000276,,,0,0,0,0,30805,0,65363002,372328,,,Otite média
7583,1082,0,2015-05-23,2015-05-23,38000276,,,0,0,0,0,30822,0,195662009,4112343,,,Faringite viral aguda
7584,1082,0,2013-03-18,2013-03-18,38000276,,,0,0,0,0,30835,0,195662009,4112343,,,Faringite viral aguda
7585,1082,0,2012-06-08,2012-06-08,38000276,,,0,0,0,0,30832,0,195662009,4112343,,,Faringite viral aguda
7586,1083,0,2015-01-28,2015-01-28,38000276,,,0,0,0,0,30849,0,195662009,4112343,,,Faringite viral aguda
7587,1083,0,2014-07-10,2014-07-10,38000276,,,0,0,0,0,30845,0,72892002,4217975,,,Otite média não supurativa
7588,1083,0,2013-11-07,2013-11-07,38000276,,,0,0,0,0,30870,0,72892002,4217975,,,Otite média não supurativa
7589,1083,0,2008-09-19,2008-09-19,38000276,,,0,0,0,0,30858,0,40275004,134438,,,Dermatite de contato
7590,1083,0,2008-07-31,2008-07-31,38000276,,,0,0,0,0,30846,0,72892002,4217975,,,Otite média não supurativa
7591,1084,0,2018-06-01,2018-06-01,38000276,,,0,0,0,0,30893,0,444814009,40481087,,,Infecção viral das vias aéreas superiores
7592,1084,0,2016-03-24,2016-03-24,38000276,,,0,0,0,0,30876,0,43878008,28060,,,Faringite estreptocócica
7593,1084,0,2016-03-11,2016-03-11,38000276,,,0,0,0,0,30879,0,44465007,81151,,,Entorse de tornozelo
7594,1084,0,2015-05-05,2015-05-05,38000276,,,0,0,0,0,30892,0,10509002,260139,,,Bronquite aguda
7595,1084,0,2014-05-23,2014-05-23,38000276,,,0,0,0,0,30874,0,444814009,40481087,,,Infecção viral das vias aéreas superiores
7596,1084,0,2012-03-02,2012-03-02,38000276,,,0,0,0,0,30878,0,16114001,4059173,,,Fratura de tornozelo
7597,1084,0,2010-01-14,2010-01-14,38000276,,,0,0,0,0,30883,0,10509002,260139,,,Bronquite aguda
7598,1085,0,2015-05-21,2015-05-21,38000276,,,0,0,0,0,30923,0,363406005,4180790,,,Neoplasia maligna do cólon
7599,1085,0,2015-05-17,2015-05-17,38000276,,,0,0,0,0,30898,0,713197008,37017023,,,Fibrose cística recorrente
7600,1085,0,2013-12-23,2013-12-23,38000276,,,0,0,0,0,30928,0,68496003,4285898,,,Pólipo do cólon
7601,1085,0,2011-07-03,2011-07-03,38000276,,,0,0,0,0,30924,0,444814009,40481087,,,Infecção viral das vias aéreas superiores
7602,1085,0,2008-01-30,2008-01-30,38000276,,,0,0,0,0,30909,0,444814009,40481087,,,Infecção viral das vias aéreas superiores
7603,1085,0,2005-04-04,2005-04-04,38000276,,,0,0,0,0,30929,0,55822004,432867,,,Hiperlipidemia
7604,1085,4256640,2000-03-27,2000-03-27,38000276,,,0,0,0,0,30900,0,408512008,4256640,,,Alcoolismo relatado pelo paciente
7605,1085,4060985,1980-06-30,1980-06-30,38000276,,,0,0,0,0,30903,0,162864005,4060985,,,IMC 30+ - obesidade
7606,1086,4060985,2016-10-30,2016-10-30,38000276,,,0,0,0,0,30938,0,162864005,4060985,,,IMC 30+ - obesidade
7607,1086,0,2016-10-30,2016-10-30,38000276,,,0,0,0,0,30938,0,55822004,432867,,,Hiperlipidemia
7608,1086,0,2015-08-01,2015-08-01,38000276,,,0,0,0,0,30952,0,43878008,28060,,,Faringite estreptocócica
7609,1086,0,2014-10-11,2014-10-11,38000276,,,0,0,0,0,30993,0,10509002,260139,,,Bronquite aguda
7610,1086,0,2014-08-17,2014-08-17,38000276,,,0,0,0,0,30970,0,72892002,4217975,,,Otite média não supurativa
7611,1086,0,2010-10-18,2010-10-18,38000276,,,0,0,0,0,30999,0,444814009,40481087,,,Infecção viral das vias aéreas superiores
7612,1086,0,2010-03-21,2010-03-21,38000276,,,0,0,0,0,30941,0,403191005,4296205,,,Queimadura solar de segundo grau
7613,1086,0,2010-01-24,2010-01-24,38000276,,,0,0,0,0,30947,0,72892002,4217975,,,Otite média não supurativa
7614,1086,0,2009-03-29,2009-03-29,38000276,,,0,0,0,0,30994,0,72892002,4217975,,,Otite média não supurativa
7615,1086,0,2007-07-22,2007-07-22,38000276,,,0,0,0,0,30959,0,19169002,4078393,,,Aborto espontâneo na gravidez
7616,1086,0,1984-09-02,1984-09-02,38000276,,,0,0,0,0,30955,0,40055000,257012,,,Sinusite crônica
7617,1086,0,2010-04-20,2010-04-20,38000276,,,0,0,0,0,30954,0,55680006,4208104,,,Overdose de droga
7618,1087,0,1993-04-20,1993-04-20,38000276,,,0,0,0,0,31016,0,363406005,4180790,,,Neoplasia maligna do cólon
7619,1087,0,1993-04-12,1993-04-12,38000276,,,0,0,0,0,31010,0,236077008,4341247,,,Prostatite crônica
7620,1087,0,1993-04-12,1993-04-12,38000276,,,0,0,0,0,31010,0,6072007,4245614,,,Prolapso de válvula mitral
7621,1087,4060985,1980-03-23,1980-03-23,38000276,,,0,0,0,0,31022,0,162864005,4060985,,,IMC 30+ - obesidade
7622,1088,0,2012-01-07,2012-01-07,38000276,,,0,0,0,0,31044,0,16114001,4059173,,,Fratura de tornozelo
7623,1088,0,2009-09-10,2009-09-10,38000276,,,0,0,0,0,31047,0,444814009,40481087,,,Infecção viral das vias aéreas superiores
7624,1088,0,2009-07-25,2009-07-25,38000276,,,0,0,0,0,31028,0,55822004,432867,,,Hiperlipidemia
7625,1088,0,1991-04-08,1991-04-08,38000276,,,0,0,0,0,31031,0,40055000,257012,,,Sinusite crônica
7626,1088,4060985,1977-04-23,1977-04-23,38000276,,,0,0,0,0,31034,0,162864005,4060985,,,IMC 30+ - obesidade
7627,1088,0,1971-08-07,1971-08-07,38000276,,,0,0,0,0,31050,0,38341003,316866,,,Hipertensão arterial
7628,1088,0,1988-11-26,1988-11-26,38000276,,,0,0,0,0,31039,0,15777000,40316773,,,Pré-diabetes
7629,1089,0,2018-07-28,2018-07-28,38000276,,,0,0,0,0,31072,0,72892002,4217975,,,Otite média não supurativa
7630,1089,4060985,2015-10-31,2015-10-31,38000276,,,0,0,0,0,31074,0,162864005,4060985,,,IMC 30+ - obesidade
7631,1089,0,2011-10-22,2011-10-22,38000276,,,0,0,0,0,31077,0,38341003,316866,,,Hipertensão arterial
7632,1089,0,2004-06-02,2004-06-02,38000276,,,0,0,0,0,31076,0,192127007,440086,,,Transtorno do espectro autista infantil
7633,1089,0,2002-04-24,2002-04-24,38000276,,,0,0,0,0,31063,0,40055000,257012,,,Sinusite crônica
7634,1090,0,2012-01-10,2012-01-10,38000276,,,0,0,0,0,31115,0,444814009,40481087,,,Infecção viral das vias aéreas superiores
7635,1090,0,2011-01-26,2011-01-26,38000276,,,0,0,0,0,31132,0,62106007,378001,,,Concussão com perda de consciência
7636,1090,0,2010-10-08,2010-10-08,38000276,,,0,0,0,0,31105,0,10509002,260139,,,Bronquite aguda
7637,1090,0,2007-12-19,2007-12-19,38000276,,,0,0,0,0,31141,0,40055000,257012,,,Sinusite crônica
7638,1090,0,2005-08-17,2005-08-17,38000276,,,0,0,0,0,31080,0,367498001,4280726,,,Gripe sazonal
7639,1091,0,2016-06-13,2016-06-13,38000276,,,0,0,0,0,31172,0,195662009,4112343,,,Faringite viral aguda
7640,1091,0,2010-08-19,2010-08-19,38000276,,,0,0,0,0,31166,0,35999006,4262136,,,Cegueira
7641,1091,0,2010-08-19,2010-08-19,38000276,,,0,0,0,0,31166,0,19169002,4078393,,,Aborto espontâneo na gravidez
7642,1091,0,2010-08-19,2010-08-19,38000276,,,0,0,0,0,31166,0,72892002,4217975,,,Otite média não supurativa
7643,1091,0,2009-06-10,2009-06-10,38000276,,,0,0,0,0,31161,0,195662009,4112343,,,Faringite viral aguda
7644,1091,0,2009-05-28,2009-05-28,38000276,,,0,0,0,0,31165,0,284549007,4113008,,,Laceração de mão
7645,1091,0,2003-12-29,2003-12-29,38000276,,,0,0,0,0,31171,0,239873007,4079750,,,Osteoartrite do joelho
7646,1091,4060985,1997-01-30,1997-01-30,38000276,,,0,0,0,0,31162,0,162864005,4060985,,,IMC 30+ - obesidade
7647,1091,0,1996-09-05,1996-09-05,38000276,,,0,0,0,0,31170,0,230690007,381316,,,Acidente vascular cerebral
7648,1092,0,2017-04-17,2017-04-17,38000276,,,0,0,0,0,31186,0,10509002,260139,,,Bronquite aguda
7649,1092,0,2016-03-15,2016-03-15,38000276,,,0,0,0,0,31185,0,195662009,4112343,,,Faringite viral aguda
7650,1092,0,2015-02-05,2015-02-05,38000276,,,0,0,0,0,31184,0,195662009,4112343,,,Faringite viral aguda
7651,1092,0,2014-08-07,2014-08-07,38000276,,,0,0,0,0,31183,0,444814009,40481087,,,Infecção viral das vias aéreas superiores
7652,1093,0,2014-10-01,2014-10-01,38000276,,,0,0,0,0,31205,0,40055000,257012,,,Sinusite crônica
7653,1093,0,2014-09-03,2014-09-03,38000276,,,0,0,0,0,31200,0,75498004,4294548,,,Infecção bacteriana aguda
7654,1093,0,2008-05-01,2008-05-01,38000276,,,0,0,0,0,31199,0,230690007,381316,,,Acidente vascular cerebral
7655,1093,0,1998-01-01,1998-01-01,38000276,,,0,0,0,0,31204,0,15777000,40316773,,,Pré-diabetes
7656,1093,4060985,1982-02-18,1982-02-18,38000276,,,0,0,0,0,31198,0,162864005,4060985,,,IMC 30+ - obesidade
7657,1093,0,1979-09-27,1979-09-27,38000276,,,0,0,0,0,31193,0,19169002,4078393,,,Aborto espontâneo na gravidez
7658,1094,0,2016-11-01,2016-11-01,38000276,,,0,0,0,0,31232,0,444814009,40481087,,,Infecção viral das vias aéreas superiores
7659,1094,0,2014-11-12,2014-11-12,38000276,,,0,0,0,0,31239,0,10509002,260139,,,Bronquite aguda
7660,1094,4324181,2013-01-17,2013-01-17,38000276,,,0,0,0,0,31211,0,429007001,4324181,,,Histórico de infarto
7661,1094,0,2013-01-17,2013-01-17,38000276,,,0,0,0,0,31211,0,410429000,321042,,,Parada cardíaca
7662,1094,4256640,1989-06-15,1989-06-15,38000276,,,0,0,0,0,31243,0,408512008,4256640,,,Alcoolismo relatado pelo paciente
7663,1094,0,1989-06-15,1989-06-15,38000276,,,0,0,0,0,31243,0,55822004,432867,,,Hiperlipidemia
7664,1094,4060985,1973-09-06,1973-09-06,38000276,,,0,0,0,0,31242,0,162864005,4060985,,,IMC 30+ - obesidade
7665,1095,0,2018-09-28,2018-09-28,38000276,,,0,0,0,0,31269,0,87433001,261325,,,Enfisema pulmonar
7666,1095,0,2017-06-30,2017-06-30,38000276,,,0,0,0,0,31291,0,72892002,4217975,,,Otite média não supurativa
7667,1095,0,2015-09-22,2015-09-22,38000276,,,0,0,0,0,31326,0,444814009,40481087,,,Infecção viral das vias aéreas superiores
7668,1095,0,2012-07-13,2012-07-13,38000276,,,0,0,0,0,31331,0,195662009,4112343,,,Faringite viral aguda
7669,1095,0,1999-03-30,1999-03-30,38000276,,,0,0,0,0,31277,0,232353008,4048171,,,Perfuração do tímpano
7670,1095,0,1998-03-30,1998-03-30,38000276,,,0,0,0,0,31301,0,233678006,4051466,,,Asma na infância
7671,1096,0,2018-12-23,2018-12-23,38000276,,,0,0,0,0,31352,0,10509002,260139,,,Bronquite aguda
7672,1096,0,2016-09-17,2016-09-17,38000276,,,0,0,0,0,31354,0,75498004,4294548,,,Infecção bacteriana aguda
7673,1096,0,2015-04-26,2015-04-26,38000276,,,0,0,0,0,31340,0,49436004,313217,,,Fibrilação atrial
7674,1096,0,2013-06-21,2013-06-21,38000276,,,0,0,0,0,31350,0,444814009,40481087,,,Infecção viral das vias aéreas superiores
7675,1096,0,2013-04-06,2013-04-06,38000276,,,0,0,0,0,31359,0,370247008,4156265,,,Lesão facial
7676,1096,0,2011-01-23,2011-01-23,38000276,,,0,0,0,0,31357,0,195662009,4112343,,,Faringite viral aguda
7677,1096,0,2009-05-27,2009-05-27,38000276,,,0,0,0,0,31355,0,62564004,375671,,,Concussão sem perda de consciência
7678,1096,4060985,1997-03-16,1997-03-16,38000276,,,0,0,0,0,31343,0,162864005,4060985,,,IMC 30+ - obesidade
7679,1096,0,1975-03-30,1975-03-30,38000276,,,0,0,0,0,31337,0,38341003,316866,,,Hipertensão arterial
7680,1097,4060985,2017-10-24,2017-10-24,38000276,,,0,0,0,0,31361,0,162864005,4060985,,,IMC 30+ - obesidade
7681,1097,0,2012-05-22,2012-05-22,38000276,,,0,0,0,0,31360,0,444814009,40481087,,,Infecção viral das vias aéreas superiores
7682,1098,0,2006-06-24,2006-06-24,38000276,,,0,0,0,0,31375,0,230690007,381316,,,Acidente vascular cerebral
7683,1098,0,2005-05-21,2005-05-21,38000276,,,0,0,0,0,31378,0,239873007,4079750,,,Osteoartrite do joelho
7684,1098,0,2004-07-22,2004-07-22,38000276,,,0,0,0,0,31380,0,444814009,40481087,,,Infecção viral das vias aéreas superiores
7685,1098,0,2003-06-09,2003-06-09,38000276,,,0,0,0,0,31384,0,444814009,40481087,,,Infecção viral das vias aéreas superiores
7686,1098,0,2001-12-03,2001-12-03,38000276,,,0,0,0,0,31368,0,444814009,40481087,,,Infecção viral das vias aéreas superiores
7687,1098,0,1999-12-16,1999-12-16,38000276,,,0,0,0,0,31364,0,444814009,40481087,,,Infecção viral das vias aéreas superiores
7688,1098,0,1999-08-18,1999-08-18,38000276,,,0,0,0,0,31373,0,10509002,260139,,,Bronquite aguda
7689,1098,4060985,1986-12-20,1986-12-20,38000276,,,0,0,0,0,31369,0,162864005,4060985,,,IMC 30+ - obesidade
7690,1098,0,1967-11-25,1967-11-25,38000276,,,0,0,0,0,31377,0,38341003,316866,,,Hipertensão arterial
7691,1098,0,1957-04-10,1957-04-10,38000276,,,0,0,0,0,31372,0,40055000,257012,,,Sinusite crônica
7692,1099,0,2012-07-02,2012-07-02,38000276,,,0,0,0,0,31387,0,195662009,4112343,,,Faringite viral aguda
7693,1099,0,2012-07-06,2012-07-06,38000276,,,0,0,0,0,31389,0,444814009,40481087,,,Infecção viral das vias aéreas superiores
7694,1099,0,2010-11-20,2010-11-20,38000276,,,0,0,0,0,31391,0,30832001,4149245,,,Ruptura de bainha tendínea
7695,1099,4060985,2010-07-04,2010-07-04,38000276,,,0,0,0,0,31388,0,162864005,4060985,,,IMC 30+ - obesidade
7696,1100,0,1977-08-30,1977-08-30,38000276,,,0,0,0,0,31441,0,195662009,4112343,,,Faringite viral aguda
7697,1100,0,1976-03-30,1976-03-30,38000276,,,0,0,0,0,31401,0,424132000,4310703,,,Carcinoma de células escamosas da pele
7698,1100,0,1976-03-28,1976-03-28,38000276,,,0,0,0,0,31452,0,254637007,4115276,,,Câncer de pulmão não pequenas células
7699,1100,4038238,1976-03-18,1976-03-18,38000276,,,0,0,0,0,31406,0,162573006,4038238,,,Suspeita de abuso de álcool
7700,1100,0,1975-09-23,1975-09-23,38000276,,,0,0,0,0,31430,0,68496003,4285898,,,Pólipo do cólon
7701,1100,0,1973-05-19,1973-05-19,38000276,,,0,0,0,0,31404,0,44465007,81151,,,Entorse de tornozelo
7702,1100,0,1945-01-22,1945-01-22,38000276,,,0,0,0,0,31394,0,15777000,40316773,,,Pré-diabetes
7703,1100,0,1943-09-18,1943-09-18,38000276,,,0,0,0,0,31442,0,201834006,75036,,,Dermatite perioral
7704,1100,4060985,1939-01-16,1939-01-16,38000276,,,0,0,0,0,31414,0,162864005,4060985,,,IMC 30+ - obesidade
7705,1100,0,1929-07-29,1929-07-29,38000276,,,0,0,0,0,31408,0,38341003,316866,,,Hipertensão arterial
7706,1101,4163874,2009-01-01,2009-01-01,38000276,,,0,0,0,0,31460,0,399211009,4163874,,,Histórico de infarto do miocárdio
7707,1101,0,2009-01-01,2009-01-01,38000276,,,0,0,0,0,31460,0,22298006,4329847,,,Infarto do miocárdio
7708,1101,0,2004-01-16,2004-01-16,38000276,,,0,0,0,0,31463,0,444814009,40481087,,,Infecção viral das vias aéreas superiores
7709,1101,0,2003-09-05,2003-09-05,38000276,,,0,0,0,0,31472,0,68496003,4285898,,,Pólipo do cólon
7710,1101,0,2001-03-31,2001-03-31,38000276,,,0,0,0,0,31455,0,195662009,4112343,,,Faringite viral aguda
7711,1101,0,2000-07-23,2000-07-23,38000276,,,0,0,0,0,31462,0,195662009,4112343,,,Faringite viral aguda
7712,1101,0,1999-07-15,1999-07-15,38000276,,,0,0,0,0,31467,0,444814009,40481087,,,Infecção viral das vias aéreas superiores
7713,1101,0,1996-08-24,1996-08-24,38000276,,,0,0,0,0,31457,0,201834006,75036,,,Dermatite perioral
7714,1101,0,1968-01-18,1968-01-18,38000276,,,0,0,0,0,31471,0,15777000,40316773,,,Pré-diabetes
7715,1102,0,2018-08-23,2018-08-23,38000276,,,0,0,0,0,31498,0,195662009,4112343,,,Faringite viral aguda
7716,1102,0,2017-04-15,2017-04-15,38000276,,,0,0,0,0,31499,0,363406005,4180790,,,Neoplasia maligna do cólon
7717,1102,0,2017-04-08,2017-04-08,38000276,,,0,0,0,0,31501,0,236077008,4341247,,,Prostatite crônica
7718,1102,0,2017-04-08,2017-04-08,38000276,,,0,0,0,0,31501,0,6072007,4245614,,,Prolapso de válvula mitral
7719,1102,0,2013-03-13,2013-03-13,38000276,,,0,0,0,0,31480,0,195662009,4112343,,,Faringite viral aguda
7720,1102,0,2012-04-10,2012-04-10,38000276,,,0,0,0,0,31487,0,10509002,260139,,,Bronquite aguda
7721,1102,0,2010-06-12,2010-06-12,38000276,,,0,0,0,0,31491,0,43878008,28060,,,Faringite estreptocócica
7722,1102,0,1968-06-18,1968-06-18,38000276,,,0,0,0,0,31497,0,15777000,40316773,,,Pré-diabetes
7723,1103,0,2013-05-07,2013-05-07,38000276,,,0,0,0,0,31549,0,263102004,4134304,,,Ruptura de menisco
7724,1103,0,2006-07-22,2006-07-22,38000276,,,0,0,0,0,31517,0,53741008,317576,,,Doença arterial coronariana
7725,1103,0,1987-06-13,1987-06-13,38000276,,,0,0,0,0,31512,0,55822004,432867,,,Hiperlipidemia
7726,1103,4060985,1983-06-04,1983-06-04,38000276,,,0,0,0,0,31523,0,162864005,4060985,,,IMC 30+ - obesidade
7727,1103,0,1948-10-30,1948-10-30,38000276,,,0,0,0,0,31519,0,40055000,257012,,,Sinusite crônica
7728,1104,4324181,1995-06-25,1995-06-25,38000276,,,0,0,0,0,31571,0,429007001,4324181,,,Histórico de infarto
7729,1104,0,1995-06-25,1995-06-25,38000276,,,0,0,0,0,31571,0,410429000,321042,,,Parada cardíaca
7730,1104,0,1994-02-15,1994-02-15,38000276,,,0,0,0,0,31554,0,195662009,4112343,,,Faringite viral aguda
7731,1104,4323208,1993-03-08,1993-03-08,38000276,,,0,0,0,0,31568,0,428251008,4323208,,,Histórico de apendicectomia
7732,1104,0,1993-03-08,1993-03-08,38000276,,,0,0,0,0,31555,0,74400008,440448,,,Apendicite
7733,1104,0,1991-12-19,1991-12-19,38000276,,,0,0,0,0,31569,0,33737001,4142905,,,Fratura de rádio
7734,1104,0,1990-11-03,1990-11-03,38000276,,,0,0,0,0,31561,0,39848009,4218389,,,Lesão em chicote do pescoço
7735,1104,0,1990-03-31,1990-03-31,38000276,,,0,0,0,0,31564,0,53741008,317576,,,Doença arterial coronariana
7736,1104,0,1988-12-22,1988-12-22,38000276,,,0,0,0,0,31552,0,444814009,40481087,,,Infecção viral das vias aéreas superiores
7737,1104,0,1988-08-09,1988-08-09,38000276,,,0,0,0,0,31562,0,444814009,40481087,,,Infecção viral das vias aéreas superiores
7738,1105,0,2013-11-07,2013-11-07,38000276,,,0,0,0,0,31579,0,10509002,260139,,,Bronquite aguda
7739,1105,0,2012-02-21,2012-02-21,38000276,,,0,0,0,0,31575,0,43878008,28060,,,Faringite estreptocócica
7740,1105,0,2011-10-31,2011-10-31,38000276,,,0,0,0,0,31581,0,444814009,40481087,,,Infecção viral das vias aéreas superiores
7741,1105,0,1983-03-06,1983-03-06,38000276,,,0,0,0,0,31582,0,239873007,4079750,,,Osteoartrite do joelho
7742,1105,0,1961-05-09,1961-05-09,38000276,,,0,0,0,0,31578,0,38341003,316866,,,Hipertensão arterial
7743,1106,0,2018-02-26,2018-02-26,38000276,,,0,0,0,0,31629,0,307731004,4146173,,,Fibrilação atrial de início recente
7744,1106,0,2011-06-03,2011-06-03,38000276,,,0,0,0,0,31664,0,444814009,40481087,,,Infecção viral das vias aéreas superiores
7745,1106,0,1999-06-27,1999-06-27,38000276,,,0,0,0,0,31634,0,55822004,432867,,,Hiperlipidemia
7746,1106,0,1990-03-27,1990-03-27,38000276,,,0,0,0,0,31612,0,55680006,4208104,,,Overdose de droga
7747,1106,4256640,1985-05-12,1985-05-12,38000276,,,0,0,0,0,31660,0,408512008,4256640,,,Alcoolismo relatado pelo paciente
7748,1106,0,1969-04-20,1969-04-20,38000276,,,0,0,0,0,31607,0,38341003,316866,,,Hipertensão arterial
7749,1106,4060985,1967-04-09,1967-04-09,38000276,,,0,0,0,0,31617,0,162864005,4060985,,,IMC 30+ - obesidade
7750,1107,0,2016-06-22,2016-06-22,38000276,,,0,0,0,0,31682,0,68496003,4285898,,,Pólipo do cólon
7751,1107,0,2014-05-11,2014-05-11,38000276,,,0,0,0,0,31686,0,55822004,432867,,,Hiperlipidemia
7752,1107,0,2013-09-01,2013-09-01,38000276,,,0,0,0,0,31671,0,58150001,4237458,,,Fratura de clavícula
7753,1107,0,2012-04-25,2012-04-25,38000276,,,0,0,0,0,31687,0,195662009,4112343,,,Faringite viral aguda
7754,1107,0,1966-04-10,1966-04-10,38000276,,,0,0,0,0,31692,0,15777000,40316773,,,Pré-diabetes
7755,1107,0,1962-04-01,1962-04-01,38000276,,,0,0,0,0,31678,0,38341003,316866,,,Hipertensão arterial
7756,1108,0,2013-11-16,2013-11-16,38000276,,,0,0,0,0,31717,0,444814009,40481087,,,Infecção viral das vias aéreas superiores
7757,1108,0,2011-10-31,2011-10-31,38000276,,,0,0,0,0,31699,0,271737000,439777,,,Anemia
7758,1108,0,2003-05-22,2003-05-22,38000276,,,0,0,0,0,31710,0,55822004,432867,,,Hiperlipidemia
7759,1108,4256640,2001-05-17,2001-05-17,38000276,,,0,0,0,0,31708,0,408512008,4256640,,,Alcoolismo relatado pelo paciente
7760,1108,0,1997-02-27,1997-02-27,38000276,,,0,0,0,0,31718,0,230690007,381316,,,Acidente vascular cerebral
7761,1108,4060985,1984-03-08,1984-03-08,38000276,,,0,0,0,0,31715,0,162864005,4060985,,,IMC 30+ - obesidade
7762,1108,0,1964-11-20,1964-11-20,38000276,,,0,0,0,0,31702,0,40055000,257012,,,Sinusite crônica
7763,1109,0,2013-01-12,2013-01-12,38000276,,,0,0,0,0,31743,0,444814009,40481087,,,Infecção viral das vias aéreas superiores
7764,1109,0,1995-12-29,1995-12-29,38000276,,,0,0,0,0,31759,0,55822004,432867,,,Hiperlipidemia
7765,1109,0,1990-12-21,1990-12-21,38000276,,,0,0,0,0,31762,0,15777000,40316773,,,Pré-diabetes
7766,1109,0,1985-07-26,1985-07-26,38000276,,,0,0,0,0,31738,0,19169002,4078393,,,Aborto espontâneo na gravidez
7767,1109,4060985,1984-12-14,1984-12-14,38000276,,,0,0,0,0,31755,0,162864005,4060985,,,IMC 30+ - obesidade
7768,1110,0,2017-08-11,2017-08-11,38000276,,,0,0,0,0,31783,0,10509002,260139,,,Bronquite aguda
7769,1110,0,2017-01-04,2017-01-04,38000276,,,0,0,0,0,31773,0,38341003,316866,,,Hipertensão arterial
7770,1110,0,2014-10-30,2014-10-30,38000276,,,0,0,0,0,31776,0,444814009,40481087,,,Infecção viral das vias aéreas superiores
7771,1110,0,2009-08-13,2009-08-13,38000276,,,0,0,0,0,31772,0,65966004,4278672,,,Fratura do fêmur
7772,1111,0,2018-12-17,2018-12-17,38000276,,,0,0,0,0,31800,0,230690007,381316,,,Acidente vascular cerebral
7773,1111,0,2013-07-09,2013-07-09,38000276,,,0,0,0,0,31788,0,195662009,4112343,,,Faringite viral aguda
7774,1111,0,2013-05-20,2013-05-20,38000276,,,0,0,0,0,31791,0,10509002,260139,,,Bronquite aguda
7775,1111,0,2012-09-10,2012-09-10,38000276,,,0,0,0,0,31799,0,49436004,313217,,,Fibrilação atrial
7776,1111,4256640,1984-06-25,1984-06-25,38000276,,,0,0,0,0,31798,0,408512008,4256640,,,Alcoolismo relatado pelo paciente
7777,1111,0,1969-05-08,1969-05-08,38000276,,,0,0,0,0,31789,0,40055000,257012,,,Sinusite crônica
7778,1111,4060985,1963-02-11,1963-02-11,38000276,,,0,0,0,0,31787,0,162864005,4060985,,,IMC 30+ - obesidade
7779,1112,0,2016-11-22,2016-11-22,38000276,,,0,0,0,0,31804,0,444814009,40481087,,,Infecção viral das vias aéreas superiores
7780,1112,0,2016-06-25,2016-06-25,38000276,,,0,0,0,0,31803,0,444814009,40481087,,,Infecção viral das vias aéreas superiores
7781,1112,0,2016-04-26,2016-04-26,38000276,,,0,0,0,0,31809,0,195662009,4112343,,,Faringite viral aguda
7782,1112,0,2015-12-08,2015-12-08,38000276,,,0,0,0,0,31810,0,444814009,40481087,,,Infecção viral das vias aéreas superiores
7783,1112,0,1994-03-02,1994-03-02,38000276,,,0,0,0,0,31812,0,15777000,40316773,,,Pré-diabetes
7784,1112,4324181,1968-07-24,1968-07-24,38000276,,,0,0,0,0,31811,0,429007001,4324181,,,Histórico de infarto
7785,1112,0,1968-07-24,1968-07-24,38000276,,,0,0,0,0,31811,0,410429000,321042,,,Parada cardíaca
7786,1113,0,2017-09-17,2017-09-17,38000276,,,0,0,0,0,31831,0,195662009,4112343,,,Faringite viral aguda
7787,1113,0,2016-07-10,2016-07-10,38000276,,,0,0,0,0,31814,0,10509002,260139,,,Bronquite aguda
7788,1113,0,2014-11-14,2014-11-14,38000276,,,0,0,0,0,31822,0,370247008,4156265,,,Lesão facial
7789,1113,0,2008-08-04,2008-08-04,38000276,,,0,0,0,0,31833,0,127013003,192279,,,Nefropatia diabética
7790,1113,0,2008-08-04,2008-08-04,38000276,,,0,0,0,0,31833,0,431855005,443614,,,Doença renal crônica estágio 1
7791,1113,0,2006-07-31,2006-07-31,38000276,,,0,0,0,0,31837,0,80394007,4214376,,,Hiperglicemia
7792,1113,0,2004-07-26,2004-07-26,38000276,,,0,0,0,0,31825,0,237602007,436940,,,Síndrome metabólica
7793,1113,0,2004-07-26,2004-07-26,38000276,,,0,0,0,0,31825,0,302870006,4120314,,,Hipertrigliceridemia
7794,1113,0,2002-07-22,2002-07-22,38000276,,,0,0,0,0,31835,0,44054006,201826,,,Diabetes mellitus tipo 2
7795,1113,0,1998-06-15,1998-06-15,38000276,,,0,0,0,0,31817,0,15777000,40316773,,,Pré-diabetes
7796,1113,0,1982-05-24,1982-05-24,38000276,,,0,0,0,0,31819,0,38341003,316866,,,Hipertensão arterial
7797,1113,4323208,1965-12-24,1965-12-24,38000276,,,0,0,0,0,31832,0,428251008,4323208,,,Histórico de apendicectomia
7798,1113,0,1965-12-24,1965-12-24,38000276,,,0,0,0,0,31828,0,74400008,440448,,,Apendicite
7799,1114,0,2018-09-04,2018-09-04,38000276,,,0,0,0,0,31847,0,444814009,40481087,,,Infecção viral das vias aéreas superiores
7800,1114,0,2013-12-23,2013-12-23,38000276,,,0,0,0,0,31850,0,10509002,260139,,,Bronquite aguda
7801,1114,0,2013-10-11,2013-10-11,38000276,,,0,0,0,0,31842,0,444814009,40481087,,,Infecção viral das vias aéreas superiores
7802,1114,0,2012-11-05,2012-11-05,38000276,,,0,0,0,0,31853,0,55822004,432867,,,Hiperlipidemia
7803,1114,0,2012-11-02,2012-11-02,38000276,,,0,0,0,0,31853,0,444814009,40481087,,,Infecção viral das vias aéreas superiores
7804,1114,0,2011-10-25,2011-10-25,38000276,,,0,0,0,0,31849,0,284549007,4113008,,,Laceração de mão
7805,1114,4060985,2009-08-03,2009-08-03,38000276,,,0,0,0,0,31843,0,162864005,4060985,,,IMC 30+ - obesidade
7806,1114,0,2003-04-07,2003-04-07,38000276,,,0,0,0,0,31856,0,19169002,4078393,,,Aborto espontâneo na gravidez
7807,1114,0,1990-07-09,1990-07-09,38000276,,,0,0,0,0,31840,0,38341003,316866,,,Hipertensão arterial
7808,1115,0,2018-07-04,2018-07-04,38000276,,,0,0,0,0,31882,0,40055000,257012,,,Sinusite crônica
7809,1115,0,2018-04-18,2018-04-18,38000276,,,0,0,0,0,31863,0,75498004,4294548,,,Infecção bacteriana aguda
7810,1115,0,2014-10-11,2014-10-11,38000276,,,0,0,0,0,31860,0,65363002,372328,,,Otite média
7811,1115,0,2012-12-06,2012-12-06,38000276,,,0,0,0,0,31878,0,65363002,372328,,,Otite média
7812,1116,0,2013-08-27,2013-08-27,38000276,,,0,0,0,0,31913,0,65363002,372328,,,Otite média
7813,1116,0,2012-05-14,2012-05-14,38000276,,,0,0,0,0,31974,0,444814009,40481087,,,Infecção viral das vias aéreas superiores
7814,1116,0,2008-09-17,2008-09-17,38000276,,,0,0,0,0,31916,0,40055000,257012,,,Sinusite crônica
7815,1116,0,2002-06-13,2002-06-13,38000276,,,0,0,0,0,31975,0,233678006,4051466,,,Asma na infância
7816,1116,0,2002-06-13,2002-06-13,38000276,,,0,0,0,0,31975,0,446096008,40486433,,,Esteatose hepática perivenular
7817,1116,45766064,2001-06-06,2001-06-06,38000276,,,0,0,0,0,31915,0,703151001,45766064,,,Histórico de artroplastia de joelho
7818,1116,0,2001-06-06,2001-06-06,38000276,,,0,0,0,0,31915,0,128613002,4029498,,,Transtorno convulsivo
7819,1117,0,2017-10-16,2017-10-16,38000276,,,0,0,0,0,31987,0,55822004,432867,,,Hiperlipidemia
7820,1117,0,2012-08-14,2012-08-14,38000276,,,0,0,0,0,31991,0,301011002,4116491,,,Infecção do trato urinário por E. coli
7821,1117,0,2008-08-25,2008-08-25,38000276,,,0,0,0,0,31986,0,15777000,40316773,,,Pré-diabetes
7822,1117,4060985,2003-09-08,2003-09-08,38000276,,,0,0,0,0,31982,0,162864005,4060985,,,IMC 30+ - obesidade
7823,1118,0,2018-11-22,2018-11-22,38000276,,,0,0,0,0,32006,0,192127007,440086,,,Transtorno do espectro autista infantil
7824,1118,0,2017-05-31,2017-05-31,38000276,,,0,0,0,0,32004,0,44465007,81151,,,Entorse de tornozelo
7825,1118,0,2014-07-19,2014-07-19,38000276,,,0,0,0,0,32001,0,195662009,4112343,,,Faringite viral aguda
7826,1118,0,2013-07-27,2013-07-27,38000276,,,0,0,0,0,32009,0,444814009,40481087,,,Infecção viral das vias aéreas superiores
7827,1118,0,2012-08-31,2012-08-31,38000276,,,0,0,0,0,31997,0,65363002,372328,,,Otite média
7828,1118,0,2011-01-03,2011-01-03,38000276,,,0,0,0,0,32007,0,65363002,372328,,,Otite média
7829,1119,0,2017-10-28,2017-10-28,38000276,,,0,0,0,0,32013,0,43878008,28060,,,Faringite estreptocócica
7830,1119,0,2017-01-15,2017-01-15,38000276,,,0,0,0,0,32033,0,444814009,40481087,,,Infecção viral das vias aéreas superiores
7831,1119,0,2015-10-25,2015-10-25,38000276,,,0,0,0,0,32011,0,370247008,4156265,,,Lesão facial
7832,1119,0,2014-12-01,2014-12-01,38000276,,,0,0,0,0,32023,0,195662009,4112343,,,Faringite viral aguda
7833,1119,4060985,1998-06-27,1998-06-27,38000276,,,0,0,0,0,32012,0,162864005,4060985,,,IMC 30+ - obesidade
7834,1119,0,1996-09-08,1996-09-08,38000276,,,0,0,0,0,32027,0,90560007,440674,,,Gota
7835,1119,0,1978-11-25,1978-11-25,38000276,,,0,0,0,0,32016,0,38341003,316866,,,Hipertensão arterial
7836,1121,4324181,2009-06-08,2009-06-08,38000276,,,0,0,0,0,32046,0,429007001,4324181,,,Histórico de infarto
7837,1121,0,2009-06-08,2009-06-08,38000276,,,0,0,0,0,32046,0,410429000,321042,,,Parada cardíaca
7838,1121,0,2007-10-21,2007-10-21,38000276,,,0,0,0,0,32047,0,443165006,40480160,,,Faringite aguda
7839,1121,0,2007-10-21,2007-10-21,38000276,,,0,0,0,0,32047,0,58150001,4237458,,,Fratura de clavícula
7840,1121,0,2005-11-09,2005-11-09,38000276,,,0,0,0,0,32048,0,44465007,81151,,,Entorse de tornozelo
7841,1121,0,2001-06-04,2001-06-04,38000276,,,0,0,0,0,32068,0,64859006,80502,,,Osteoporose
7842,1121,0,2000-10-09,2000-10-09,38000276,,,0,0,0,0,32041,0,195662009,4112343,,,Faringite viral aguda
7843,1121,0,2000-02-09,2000-02-09,38000276,,,0,0,0,0,32049,0,33737001,4142905,,,Fratura de rádio
7844,1121,0,1997-05-04,1997-05-04,38000276,,,0,0,0,0,32043,0,40055000,257012,,,Sinusite crônica
7845,1121,0,1987-09-14,1987-09-14,38000276,,,0,0,0,0,32107,0,53741008,317576,,,Doença arterial coronariana
7846,1121,0,1977-11-14,1977-11-14,38000276,,,0,0,0,0,32069,0,230690007,381316,,,Acidente vascular cerebral
7847,1121,0,1971-11-29,1971-11-29,38000276,,,0,0,0,0,32063,0,55822004,432867,,,Hiperlipidemia
7848,1121,0,1962-09-13,1962-09-13,38000276,,,0,0,0,0,32066,0,88805009,4229440,,,Cardiomiopatia isquêmica crônica
7849,1121,4060985,1954-12-27,1954-12-27,38000276,,,0,0,0,0,32092,0,162864005,4060985,,,IMC 30+ - obesidade
7850,1121,0,1916-09-24,1916-09-24,38000276,,,0,0,0,0,32053,0,271737000,439777,,,Anemia
7851,1122,0,2018-04-23,2018-04-23,38000276,,,0,0,0,0,32118,0,444814009,40481087,,,Infecção viral das vias aéreas superiores
7852,1123,0,2018-09-17,2018-09-17,38000276,,,0,0,0,0,32125,0,444814009,40481087,,,Infecção viral das vias aéreas superiores
7853,1124,0,2018-12-17,2018-12-17,38000276,,,0,0,0,0,32142,0,195662009,4112343,,,Faringite viral aguda
7854,1124,0,2018-10-19,2018-10-19,38000276,,,0,0,0,0,32178,0,72892002,4217975,,,Otite média não supurativa
7855,1124,0,2017-08-11,2017-08-11,38000276,,,0,0,0,0,32133,0,72892002,4217975,,,Otite média não supurativa
7856,1124,0,2017-01-27,2017-01-27,38000276,,,0,0,0,0,32147,0,398254007,439393,,,Pré-eclâmpsia
7857,1124,0,2016-08-12,2016-08-12,38000276,,,0,0,0,0,32139,0,72892002,4217975,,,Otite média não supurativa
7858,1124,0,2015-07-03,2015-07-03,38000276,,,0,0,0,0,32127,0,72892002,4217975,,,Otite média não supurativa
7859,1124,0,2011-04-12,2011-04-12,38000276,,,0,0,0,0,32172,0,444814009,40481087,,,Infecção viral das vias aéreas superiores
7860,1124,0,2010-11-05,2010-11-05,38000276,,,0,0,0,0,32154,0,72892002,4217975,,,Otite média não supurativa
7861,1124,0,2006-08-04,2006-08-04,38000276,,,0,0,0,0,32160,0,72892002,4217975,,,Otite média não supurativa
7862,1124,0,2006-04-21,2006-04-21,38000276,,,0,0,0,0,32161,0,72892002,4217975,,,Otite média não supurativa
7863,1124,0,1992-12-25,1992-12-25,38000276,,,0,0,0,0,32138,0,53741008,317576,,,Doença arterial coronariana
7864,1125,0,2015-01-27,2015-01-27,38000276,,,0,0,0,0,32183,0,40055000,257012,,,Sinusite crônica
7865,1125,0,2014-12-14,2014-12-14,38000276,,,0,0,0,0,32187,0,43878008,28060,,,Faringite estreptocócica
7866,1125,0,2014-09-23,2014-09-23,38000276,,,0,0,0,0,32191,0,75498004,4294548,,,Infecção bacteriana aguda
7867,1125,0,2014-01-28,2014-01-28,38000276,,,0,0,0,0,32198,0,38341003,316866,,,Hipertensão arterial
7868,1125,0,2010-03-23,2010-03-23,38000276,,,0,0,0,0,32195,0,263102004,4134304,,,Ruptura de menisco
7869,1125,0,2009-02-26,2009-02-26,38000276,,,0,0,0,0,32197,0,16114001,4059173,,,Fratura de tornozelo
7870,1126,0,2015-03-27,2015-03-27,38000276,,,0,0,0,0,32204,0,444814009,40481087,,,Infecção viral das vias aéreas superiores
7871,1126,0,1966-12-25,1966-12-25,38000276,,,0,0,0,0,32211,0,15777000,40316773,,,Pré-diabetes
7872,1127,0,2017-12-21,2017-12-21,38000276,,,0,0,0,0,32215,0,195662009,4112343,,,Faringite viral aguda
7873,1127,0,2015-12-18,2015-12-18,38000276,,,0,0,0,0,32221,0,195662009,4112343,,,Faringite viral aguda
7874,1127,4060985,2012-05-21,2012-05-21,38000276,,,0,0,0,0,32218,0,162864005,4060985,,,IMC 30+ - obesidade
7875,1127,0,2009-06-28,2009-06-28,38000276,,,0,0,0,0,32214,0,444814009,40481087,,,Infecção viral das vias aéreas superiores
7876,1127,0,2009-05-11,2009-05-11,38000276,,,0,0,0,0,32223,0,195662009,4112343,,,Faringite viral aguda
7877,1127,0,2007-07-02,2007-07-02,38000276,,,0,0,0,0,32219,0,40055000,257012,,,Sinusite crônica
7878,1128,0,2013-09-04,2013-09-04,38000276,,,0,0,0,0,32279,0,263102004,4134304,,,Ruptura de menisco
7879,1128,0,2010-12-24,2010-12-24,38000276,,,0,0,0,0,32293,0,230690007,381316,,,Acidente vascular cerebral
7880,1128,0,2010-10-02,2010-10-02,38000276,,,0,0,0,0,32293,0,10509002,260139,,,Bronquite aguda
7881,1128,0,2000-01-21,2000-01-21,38000276,,,0,0,0,0,32304,0,55822004,432867,,,Hiperlipidemia
7882,1128,0,1990-12-30,1990-12-30,38000276,,,0,0,0,0,32234,0,82423001,436096,,,Dor crônica
7883,1128,0,1990-11-16,1990-11-16,38000276,,,0,0,0,0,32275,0,196416002,4055754,,,Esofagite por refluxo
7884,1128,0,1990-02-04,1990-02-04,38000276,,,0,0,0,0,32287,0,124171000119105,43530652,,,Nefropatia diabética crônica
7885,1128,4060985,1971-08-06,1971-08-06,38000276,,,0,0,0,0,32295,0,162864005,4060985,,,IMC 30+ - obesidade
7886,1128,0,1940-08-23,1940-08-23,38000276,,,0,0,0,0,32249,0,38341003,316866,,,Hipertensão arterial
7887,1128,0,1931-03-17,1931-03-17,38000276,,,0,0,0,0,32305,0,40055000,257012,,,Sinusite crônica
7888,1129,0,2017-08-30,2017-08-30,38000276,,,0,0,0,0,32321,0,44465007,81151,,,Entorse de tornozelo
7889,1129,0,2016-01-26,2016-01-26,38000276,,,0,0,0,0,32311,0,195662009,4112343,,,Faringite viral aguda
7890,1129,0,2014-04-20,2014-04-20,38000276,,,0,0,0,0,32308,0,195662009,4112343,,,Faringite viral aguda
7891,1129,0,2011-12-02,2011-12-02,38000276,,,0,0,0,0,32322,0,10509002,260139,,,Bronquite aguda
7892,1129,0,2011-10-10,2011-10-10,38000276,,,0,0,0,0,32314,0,444814009,40481087,,,Infecção viral das vias aéreas superiores
7893,1130,0,2014-11-20,2014-11-20,38000276,,,0,0,0,0,32358,0,10509002,260139,,,Bronquite aguda
7894,1130,0,2014-07-28,2014-07-28,38000276,,,0,0,0,0,32342,0,284551006,4109685,,,Laceração de pé
7895,1130,0,2013-04-21,2013-04-21,38000276,,,0,0,0,0,32354,0,230690007,381316,,,Acidente vascular cerebral
7896,1130,0,2011-09-13,2011-09-13,38000276,,,0,0,0,0,32327,0,444814009,40481087,,,Infecção viral das vias aéreas superiores
7897,1130,0,2000-08-27,2000-08-27,38000276,,,0,0,0,0,32331,0,55822004,432867,,,Hiperlipidemia
7898,1130,4060985,1979-09-23,1979-09-23,38000276,,,0,0,0,0,32339,0,162864005,4060985,,,IMC 30+ - obesidade
7899,1130,0,1966-09-04,1966-09-04,38000276,,,0,0,0,0,32347,0,38341003,316866,,,Hipertensão arterial
