id_periodo_medicamento,id_pessoa,id_conceito_medicamento,data_inicio,data_fim,contagem_exposicoes,dias_intervalo
1,1,1729720,2013-07-05,2013-07-17,1,15903
2,2,1125315,2013-09-05,2013-09-12,1,15960
3,2,1322184,2013-10-02,2013-10-02,1,15980
4,2,1347450,2013-10-02,2013-10-02,1,15980
5,3,739138,1944-01-05,1944-01-05,1,-9493
6,3,1115008,2009-11-28,2010-01-27,1,14636
7,3,1307863,1981-04-24,1981-04-24,1,4131
8,3,1310149,1971-02-26,1971-02-26,1,421
9,3,1315942,1979-04-13,1979-04-13,1,3389
10,3,1322184,2014-05-30,2014-05-30,1,16220
11,3,1326303,1971-02-26,1971-02-26,1,421
12,3,1347450,2014-05-30,2014-05-30,1,16220
13,3,1351541,1979-04-13,1979-04-13,1,3389
14,3,1539403,1989-06-30,2018-06-23,30,17705
15,3,1713332,2014-08-06,2014-08-27,1,16309
16,3,1759842,2014-08-06,2014-08-27,1,16309
17,4,1115008,2013-03-29,2013-05-28,1,15853
18,4,1124957,2013-03-29,2013-06-14,1,15870
19,4,1125315,2013-03-29,2013-06-14,1,15870
20,4,1503297,1999-05-29,1999-05-29,1,10740
21,4,1518198,2008-10-17,2009-10-12,1,14529
22,4,1549786,2008-10-17,2009-10-12,1,14529
23,4,1713332,2011-01-11,2011-01-18,1,14992
24,4,1759842,2011-01-11,2011-01-18,1,14992
25,5,1102527,2009-07-06,2009-08-01,1,14457
26,5,1125315,2009-07-06,2009-09-04,1,14491
27,5,1125315,2011-07-11,2011-07-18,1,15173
28,5,1125315,2015-04-06,2015-06-05,1,16591
29,6,974166,1998-05-17,1998-05-17,1,10363
30,6,1125315,2012-11-30,2012-12-14,1,15688
31,6,1519936,2017-02-22,2018-02-17,1,17579
32,6,1521369,2010-03-21,2011-03-16,1,15049
33,6,1521369,2012-03-10,2013-03-05,1,15769
34,6,1521369,2016-02-28,2017-02-22,1,17219
35,7,1125315,2015-08-23,2015-09-06,1,16684
36,7,1153428,2013-09-15,2013-09-15,1,15963
37,7,1177480,2017-11-10,2018-01-09,1,17540
38,7,1177480,2019-01-04,2019-01-04,1,17900
39,7,1343916,2013-09-15,2013-09-15,1,15963
40,7,1551099,2013-09-02,2013-09-02,1,15950
41,7,1729720,2015-11-23,2015-12-01,1,16770
42,8,1125315,2017-05-16,2017-06-06,1,17323
43,9,1125315,2015-08-13,2015-11-11,1,16750
44,9,1177480,2018-02-28,2018-03-14,1,17604
45,10,738818,2013-12-05,2013-12-19,1,16058
46,10,974166,1968-06-15,1968-06-15,1,-565
47,10,1119510,2013-12-05,2013-12-19,1,16058
48,10,1125315,2013-12-05,2013-12-19,1,16058
49,10,1177480,2013-02-01,2013-03-08,1,15772
50,10,1322184,2009-05-23,2009-05-23,1,14387
51,10,1347450,2009-05-23,2009-05-23,1,14387
52,11,1115008,2012-12-31,2012-12-31,1,15705
53,12,974166,1926-10-18,1926-10-18,1,-15781
54,12,1102527,1948-11-06,1990-02-07,1,7342
55,12,1115008,1966-08-03,1966-08-03,1,-1247
56,13,1519936,2010-09-30,2011-09-25,1,15242
57,13,1521369,2008-10-10,2009-10-05,1,14522
58,13,1713332,2011-11-05,2011-11-19,1,15297
59,13,1759842,2011-11-05,2011-11-19,1,15297
60,14,738818,2006-07-07,2006-07-14,1,13343
61,14,1115008,2005-11-13,2005-11-13,1,13100
62,14,1119510,2006-07-07,2006-07-14,1,13343
63,14,1125315,2006-07-07,2006-07-14,1,13343
64,15,1125315,2013-03-11,2013-03-25,1,15789
65,15,1125315,2015-05-02,2015-05-16,1,16571
66,15,1125315,2016-12-20,2017-01-03,1,17169
67,15,1125315,2017-12-29,2018-01-28,1,17559
68,15,1713332,2016-05-22,2016-05-29,1,16950
69,15,1759842,2016-05-22,2016-05-29,1,16950
70,15,1778162,2016-12-20,2017-01-03,1,17169
71,16,920293,2009-08-27,2009-09-03,1,14490
72,16,933724,2009-08-27,2009-09-03,1,14490
73,16,974166,1999-08-01,1999-08-01,1,10804
74,16,1125315,2014-01-16,2014-01-30,1,16100
75,16,1500211,2017-07-30,2018-06-03,1,17685
76,16,1518198,2015-05-06,2016-09-11,2,17055
77,16,1519936,2014-05-11,2015-05-06,1,16561
78,16,1549786,2015-05-06,2016-09-11,2,17055
79,16,1713332,2010-05-03,2010-05-24,1,14753
80,16,1759842,2010-05-03,2010-05-24,1,14753
81,17,1125315,2014-07-15,2014-07-29,1,16280
82,17,1177480,2009-11-24,2009-12-08,1,14586
83,17,1539403,2014-04-26,2018-04-25,5,17646
84,18,974166,1978-06-19,1978-06-19,1,3091
85,18,1125315,2012-09-12,2012-09-26,1,15609
86,19,1115008,2015-01-02,2015-02-01,1,16467
87,19,1539403,1996-02-09,2018-02-03,23,17565
88,19,1557272,2010-08-13,2010-08-13,1,14834
89,19,1729720,2014-01-26,2014-02-02,1,16103
90,20,1115008,2000-08-01,2000-08-22,1,11191
91,20,1115008,2014-03-12,2014-03-26,1,16155
92,20,1115008,2018-12-30,2018-12-30,1,17895
93,20,1125315,2018-01-02,2018-01-09,1,17540
94,21,1115008,2010-01-09,2010-02-13,1,14653
95,21,1125315,2012-02-17,2012-03-18,1,15417
96,21,1125315,2013-01-12,2013-01-19,1,15724
97,21,1177480,2011-02-08,2011-02-22,1,15027
98,21,1177480,2017-02-20,2017-03-13,1,17238
99,21,1557272,2002-01-31,2002-01-31,1,11718
100,22,1125315,2018-06-11,2018-06-25,1,17707
101,23,755695,2004-08-05,2004-08-05,1,12635
102,23,974166,2003-06-30,2003-06-30,1,12233
103,23,1115008,2011-08-26,2011-09-30,1,15247
104,23,1177480,2009-01-17,2009-02-07,1,14282
105,23,1713332,2012-07-23,2012-08-06,1,15558
106,23,1713332,2018-10-29,2018-11-19,1,17854
107,23,1729720,2017-02-08,2017-02-16,1,17213
108,23,1759842,2012-07-23,2012-08-06,1,15558
109,23,1759842,2018-10-29,2018-11-19,1,17854
110,24,738818,2011-01-11,2011-01-18,1,14992
111,24,920293,2013-08-24,2013-08-31,1,15948
112,24,933724,2013-08-24,2013-08-31,1,15948
113,24,1119510,2011-01-11,2011-01-18,1,14992
114,24,1124957,2016-12-07,2016-12-14,1,17149
115,24,1125315,2011-01-11,2011-01-18,1,14992
116,24,1519936,2010-09-28,2011-09-23,1,15240
117,24,1521369,2014-09-13,2015-09-08,1,16686
118,24,1589505,2011-09-23,2012-09-23,1,15606
119,25,1557272,1995-02-02,1995-02-02,1,9163
120,26,1713332,2012-08-20,2012-09-10,1,15593
121,26,1713332,2018-07-17,2018-07-24,1,17736
122,26,1729720,2014-05-06,2014-05-17,1,16207
123,26,1759842,2012-08-20,2012-09-10,1,15593
124,26,1759842,2018-07-17,2018-07-24,1,17736
125,27,1124957,1981-09-13,1981-09-13,1,4273
126,27,1125315,1981-09-13,1981-09-13,1,4273
127,27,1125315,1989-08-27,1989-08-27,1,7178
128,27,1174888,1989-08-27,1989-08-27,1,7178
129,27,1177480,1981-09-06,1981-11-12,1,4333
130,27,1361711,1971-07-18,1989-08-27,1,7178
131,28,1150770,1982-01-24,1982-01-24,1,4406
132,28,1713332,2011-07-28,2011-08-11,1,15197
133,28,1759842,2011-07-28,2011-08-11,1,15197
134,29,1125315,2018-07-12,2018-07-26,1,17738
135,29,1778162,2018-07-12,2018-07-26,1,17738
136,30,1125315,2009-04-17,2009-05-01,1,14365
137,30,1125315,2016-08-01,2016-08-15,1,17028
138,31,1124957,2018-03-09,2018-04-06,1,17627
139,31,1125315,2018-03-09,2018-04-06,1,17627
140,31,1512674,2013-09-24,2014-09-19,1,16332
141,31,1521369,2018-08-29,2018-08-29,1,17772
142,31,1548195,2012-09-29,2013-09-24,1,15972
143,31,1548195,2015-09-14,2016-09-08,1,17052
144,31,1549786,2013-09-24,2014-09-19,1,16332
145,31,1549786,2016-09-08,2017-09-03,1,17412
146,31,1589505,2016-09-08,2017-09-03,1,17412
147,31,1729720,2010-02-16,2010-02-26,1,14666
148,31,19054876,2012-09-29,2013-09-24,1,15972
149,31,19054876,2015-09-14,2016-09-08,1,17052
150,31,19127890,2012-09-29,2014-09-19,2,16332
151,31,19127890,2015-09-14,2016-09-08,1,17052
152,32,974166,1989-02-15,1989-02-15,1,6985
153,32,1115008,2016-03-14,2016-06-12,1,16964
154,32,1124957,2009-05-06,2009-05-19,1,14383
155,32,1124957,2016-03-14,2016-03-27,1,16887
156,32,1125315,2009-05-06,2009-05-20,2,14384
157,32,1125315,2016-03-14,2016-03-27,1,16887
158,32,1125315,2017-01-20,2017-02-03,1,17200
159,32,1713332,2009-05-06,2009-05-20,1,14384
160,33,1125315,2014-07-26,2014-08-23,1,16305
161,33,1177480,2018-05-04,2018-06-08,1,17690
162,33,1307863,2016-12-31,2016-12-31,1,17166
163,33,1310149,2016-12-31,2016-12-31,1,17166
164,33,1326303,2016-12-31,2016-12-31,1,17166
165,34,1125315,2011-04-03,2011-04-10,1,15074
166,34,1512674,2018-03-06,2018-03-06,1,17596
167,34,1549786,2018-03-06,2018-03-06,1,17596
168,34,19127890,2018-03-06,2018-03-06,1,17596
169,35,738818,2010-07-14,2010-07-28,1,14818
170,35,1107830,2001-09-09,2001-09-09,1,11574
171,35,1115008,2016-03-07,2016-03-28,1,16888
172,35,1119510,2010-07-14,2010-07-28,1,14818
173,35,1125315,2010-07-14,2010-07-28,1,14818
174,35,1343916,2001-09-09,2001-09-09,1,11574
175,35,1551099,2017-05-01,2017-05-01,1,17287
176,36,1125315,2014-01-30,2014-01-30,1,16100
177,36,1174888,2014-01-30,2014-01-30,1,16100
178,36,1322184,1997-05-29,2014-01-30,1,16100
179,36,1332418,1994-05-12,1994-05-12,1,8897
180,36,1361711,1982-06-24,2014-01-30,1,16100
181,36,1512674,2003-05-06,2004-04-30,1,12538
182,36,1515774,2004-04-30,2005-04-25,1,12898
183,36,1539403,1991-07-18,1991-07-18,1,7868
184,36,1545958,2014-01-30,2014-01-30,1,16100
185,36,1549786,2003-05-06,2005-04-25,2,12898
186,36,19127890,2003-05-06,2005-04-25,2,12898
187,37,738818,2011-08-18,2011-09-01,1,15218
188,37,1119510,2011-08-18,2011-09-01,1,15218
189,37,1125315,2011-08-18,2011-09-01,1,15218
190,38,974166,1978-10-17,1978-10-17,1,3211
191,38,1115008,2018-03-28,2018-04-27,1,17648
192,38,1124957,2018-03-28,2018-05-22,1,17673
193,38,1125315,2015-10-17,2015-10-31,1,16739
194,38,1125315,2018-03-28,2018-05-22,1,17673
195,38,1177480,2014-08-25,2014-09-15,1,16328
196,38,1519936,2009-05-14,2010-05-09,1,14738
197,38,1521369,2008-05-19,2009-05-14,1,14378
198,38,1549786,2009-05-14,2010-05-09,1,14738
199,39,1125315,2014-06-23,2014-07-07,1,16258
200,40,1102527,2018-12-14,2018-12-14,1,17879
201,40,1125315,2014-11-14,2014-12-05,1,16409
202,40,1177480,2010-02-24,2010-03-10,1,14678
203,40,1177480,2018-12-14,2018-12-28,1,17893
204,40,1713332,2018-12-14,2018-12-28,1,17893
205,41,1192710,1969-05-19,1969-05-19,1,-227
206,41,1396131,2011-04-18,2011-04-18,1,15082
207,42,1115008,1995-06-01,1995-06-22,1,9303
208,42,1115008,2018-03-12,2018-03-12,1,17602
209,42,1519936,2008-09-30,2009-09-25,1,14512
210,42,1519936,2010-09-20,2012-09-09,2,15592
211,42,1548195,2012-09-09,2013-09-04,1,15952
212,42,1549786,2008-09-30,2009-09-25,1,14512
213,42,1713332,2010-02-25,2010-03-18,1,14686
214,42,1713332,2013-04-07,2013-04-14,1,15809
215,42,1759842,2010-02-25,2010-03-18,1,14686
216,42,1759842,2013-04-07,2013-04-14,1,15809
217,42,19054876,2012-09-09,2013-09-04,1,15952
218,42,19127890,2012-09-09,2013-09-04,1,15952
219,43,1177480,2013-08-27,2013-09-17,1,15965
220,44,1177480,2012-08-24,2012-09-07,1,15590
221,44,1729720,2017-07-01,2017-07-13,1,17360
222,44,1778162,2012-08-24,2012-09-07,1,15590
223,45,1115008,2014-10-18,2014-11-08,1,16382
224,45,1125315,2017-07-25,2017-08-15,1,17393
225,45,1137529,1994-12-11,1994-12-11,1,9110
226,45,1149380,1994-12-11,1994-12-11,1,9110
227,46,718583,1951-09-10,1951-09-10,1,-6688
228,46,1112807,1988-07-08,1988-08-12,1,6798
229,46,1315942,1990-08-28,1990-08-28,1,7544
230,46,1350504,1993-04-04,1995-03-25,31,8494
231,46,1351541,1990-08-28,1990-08-28,1,7544
232,46,1397599,1993-04-04,1995-03-25,31,8494
233,47,974166,1978-07-27,1978-07-27,1,3129
234,47,1539403,2015-07-23,2018-07-22,4,17734
235,48,738818,2011-01-02,2011-01-16,1,14990
236,48,1119510,2011-01-02,2011-01-16,1,14990
237,48,1124957,2015-07-03,2015-08-14,1,16661
238,48,1124957,2015-10-11,2015-10-18,1,16726
239,48,1124957,2015-12-17,2015-12-24,1,16793
240,48,1124957,2016-03-23,2016-04-06,1,16897
241,48,1125315,2011-01-02,2011-01-16,1,14990
242,48,1125315,2015-04-27,2015-05-04,1,16559
243,48,1125315,2015-07-03,2015-08-14,1,16661
244,48,1125315,2016-03-23,2016-04-06,1,16897
245,48,1125315,2017-05-19,2017-06-02,1,17319
246,48,1174888,2015-04-27,2015-05-04,1,16559
247,49,1115008,1996-12-12,1996-12-26,1,9856
248,49,1124957,1994-11-09,1995-03-10,2,9169
249,49,1124957,1995-10-27,1995-11-03,1,9437
250,49,1125315,1994-04-28,1994-08-11,1,8988
251,49,1125315,1994-11-09,1995-03-10,2,9169
252,49,1125315,1995-05-09,1995-05-30,1,9280
253,49,1125315,1995-10-27,1995-11-03,1,9437
254,49,1125315,1996-02-01,1996-02-22,1,9548
255,49,1174888,1994-04-28,1994-08-11,1,8988
256,49,1174888,1995-05-09,1995-05-30,1,9280
257,49,1174888,1996-02-01,1996-02-22,1,9548
258,49,1729720,1995-07-21,1995-08-02,1,9344
259,49,1768849,1996-12-12,1996-12-26,1,9856
260,50,738818,2011-05-31,2011-06-07,1,15132
261,50,974166,2011-10-25,2011-10-25,1,15272
262,50,1119510,2011-05-31,2011-06-07,1,15132
263,50,1125315,2011-05-31,2011-06-07,1,15132
264,50,1125315,2017-08-25,2017-09-08,1,17417
265,50,1177480,2014-01-11,2014-02-01,1,16102
266,51,1107830,1995-03-03,1995-03-03,1,9192
267,51,1343916,1995-03-13,1995-03-13,1,9202
268,51,1521369,2013-09-17,2014-09-12,1,16325
269,51,1548195,2010-01-17,2011-01-12,1,14986
270,51,1549786,2016-09-01,2017-08-27,1,17405
271,51,1549786,2018-08-22,2018-08-22,1,17765
272,51,1589505,2016-09-01,2017-08-27,1,17405
273,51,1589505,2018-08-22,2018-08-22,1,17765
274,51,19054876,2010-01-17,2011-01-12,1,14986
275,51,19127890,2010-01-17,2011-01-12,1,14986
276,51,19127890,2016-09-01,2017-08-27,1,17405
277,52,974166,2004-12-15,2004-12-15,1,12767
278,52,1500211,2011-03-21,2012-03-15,1,15414
279,52,1519936,2008-04-05,2009-03-31,1,14334
280,52,1521369,2009-03-31,2011-03-21,2,15054
281,52,1521369,2014-07-02,2015-06-27,1,16613
282,52,1549786,2008-04-05,2009-03-31,1,14334
283,52,1713332,2015-03-21,2015-03-28,1,16522
284,52,1759842,2015-03-21,2015-03-28,1,16522
285,53,974166,1962-05-29,1962-05-29,1,-2774
286,53,1115008,2017-05-03,2017-05-17,1,17303
287,54,1125315,2015-06-17,2015-09-15,1,16693
288,54,1125315,2018-10-04,2018-11-03,1,17838
289,54,1177480,2016-09-09,2016-10-14,1,17088
290,55,738818,2018-06-06,2018-06-20,1,17702
291,55,1119510,2018-06-06,2018-06-20,1,17702
292,55,1125315,2015-08-30,2015-09-13,1,16691
293,55,1125315,2018-06-06,2018-06-20,1,17702
294,55,1125315,2018-08-22,2018-09-05,1,17779
295,55,1177480,2013-12-27,2014-01-10,1,16080
296,55,1713332,2015-08-30,2015-09-13,1,16691
297,55,1713332,2017-03-20,2017-04-03,1,17259
298,55,1713332,2018-08-22,2018-09-05,1,17779
299,55,1759842,2017-03-20,2017-04-03,1,17259
300,55,1778162,2013-12-27,2014-01-10,1,16080
301,56,1125315,2012-11-18,2012-12-02,1,15676
302,56,1521369,2018-04-01,2018-04-01,1,17622
303,56,1549786,2016-04-11,2017-04-06,1,17262
304,56,1589505,2016-04-11,2017-04-06,1,17262
305,57,920293,2018-07-28,2018-08-04,1,17747
306,57,933724,2018-07-28,2018-08-04,1,17747
307,57,1177480,2009-07-24,2009-08-28,1,14484
308,57,1500211,2009-07-04,2010-06-29,1,14789
309,57,1515774,2010-06-29,2011-06-24,1,15149
310,57,1521369,2012-06-18,2013-06-13,1,15869
311,57,1521369,2014-06-08,2015-06-03,1,16589
312,57,1549786,2010-06-29,2011-06-24,1,15149
313,57,19127890,2010-06-29,2011-06-24,1,15149
314,58,1115008,2010-11-17,2010-12-08,1,14951
315,58,1515774,2009-06-14,2010-06-09,1,14769
316,58,1548195,2010-06-09,2011-06-04,1,15129
317,58,1548195,2016-05-08,2017-05-03,1,17289
318,58,1549786,2009-06-14,2010-06-09,1,14769
319,58,1549786,2011-06-04,2012-05-29,1,15489
320,58,1589505,2011-06-04,2012-05-29,1,15489
321,58,1589505,2018-04-28,2018-04-28,1,17649
322,58,19054876,2010-06-09,2011-06-04,1,15129
323,58,19054876,2016-05-08,2017-05-03,1,17289
324,58,19127890,2009-06-14,2011-06-04,2,15129
325,58,19127890,2016-05-08,2017-05-03,1,17289
326,59,738818,2017-11-19,2017-11-26,1,17496
327,59,1119510,2017-11-19,2017-11-26,1,17496
328,59,1125315,2017-11-19,2017-11-26,1,17496
329,60,1125315,2010-02-14,2010-02-28,1,14668
330,60,1125315,2012-09-19,2012-09-26,1,15609
331,60,1557272,2010-02-20,2010-02-20,1,14660
332,61,974166,1994-02-02,1994-02-02,1,8798
333,61,1500211,2011-10-31,2012-10-25,1,15638
334,61,1519936,2014-10-15,2015-10-10,1,16718
335,61,1521369,2008-11-15,2009-11-10,1,14558
336,61,1521369,2010-11-05,2011-10-31,1,15278
337,61,1521369,2012-10-25,2014-10-15,2,16358
338,61,1521369,2017-06-28,2018-06-23,1,17705
339,61,1549786,2014-10-15,2015-10-10,1,16718
340,61,1589505,2015-10-10,2016-08-10,1,17023
341,61,1729720,2018-02-02,2018-02-12,1,17574
342,62,1107830,2006-08-04,2006-08-04,1,13364
343,62,1125315,2009-10-29,2009-11-12,1,14560
344,62,1177480,2009-06-06,2009-06-20,1,14415
345,62,1343916,2006-08-04,2006-08-04,1,13364
346,62,1551099,2010-04-03,2010-04-03,1,14702
347,62,1729720,2014-07-11,2014-07-21,1,16272
348,62,1778162,2009-06-06,2009-06-20,1,14415
349,62,1778162,2009-10-29,2009-11-12,1,14560
350,63,1124957,1945-10-14,1945-10-14,1,-8845
351,63,1125315,1945-10-14,1945-10-14,1,-8845
352,63,1125315,1984-03-15,1984-04-05,1,5208
353,65,920293,2005-09-24,2005-10-01,1,13057
354,65,920293,2009-10-26,2009-11-09,2,14557
355,65,933724,2005-09-24,2005-10-01,1,13057
356,65,933724,2009-10-26,2009-11-09,1,14557
357,65,1125315,2006-06-24,2006-07-08,1,13337
358,65,1177480,2010-12-09,2011-01-13,1,14987
359,65,1515774,2001-11-25,2002-11-20,1,12011
360,65,1549786,2001-11-25,2002-11-20,1,12011
361,65,19127890,2001-11-25,2002-11-20,1,12011
362,66,1125315,2016-05-13,2016-06-23,2,16975
363,66,1174888,2016-05-13,2016-06-23,1,16975
364,66,1177480,2009-09-17,2009-12-16,1,14594
365,67,1125315,2017-02-26,2017-04-02,1,17258
366,67,1518198,2016-05-10,2017-05-05,1,17291
367,67,1519936,2012-01-18,2013-01-12,1,15717
368,67,1521369,2013-05-22,2014-05-17,1,16207
369,67,1549786,2012-01-18,2013-01-12,1,15717
370,67,1549786,2016-05-10,2017-05-05,1,17291
371,69,974166,1981-06-28,1981-06-28,1,4196
372,69,1125315,2014-08-25,2014-09-08,1,16321
373,70,1102527,2017-05-20,2017-06-11,1,17328
374,70,1125315,2012-07-06,2012-08-12,2,15564
375,70,1174888,2012-07-13,2012-07-30,1,15551
376,71,1177480,2017-12-30,2018-01-13,1,17544
377,71,1177480,2018-09-11,2018-09-25,1,17799
378,71,1713332,2017-12-30,2018-01-13,1,17544
379,71,1713332,2018-09-11,2018-09-25,1,17799
380,72,1713332,2016-03-24,2016-03-31,1,16891
381,72,1759842,2016-03-24,2016-03-31,1,16891
382,73,1125315,2010-02-11,2010-02-25,1,14665
383,73,1729720,2010-03-14,2010-03-22,1,14690
384,74,701322,2014-12-03,2014-12-03,1,16407
385,74,757627,2014-01-07,2014-01-07,1,16077
386,74,1102527,2009-02-28,2009-03-21,1,14324
387,74,1115008,2009-02-28,2009-04-29,1,14363
388,74,1125315,2013-08-23,2013-09-06,1,15954
389,74,1322184,2017-12-19,2017-12-19,1,17519
390,74,1332418,2017-12-19,2017-12-19,1,17519
391,74,1361711,2017-12-19,2017-12-19,1,17519
392,74,1539403,2017-12-19,2017-12-19,1,17519
393,74,1713332,2010-12-02,2010-12-23,1,14966
394,74,1759842,2010-12-02,2010-12-23,1,14966
395,75,1153428,2009-11-20,2009-11-20,1,14568
396,75,1177480,2011-04-30,2011-05-14,1,15108
397,75,1177480,2014-01-05,2014-01-19,1,16089
398,75,1343916,2009-11-20,2009-11-20,1,14568
399,75,1551099,2009-11-06,2009-11-06,1,14554
400,75,1551099,2011-04-01,2011-04-01,1,15065
401,75,1713332,2014-01-05,2014-01-19,1,16089
402,75,1729720,2010-04-08,2010-04-17,1,14716
403,75,1729720,2015-03-25,2015-04-06,1,16531
404,75,1778162,2011-04-30,2011-05-14,1,15108
405,76,956874,1994-09-12,1994-09-12,1,9020
406,76,1115008,1997-08-21,2015-09-16,1,16694
407,76,1125315,2009-11-25,2009-12-02,1,14580
408,76,1307046,1994-09-12,1994-09-12,1,9020
409,76,1503297,1986-09-10,1986-09-10,1,6096
410,76,1539403,2002-12-04,2018-11-30,17,17865
411,76,1713332,2011-08-28,2011-09-11,1,15228
412,76,1759842,2011-08-28,2011-09-11,1,15228
413,78,1501700,2016-05-05,2016-05-05,1,16926
414,79,1124957,2010-05-16,2010-07-16,1,14806
415,79,1125315,2010-05-09,2010-07-16,2,14806
416,79,1125315,2015-03-09,2015-03-16,1,16510
417,79,1500211,2010-04-22,2012-04-11,2,15441
418,79,1515774,2013-04-06,2014-04-01,1,16161
419,79,1515774,2015-03-27,2016-03-21,1,16881
420,79,1519936,2014-04-01,2015-03-27,1,16521
421,79,1521369,2009-04-27,2010-04-22,1,14721
422,79,1549786,2009-04-27,2010-04-22,1,14721
423,79,1549786,2013-04-06,2014-04-01,1,16161
424,79,1549786,2015-03-27,2016-03-21,1,16881
425,79,1595799,2009-04-27,2010-04-22,1,14721
426,79,19127890,2013-04-06,2014-04-01,1,16161
427,79,19127890,2015-03-27,2016-03-21,1,16881
428,80,920293,2013-07-05,2013-07-12,1,15898
429,80,933724,2013-07-05,2013-07-12,1,15898
430,80,1125315,2013-06-26,2013-07-10,1,15896
431,80,1521369,2010-01-06,2011-12-27,2,15335
432,80,1521369,2012-12-21,2013-12-16,1,16055
433,80,1521369,2015-12-19,2016-12-13,1,17148
434,80,1589505,2014-12-20,2015-12-19,1,16788
435,81,1125315,2002-12-03,2003-01-07,1,12059
436,81,1137529,1986-04-10,1986-04-10,1,5943
437,81,1149380,1986-04-10,1986-04-10,1,5943
438,81,1539403,1994-04-21,2008-04-17,15,13986
439,82,974166,1978-03-28,1978-03-28,1,3008
440,82,1125315,2015-06-13,2015-06-20,1,16606
441,82,1318011,1993-02-08,1993-02-08,1,8439
442,82,1388796,1993-02-08,1993-02-08,1,8439
443,82,1503297,1978-03-28,1978-03-28,1,3008
444,82,1539403,1999-06-29,2018-06-24,20,17706
445,82,1557272,2002-06-25,2002-06-25,1,11863
446,82,40170911,1983-04-05,2011-08-16,1,15202
447,82,40170911,2012-08-21,2013-08-27,1,15944
448,82,40170911,2014-09-02,2015-09-08,1,16686
449,83,1125315,2010-06-27,2010-07-04,1,14794
450,83,1125315,2017-12-31,2018-01-21,1,17552
451,84,920293,2017-10-12,2017-10-26,2,17465
452,84,933724,2017-10-12,2017-10-26,1,17465
453,84,974166,1993-07-05,1993-07-05,1,8586
454,84,1125315,2014-11-23,2014-11-30,1,16404
455,84,1149380,1977-09-29,1977-09-29,1,2828
456,84,1154343,1977-09-29,1977-09-29,1,2828
457,84,1192710,1979-10-13,1979-10-13,1,3572
458,84,1539403,2018-10-29,2018-10-29,1,17833
459,85,1125315,2018-03-25,2018-04-01,1,17622
460,85,1729720,2013-09-01,2013-09-09,1,15957
461,85,1729720,2013-11-12,2013-11-19,1,16028
462,86,1112807,1969-11-20,1969-12-04,1,-28
463,86,1112807,1971-02-26,1971-03-12,1,435
464,86,1717327,1971-02-26,1971-03-12,1,435
465,86,1738521,1969-11-20,1969-12-04,1,-28
466,87,1177480,2018-03-30,2018-04-20,1,17641
467,87,1500211,2013-06-13,2014-06-08,1,16229
468,87,1515774,2008-08-13,2009-08-08,1,14464
469,87,1518198,2011-06-20,2012-06-14,1,15505
470,87,1518198,2018-05-18,2018-05-18,1,17669
471,87,1521369,2016-05-28,2018-05-18,2,17669
472,87,1549786,2008-08-13,2009-08-08,1,14464
473,87,1549786,2011-06-20,2012-06-14,1,15505
474,87,1549786,2018-05-18,2018-05-18,1,17669
475,87,1729720,2013-09-02,2013-09-09,1,15957
476,87,19127890,2008-08-13,2009-08-08,1,14464
477,88,974166,2005-07-05,2009-07-14,2,14439
478,88,1102527,2013-03-24,2013-04-26,1,15821
479,88,1115008,2013-03-17,2013-05-23,1,15848
480,88,1125315,2017-01-05,2017-01-12,1,17178
481,88,1137529,2015-07-21,2015-07-21,1,16637
482,88,1149380,2015-07-21,2015-07-21,1,16637
483,88,1521369,2004-04-22,2005-04-17,1,12890
484,88,1521369,2010-03-22,2013-03-06,3,15770
485,88,1521369,2016-05-31,2017-05-26,1,17312
486,88,1521369,2018-05-21,2018-05-21,1,17672
487,88,1713332,2009-11-20,2009-12-11,1,14589
488,88,1759842,2009-11-20,2009-12-11,1,14589
489,89,920293,2018-10-24,2018-11-07,2,17842
490,89,933724,2018-10-24,2018-11-07,1,17842
491,89,1115008,2009-09-12,2009-09-12,1,14499
492,89,1149380,1964-09-30,1964-09-30,1,-1919
493,89,1154343,1964-09-30,1964-09-30,1,-1919
494,89,1177480,2009-11-12,2009-12-17,1,14595
495,89,1318011,2016-10-20,2016-10-20,1,17094
496,89,1388796,2016-10-20,2016-10-20,1,17094
497,89,1521369,2009-02-08,2010-02-03,1,14643
498,90,738818,2013-11-08,2013-11-15,1,16024
499,90,920293,2012-05-05,2012-05-12,1,15472
500,90,933724,2012-05-05,2012-05-12,1,15472
501,90,974166,1987-04-04,1987-04-04,1,6302
502,90,1119510,2013-11-08,2013-11-15,1,16024
503,90,1125315,2013-11-08,2013-11-15,1,16024
504,90,1322184,2017-11-25,2017-11-25,1,17495
505,90,1332418,2017-11-25,2017-11-25,1,17495
506,90,1361711,2017-11-25,2017-11-25,1,17495
507,90,1500211,2013-02-26,2014-02-21,1,16122
508,90,1500211,2015-02-16,2016-02-11,1,16842
509,90,1500211,2017-02-05,2018-01-31,1,17562
510,90,1503297,2015-11-21,2015-11-21,1,16760
511,90,1519936,2016-02-11,2017-02-05,1,17202
512,90,1521369,2008-03-18,2012-02-26,4,15396
513,90,1521369,2018-01-31,2018-01-31,1,17562
514,90,1539403,2017-11-25,2017-11-25,1,17495
515,90,1589505,2012-02-26,2013-02-26,1,15762
516,90,40170911,2015-11-21,2015-11-21,1,16760
517,91,1125315,2013-04-20,2013-05-04,1,15829
518,94,956874,2003-02-27,2003-02-27,1,12110
519,94,974166,1953-12-18,1953-12-18,1,-5858
520,94,1125315,2002-09-12,2002-09-26,1,11956
521,94,1125315,2003-05-23,2003-05-23,1,12195
522,94,1174888,2003-05-23,2003-05-23,1,12195
523,94,1307046,2003-02-27,2003-02-27,1,12110
524,94,1322184,2002-09-20,2003-05-23,1,12195
525,94,1332418,2002-09-20,2002-09-20,1,11950
526,94,1361711,2002-09-20,2003-05-23,1,12195
527,94,1503297,1976-03-05,1976-03-05,1,2255
528,94,1539403,2002-09-20,2002-09-20,1,11950
529,94,1545958,2003-05-23,2003-05-23,1,12195
530,94,1596977,2000-08-11,2000-08-11,1,11180
531,94,46221581,2000-08-11,2000-08-11,1,11180
532,95,974166,1976-09-15,1976-09-15,1,2449
533,95,1115008,1994-12-30,1994-12-30,1,9129
534,95,1322184,2016-03-02,2016-03-02,1,16862
535,95,1347450,2016-03-02,2016-03-02,1,16862
536,95,1503297,2004-07-21,2004-07-21,1,12620
537,95,1713332,2009-04-14,2009-05-05,1,14369
538,95,1729720,2018-04-02,2018-04-11,1,17632
539,95,1759842,2009-04-14,2009-05-05,1,14369
540,96,1124957,2009-09-16,2009-10-14,1,14531
541,96,1124957,2009-12-20,2010-02-09,2,14619
542,96,1124957,2010-04-10,2010-04-17,1,14716
543,96,1124957,2010-06-16,2010-08-06,2,14797
544,96,1124957,2010-12-04,2011-01-31,2,14975
545,96,1124957,2011-06-28,2011-07-12,1,15167
546,96,1124957,2011-11-12,2011-11-19,1,15297
547,96,1124957,2012-07-05,2012-07-19,1,15540
548,96,1124957,2012-12-23,2013-03-03,1,15767
549,96,1124957,2013-05-02,2013-05-16,1,15841
550,96,1124957,2013-07-15,2013-07-22,1,15908
551,96,1124957,2013-10-20,2013-11-17,1,16026
552,96,1124957,2014-03-29,2014-04-12,1,16172
553,96,1125315,2009-09-16,2009-10-14,1,14531
554,96,1125315,2010-07-30,2010-08-06,1,14827
555,96,1125315,2011-03-09,2011-03-30,1,15063
556,96,1125315,2011-06-28,2012-01-16,5,15279
557,96,1125315,2012-03-16,2012-04-06,1,15436
558,96,1125315,2012-07-05,2012-07-19,1,15540
559,96,1125315,2012-09-17,2012-09-24,1,15607
560,96,1125315,2012-12-23,2013-03-03,1,15767
561,96,1125315,2013-05-02,2013-05-16,1,15841
562,96,1125315,2014-01-16,2014-02-27,1,16128
563,96,1174888,2011-03-09,2011-03-30,1,15063
564,96,1174888,2011-08-11,2011-10-13,1,15260
565,96,1174888,2011-12-19,2012-01-16,1,15355
566,96,1174888,2012-03-16,2012-04-06,1,15436
567,96,1174888,2012-09-17,2012-09-24,1,15607
568,96,1174888,2014-01-16,2014-02-27,1,16128
569,96,1515774,2009-08-10,2010-08-05,1,14826
570,96,1521369,2011-07-31,2012-07-25,1,15546
571,96,1521369,2015-07-10,2017-06-29,2,17346
572,96,1549786,2009-08-10,2011-07-31,2,15186
573,96,1589505,2010-08-05,2011-07-31,1,15186
574,96,19127890,2009-08-10,2010-08-05,1,14826
575,97,974166,1930-04-25,1930-04-25,1,-14496
576,97,1177480,2013-07-08,2013-07-29,1,15915
577,97,1307863,1995-03-17,1995-03-17,1,9206
578,97,1310149,1995-03-17,1995-03-17,1,9206
579,97,1322184,2002-02-01,2011-12-09,4,15289
580,97,1326303,1995-03-17,1995-03-17,1,9206
581,97,1332418,2002-02-01,2002-02-01,1,11719
582,97,1347450,2009-10-09,2009-10-09,1,14526
583,97,1347450,2010-10-01,2010-10-01,1,14883
584,97,1347450,2011-11-25,2011-11-25,1,15303
585,97,1361711,2002-02-01,2002-02-01,1,11719
586,97,1503297,1939-05-05,1939-05-05,1,-11199
587,97,1539403,2002-02-01,2002-02-01,1,11719
588,97,1550023,1953-05-22,1953-05-22,1,-6068
589,98,974166,1990-04-05,1990-04-05,1,7399
590,98,1177480,2015-12-29,2016-01-19,1,16819
591,98,1396131,1978-09-18,1978-09-18,1,3182
592,99,975125,2011-01-10,2011-01-24,1,14998
593,99,1107830,1997-05-11,1997-05-11,1,9992
594,99,1115008,2012-09-17,2012-10-17,1,15630
595,99,1343916,1997-05-11,1997-05-11,1,9992
596,99,1521369,2013-08-01,2014-07-27,1,16278
597,99,1521369,2016-11-14,2017-11-09,1,17479
598,99,1521369,2018-11-04,2018-11-04,1,17839
599,99,1551099,2016-09-26,2016-09-26,1,17070
600,99,1589505,2012-07-29,2013-08-01,1,15918
601,100,723013,1970-08-02,1970-08-02,1,213
602,100,1125315,1961-06-25,1961-07-09,1,-3098
603,100,1125315,1965-07-04,1965-07-18,1,-1628
604,100,1713332,1964-01-17,1964-01-24,1,-2169
605,100,1717327,1961-06-25,1961-07-09,1,-3098
606,100,1759842,1964-01-17,1964-01-24,1,-2169
607,101,1192710,1977-12-22,1977-12-22,1,2912
608,101,1521369,2007-10-08,2008-10-02,1,14154
609,101,1521369,2015-04-29,2016-04-23,1,16914
610,101,1521369,2018-04-18,2018-04-18,1,17639
611,101,1589505,2011-05-08,2012-05-09,1,15469
612,101,1589505,2014-04-29,2015-04-29,1,16554
613,101,1589505,2017-04-18,2018-04-18,1,17639
614,102,956874,1995-12-08,1995-12-08,1,9472
615,102,1115008,1994-11-17,1994-11-17,1,9086
616,102,1307046,1995-12-08,1995-12-08,1,9472
617,102,1539403,2003-02-05,2009-02-03,7,14278
618,103,738818,2016-02-17,2016-03-02,1,16862
619,103,920293,2011-06-14,2011-06-21,1,15146
620,103,933724,2011-06-14,2011-06-21,1,15146
621,103,974166,1976-01-25,1976-01-25,1,2215
622,103,1119510,2016-02-17,2016-03-02,1,16862
623,103,1125315,2016-02-17,2016-03-02,1,16862
624,103,1177480,2013-07-18,2013-08-08,1,15925
625,104,974166,2010-09-01,2013-09-04,2,15952
626,104,1129625,1992-05-07,1992-05-07,1,8162
627,104,1343916,1992-05-07,1992-05-07,1,8162
628,104,1500211,2011-07-24,2012-07-18,1,15539
629,104,1500211,2017-06-22,2018-06-17,1,17699
630,104,1521369,2012-07-18,2016-06-27,4,16979
631,105,738818,2018-03-14,2018-03-28,1,17618
632,105,1119510,2018-03-14,2018-03-28,1,17618
633,105,1125315,2016-11-16,2016-12-07,1,17142
634,105,1125315,2018-03-14,2018-03-28,1,17618
635,105,1177480,2016-03-22,2016-04-05,1,16896
636,105,1713332,2016-03-22,2016-04-05,1,16896
637,106,974166,2008-03-24,2014-03-31,2,16160
638,106,1500211,2008-02-19,2009-02-13,1,14288
639,106,1500211,2013-01-23,2014-01-18,1,16088
640,106,1521369,2009-02-13,2010-02-08,1,14648
641,106,1521369,2011-02-03,2012-01-29,1,15368
642,106,1521369,2015-01-13,2016-01-08,1,16808
643,106,1589505,2016-01-08,2018-01-04,2,17535
644,107,738818,2010-09-03,2010-09-17,1,14869
645,107,1119510,2010-09-03,2010-09-17,1,14869
646,107,1124957,2013-01-06,2013-01-27,1,15732
647,107,1125315,2010-09-03,2010-09-17,1,14869
648,107,1713332,2018-06-07,2018-06-28,1,17710
649,107,1729720,2016-06-11,2016-06-18,1,16970
650,107,1759842,2018-06-07,2018-06-28,1,17710
651,108,738818,2017-11-27,2017-12-04,1,17504
652,108,1119510,2017-11-27,2017-12-04,1,17504
653,108,1125315,2017-11-27,2017-12-04,1,17504
654,108,1137529,2002-06-20,2002-06-20,1,11858
655,108,1149380,2002-06-20,2002-06-20,1,11858
656,109,974166,2003-02-02,2003-02-02,1,12085
657,109,1115008,2007-06-28,2007-07-28,1,13722
658,109,1125315,2004-12-08,2004-12-22,1,12774
659,109,1125315,2007-06-28,2007-09-01,1,13757
660,109,1125315,2013-11-24,2013-11-24,1,16033
661,109,1174888,2007-06-28,2007-09-01,1,13757
662,109,1174888,2013-11-24,2013-11-24,1,16033
663,109,1322184,2009-01-04,2013-11-24,1,16033
664,109,1332418,2009-01-04,2009-01-04,1,14248
665,109,1361711,2009-01-04,2013-11-24,1,16033
666,109,1503297,2001-01-28,2001-01-28,1,11350
667,109,1539403,2009-01-04,2009-01-04,1,14248
668,109,1545958,2013-11-24,2013-11-24,1,16033
669,110,715997,1997-03-01,1997-03-01,1,9921
670,110,715997,1998-07-24,1998-07-24,1,10431
671,110,1125315,1999-11-12,1999-12-03,1,10928
672,110,1539403,1977-12-03,2003-11-27,27,12383
673,111,1125315,2016-06-23,2016-06-30,1,16982
674,111,1307863,2017-07-09,2017-07-09,1,17356
675,111,1310149,2017-07-09,2017-07-09,1,17356
676,111,1326303,2017-07-09,2017-07-09,1,17356
677,111,1557272,2008-02-24,2008-02-24,1,13933
678,113,974166,1972-12-14,1972-12-14,1,1078
679,113,1115008,1997-03-17,1997-03-17,1,9937
680,113,1125315,2005-09-17,2005-10-01,1,13057
681,113,1129625,1948-04-19,1948-04-19,1,-7927
682,113,1322184,2005-04-21,2005-04-21,1,12894
683,113,1322184,2006-07-13,2006-07-13,1,13342
684,113,1347450,2005-04-21,2005-04-21,1,12894
685,113,1347450,2006-07-13,2006-07-13,1,13342
686,113,1729720,2006-05-02,2006-05-14,1,13282
687,114,1124957,2013-01-02,2013-02-02,1,15738
688,114,1125315,2013-01-02,2013-02-06,2,15742
689,114,1125315,2014-08-27,2014-09-03,1,16316
690,114,1125315,2017-08-20,2017-09-03,1,17412
691,114,1549786,2014-11-03,2015-10-29,1,16737
692,114,1589505,2014-11-03,2015-10-29,1,16737
693,114,1589505,2016-10-23,2017-10-21,1,17460
694,114,1713332,2013-01-02,2013-02-06,1,15742
695,115,974166,1983-07-28,1983-07-28,1,4956
696,115,1713332,2015-04-14,2015-07-07,1,16623
697,115,1759842,2015-04-14,2015-07-07,1,16623
698,116,1125315,2011-05-25,2011-06-08,1,15133
699,116,1713332,2015-11-25,2015-12-09,1,16778
700,116,1759842,2015-11-25,2015-12-09,1,16778
701,117,974166,2009-01-18,2009-01-18,1,14262
702,117,1115008,2013-05-15,2013-05-29,1,15854
703,117,1125315,2009-01-11,2009-01-18,1,14262
704,117,1713332,2013-05-15,2013-05-29,1,15854
705,118,1125315,2016-02-04,2016-02-25,1,16856
706,119,1115008,1996-07-15,1996-07-15,1,9692
707,120,974166,2011-11-25,2015-12-04,2,16773
708,120,1713332,2009-04-08,2009-04-15,1,14349
709,120,1713332,2009-12-20,2010-01-03,1,14612
710,120,1759842,2009-04-08,2009-04-15,1,14349
711,120,1759842,2009-12-20,2010-01-03,1,14612
712,121,974166,1945-08-18,1945-08-18,1,-8902
713,121,1102527,2010-03-17,2010-06-19,1,14779
714,121,1125315,2010-03-17,2010-04-16,1,14715
715,121,1322184,2009-10-03,2009-10-03,1,14520
716,121,1322184,2012-12-29,2012-12-29,1,15703
717,121,1322184,2014-09-27,2014-09-27,1,16340
718,121,1347450,2009-10-03,2009-10-03,1,14520
719,121,1347450,2012-12-29,2012-12-29,1,15703
720,121,1347450,2014-09-27,2014-09-27,1,16340
721,121,1539403,1985-06-15,2018-06-07,34,17689
722,121,1557272,2000-11-04,2000-11-04,1,11265
723,122,1125315,2014-02-16,2014-03-02,1,16131
724,122,1500211,2017-02-28,2018-02-23,1,17585
725,122,1518198,2016-03-05,2017-02-28,1,17225
726,122,1519936,2009-03-01,2010-02-24,1,14664
727,122,1519936,2013-03-22,2014-03-17,1,16146
728,122,1521369,2011-02-19,2012-02-14,1,15384
729,122,1521369,2015-03-12,2016-03-05,1,16865
730,122,1549786,2016-03-05,2017-02-28,1,17225
731,122,1713332,2014-12-01,2014-12-08,1,16412
732,122,1759842,2014-12-01,2014-12-08,1,16412
733,125,738818,2013-12-01,2013-12-08,1,16047
734,125,974166,1977-09-05,1977-09-05,1,2804
735,125,1115008,2015-02-21,2015-03-07,1,16501
736,125,1119510,2013-12-01,2013-12-08,1,16047
737,125,1125315,2013-12-01,2013-12-08,1,16047
738,125,1125315,2017-01-25,2017-02-08,1,17205
739,125,1125315,2018-07-19,2018-07-26,1,17738
740,125,1137529,1993-09-27,1993-09-27,1,8670
741,125,1149380,1993-09-27,1993-09-27,1,8670
742,125,1177480,2013-12-28,2014-02-26,1,16127
743,125,1521369,2008-12-25,2009-12-20,1,14598
744,125,1713332,2013-05-15,2013-10-02,1,15980
745,125,1759842,2013-05-15,2013-10-02,1,15980
746,126,1125315,2015-01-20,2015-02-03,1,16469
747,126,1149380,2012-10-28,2012-10-28,1,15641
748,126,1153428,2009-05-05,2009-05-05,1,14369
749,126,1154343,2012-10-28,2012-10-28,1,15641
750,126,1177480,2010-10-12,2010-11-16,1,14929
751,126,1177480,2011-09-12,2011-11-11,1,15289
752,126,1343916,2009-05-05,2009-05-05,1,14369
753,128,974166,2006-09-11,2006-09-11,1,13402
754,128,1519936,2017-06-01,2018-05-27,2,17678
755,128,1521369,2010-06-20,2013-06-04,3,15860
756,129,1125315,2016-07-15,2016-07-29,1,17011
757,129,1512674,2009-05-21,2011-05-11,2,15105
758,129,1515774,2008-05-26,2009-05-21,1,14385
759,129,1519936,2012-05-05,2012-10-26,1,15639
760,129,1549786,2008-05-26,2011-05-11,3,15105
761,129,1549786,2012-05-05,2012-10-26,1,15639
762,129,19127890,2008-05-26,2011-05-11,3,15105
763,130,974166,1973-07-17,1973-07-17,1,1293
764,132,1124957,2009-01-10,2009-03-02,2,14275
765,132,1125315,2009-01-10,2009-01-17,1,14261
766,132,1500211,2014-10-11,2015-10-06,1,16714
767,132,1515774,2012-03-19,2013-03-14,1,15778
768,132,1521369,2008-04-05,2009-03-31,1,14334
769,132,1521369,2016-09-30,2017-09-25,1,17434
770,132,1549786,2008-04-05,2009-03-31,1,14334
771,132,1549786,2010-03-30,2011-03-25,1,15058
772,132,1549786,2012-03-19,2013-03-14,1,15778
773,132,1589505,2009-03-31,2011-03-25,2,15058
774,132,1595799,2008-04-05,2009-03-31,1,14334
775,132,19127890,2010-03-30,2011-03-25,1,15058
776,132,19127890,2012-03-19,2013-03-14,1,15778
777,133,1129625,1976-01-24,1976-01-24,1,2214
778,133,1500211,2014-11-18,2015-11-13,1,16752
779,133,1521369,2013-11-23,2014-11-18,1,16392
780,133,1589505,2009-11-24,2011-11-26,2,15304
781,133,1589505,2012-11-20,2013-11-23,1,16032
782,133,1589505,2016-11-07,2017-11-04,1,17474
783,133,1713332,2010-08-07,2010-08-14,1,14835
784,133,1759842,2010-08-07,2010-08-14,1,14835
785,134,1177480,2017-12-14,2017-12-28,1,17528
786,134,1713332,2017-12-14,2017-12-28,1,17528
787,134,1729720,2015-09-27,2015-10-10,1,16718
788,136,974166,1980-09-09,1980-09-09,1,3904
789,136,1125315,2014-06-29,2014-08-14,2,16278
790,136,1521369,2008-04-17,2009-04-12,1,14346
791,136,1521369,2010-04-09,2011-04-04,1,15068
792,138,974166,1993-07-29,1993-07-29,1,8610
793,138,1500211,2008-06-10,2009-06-05,1,14400
794,138,1503297,2008-08-14,2008-08-14,1,14105
795,138,1519936,2011-07-31,2012-07-25,1,15546
796,138,1521369,2012-07-25,2013-07-20,1,15906
797,138,1521369,2015-07-15,2016-07-09,1,16991
798,138,1549786,2011-07-31,2012-07-25,1,15546
799,138,1589505,2016-07-09,2017-07-09,1,17356
800,140,1115008,2012-03-29,2012-05-03,1,15463
801,141,1115008,2018-01-08,2018-01-22,1,17553
802,141,1124957,2016-02-18,2016-04-13,1,16904
803,141,1125315,2016-02-11,2016-04-18,2,16909
804,141,1519936,2008-12-29,2009-12-24,1,14602
805,141,1519936,2010-12-21,2011-12-16,1,15324
806,141,1521369,2011-12-16,2012-12-10,1,15684
807,141,1589505,2009-12-24,2010-12-21,1,14964
808,142,738818,2006-07-08,2006-07-15,1,13344
809,142,1115008,1998-05-24,1998-05-24,1,10370
810,142,1119510,2006-07-08,2006-07-15,1,13344
811,142,1125315,2006-07-08,2006-07-15,1,13344
812,142,1125315,2007-03-14,2007-03-28,1,13600
813,142,1137529,1993-09-02,1993-09-02,1,8645
814,142,1149380,1993-09-02,1993-09-02,1,8645
815,142,1318011,2011-08-30,2011-08-30,1,15216
816,142,1388796,2011-08-30,2011-08-30,1,15216
817,142,1503297,1987-08-27,1987-08-27,1,6447
818,142,1713332,2008-10-17,2008-10-31,1,14183
819,142,1759842,2008-10-17,2008-10-31,1,14183
820,142,40170911,1999-09-09,2001-09-13,1,11578
821,142,40170911,2002-07-11,2002-07-11,1,11879
822,143,974166,2007-01-15,2011-01-24,2,14998
823,143,1115008,2018-12-18,2019-01-01,1,17897
824,143,1521369,2008-04-18,2009-04-13,1,14347
825,143,1713332,2018-12-18,2019-01-01,1,17897
826,144,740275,2006-05-10,2006-11-01,1,13453
827,144,740275,2008-06-09,2008-06-09,1,14039
828,144,974166,1980-07-14,1980-07-14,1,3847
829,144,1125315,2005-10-22,2005-11-05,1,13092
830,144,1503297,2008-06-09,2008-06-09,1,14039
831,144,1729720,2000-08-22,2000-08-30,1,11199
832,144,40170911,2008-06-09,2008-06-09,1,14039
833,145,1125315,2016-02-15,2016-02-29,1,16860
834,145,1177480,2013-12-25,2014-01-08,1,16078
835,145,1713332,2013-12-25,2014-01-08,1,16078
836,145,1729720,2015-08-20,2015-08-30,1,16677
837,146,738818,2011-02-26,2011-03-05,1,15038
838,146,975125,2003-11-04,2003-11-04,1,12360
839,146,1107830,2003-11-18,2003-11-18,1,12374
840,146,1119510,2011-02-26,2011-03-05,1,15038
841,146,1125315,2009-07-15,2009-08-05,1,14461
842,146,1125315,2011-02-26,2011-03-05,1,15038
843,146,1343916,2003-11-18,2003-11-18,1,12374
844,146,1515774,2009-03-14,2010-03-09,1,14677
845,146,1515774,2010-05-16,2011-05-11,1,15105
846,146,1549786,2009-03-14,2010-03-09,1,14677
847,146,1549786,2010-05-16,2011-05-11,1,15105
848,146,1549786,2014-01-05,2015-12-26,2,16795
849,146,1589505,2014-01-05,2015-12-26,2,16795
850,146,19127890,2009-03-14,2010-03-09,1,14677
851,146,19127890,2010-05-16,2011-05-11,1,15105
852,147,1137529,1995-11-06,1995-11-06,1,9440
853,147,1149380,1995-11-06,1995-11-06,1,9440
854,148,1115008,2016-06-07,2016-08-13,1,17026
855,148,1125315,2016-06-14,2016-07-08,1,16990
856,148,1174888,2016-06-14,2016-07-08,1,16990
857,148,1713332,2015-05-12,2015-06-02,1,16588
858,148,1729720,2010-10-04,2010-10-12,1,14894
859,148,1729720,2011-01-11,2011-01-22,1,14996
860,148,1759842,2015-05-12,2015-06-02,1,16588
861,149,1125315,2014-01-22,2014-02-05,1,16106
862,149,1539403,2015-02-28,2018-02-27,4,17589
863,150,723013,1967-08-07,1967-08-07,1,-878
864,150,738818,2018-02-01,2018-02-15,1,17577
865,150,1119510,2018-02-01,2018-02-15,1,17577
866,150,1125315,2018-02-01,2018-02-15,1,17577
867,150,1125315,2018-03-19,2018-03-26,1,17616
868,150,1129625,1963-08-29,1963-08-29,1,-2317
869,150,1539403,2012-01-28,2018-01-26,7,17557
870,150,1729720,2016-09-23,2016-10-03,1,17077
871,151,974166,2015-06-12,2015-06-12,1,16598
872,151,1125315,2012-03-06,2012-03-13,1,15412
873,152,975125,1994-08-12,1994-08-12,1,8989
874,152,1115008,2013-07-28,2013-07-28,1,15914
875,152,1125315,2012-10-07,2012-10-14,1,15627
876,152,1125315,2015-08-09,2015-08-23,1,16670
877,152,1125315,2016-05-28,2016-07-02,1,16984
878,152,1129625,1994-08-26,1994-08-26,1,9003
879,152,1343916,1994-08-26,1994-08-26,1,9003
880,152,1500211,1995-08-09,1996-08-03,1,9711
881,152,1500211,2014-03-10,2015-03-05,1,16499
882,152,1500211,2018-09-26,2018-09-26,1,17800
883,152,1519936,2015-03-05,2016-02-28,1,16859
884,152,1521369,2013-03-15,2014-03-10,1,16139
885,152,1549786,2015-03-05,2016-02-28,1,16859
886,152,1713332,2014-12-15,2014-12-22,1,16426
887,152,1713332,2018-11-09,2018-11-16,1,17851
888,152,1759842,2014-12-15,2014-12-22,1,16426
889,152,1759842,2018-11-09,2018-11-16,1,17851
890,153,738818,2010-02-10,2010-02-24,1,14664
891,153,1119510,2010-02-10,2010-02-24,1,14664
892,153,1125315,2010-02-10,2010-02-24,1,14664
893,153,1713332,2015-03-06,2015-03-20,1,16514
894,153,1759842,2015-03-06,2015-03-20,1,16514
895,154,914335,2013-03-03,2013-03-03,1,15767
896,154,1177480,2018-06-09,2018-08-08,1,17751
897,154,1309944,2013-03-03,2013-03-03,1,15767
898,154,1343916,2013-03-03,2013-03-03,1,15767
899,156,1177480,2013-09-21,2013-10-21,1,15999
900,157,1125315,2017-08-06,2017-08-20,1,17398
901,157,1177480,2009-09-17,2009-10-08,1,14525
902,158,1102527,2016-03-19,2016-05-26,1,16947
903,158,1115008,2015-01-24,2015-04-24,1,16549
904,158,1125315,2012-12-27,2013-01-10,1,15715
905,158,1125315,2015-01-24,2015-03-21,1,16515
906,158,1125315,2016-03-19,2016-06-17,1,16969
907,158,1174888,2015-01-24,2015-03-21,1,16515
908,159,1125315,2013-12-11,2014-01-10,1,16080
909,160,974166,2002-11-04,2002-11-04,1,11995
910,160,1519936,2015-03-19,2016-03-13,1,16873
911,160,1521369,2009-04-02,2010-03-28,1,14696
912,160,1521369,2017-03-20,2018-03-15,1,17605
913,160,1589505,2018-03-15,2018-03-15,1,17605
914,160,1729720,2009-10-27,2009-11-06,1,14554
915,161,738818,1975-03-14,1975-03-21,1,1905
916,161,974166,1935-11-18,1935-11-18,1,-12463
917,161,1112807,1977-02-25,1977-04-03,1,2649
918,161,1115008,1968-09-11,1968-09-11,1,-477
919,161,1119510,1975-03-14,1975-03-21,1,1905
920,161,1125315,1948-07-13,1948-07-13,1,-7842
921,161,1125315,1971-03-16,1971-03-23,1,446
922,161,1125315,1975-03-14,1975-03-21,1,1905
923,161,1125315,1976-11-12,1976-11-19,1,2514
924,161,1125315,1978-03-16,1978-03-30,1,3010
925,161,1174888,1948-07-13,1948-07-13,1,-7842
926,161,1310149,1968-11-11,1968-11-11,1,-416
927,161,1326303,1968-11-11,1968-11-11,1,-416
928,161,1361711,1966-10-31,1978-05-01,1,3042
929,161,1539403,1961-10-23,1977-10-19,17,2848
930,162,738818,2012-07-12,2012-07-19,1,15540
931,162,974166,1972-09-29,1972-09-29,1,1002
932,162,1119510,2012-07-12,2012-07-19,1,15540
933,162,1125315,2012-07-12,2012-07-19,1,15540
934,163,1125315,2010-07-28,2010-08-04,1,14825
935,163,1125315,2013-02-10,2013-05-11,1,15836
936,163,1153428,2005-08-04,2005-08-04,1,12999
937,163,1343916,2005-08-04,2005-08-04,1,12999
938,163,1551099,2009-07-31,2009-07-31,1,14456
939,163,1729720,2015-07-31,2015-08-08,1,16655
940,164,974166,1927-10-17,1927-10-17,1,-15417
941,164,1102527,1971-01-08,1990-04-04,1,7398
942,164,1115008,1998-09-30,1998-10-21,1,10520
943,164,1125315,1990-01-08,1990-01-22,1,7326
944,164,1125315,1996-11-18,1996-12-09,1,9839
945,164,1125315,1999-01-25,1999-01-25,1,10616
946,164,1174888,1999-01-25,1999-01-25,1,10616
947,164,1322184,1997-02-24,1999-01-25,1,10616
948,164,1332418,1994-02-07,1994-02-07,1,8803
949,164,1361711,1993-02-01,1999-01-25,1,10616
950,164,1539403,1959-03-09,1998-02-27,41,10284
951,164,1545958,1999-01-25,1999-01-25,1,10616
952,164,1713332,1990-02-09,1990-03-02,1,7365
953,164,1759842,1990-02-09,1990-03-02,1,7365
954,165,956874,2018-10-27,2018-10-27,1,17831
955,165,1125315,2015-10-14,2015-10-21,1,16729
956,165,1307046,2018-10-27,2018-10-27,1,17831
957,165,1539403,2002-10-03,2018-09-29,17,17803
958,166,1322184,2018-11-05,2018-11-05,1,17840
959,166,1332418,2018-11-05,2018-11-05,1,17840
960,166,1361711,2018-11-05,2018-11-05,1,17840
961,166,1539403,2018-11-05,2018-11-05,1,17840
962,166,1557272,2015-10-19,2015-10-19,1,16727
963,167,738818,2015-10-30,2015-11-13,1,16752
964,167,1119510,2015-10-30,2015-11-13,1,16752
965,167,1125315,2015-10-30,2015-11-13,1,16752
966,167,1149380,1988-02-07,1988-02-07,1,6611
967,167,1154343,1988-02-07,1988-02-07,1,6611
968,167,1192710,1986-10-11,1986-10-11,1,6127
969,167,1500211,2013-11-21,2014-11-16,1,16390
970,167,1519936,2014-11-16,2015-11-11,1,16750
971,167,1521369,2008-12-11,2010-12-01,2,14944
972,167,1521369,2012-11-26,2013-11-21,1,16030
973,167,1589505,2016-11-05,2017-11-06,1,17476
974,168,738818,1985-07-29,1985-08-12,1,5702
975,168,1119510,1985-07-29,1985-08-12,1,5702
976,168,1125315,1985-07-29,1985-08-12,1,5702
977,168,1125315,1993-11-10,1993-11-10,1,8714
978,168,1174888,1993-11-10,1993-11-10,1,8714
979,168,1177480,1993-05-05,1993-05-26,1,8546
980,168,1361711,1991-08-14,1993-11-10,1,8714
981,168,1539403,1991-08-14,1991-08-14,1,7895
982,169,1125315,2014-01-07,2014-01-14,1,16084
983,170,974166,1992-07-22,1992-07-22,1,8238
984,170,1125315,2014-06-04,2014-06-18,1,16239
985,171,1521369,2008-02-18,2009-02-12,1,14287
986,171,1713332,2015-07-04,2015-07-11,1,16627
987,171,1759842,2015-07-04,2015-07-11,1,16627
988,172,1500211,2012-05-22,2013-05-17,1,15842
989,172,1512674,2016-05-01,2017-04-26,1,17282
990,172,1515774,2014-05-12,2015-05-07,1,16562
991,172,1549786,2014-05-12,2015-05-07,1,16562
992,172,1549786,2016-05-01,2017-04-26,1,17282
993,172,19127890,2014-05-12,2015-05-07,1,16562
994,172,19127890,2016-05-01,2017-04-26,1,17282
995,173,974166,1935-05-24,1935-05-24,1,-12641
996,173,1124957,1987-07-04,1990-03-18,1,7381
997,173,1124957,1994-04-03,1994-05-10,1,8895
998,173,1125315,1987-07-04,1990-03-18,1,7381
999,173,1125315,1994-04-03,1994-05-10,1,8895
1000,173,1125315,1999-06-18,1999-06-18,1,10760
1001,173,1174888,1999-06-18,1999-06-18,1,10760
1002,173,1177480,1994-04-03,1994-07-02,1,8948
1003,173,1322184,1997-03-14,1999-06-18,1,10760
1004,173,1332418,1994-01-14,1994-01-14,1,8779
1005,173,1347450,1992-09-11,1992-09-11,1,8289
1006,173,1361711,1984-09-28,1999-06-18,1,10760
1007,173,1539403,1976-09-03,1998-08-29,24,10467
1008,173,1545958,1999-06-18,1999-06-18,1,10760
1009,173,1713332,1997-03-07,1997-03-28,1,9948
1010,173,1759842,1997-03-07,1997-03-28,1,9948
1011,174,1500211,2009-12-05,2010-11-30,1,14943
1012,174,1500211,2018-12-18,2018-12-18,1,17883
1013,174,1519936,2013-12-14,2014-12-09,1,16413
1014,174,1521369,2015-12-04,2016-11-28,1,17133
1015,174,1521369,2017-12-23,2018-12-18,1,17883
1016,176,974166,1989-11-28,1989-11-28,1,7271
1017,176,1713332,2011-03-06,2011-03-20,1,15053
1018,176,1729720,2011-08-17,2011-08-25,1,15211
1019,176,1729720,2014-08-25,2014-09-03,1,16316
1020,176,1759842,2011-03-06,2011-03-20,1,15053
1021,177,1115008,2011-03-13,2011-04-03,1,15067
1022,179,738818,2010-05-10,2010-05-17,1,14746
1023,179,1115008,2017-01-24,2017-02-07,1,17204
1024,179,1119510,2010-05-10,2010-05-17,1,14746
1025,179,1125315,2010-05-10,2010-05-17,1,14746
1026,179,1125315,2013-08-05,2013-08-19,1,15936
1027,180,708298,1982-07-31,1982-07-31,1,4594
1028,180,738818,1989-08-22,1989-08-29,1,7180
1029,180,753626,1982-07-31,1982-07-31,1,4594
1030,180,782043,1982-07-31,1982-07-31,1,4594
1031,180,967823,1982-07-31,1982-08-04,1,4598
1032,180,1000560,1982-07-31,1982-07-31,2,4594
1033,180,1102527,1982-08-04,1990-03-14,1,7377
1034,180,1110410,1982-07-31,1982-07-31,1,4594
1035,180,1119510,1989-08-22,1989-08-29,1,7180
1036,180,1125315,1989-08-22,1989-08-29,1,7180
1037,180,1367571,1982-07-31,1982-07-31,1,4594
1038,180,1539403,1954-09-27,1989-09-18,36,7200
1039,180,1741122,1982-07-31,1982-07-31,1,4594
1040,180,1746114,1982-07-31,1982-07-31,1,4594
1041,180,19003953,1982-07-31,1982-07-31,1,4594
1042,180,19016749,1982-07-31,1982-07-31,1,4594
1043,181,738818,2012-07-02,2012-07-09,1,15530
1044,181,1119510,2012-07-02,2012-07-09,1,15530
1045,181,1125315,2012-07-02,2012-07-09,1,15530
1046,181,1125315,2015-02-07,2015-02-21,1,16487
1047,182,1713332,2009-06-16,2009-06-23,1,14418
1048,182,1713332,2016-11-21,2016-12-12,1,17147
1049,182,1759842,2009-06-16,2009-06-23,1,14418
1050,182,1759842,2016-11-21,2016-12-12,1,17147
1051,183,974166,2013-01-05,2013-01-05,1,15710
1052,183,1115008,2009-03-21,2009-04-11,1,14345
1053,183,1125315,2017-10-16,2017-10-30,1,17469
1054,184,1125315,2016-10-25,2016-11-08,1,17113
1055,184,1177480,2018-08-30,2018-09-13,1,17787
1056,184,1713332,2016-10-25,2016-11-08,1,17113
1057,185,705944,2007-12-04,2016-12-11,1,17146
1058,185,974166,2017-01-29,2017-01-29,1,17195
1059,185,975125,2011-08-28,2011-09-18,1,15235
1060,185,975125,2013-12-08,2013-12-22,1,16061
1061,185,1107830,1999-12-18,1999-12-18,1,10943
1062,185,1149380,2002-12-12,2002-12-12,1,12033
1063,185,1154343,2002-12-12,2002-12-12,1,12033
1064,185,1177480,2013-03-13,2013-04-03,1,15798
1065,185,1343916,1999-12-18,1999-12-18,1,10943
1066,185,1512674,2013-11-27,2014-11-22,1,16396
1067,185,1521369,2012-12-02,2013-11-27,1,16036
1068,185,1549786,2013-11-27,2014-11-22,1,16396
1069,185,1551099,2014-02-19,2014-02-19,1,16120
1070,185,19127890,2013-11-27,2014-11-22,1,16396
1071,187,974166,2017-10-08,2017-10-08,1,17447
1072,187,1713332,2014-04-05,2014-04-12,1,16172
1073,187,1759842,2014-04-05,2014-04-12,1,16172
1074,188,738818,1991-11-10,1991-11-24,1,7997
1075,188,1115008,1985-06-17,1985-06-17,1,5646
1076,188,1119510,1991-11-10,1991-11-24,1,7997
1077,188,1125315,1991-11-10,1991-11-24,1,7997
1078,188,1125315,1993-09-20,1993-09-20,1,8663
1079,188,1174888,1993-09-20,1993-09-20,1,8663
1080,188,1361711,1986-08-11,1993-09-20,1,8663
1081,188,1539403,1991-09-09,1991-09-09,1,7921
1082,189,1102527,2013-02-17,2013-03-03,1,15767
1083,189,1125315,2013-02-17,2013-04-18,1,15813
1084,189,1322184,2017-08-13,2017-08-13,1,17391
1085,189,1347450,2017-08-13,2017-08-13,1,17391
1086,189,1539403,1992-04-19,2018-04-13,27,17634
1087,190,920293,2014-12-20,2014-12-27,1,16431
1088,190,933724,2014-12-20,2014-12-27,1,16431
1089,191,1125315,2012-07-24,2012-08-07,1,15559
1090,191,1548195,2018-04-04,2018-04-04,1,17625
1091,191,1713332,2010-12-11,2011-01-01,1,14975
1092,191,1713332,2012-01-05,2012-01-19,1,15358
1093,191,1729720,2016-01-09,2016-01-22,1,16822
1094,191,1759842,2010-12-11,2011-01-01,1,14975
1095,191,1759842,2012-01-05,2012-01-19,1,15358
1096,191,19054876,2018-04-04,2018-04-04,1,17625
1097,191,19127890,2018-04-04,2018-04-04,1,17625
1098,192,1115008,2005-01-29,2005-01-29,1,12812
1099,192,1125315,2018-08-22,2018-09-05,1,17779
1100,192,1729720,2018-06-17,2018-06-26,1,17708
1101,193,975125,2009-05-28,2009-06-11,1,14406
1102,193,1153428,1998-11-05,1998-11-05,1,10535
1103,193,1343916,1998-11-05,1998-11-05,1,10535
1104,193,1521369,2018-01-21,2018-01-21,1,17552
1105,193,1549786,2012-02-22,2014-02-11,2,16112
1106,193,1549786,2016-02-01,2017-01-26,1,17192
1107,193,1551099,2009-08-26,2009-08-26,1,14482
1108,193,1589505,2012-02-22,2014-02-11,2,16112
1109,193,1589505,2016-02-01,2017-01-26,1,17192
1110,193,1713332,2010-10-12,2010-11-02,1,14915
1111,193,1759842,2010-10-12,2010-11-02,1,14915
1112,193,19127890,2012-02-22,2014-02-11,2,16112
1113,193,19127890,2016-02-01,2017-01-26,1,17192
1114,194,738818,2010-04-30,2010-05-14,1,14743
1115,194,1115008,1998-02-28,1998-02-28,1,10285
1116,194,1119510,2010-04-30,2010-05-14,1,14743
1117,194,1125315,2010-04-30,2010-05-14,1,14743
1118,194,1125315,2011-11-22,2011-12-06,1,15314
1119,194,1125315,2014-04-06,2014-04-06,1,16166
1120,194,1174888,2014-04-06,2014-04-06,1,16166
1121,194,1322184,2007-09-09,2014-04-06,1,16166
1122,194,1332418,2007-09-09,2007-09-09,1,13765
1123,194,1361711,2007-09-09,2014-04-06,1,16166
1124,194,1539403,1991-05-26,2013-05-20,24,15845
1125,194,1545958,2014-04-06,2014-04-06,1,16166
1126,194,1596977,1986-11-16,1986-11-16,1,6163
1127,194,1729720,2004-06-11,2004-06-23,1,12592
1128,194,46221581,1986-11-16,1986-11-16,1,6163
1129,195,1124957,2009-03-27,2009-08-27,4,14393
1130,195,1124957,2010-10-29,2011-05-19,4,15023
1131,195,1124957,2011-09-28,2011-11-18,2,15266
1132,195,1124957,2012-01-24,2012-02-07,1,15377
1133,195,1124957,2013-07-21,2013-07-28,1,15914
1134,195,1125315,2009-06-30,2009-08-27,2,14453
1135,195,1125315,2009-11-25,2010-03-03,1,14671
1136,195,1125315,2010-12-19,2011-02-27,1,15032
1137,195,1125315,2011-05-12,2011-10-05,4,15162
1138,195,1125315,2011-12-18,2012-02-07,2,15347
1139,195,1125315,2012-04-07,2012-06-18,2,15479
1140,195,1125315,2012-11-15,2013-01-17,1,15722
1141,195,1125315,2013-06-16,2013-11-26,3,15984
1142,195,1125315,2018-03-15,2018-06-13,1,17695
1143,195,1174888,2009-11-25,2010-03-03,1,14671
1144,195,1174888,2011-06-18,2011-08-29,2,15185
1145,195,1174888,2011-12-18,2011-12-25,1,15333
1146,195,1174888,2012-04-07,2012-06-18,2,15479
1147,195,1174888,2012-11-15,2013-01-17,1,15722
1148,195,1174888,2013-06-16,2013-06-30,1,15886
1149,195,1174888,2013-08-27,2013-11-26,1,16035
1150,195,1713332,2016-08-28,2016-09-11,1,17055
1151,195,1759842,2016-08-28,2016-09-11,1,17055
1152,197,1125315,2016-09-07,2016-09-14,1,17058
1153,197,1515774,2009-07-16,2010-07-11,1,14801
1154,197,1521369,2013-09-23,2014-09-18,1,16331
1155,197,1548195,2018-08-28,2018-08-28,1,17771
1156,197,1549786,2009-07-16,2010-07-11,1,14801
1157,197,19054876,2018-08-28,2018-08-28,1,17771
1158,197,19127890,2009-07-16,2010-07-11,1,14801
1159,197,19127890,2018-08-28,2018-08-28,1,17771
1160,198,757627,2015-04-20,2015-04-20,1,16545
1161,198,974166,1978-06-12,1978-06-12,1,3084
1162,198,1503297,2007-08-06,2007-08-06,1,13731
1163,198,1596977,2012-01-30,2012-01-30,1,15369
1164,198,46221581,2012-01-30,2012-01-30,1,15369
1165,199,1115008,2009-07-03,2009-08-07,1,14463
1166,199,1115008,2018-02-20,2018-03-14,1,17604
1167,199,1713332,2014-03-02,2014-03-17,1,16146
1168,199,1759842,2014-03-02,2014-03-17,1,16146
1169,200,1177480,2011-01-02,2011-01-23,1,14997
1170,200,1521369,2008-11-13,2010-11-03,2,14916
1171,200,1521369,2011-10-29,2014-10-13,3,16356
1172,200,1729720,2017-07-14,2017-07-22,1,17369
1173,201,1115008,2011-04-03,2011-04-17,1,15081
1174,202,1125315,2011-10-08,2011-10-22,1,15269
1175,203,1124957,2018-07-01,2018-07-14,1,17726
1176,203,1125315,2018-07-01,2018-07-14,1,17726
1177,203,1177480,2018-07-01,2018-09-29,1,17803
1178,204,1177480,2010-02-12,2010-03-19,1,14687
1179,204,1177480,2017-09-08,2017-10-13,1,17452
1180,204,1713332,2010-07-20,2010-08-03,1,14824
1181,204,1729720,2017-04-20,2017-04-29,1,17285
1182,204,1759842,2010-07-20,2010-08-03,1,14824
1183,205,974166,2012-12-15,2012-12-15,1,15689
1184,205,1503297,2012-12-15,2012-12-15,1,15689
1185,206,920293,2011-06-22,2011-06-29,1,15154
1186,206,933724,2011-06-22,2011-06-29,1,15154
1187,206,974166,1973-05-27,1973-05-27,1,1242
1188,206,1125315,2017-09-05,2017-09-12,1,17421
1189,206,1557272,2015-11-15,2015-11-15,1,16754
1190,209,920293,2009-03-23,2009-04-06,2,14340
1191,209,920293,2011-05-20,2011-05-27,1,15121
1192,209,933724,2009-03-23,2009-04-06,1,14340
1193,209,933724,2011-05-20,2011-05-27,1,15121
1194,209,974166,1989-05-09,1989-05-09,1,7068
1195,209,1125315,2015-02-07,2015-02-28,1,16494
1196,209,1177480,2018-08-11,2018-09-01,1,17775
1197,209,1503297,1996-05-21,1996-05-21,1,9637
1198,209,40170911,1996-05-21,1999-05-25,1,10736
1199,209,40170911,2002-05-28,2002-05-28,1,11835
1200,209,43526465,2015-08-04,2017-08-08,1,17386
1201,210,1115008,1997-11-15,1997-11-15,1,10180
1202,210,1137529,1986-12-09,1986-12-09,1,6186
1203,210,1149380,1986-12-09,1986-12-09,1,6186
1204,210,1307863,1997-12-16,1997-12-16,1,10211
1205,210,1310149,1997-12-16,1997-12-16,1,10211
1206,210,1326303,1997-12-16,1997-12-16,1,10211
1207,210,1557272,2014-11-18,2014-11-18,1,16392
1208,212,738818,2013-05-11,2013-05-25,1,15850
1209,212,1119510,2013-05-11,2013-05-25,1,15850
1210,212,1125315,2013-05-11,2013-05-25,1,15850
1211,212,1521369,2013-08-01,2014-07-27,1,16278
1212,212,1521369,2015-07-22,2016-07-16,1,16998
1213,213,1713332,2009-02-10,2009-03-10,1,14313
1214,213,1759842,2009-02-10,2009-03-10,1,14313
1215,214,1125315,2011-06-09,2011-06-23,1,15148
1216,214,1125315,2014-08-19,2014-08-26,1,16308
1217,215,1129625,1956-07-29,1956-07-29,1,-4904
1218,215,1137529,2002-10-11,2002-10-11,1,11971
1219,215,1149380,1958-07-15,1958-07-15,1,-4188
1220,215,1149380,2002-10-11,2002-10-11,1,11971
1221,215,1154343,1958-07-15,1958-07-15,1,-4188
1222,217,974166,2014-06-26,2014-06-26,1,16247
1223,217,1125315,2013-06-15,2013-06-22,1,15878
1224,217,1177480,2011-01-07,2011-01-28,1,15002
1225,217,1500211,2012-07-28,2013-07-23,1,15909
1226,217,1515774,2009-08-13,2010-08-08,1,14829
1227,217,1519936,2011-08-03,2012-07-28,1,15549
1228,217,1521369,2013-07-23,2014-07-18,1,16269
1229,217,1549786,2009-08-13,2010-08-08,1,14829
1230,217,19127890,2009-08-13,2010-08-08,1,14829
1231,218,1500211,2013-07-20,2013-08-17,1,15934
1232,218,1512674,2009-12-07,2010-12-02,1,14945
1233,218,1521369,2010-12-02,2011-11-27,1,15305
1234,218,1549786,2009-12-07,2010-12-02,1,14945
1235,218,1589505,2016-07-04,2017-07-04,1,17351
1236,218,1729720,2012-09-11,2012-09-19,1,15602
1237,218,19127890,2009-12-07,2010-12-02,1,14945
1238,219,1521369,2008-08-07,2010-07-28,2,14818
1239,219,1521369,2014-01-20,2015-01-15,1,16450
1240,220,1125315,2015-03-11,2015-03-18,1,16512
1241,220,1125315,2015-05-21,2015-05-28,1,16583
1242,221,974166,2016-01-16,2016-01-16,1,16816
1243,221,975125,2014-11-29,2014-12-13,1,16417
1244,221,975125,2017-04-05,2017-04-19,1,17275
1245,221,1153428,1998-03-23,1998-03-23,1,10308
1246,221,1177480,2014-10-11,2014-11-15,1,16389
1247,221,1343916,1998-03-23,1998-03-23,1,10308
1248,221,19010482,2014-11-29,2014-12-13,1,16417
1249,221,19010482,2017-04-05,2017-04-19,1,17275
1250,222,1307863,2014-06-17,2014-06-17,1,16238
1251,222,1310149,2014-06-17,2014-06-17,1,16238
1252,222,1326303,2014-06-17,2014-06-17,1,16238
1253,222,1539403,2001-06-26,2018-06-22,18,17704
1254,222,1713332,2016-11-26,2016-12-17,1,17152
1255,222,1759842,2016-11-26,2016-12-17,1,17152
1256,223,1539403,2009-11-29,2018-11-27,10,17862
1257,224,1102527,2018-08-11,2018-08-23,1,17766
1258,224,1125315,2018-08-04,2018-10-10,1,17814
1259,224,1521369,2011-07-20,2012-07-14,1,15535
1260,224,1548195,2014-07-04,2015-06-29,1,16615
1261,224,1549786,2015-06-29,2016-06-23,1,16975
1262,224,1549786,2017-06-18,2018-06-13,1,17695
1263,224,1589505,2008-07-29,2009-07-30,1,14455
1264,224,1589505,2015-06-29,2016-06-23,1,16975
1265,224,1589505,2017-06-18,2018-06-13,1,17695
1266,224,1713332,2015-02-02,2015-02-23,1,16489
1267,224,1759842,2015-02-02,2015-02-23,1,16489
1268,224,19054876,2014-07-04,2015-06-29,1,16615
1269,224,19127890,2014-07-04,2016-06-23,2,16975
1270,225,974166,1987-08-07,1987-08-07,1,6427
1271,225,1713332,2016-10-16,2016-11-06,1,17111
1272,225,1713332,2017-09-10,2017-09-17,1,17426
1273,225,1759842,2016-10-16,2016-11-06,1,17111
1274,225,1759842,2017-09-10,2017-09-17,1,17426
1275,226,974166,1994-03-17,1994-03-17,1,8841
1276,228,1177480,2011-12-26,2012-02-24,1,15394
1277,228,1315942,2003-05-08,2003-05-08,1,12180
1278,228,1351541,2003-05-08,2003-05-08,1,12180
1279,228,1539403,1986-05-21,2018-05-13,33,17664
1280,229,1125315,2009-11-12,2009-11-26,1,14574
1281,229,1500211,2018-03-08,2018-03-08,1,17598
1282,229,1548195,2016-03-18,2017-03-13,1,17238
1283,229,19054876,2016-03-18,2017-03-13,1,17238
1284,229,19127890,2016-03-18,2017-03-13,1,17238
1285,230,1125315,2014-07-07,2014-07-14,1,16265
1286,230,1729720,2014-01-10,2014-01-23,1,16093
1287,231,920293,2014-11-30,2014-12-07,1,16411
1288,231,920293,2016-01-10,2016-01-17,1,16817
1289,231,933724,2014-11-30,2014-12-07,1,16411
1290,231,933724,2016-01-10,2016-01-17,1,16817
1291,231,975125,2013-01-08,2013-01-22,1,15727
1292,231,1125315,2014-12-24,2014-12-31,1,16435
1293,231,1129625,1969-11-25,1969-11-25,1,-37
1294,231,1149380,1968-11-11,1968-11-11,1,-416
1295,231,1154343,1968-11-11,1968-11-11,1,-416
1296,231,1500211,2008-12-19,2009-12-14,1,14592
1297,231,1521369,2010-12-12,2011-12-07,1,15315
1298,231,1521369,2013-11-26,2014-11-21,1,16395
1299,231,1589505,2009-12-14,2010-12-12,1,14955
1300,231,19010482,2013-01-08,2013-01-22,1,15727
1301,232,1115008,2009-09-26,2009-09-26,1,14513
1302,233,974166,1998-04-24,1998-04-24,1,10340
1303,233,1539403,2003-05-23,2018-05-19,16,17670
1304,234,974166,1975-05-18,1975-05-18,1,1963
1305,234,1125315,2012-01-20,2012-02-03,1,15373
1306,235,1125315,2013-04-29,2013-05-06,1,15831
1307,235,1125315,2018-11-07,2018-12-12,1,17877
1308,236,1124957,2009-04-11,2009-08-12,3,14408
1309,236,1124957,2009-12-30,2010-02-17,1,14657
1310,236,1125315,2009-11-09,2009-11-30,1,14578
1311,236,1174888,2009-11-09,2009-11-30,1,14578
1312,236,1521369,2014-05-08,2015-05-03,1,16558
1313,237,1125315,2009-12-07,2009-12-28,1,14606
1314,238,1500211,2010-03-28,2011-03-23,1,15056
1315,238,1521369,2007-04-13,2008-04-07,1,13976
1316,238,1521369,2011-03-23,2012-03-17,1,15416
1317,238,1521369,2018-07-12,2018-07-12,1,17724
1318,238,1589505,2014-03-07,2015-03-08,1,16502
1319,239,974166,2015-09-13,2015-09-13,1,16691
1320,239,1125315,2013-01-10,2013-01-24,1,15729
1321,239,1125315,2013-11-20,2013-12-11,1,16050
1322,240,974166,1975-03-09,1975-03-09,1,1893
1323,240,1115008,2002-11-13,2003-01-12,1,12064
1324,240,1115008,2005-01-01,2005-02-05,1,12819
1325,240,1125315,2006-09-03,2006-09-03,1,13394
1326,240,1149380,1959-06-24,1959-06-24,1,-3844
1327,240,1154343,1959-06-24,1959-06-24,1,-3844
1328,240,1174888,2006-09-03,2006-09-03,1,13394
1329,240,1322184,1998-06-28,2006-09-03,1,13394
1330,240,1332418,1994-04-03,1994-04-03,1,8858
1331,240,1361711,1996-06-23,2006-09-03,1,13394
1332,240,1539403,1994-04-03,1994-04-03,1,8858
1333,240,1545958,2006-09-03,2006-09-03,1,13394
1334,241,974166,1982-02-28,1982-02-28,1,4441
1335,242,1125315,2009-11-03,2009-11-10,1,14558
1336,242,1539403,2009-01-02,2018-12-31,11,17896
1337,243,1115008,2011-08-22,2011-09-05,1,15222
1338,243,1150770,1991-09-04,1991-09-04,1,7916
1339,243,1343916,1991-09-04,1991-09-04,1,7916
1340,244,1125315,2018-06-25,2018-07-09,1,17721
1341,244,1149196,2015-05-24,2015-05-24,1,16579
1342,244,1177480,2014-12-12,2014-12-26,1,16430
1343,244,1343916,2015-05-24,2015-05-24,1,16579
1344,244,1778162,2014-12-12,2014-12-26,1,16430
1345,245,738818,2010-07-18,2010-08-01,1,14822
1346,245,920293,2009-08-27,2009-09-03,1,14490
1347,245,933724,2009-08-27,2009-09-03,1,14490
1348,245,1119510,2010-07-18,2010-08-01,1,14822
1349,245,1125315,2010-07-18,2010-08-01,1,14822
1350,245,1500211,2009-07-16,2010-07-11,1,14801
1351,245,1500211,2015-06-15,2016-06-09,1,16961
1352,245,1512674,2011-07-06,2012-06-30,1,15521
1353,245,1519936,2014-06-20,2015-06-15,1,16601
1354,245,1521369,2008-07-21,2009-07-16,1,14441
1355,245,1521369,2010-07-11,2011-07-06,1,15161
1356,245,1548195,2012-06-30,2013-06-25,1,15881
1357,245,1549786,2008-07-21,2009-07-16,1,14441
1358,245,1549786,2011-07-06,2012-06-30,1,15521
1359,245,1549786,2013-06-25,2015-06-15,2,16601
1360,245,1549786,2018-05-30,2018-05-30,1,17681
1361,245,1589505,2013-06-25,2014-06-20,1,16241
1362,245,1589505,2018-05-30,2018-05-30,1,17681
1363,245,1595799,2008-07-21,2009-07-16,1,14441
1364,245,19054876,2012-06-30,2013-06-25,1,15881
1365,245,19127890,2011-07-06,2013-06-25,2,15881
1366,246,738818,2014-06-28,2014-07-12,1,16263
1367,246,738818,2017-12-02,2017-12-09,1,17509
1368,246,1119510,2014-06-28,2014-07-12,1,16263
1369,246,1119510,2017-12-02,2017-12-09,1,17509
1370,246,1125315,2012-07-25,2012-09-23,2,15606
1371,246,1125315,2014-06-28,2014-07-12,1,16263
1372,246,1125315,2017-12-02,2017-12-09,1,17509
1373,246,1174888,2012-07-25,2012-08-27,1,15579
1374,246,1512674,2016-02-17,2017-02-11,1,17208
1375,246,1515774,2014-02-27,2015-02-22,1,16488
1376,246,1519936,2017-02-11,2018-02-06,1,17568
1377,246,1521369,2012-03-09,2013-03-04,1,15768
1378,246,1549786,2014-02-27,2015-02-22,1,16488
1379,246,1549786,2016-02-17,2018-02-06,3,17568
1380,246,1589505,2018-02-06,2018-02-06,1,17568
1381,246,19127890,2014-02-27,2015-02-22,1,16488
1382,246,19127890,2016-02-17,2017-02-11,1,17208
1383,246,19127890,2018-02-06,2018-02-06,1,17568
1384,248,1500211,2015-08-16,2016-08-10,1,17023
1385,248,1519936,2018-07-31,2018-07-31,1,17743
1386,248,1549786,2014-08-21,2015-08-16,1,16663
1387,248,1549786,2016-08-10,2017-08-05,1,17383
1388,248,1589505,2014-08-21,2015-08-16,1,16663
1389,248,1589505,2016-08-10,2017-08-05,1,17383
1390,249,1107830,2006-05-20,2006-05-20,1,13288
1391,249,1125315,2011-08-08,2011-08-22,1,15208
1392,249,1343916,2006-05-20,2006-05-20,1,13288
1393,249,1551099,2011-02-09,2011-02-09,1,15014
1394,249,1713332,2011-08-08,2011-08-22,1,15208
1395,250,718583,1984-02-22,1984-02-22,1,5165
1396,250,1129625,1954-05-14,1954-05-14,1,-5711
1397,251,1107830,2004-02-29,2004-02-29,1,12477
1398,251,1125315,2010-11-15,2010-12-06,1,14949
1399,251,1125315,2011-04-15,2011-04-29,1,15093
1400,251,1149380,2006-05-02,2006-05-02,1,13270
1401,251,1154343,2006-05-02,2006-05-02,1,13270
1402,251,1343916,2004-02-29,2004-02-29,1,12477
1403,251,1549786,2017-04-22,2018-04-17,2,17638
1404,251,1589505,2017-04-22,2018-04-17,2,17638
1405,251,1713332,2010-11-15,2010-12-06,1,14949
1406,251,1713332,2012-06-08,2012-06-15,1,15506
1407,251,1759842,2012-06-08,2012-06-15,1,15506
1408,252,1125315,2018-12-17,2018-12-24,1,17889
1409,252,1519936,2008-09-05,2009-08-31,1,14487
1410,252,1521369,2010-08-26,2012-08-15,2,15567
1411,253,718583,1977-07-04,1977-07-04,1,2741
1412,253,1115008,1977-06-19,1977-06-19,1,2726
1413,253,1124957,2014-12-21,2015-01-04,1,16439
1414,253,1125315,2013-10-27,2014-01-25,1,16095
1415,253,1125315,2014-12-21,2015-02-19,2,16485
1416,253,1125315,2017-11-05,2017-11-12,1,17482
1417,253,1315942,2006-03-07,2006-03-07,1,13214
1418,253,1351541,2006-03-07,2006-03-07,1,13214
1419,254,1500211,2013-11-26,2014-11-21,1,16395
1420,254,1519936,2018-10-31,2018-10-31,1,17835
1421,254,1521369,2014-11-21,2017-11-05,3,17475
1422,254,1549786,2018-10-31,2018-10-31,1,17835
1423,254,1713332,2014-05-20,2014-06-10,1,16231
1424,254,1759842,2014-05-20,2014-06-10,1,16231
1425,255,974166,1976-07-04,1976-07-04,1,2376
1426,255,975125,1980-05-16,1980-05-16,1,3788
1427,255,1102527,2003-01-06,2003-02-05,1,12088
1428,255,1115008,2003-01-06,2003-03-07,1,12118
1429,255,1125315,2005-04-14,2005-05-16,1,12919
1430,255,1150770,1980-05-26,1980-05-26,1,3798
1431,256,1125315,2013-05-04,2013-06-01,1,15857
1432,256,1125315,2017-02-10,2017-03-17,1,17242
1433,256,1149196,2013-07-21,2013-07-21,1,15907
1434,256,1149380,2014-04-16,2014-04-16,1,16176
1435,256,1154343,2014-04-16,2014-04-16,1,16176
1436,256,1177480,2012-09-06,2012-09-20,1,15603
1437,256,1343916,2013-07-21,2013-07-21,1,15907
1438,256,1713332,2012-09-06,2012-09-20,1,15603
1439,257,1521369,2012-10-16,2013-10-11,1,15989
1440,257,1521369,2017-11-01,2018-10-27,2,17831
1441,258,1177480,2010-09-06,2010-10-04,1,14886
1442,258,1177480,2018-04-25,2018-05-09,1,17660
1443,258,1500211,2016-08-28,2017-08-23,1,17401
1444,258,1515774,2009-08-31,2010-08-26,1,14847
1445,258,1519936,2015-09-03,2016-08-28,1,17041
1446,258,1521369,2018-08-18,2018-08-18,1,17761
1447,258,1549786,2009-08-31,2010-08-26,1,14847
1448,258,1729720,2011-09-13,2011-09-25,1,15242
1449,258,19127890,2009-08-31,2010-08-26,1,14847
1450,259,1177480,2017-08-14,2017-09-13,1,17422
1451,260,974166,1986-12-06,1986-12-06,1,6183
1452,260,1149380,1969-12-10,1969-12-10,1,-22
1453,260,1154343,1969-12-10,1969-12-10,1,-22
1454,261,974166,1992-01-09,1992-01-09,1,8043
1455,261,1503297,2001-01-18,2001-01-18,1,11340
1456,261,1518198,2011-09-07,2012-09-01,1,15584
1457,261,1519936,2014-08-22,2015-08-17,1,16664
1458,261,1521369,2008-03-20,2009-03-15,1,14318
1459,261,1521369,2012-09-01,2013-08-27,1,15944
1460,261,1521369,2015-08-17,2016-08-11,1,17024
1461,261,1521369,2017-10-12,2018-10-07,1,17811
1462,261,1549786,2011-09-07,2012-09-01,1,15584
1463,262,974166,1989-10-14,1989-10-14,1,7226
1464,262,1177480,2011-11-23,2011-12-21,1,15329
1465,262,1503297,2017-07-15,2017-07-15,1,17362
1466,262,40170911,2017-07-15,2018-03-31,1,17621
1467,263,974166,1998-06-23,1998-06-23,1,10400
1468,263,1115008,2018-05-11,2018-05-25,1,17676
1469,263,1125315,2012-12-24,2013-01-07,1,15712
1470,263,1129625,1980-08-01,1980-08-01,1,3865
1471,263,1500211,2014-02-21,2015-02-16,1,16482
1472,263,1519936,2010-03-14,2011-03-09,1,15042
1473,263,1521369,2011-03-09,2012-03-03,1,15402
1474,263,1521369,2013-02-26,2014-02-21,1,16122
1475,264,974166,1976-05-11,1976-05-11,1,2322
1476,264,1539403,2000-10-10,2018-10-06,19,17810
1477,264,1713332,2012-02-09,2012-02-23,1,15393
1478,264,1759842,2012-02-09,2012-02-23,1,15393
1479,266,1125315,2012-09-08,2012-10-08,1,15621
1480,266,1125315,2016-09-02,2016-09-16,1,17060
1481,266,1174888,2012-09-08,2012-10-08,1,15621
1482,266,1177480,2012-09-08,2012-10-06,1,15619
1483,266,1713332,2012-09-08,2012-10-06,1,15619
1484,267,1177480,2012-01-31,2012-03-31,1,15430
1485,267,1539403,2009-02-17,2018-02-15,10,17577
1486,268,738818,2015-04-10,2015-04-24,1,16549
1487,268,974166,2000-01-19,2000-01-19,1,10975
1488,268,1115008,2012-02-14,2012-03-20,1,15419
1489,268,1115008,2016-01-29,2016-03-04,1,16864
1490,268,1119510,2015-04-10,2015-04-24,1,16549
1491,268,1125315,2015-04-10,2015-04-24,1,16549
1492,268,1729720,2016-07-28,2016-08-04,1,17017
1493,269,920293,2013-07-09,2013-07-23,2,15909
1494,269,933724,2013-07-09,2013-07-23,1,15909
1495,269,974166,2013-09-27,2014-10-03,2,16346
1496,269,1115008,2014-02-03,2014-02-03,1,16104
1497,269,1512674,2013-05-22,2014-05-17,1,16207
1498,269,1521369,2014-05-17,2015-05-12,1,16567
1499,269,1521369,2017-05-01,2018-04-26,2,17647
1500,269,1549786,2013-05-22,2014-05-17,1,16207
1501,269,1729720,2012-10-03,2012-10-12,1,15625
1502,269,19127890,2013-05-22,2014-05-17,1,16207
1503,270,718583,1987-05-09,1987-05-09,1,6337
1504,270,1177480,2010-07-04,2010-08-03,1,14824
1505,270,1177480,2011-06-29,2011-07-20,1,15175
1506,270,1315942,1997-01-19,1997-01-19,1,9880
1507,270,1351541,1997-01-19,1997-01-19,1,9880
1508,270,1539403,1976-04-24,2018-04-14,43,17635
1509,270,1713332,2016-03-28,2016-04-04,1,16895
1510,270,1759842,2016-03-28,2016-04-04,1,16895
1511,271,738818,2015-09-21,2015-09-28,1,16706
1512,271,1119510,2015-09-21,2015-09-28,1,16706
1513,271,1125315,2009-01-17,2009-02-05,1,14280
1514,271,1125315,2015-09-21,2015-09-28,1,16706
1515,271,1174888,2009-01-17,2009-02-05,1,14280
1516,271,1177480,2009-01-17,2009-04-17,1,14351
1517,271,1515774,2012-05-24,2013-05-19,1,15844
1518,271,1519936,2011-05-30,2012-05-24,1,15484
1519,271,1519936,2015-07-20,2016-07-14,1,16996
1520,271,1521369,2016-07-14,2017-07-09,1,17356
1521,271,1521369,2018-07-04,2018-07-04,1,17716
1522,271,1549786,2012-05-24,2013-05-19,1,15844
1523,271,1589505,2010-05-28,2011-05-30,1,15124
1524,271,19127890,2012-05-24,2013-05-19,1,15844
1525,272,974166,2000-09-20,2001-08-01,2,11535
1526,272,1125315,2001-07-20,2001-07-27,1,11530
1527,272,1125315,2002-05-24,2002-06-07,1,11845
1528,272,1125315,2006-10-04,2006-10-04,1,13425
1529,272,1174888,2006-10-04,2006-10-04,1,13425
1530,272,1322184,1997-09-03,2006-10-04,1,13425
1531,272,1332418,1995-08-23,1995-08-23,1,9365
1532,272,1361711,1995-08-23,2006-10-04,1,13425
1533,272,1539403,1995-08-23,1995-08-23,1,9365
1534,272,1545958,2006-10-04,2006-10-04,1,13425
1535,273,1125315,2013-10-08,2013-11-11,1,16020
1536,273,1539403,1988-12-16,2018-12-09,31,17874
1537,273,1557272,2004-12-03,2004-12-03,1,12755
1538,274,1125315,2009-11-29,2009-12-13,1,14591
1539,274,1557272,2017-02-04,2017-02-04,1,17201
1540,275,738818,2010-10-10,2010-10-24,1,14906
1541,275,974166,1976-07-24,1976-07-24,1,2396
1542,275,1119510,2010-10-10,2010-10-24,1,14906
1543,275,1125315,2010-10-10,2010-10-24,1,14906
1544,275,1192710,1959-12-15,1959-12-15,1,-3670
1545,276,914335,1987-04-27,1987-04-27,1,6325
1546,276,974166,1929-01-28,1929-01-28,1,-14948
1547,276,1309944,1987-04-27,1987-04-27,1,6325
1548,276,1343916,1987-04-27,1987-04-27,1,6325
1549,276,1361711,1977-05-16,1977-05-16,1,2692
1550,277,1149380,2003-01-23,2003-01-23,1,12075
1551,277,1153428,2000-10-28,2000-10-28,1,11258
1552,277,1154343,2003-01-23,2003-01-23,1,12075
1553,277,1177480,2012-09-10,2012-10-08,1,15621
1554,277,1343916,2000-10-28,2000-10-28,1,11258
1555,278,1539403,1999-08-14,2018-08-09,20,17752
1556,280,1125315,2013-07-14,2013-07-21,1,15907
1557,280,1125315,2017-10-29,2017-11-05,1,17475
1558,281,738818,2015-01-09,2015-01-23,1,16458
1559,281,1119510,2015-01-09,2015-01-23,1,16458
1560,281,1125315,2015-01-09,2015-01-23,1,16458
1561,282,1539403,1997-02-03,2018-01-29,22,17560
1562,283,1539403,2011-12-15,2018-12-13,8,17878
1563,283,1557272,2016-12-22,2016-12-22,1,17157
1564,283,1713332,2015-03-26,2015-04-09,1,16534
1565,283,1759842,2015-03-26,2015-04-09,1,16534
1566,284,705944,2016-02-04,2018-10-11,1,17815
1567,284,1713332,2011-06-10,2011-06-24,1,15149
1568,284,1759842,2011-06-10,2011-06-24,1,15149
1569,285,1115008,2007-07-28,2007-07-28,1,13722
1570,285,1124957,2013-01-25,2013-03-02,1,15766
1571,285,1125315,2013-01-18,2013-03-02,2,15766
1572,285,1125315,2015-12-25,2016-01-08,1,16808
1573,285,1589505,2008-10-28,2009-10-29,1,14546
1574,286,1500211,2015-11-04,2016-10-29,1,17103
1575,286,1519936,2011-11-25,2012-11-19,1,15663
1576,286,1521369,2012-11-19,2014-11-09,2,16383
1577,286,1521369,2016-10-29,2017-10-24,1,17463
1578,286,1729720,2012-06-11,2012-06-22,1,15513
1579,287,974166,1982-03-11,1982-03-11,1,4452
1580,287,1125315,2011-10-25,2011-11-01,1,15279
1581,287,1503297,1987-03-19,1987-03-19,1,6286
1582,287,1539403,2014-01-30,2018-01-29,5,17560
1583,287,1596977,1987-12-24,1987-12-24,1,6566
1584,287,46221581,1987-12-24,1987-12-24,1,6566
1585,288,1102527,2009-11-18,2009-12-15,1,14593
1586,288,1115008,2009-11-18,2010-01-17,1,14626
1587,288,1713332,2013-03-30,2013-04-20,1,15815
1588,288,1759842,2013-03-30,2013-04-20,1,15815
1589,289,1125315,2014-04-26,2014-05-10,1,16200
1590,289,1177480,2014-10-23,2014-11-06,1,16380
1591,289,1177480,2018-02-21,2018-03-07,1,17597
1592,289,1713332,2016-09-07,2016-09-21,1,17065
1593,289,1713332,2018-02-21,2018-03-07,1,17597
1594,289,1759842,2016-09-07,2016-09-21,1,17065
1595,291,1713332,2011-09-26,2011-10-10,1,15257
1596,291,1759842,2011-09-26,2011-10-10,1,15257
1597,292,974166,1971-02-19,1971-02-19,1,414
1598,292,1125315,2010-02-16,2010-03-02,1,14670
1599,292,1125315,2017-01-25,2017-02-22,1,17219
1600,292,1322184,2013-03-15,2013-03-15,1,15779
1601,292,1332418,2013-03-15,2013-03-15,1,15779
1602,292,1361711,2013-03-15,2013-03-15,1,15779
1603,292,1539403,2013-03-15,2013-03-15,1,15779
1604,293,974166,2000-05-19,2000-05-19,1,11096
1605,293,1129625,1985-10-22,1985-10-22,1,5773
1606,293,1521369,2011-08-19,2012-08-13,1,15565
1607,293,1521369,2016-07-23,2017-07-18,1,17365
1608,294,974166,1976-12-26,1976-12-26,1,2551
1609,295,1177480,2018-06-10,2018-06-24,1,17706
1610,295,1713332,2018-01-17,2018-01-24,1,17555
1611,295,1713332,2018-06-10,2018-06-24,1,17706
1612,295,1759842,2018-01-17,2018-01-24,1,17555
1613,296,1125315,2015-06-13,2015-06-13,1,16599
1614,296,1153428,2002-09-16,2002-09-16,1,11946
1615,296,1174888,2015-06-13,2015-06-13,1,16599
1616,296,1177480,2006-06-26,2006-07-31,1,13360
1617,296,1322184,2011-05-28,2015-06-13,1,16599
1618,296,1332418,2011-05-28,2011-05-28,1,15122
1619,296,1343916,2002-09-26,2002-09-26,1,11956
1620,296,1361711,2011-05-28,2015-06-13,1,16599
1621,296,1539403,2011-05-28,2011-05-28,1,15122
1622,296,1545958,2015-06-13,2015-06-13,1,16599
1623,296,1713332,2013-12-23,2014-01-13,1,16083
1624,296,1729720,2012-01-12,2012-01-20,1,15359
1625,296,1759842,2013-12-23,2014-01-13,1,16083
1626,297,1115008,2014-08-26,2014-09-16,1,16329
1627,298,974166,1975-06-02,1975-06-02,1,1978
1628,299,974166,2003-05-24,2003-05-24,1,12196
1629,299,1129625,1973-11-12,1973-11-12,1,1411
1630,299,1596977,2008-04-26,2008-04-26,1,13995
1631,299,46221581,2008-04-26,2008-04-26,1,13995
1632,300,974166,1993-08-08,1993-08-08,1,8620
1633,300,975125,2005-02-14,2005-02-14,1,12828
1634,300,1115008,2009-01-18,2009-02-15,1,14290
1635,300,1192710,1976-07-13,1976-07-13,1,2385
1636,300,1519936,2010-06-29,2011-06-24,1,15149
1637,300,1521369,2006-07-12,2007-07-07,1,13701
1638,300,1521369,2013-06-30,2015-06-20,2,16606
1639,300,1521369,2016-06-14,2018-06-04,3,17686
1640,300,1713332,2010-12-09,2010-12-30,1,14973
1641,300,1713332,2016-04-04,2016-05-09,1,16930
1642,300,1759842,2010-12-09,2010-12-30,1,14973
1643,300,1759842,2016-04-04,2016-05-09,1,16930
1644,301,1115008,1995-05-22,1995-05-22,1,9272
1645,301,1539403,2011-08-02,2018-07-31,8,17743
1646,302,1125315,2011-01-27,2011-02-10,1,15015
1647,302,1125315,2011-11-09,2011-11-23,1,15301
1648,302,1778162,2011-01-27,2011-02-10,1,15015
1649,303,1115008,2016-02-23,2016-03-08,1,16868
1650,303,1124957,2011-05-18,2011-05-25,1,15119
1651,303,1124957,2011-08-23,2011-08-30,1,15216
1652,303,1124957,2011-12-19,2012-05-04,3,15404
1653,303,1125315,2011-09-29,2011-10-20,1,15267
1654,303,1125315,2012-02-22,2012-05-04,2,15434
1655,303,1125315,2018-01-27,2018-02-10,1,17572
1656,303,1149380,2001-04-20,2001-04-20,1,11432
1657,303,1153428,1998-09-20,1998-09-20,1,10489
1658,303,1154343,2001-04-20,2001-04-20,1,11432
1659,303,1174888,2011-09-29,2011-10-20,1,15267
1660,303,1177480,2011-10-28,2011-11-11,1,15289
1661,303,1343916,1998-09-20,1998-09-20,1,10489
1662,303,1512674,2013-03-31,2015-03-21,2,16515
1663,303,1521369,2015-03-21,2016-03-15,1,16875
1664,303,1548195,2012-04-05,2013-03-31,1,15795
1665,303,1548195,2017-03-20,2018-03-15,1,17605
1666,303,1549786,2011-04-11,2012-04-05,1,15435
1667,303,1549786,2013-03-31,2015-03-21,2,16515
1668,303,1589505,2011-04-11,2012-04-05,1,15435
1669,303,1713332,2011-07-05,2011-07-26,1,15181
1670,303,1713332,2011-10-28,2011-11-11,1,15289
1671,303,1729720,2015-11-23,2015-12-02,1,16771
1672,303,1759842,2011-07-05,2011-07-26,1,15181
1673,303,19054876,2012-04-05,2013-03-31,1,15795
1674,303,19054876,2017-03-20,2018-03-15,1,17605
1675,303,19127890,2012-04-05,2015-03-21,3,16515
1676,303,19127890,2017-03-20,2018-03-15,1,17605
1677,304,740275,1994-02-18,1994-05-13,1,8898
1678,304,740275,1995-05-19,1995-05-19,1,9269
1679,304,1125315,2010-12-18,2010-12-25,1,14968
1680,304,1512674,2012-11-08,2013-11-03,1,16012
1681,304,1519936,2015-10-24,2016-10-18,1,17092
1682,304,1521369,2008-06-02,2009-05-28,1,14392
1683,304,1521369,2010-11-19,2012-11-08,2,15652
1684,304,1521369,2014-10-29,2015-10-24,1,16732
1685,304,1549786,2008-06-02,2009-05-28,1,14392
1686,304,1549786,2012-11-08,2013-11-03,1,16012
1687,304,1549786,2015-10-24,2017-10-13,2,17452
1688,304,1589505,2016-10-18,2017-10-13,1,17452
1689,304,1595799,2008-06-02,2009-05-28,1,14392
1690,304,1713332,2010-04-05,2010-04-12,1,14711
1691,304,1713332,2011-12-08,2011-12-29,1,15337
1692,304,1759842,2010-04-05,2010-04-12,1,14711
1693,304,1759842,2011-12-08,2011-12-29,1,15337
1694,304,19127890,2012-11-08,2013-11-03,1,16012
1695,304,19127890,2016-10-18,2017-10-13,1,17452
1696,305,738818,2014-08-08,2014-08-22,1,16304
1697,305,1119510,2014-08-08,2014-08-22,1,16304
1698,305,1125315,2011-05-20,2011-06-26,1,15151
1699,305,1125315,2014-08-08,2014-08-22,1,16304
1700,305,1125315,2015-08-27,2015-10-01,1,16709
1701,305,1125315,2015-11-16,2015-11-30,1,16769
1702,305,1125315,2017-03-31,2017-04-07,1,17263
1703,305,1174888,2011-05-20,2011-06-26,1,15151
1704,305,1177480,2011-05-20,2011-08-18,1,15204
1705,305,1500211,2009-04-11,2010-04-06,1,14705
1706,305,1500211,2015-03-19,2017-03-08,2,17233
1707,305,1503297,2009-07-08,2009-07-08,1,14433
1708,305,1521369,2013-03-29,2014-03-24,1,16153
1709,305,1521369,2017-03-08,2018-03-03,1,17593
1710,305,1589505,2008-04-08,2009-04-11,1,14345
1711,306,1125315,2009-10-15,2009-10-29,1,14546
1712,306,1125315,2018-01-31,2018-02-14,1,17576
1713,306,1149380,2008-02-09,2008-02-09,1,13918
1714,306,1153428,2007-03-10,2007-03-10,1,13582
1715,306,1154343,2008-02-09,2008-02-09,1,13918
1716,306,1343916,2007-03-10,2007-03-10,1,13582
1717,307,1115008,2009-07-17,2009-08-07,1,14463
1718,307,1125315,2015-03-22,2015-03-22,1,16516
1719,307,1174888,2015-03-22,2015-03-22,1,16516
1720,307,1192710,1977-05-09,1977-05-09,1,2685
1721,307,1322184,1997-11-23,2015-03-22,1,16516
1722,307,1332418,1994-11-06,1994-11-06,1,9075
1723,307,1361711,1980-10-05,2015-03-22,1,16516
1724,307,1539403,1991-10-20,1991-10-20,1,7962
1725,307,1545958,2015-03-22,2015-03-22,1,16516
1726,307,1713332,2005-09-26,2005-10-17,1,13073
1727,307,1713332,2009-04-26,2009-05-03,1,14367
1728,307,1759842,2005-09-26,2005-10-17,1,13073
1729,307,1759842,2009-04-26,2009-05-03,1,14367
1730,308,1307863,1995-06-16,1995-06-16,1,9297
1731,308,1310149,1995-06-16,1995-06-16,1,9297
1732,308,1326303,1995-06-16,1995-06-16,1,9297
1733,309,1500211,2014-12-25,2015-12-20,1,16789
1734,309,1521369,2012-12-27,2013-12-22,1,16061
1735,309,1521369,2016-12-22,2017-12-17,1,17517
1736,309,1589505,2008-12-04,2009-12-03,1,14581
1737,309,1589505,2011-12-29,2012-12-27,1,15701
1738,309,1589505,2015-12-20,2016-12-22,1,17157
1739,310,1307863,1981-08-31,1981-08-31,1,4260
1740,310,1310149,1964-10-19,1964-10-19,1,-1900
1741,310,1326303,1964-10-19,1964-10-19,1,-1900
1742,311,920293,2015-10-17,2015-10-24,1,16732
1743,311,933724,2015-10-17,2015-10-24,1,16732
1744,311,1115008,2011-04-11,2011-05-16,1,15110
1745,311,1115008,2013-09-02,2013-09-02,1,15950
1746,311,1519936,2016-06-01,2017-05-27,1,17313
1747,311,1521369,2008-11-22,2009-11-17,1,14565
1748,311,1521369,2012-12-16,2013-12-11,1,16050
1749,311,1521369,2018-05-22,2018-05-22,1,17673
1750,311,1549786,2016-06-01,2017-05-27,1,17313
1751,312,920293,2015-10-27,2015-11-03,1,16742
1752,312,933724,2015-10-27,2015-11-03,1,16742
1753,312,975125,2010-03-01,2010-03-15,1,14683
1754,312,1115008,2011-04-18,2011-05-02,1,15096
1755,312,1115008,2013-09-24,2013-09-24,1,15972
1756,312,1129625,1974-10-25,1974-10-25,1,1758
1757,312,1518198,2009-05-21,2010-05-16,1,14745
1758,312,1519936,2005-06-03,2006-05-29,1,13297
1759,312,1519936,2017-07-08,2018-07-03,2,17715
1760,312,1521369,2010-05-16,2011-05-11,1,15105
1761,312,1521369,2011-08-09,2014-07-24,3,16275
1762,312,1521369,2016-07-13,2017-07-08,1,17355
1763,312,1549786,2005-06-03,2006-05-29,1,13297
1764,312,1549786,2009-05-21,2010-05-16,1,14745
1765,312,1549786,2017-07-08,2018-07-03,2,17715
1766,312,1713332,2016-01-18,2016-03-21,1,16881
1767,312,1759842,2016-01-18,2016-03-21,1,16881
1768,312,19010482,2010-03-01,2010-03-15,1,14683
1769,313,1713332,2009-10-14,2009-10-28,1,14545
1770,313,1729720,2015-04-02,2015-04-10,1,16535
1771,313,1759842,2009-10-14,2009-10-28,1,14545
1772,314,974166,2008-08-15,2008-08-15,1,14106
1773,314,1115008,2009-05-16,2009-06-06,1,14401
1774,315,974166,2014-05-22,2014-05-22,1,16212
1775,315,1177480,2018-09-09,2018-09-23,1,17797
1776,315,1322184,2003-03-20,2003-03-20,1,12131
1777,315,1332418,2003-03-20,2003-03-20,1,12131
1778,315,1361711,2003-03-20,2003-03-20,1,12131
1779,315,1519936,2018-09-19,2018-09-19,1,17793
1780,315,1521369,2014-10-10,2016-09-29,2,17073
1781,315,1539403,2003-03-20,2003-03-20,1,12131
1782,315,1548195,2011-10-26,2012-10-20,1,15633
1783,315,1549786,2012-10-20,2013-10-15,1,15993
1784,315,1589505,2012-10-20,2013-10-15,1,15993
1785,315,19054876,2011-10-26,2012-10-20,1,15633
1786,315,19127890,2011-10-26,2013-10-15,2,15993
1787,316,1500211,2008-06-25,2009-06-20,1,14415
1788,316,1515774,2017-11-25,2018-11-20,1,17855
1789,316,1519936,2011-01-01,2011-12-27,1,15335
1790,316,1519936,2012-12-21,2013-12-16,1,16055
1791,316,1519936,2014-12-11,2016-11-30,2,17135
1792,316,1521369,2013-12-16,2014-12-11,1,16415
1793,316,1548195,2011-12-27,2012-12-21,1,15695
1794,316,1549786,2011-01-01,2011-12-27,1,15335
1795,316,1549786,2016-11-30,2018-11-20,2,17855
1796,316,1589505,2016-11-30,2017-11-25,1,17495
1797,316,1713332,2011-01-17,2011-01-24,1,14998
1798,316,1713332,2012-03-25,2012-04-08,1,15438
1799,316,1729720,2012-05-26,2012-06-02,1,15493
1800,316,1759842,2011-01-17,2011-01-24,1,14998
1801,316,1759842,2012-03-25,2012-04-08,1,15438
1802,316,19054876,2011-12-27,2012-12-21,1,15695
1803,316,19127890,2011-12-27,2012-12-21,1,15695
1804,316,19127890,2016-11-30,2018-11-20,2,17855
1805,317,1125315,2016-11-12,2016-11-26,1,17131
1806,317,1778162,2016-11-12,2016-11-26,1,17131
1807,318,1177480,2012-04-12,2012-04-26,1,15456
1808,318,1713332,2016-01-19,2016-02-02,1,16833
1809,318,1729720,2011-04-29,2011-05-10,1,15104
1810,318,1759842,2016-01-19,2016-02-02,1,16833
1811,319,974166,1981-01-28,1981-01-28,1,4045
1812,319,1125315,2011-03-04,2011-03-18,1,15051
1813,319,1503297,2009-02-25,2009-02-25,1,14300
1814,319,1596977,2016-12-28,2016-12-28,1,17163
1815,319,46221581,2016-12-28,2016-12-28,1,17163
1816,320,974166,1983-06-01,1983-06-01,1,4899
1817,320,1125315,2009-11-24,2009-12-01,1,14579
1818,321,1115008,2014-01-25,2014-01-25,1,16095
1819,321,1125315,2011-02-02,2011-02-16,1,15021
1820,321,1125315,2013-04-03,2013-04-17,1,15812
1821,322,1125315,2011-06-16,2011-06-23,1,15148
1822,322,1539403,2018-10-30,2018-10-30,1,17834
1823,323,1115008,2012-09-19,2012-10-10,1,15623
1824,323,1125315,2016-04-24,2016-05-01,1,16922
1825,323,1129625,1995-09-20,1995-09-20,1,9393
1826,323,1343916,1995-09-28,1995-09-28,1,9401
1827,323,1512674,2016-07-10,2017-07-05,1,17352
1828,323,1515774,2011-08-06,2013-07-26,2,15912
1829,323,1521369,2010-08-11,2011-08-06,1,15192
1830,323,1549786,2011-08-06,2013-07-26,2,15912
1831,323,1549786,2015-07-16,2017-07-05,2,17352
1832,323,1589505,2015-07-16,2016-07-10,1,16992
1833,323,19127890,2011-08-06,2013-07-26,2,15912
1834,323,19127890,2015-07-16,2017-07-05,2,17352
1835,324,1177480,2014-11-13,2014-11-27,1,16401
1836,325,738818,1986-01-11,1986-01-18,1,5861
1837,325,975125,1941-09-27,1941-09-27,1,-10323
1838,325,1102527,1954-06-09,1990-02-07,1,7342
1839,325,1119510,1986-01-11,1986-01-18,1,5861
1840,325,1125315,1986-01-11,1986-01-18,1,5861
1841,325,1307863,1983-04-04,1983-04-04,1,4841
1842,325,1310149,1983-04-04,1983-04-04,1,4841
1843,325,1326303,1983-04-04,1983-04-04,1,4841
1844,325,1539403,1988-02-22,1993-02-20,6,8451
1845,326,1192710,1975-08-16,1975-08-16,1,2053
1846,326,1713332,2017-05-26,2017-06-02,1,17319
1847,326,1759842,2017-05-26,2017-06-02,1,17319
1848,327,1125315,2015-01-06,2015-01-20,1,16455
1849,327,1125315,2015-10-16,2015-11-06,1,16745
1850,327,1729720,2014-12-19,2015-01-01,1,16436
1851,328,718583,1953-05-08,1953-05-08,1,-6082
1852,328,1125315,1960-08-14,1960-08-28,1,-3413
1853,328,1125315,1962-06-23,1962-07-07,1,-2735
1854,328,1503297,1956-11-16,1956-11-16,1,-4794
1855,329,974166,2007-09-18,2007-09-18,1,13774
1856,329,1115008,2015-06-06,2015-06-20,1,16606
1857,329,1125315,2016-12-22,2016-12-29,1,17164
1858,330,1102527,2016-04-26,2016-05-13,1,16934
1859,330,1125315,2016-11-21,2016-12-05,1,17140
1860,330,1177480,2016-04-26,2016-05-26,1,16947
1861,331,738818,2010-07-16,2010-07-23,1,14813
1862,331,974166,2015-08-05,2015-08-05,1,16652
1863,331,1119510,2010-07-16,2010-07-23,1,14813
1864,331,1125315,2010-07-16,2010-07-23,1,14813
1865,331,1125315,2017-08-25,2017-09-15,1,17424
1866,331,1503297,2015-08-05,2015-08-05,1,16652
1867,333,701322,2006-12-12,2006-12-12,1,13494
1868,333,757627,2005-08-19,2005-08-19,1,13014
1869,333,1125315,2007-07-11,2007-07-25,1,13719
1870,333,1137529,1978-09-22,1978-09-22,1,3186
1871,333,1149380,1978-09-22,1978-09-22,1,3186
1872,333,1557272,2012-08-31,2012-08-31,1,15583
1873,333,1713332,2004-07-24,2004-08-14,1,12644
1874,333,1759842,2004-07-24,2004-08-14,1,12644
1875,334,974166,2007-05-29,2007-05-29,1,13662
1876,334,1125315,2012-03-04,2012-03-11,1,15410
1877,334,1177480,2015-11-16,2015-12-07,1,16776
1878,334,1503297,2007-05-29,2007-05-29,1,13662
1879,334,1539403,2016-01-05,2019-01-04,4,17900
1880,334,1550023,2013-01-29,2013-01-29,1,15734
1881,334,1596977,2012-01-24,2013-01-29,1,15734
1882,334,1713332,2018-07-20,2018-08-03,1,17746
1883,334,1759842,2018-07-20,2018-08-03,1,17746
1884,334,40170911,2007-05-29,2009-06-02,1,14397
1885,334,40170911,2011-01-18,2012-01-24,1,15363
1886,334,46221581,2012-01-24,2013-01-29,1,15734
1887,335,1125315,2016-08-27,2016-09-03,1,17047
1888,336,1115008,2014-09-24,2014-09-24,1,16337
1889,336,1713332,2016-02-21,2016-03-13,1,16873
1890,336,1759842,2016-02-21,2016-03-13,1,16873
1891,337,1129625,1965-10-21,1965-10-21,1,-1533
1892,337,1503297,2012-10-01,2012-10-01,1,15614
1893,337,1521369,2009-07-26,2011-07-16,2,15171
1894,337,1589505,2011-07-16,2012-07-12,1,15533
1895,338,742185,2018-05-19,2018-05-19,1,17670
1896,338,1125315,2013-03-11,2013-03-25,1,15789
1897,338,1125315,2016-09-21,2016-10-21,1,17095
1898,338,1177480,2013-08-25,2013-09-08,1,15956
1899,338,1713332,2013-03-11,2013-03-25,1,15789
1900,338,1713332,2013-08-25,2013-09-08,1,15956
1901,339,914335,2014-03-18,2014-03-18,1,16147
1902,339,1309944,2014-03-18,2014-03-18,1,16147
1903,339,1343916,2014-03-18,2014-03-18,1,16147
1904,340,738818,2010-01-19,2010-02-02,1,14642
1905,340,974166,1984-07-20,1984-07-20,1,5314
1906,340,1119510,2010-01-19,2010-02-02,1,14642
1907,340,1125315,2010-01-19,2010-02-02,1,14642
1908,340,1125315,2015-01-08,2015-01-15,1,16450
1909,340,1177480,2010-02-11,2010-02-25,1,14665
1910,341,1177480,2016-09-08,2016-09-29,1,17073
1911,341,1322184,1997-04-07,1997-04-07,1,9958
1912,341,1332418,1994-03-21,1994-03-21,1,8845
1913,341,1361711,1991-03-04,1991-03-04,1,7732
1914,341,1539403,1991-03-04,1991-03-04,1,7732
1915,341,1551099,2009-08-19,2009-08-19,1,14475
1916,342,1125315,2010-03-31,2010-04-07,1,14706
1917,342,1125315,2012-12-03,2012-12-17,1,15691
1918,342,1713332,2012-03-11,2012-03-18,1,15417
1919,342,1713332,2012-12-03,2012-12-17,1,15691
1920,342,1759842,2012-03-11,2012-03-18,1,15417
1921,343,1125315,2009-08-12,2009-08-19,1,14475
1922,343,1500211,1997-01-18,1998-01-13,1,10239
1923,343,1500211,2018-08-13,2018-08-13,1,17756
1924,343,1519936,2010-09-24,2011-09-19,1,15236
1925,343,1519936,2014-09-03,2015-08-29,1,16676
1926,343,1519936,2017-08-18,2018-08-13,1,17756
1927,343,1521369,2013-09-08,2014-09-03,1,16316
1928,343,1521369,2015-08-29,2016-08-23,1,17036
1929,343,1549786,2014-09-03,2015-08-29,1,16676
1930,344,974166,1990-04-26,1990-04-26,1,7420
1931,344,1192710,1974-02-23,1974-02-23,1,1514
1932,346,1125315,2018-03-21,2018-03-28,1,17618
1933,346,1729720,2017-12-20,2017-12-30,1,17530
1934,346,1729720,2018-05-03,2018-05-13,1,17664
1935,347,1192710,1957-05-02,1957-05-02,1,-4627
1936,347,1322184,2017-08-14,2017-08-14,1,17392
1937,347,1332418,2017-08-14,2017-08-14,1,17392
1938,347,1361711,2017-08-14,2017-08-14,1,17392
1939,347,1539403,2017-08-14,2017-08-14,1,17392
1940,347,1713332,2013-01-12,2013-01-19,1,15724
1941,347,1759842,2013-01-12,2013-01-19,1,15724
1942,349,708298,2015-03-19,2015-03-19,1,16513
1943,349,753626,2015-03-19,2015-03-19,1,16513
1944,349,782043,2015-03-19,2015-03-19,1,16513
1945,349,967823,2015-03-18,2015-03-25,1,16519
1946,349,1000560,2015-03-18,2015-03-19,2,16512
1947,349,1102527,2015-03-25,2015-04-17,1,16542
1948,349,1110410,2015-03-18,2015-03-19,1,16513
1949,349,1367571,2015-03-18,2015-03-18,1,16512
1950,349,1741122,2015-03-19,2015-03-19,1,16513
1951,349,1746114,2015-03-19,2015-03-19,1,16513
1952,349,19003953,2015-03-19,2015-03-19,1,16513
1953,349,19016749,2015-03-19,2015-03-19,1,16513
1954,350,974166,1995-05-06,1995-05-06,1,9256
1955,351,1129625,1981-01-13,1981-01-13,1,4030
1956,351,1149380,1978-12-31,1978-12-31,1,3286
1957,351,1154343,1978-12-31,1978-12-31,1,3286
1958,351,1177480,2010-01-30,2010-02-20,1,14660
1959,351,1500211,2009-07-30,2010-07-25,1,14815
1960,351,1519936,2014-07-09,2015-07-04,1,16620
1961,351,1519936,2018-06-24,2018-06-24,1,17706
1962,351,1521369,2011-07-20,2012-07-14,1,15535
1963,351,1521369,2016-06-28,2017-06-23,1,17340
1964,351,1589505,2012-07-14,2013-07-14,1,15900
1965,351,1589505,2017-06-23,2018-06-24,1,17706
1966,352,1125315,2017-01-12,2017-01-26,1,17192
1967,352,1177480,2018-04-21,2018-05-05,1,17656
1968,352,1713332,2017-01-12,2017-01-26,1,17192
1969,352,1778162,2018-04-21,2018-05-05,1,17656
1970,353,1125315,2015-11-27,2015-12-11,1,16780
1971,353,1125315,2018-01-30,2018-02-13,1,17575
1972,353,1192710,1980-09-18,1980-09-18,1,3913
1973,353,1500211,2012-12-27,2013-12-22,1,16061
1974,353,1519936,2011-01-02,2011-12-28,1,15336
1975,353,1519936,2013-12-22,2014-12-17,1,16421
1976,353,1521369,2015-12-12,2016-12-06,1,17141
1977,353,1521369,2017-12-07,2018-12-02,1,17867
1978,353,1549786,2011-01-02,2011-12-28,1,15336
1979,353,1589505,2011-12-28,2012-12-27,1,15701
1980,353,1589505,2016-12-06,2017-12-07,1,17507
1981,354,920293,2014-08-26,2014-09-02,1,16315
1982,354,920293,2017-10-10,2017-10-17,1,17456
1983,354,920293,2017-12-17,2017-12-24,1,17524
1984,354,933724,2014-08-26,2014-09-02,1,16315
1985,354,933724,2017-10-10,2017-10-17,1,17456
1986,354,933724,2017-12-17,2017-12-24,1,17524
1987,354,1521369,2015-11-27,2017-11-16,2,17486
1988,354,1589505,2009-09-11,2010-09-13,1,14865
1989,355,1107830,2005-12-06,2005-12-06,1,13123
1990,355,1343916,2005-12-15,2005-12-15,1,13132
1991,356,738818,2016-11-19,2016-11-26,1,17131
1992,356,739138,1959-09-20,1959-09-20,1,-3756
1993,356,1119510,2016-11-19,2016-11-26,1,17131
1994,356,1124957,2009-01-07,2009-06-09,4,14314
1995,356,1124957,2009-08-15,2009-12-09,3,14527
1996,356,1124957,2010-03-09,2010-03-16,1,14684
1997,356,1125315,1959-09-20,1959-09-20,1,-3756
1998,356,1125315,2009-01-07,2009-03-27,2,14300
1999,356,1125315,2009-07-09,2009-10-26,3,14483
2000,356,1125315,2010-07-11,2010-07-18,1,14808
2001,356,1125315,2012-04-16,2012-07-15,1,15536
2002,356,1125315,2016-11-19,2016-11-26,1,17131
2003,356,1174888,1959-09-20,1959-09-20,1,-3756
2004,356,1174888,2009-07-09,2009-07-16,1,14441
2005,356,1177480,2015-05-31,2015-06-21,1,16607
2006,356,1307863,1981-10-25,1981-10-25,1,4315
2007,356,1310149,1980-10-19,1980-10-19,1,3944
2008,356,1315942,1989-12-04,1989-12-04,1,7277
2009,356,1326303,1980-10-19,1980-10-19,1,3944
2010,356,1351541,1989-12-04,1989-12-04,1,7277
2011,356,1557272,2015-01-11,2015-01-11,1,16446
2012,357,1125315,2009-05-10,2009-05-31,1,14395
2013,357,1129625,1976-11-12,1976-11-12,1,2507
2014,357,1500211,2009-07-31,2010-07-26,1,14816
2015,357,1521369,2008-08-05,2009-07-31,1,14456
2016,357,1713332,2015-03-08,2015-03-15,1,16509
2017,357,1759842,2015-03-08,2015-03-15,1,16509
2018,358,974166,1990-10-26,1990-10-26,1,7603
2019,358,1177480,2016-11-19,2016-12-24,1,17159
2020,358,1500211,2012-06-15,2013-06-10,1,15866
2021,358,1518198,2014-06-05,2015-05-31,1,16586
2022,358,1519936,2013-06-10,2014-06-05,1,16226
2023,358,1521369,2008-07-06,2009-07-01,1,14426
2024,358,1521369,2010-06-26,2011-06-21,1,15146
2025,358,1521369,2015-05-31,2017-05-20,2,17306
2026,358,1549786,2014-06-05,2015-05-31,1,16586
2027,358,1713332,2016-12-03,2016-12-10,1,17145
2028,358,1759842,2016-12-03,2016-12-10,1,17145
2029,359,1125315,2014-06-12,2014-07-17,2,16268
2030,359,1137529,1992-11-05,1992-11-05,1,8344
2031,359,1149380,1992-11-05,1992-11-05,1,8344
2032,359,1174888,2014-06-12,2014-07-11,1,16262
2033,359,1713332,2015-03-05,2015-03-26,1,16520
2034,359,1713332,2017-02-18,2017-03-04,1,17229
2035,359,1759842,2015-03-05,2015-03-26,1,16520
2036,359,1759842,2017-02-18,2017-03-04,1,17229
2037,359,1778162,2014-06-12,2014-07-17,1,16268
2038,360,1125315,2009-12-02,2009-12-16,1,14594
2039,360,1153428,1999-02-22,1999-02-22,1,10644
2040,360,1343916,1999-03-01,1999-03-01,1,10651
2041,361,1115008,2010-04-28,2010-05-12,1,14741
2042,361,1177480,2016-06-09,2016-06-30,1,16982
2043,362,1125315,2010-06-06,2010-06-20,1,14780
2044,362,1125315,2014-05-15,2014-05-22,1,16212
2045,363,1125315,2018-09-23,2018-10-07,1,17811
2046,363,1177480,2017-01-16,2017-01-30,1,17196
2047,363,1713332,2017-01-16,2017-01-30,1,17196
2048,363,1713332,2018-09-23,2018-10-07,1,17811
2049,364,914335,2017-04-12,2017-04-12,1,17268
2050,364,974166,1989-05-24,1989-05-24,1,7083
2051,364,1125315,2017-10-03,2017-10-10,1,17449
2052,364,1309944,2017-04-12,2017-04-12,1,17268
2053,364,1343916,2017-04-12,2017-04-12,1,17268
2054,366,920293,2015-09-21,2015-09-28,1,16706
2055,366,933724,2015-09-21,2015-09-28,1,16706
2056,366,974166,2012-08-17,2015-08-21,2,16668
2057,366,1115008,2014-12-12,2015-02-10,1,16476
2058,366,1125315,2014-12-12,2015-03-02,1,16496
2059,366,1174888,2014-12-12,2015-03-02,1,16496
2060,366,1521369,2008-08-11,2009-08-06,1,14462
2061,366,1521369,2011-11-25,2012-11-19,1,15663
2062,366,1521369,2014-11-09,2015-11-04,1,16743
2063,366,1521369,2016-10-29,2018-10-19,2,17823
2064,367,1125315,2009-09-10,2009-09-24,1,14511
2065,368,920293,2009-04-25,2009-05-02,1,14366
2066,368,933724,2009-04-25,2009-05-02,1,14366
2067,368,974166,1989-02-19,1989-02-19,1,6989
2068,369,974166,1999-05-13,1999-05-13,1,10724
2069,369,1125315,2009-08-08,2009-08-22,1,14478
2070,369,1125315,2011-09-24,2011-10-01,1,15248
2071,369,1125315,2014-12-15,2014-12-22,1,16426
2072,369,1149380,2014-01-29,2014-01-29,1,16099
2073,369,1154343,2014-01-29,2014-01-29,1,16099
2074,369,1192710,1982-02-20,1982-02-20,1,4433
2075,370,1512674,2015-05-24,2016-05-18,1,16939
2076,370,1515774,2009-06-24,2011-06-14,2,15139
2077,370,1519936,2012-06-08,2013-06-03,1,15859
2078,370,1548195,2014-05-29,2015-05-24,1,16579
2079,370,1549786,2009-06-24,2011-06-14,2,15139
2080,370,1549786,2012-06-08,2014-05-29,2,16219
2081,370,1549786,2015-05-24,2016-05-18,1,16939
2082,370,1589505,2013-06-03,2014-05-29,1,16219
2083,370,1729720,2016-07-06,2016-07-16,1,16998
2084,370,19054876,2014-05-29,2015-05-24,1,16579
2085,370,19127890,2009-06-24,2011-06-14,2,15139
2086,370,19127890,2014-05-29,2016-05-18,2,16939
2087,371,738818,2018-04-15,2018-04-22,1,17643
2088,371,974166,2004-08-21,2004-08-21,1,12651
2089,371,1119510,2018-04-15,2018-04-22,1,17643
2090,371,1125315,2015-01-23,2015-01-30,1,16465
2091,371,1125315,2018-04-15,2018-04-22,1,17643
2092,371,1500211,2013-10-22,2015-10-12,2,16720
2093,371,1500211,2016-10-06,2017-10-01,1,17440
2094,371,1518198,2008-11-10,2009-11-05,1,14553
2095,371,1549786,2008-11-10,2009-11-05,1,14553
2096,373,975125,1999-08-24,1999-08-24,1,10827
2097,373,1153428,1999-09-06,1999-09-06,1,10840
2098,373,1343916,1999-09-06,1999-09-06,1,10840
2099,374,1125315,2015-01-26,2015-02-02,1,16468
2100,374,1125315,2018-08-07,2018-08-21,1,17764
2101,375,740275,2012-08-27,2013-01-14,1,15719
2102,375,1125315,2011-01-31,2011-02-14,1,15019
2103,375,1125315,2016-10-16,2016-10-30,1,17104
2104,375,1512674,2017-08-26,2018-08-21,1,17764
2105,375,1519936,2018-08-21,2018-08-21,1,17764
2106,375,1549786,2017-08-26,2018-08-21,2,17764
2107,375,1729720,2010-03-26,2010-04-07,1,14706
2108,375,19127890,2017-08-26,2018-08-21,1,17764
2109,376,1125315,2015-11-29,2015-12-06,1,16775
2110,376,1177480,2017-07-19,2017-08-02,1,17380
2111,378,1125315,2015-01-17,2015-01-24,1,16459
2112,378,1503297,2012-10-12,2012-10-12,1,15625
2113,379,715997,2001-11-22,2001-11-22,1,11648
2114,379,715997,2002-10-18,2002-10-18,1,11978
2115,379,1115008,2008-02-10,2008-02-24,1,13933
2116,379,1315942,1979-04-19,1979-04-19,1,3395
2117,379,1351541,1979-04-19,1979-04-19,1,3395
2118,379,1713332,2004-10-03,2004-10-17,1,12708
2119,379,1759842,2004-10-03,2004-10-17,1,12708
2120,380,723013,1982-07-31,1983-01-22,1,4769
2121,380,723013,1987-07-23,1987-07-23,1,6412
2122,380,740275,1983-07-07,1984-02-02,1,5145
2123,380,740275,1985-07-11,1985-11-07,1,5789
2124,380,740275,1986-07-17,1986-07-17,1,6041
2125,380,1125315,1981-04-27,1981-05-11,1,4148
2126,380,1125315,1983-03-18,1983-04-15,1,4852
2127,380,1713332,1981-04-27,1981-05-11,1,4148
2128,381,1177480,2018-05-17,2018-05-31,1,17682
2129,381,1713332,2017-10-25,2017-11-15,1,17485
2130,381,1759842,2017-10-25,2017-11-15,1,17485
2131,382,738818,2009-03-06,2009-03-13,1,14316
2132,382,1119510,2009-03-06,2009-03-13,1,14316
2133,382,1125315,2009-03-06,2009-03-13,1,14316
2134,382,1177480,2015-07-01,2015-07-31,1,16647
2135,382,1713332,2012-09-22,2012-10-06,1,15619
2136,382,1759842,2012-09-22,2012-10-06,1,15619
2137,383,975125,2009-05-12,2009-06-02,1,14397
2138,383,1115008,2016-05-01,2016-06-30,1,16982
2139,383,1150836,1986-10-03,1986-10-03,1,6119
2140,383,1500211,2012-07-07,2013-07-02,1,15888
2141,383,1515774,2008-07-28,2009-07-23,1,14448
2142,383,1518198,2011-07-13,2012-07-07,1,15528
2143,383,1521369,2018-07-13,2018-07-13,1,17725
2144,383,1549786,2008-07-28,2009-07-23,1,14448
2145,383,1549786,2011-07-13,2012-07-07,1,15528
2146,383,1589505,2013-07-02,2014-07-04,1,16255
2147,383,19010482,2009-05-12,2009-06-02,1,14397
2148,383,19127890,2008-07-28,2009-07-23,1,14448
2149,384,974166,2015-06-03,2016-06-08,2,16960
2150,384,1125315,2013-05-28,2013-06-04,1,15860
2151,384,1149380,1999-06-04,1999-06-04,1,10746
2152,384,1153428,2000-06-17,2000-06-17,1,11125
2153,384,1154343,1999-06-04,1999-06-04,1,10746
2154,384,1343916,2000-06-26,2000-06-26,1,11134
2155,384,1512674,2015-05-08,2016-05-02,1,16923
2156,384,1515774,2011-05-25,2012-05-19,1,15479
2157,384,1521369,2016-05-02,2017-04-27,1,17283
2158,384,1549786,2011-05-25,2012-05-19,1,15479
2159,384,1549786,2015-05-08,2016-05-02,1,16923
2160,384,1589505,2012-05-19,2013-05-18,1,15843
2161,384,19127890,2011-05-25,2012-05-19,1,15479
2162,384,19127890,2015-05-08,2016-05-02,1,16923
2163,385,1125315,2016-10-01,2016-10-08,1,17082
2164,386,1539403,1985-08-31,2018-08-23,34,17766
2165,387,1315942,1983-02-12,1983-02-12,1,4790
2166,387,1318011,1980-10-21,1980-10-21,1,3946
2167,387,1322184,1997-09-19,2015-12-04,1,16773
2168,387,1322184,2016-03-11,2016-03-11,1,16871
2169,387,1332418,1994-09-02,1994-09-02,1,9010
2170,387,1347450,2015-12-04,2015-12-04,1,16773
2171,387,1351541,1983-02-12,1983-02-12,1,4790
2172,387,1361711,1993-08-27,1993-08-27,1,8639
2173,387,1388796,1980-10-21,1980-10-21,1,3946
2174,387,1539403,1993-08-27,1993-08-27,1,8639
2175,388,1107830,2012-09-22,2012-09-22,1,15605
2176,388,1125315,2013-07-02,2013-07-16,1,15902
2177,388,1149380,2015-06-19,2015-06-19,1,16605
2178,388,1154343,2015-06-19,2015-06-19,1,16605
2179,388,1343916,2012-09-22,2012-09-22,1,15605
2180,388,1551099,2013-08-31,2013-08-31,1,15948
2181,388,1713332,2013-07-02,2013-07-16,1,15902
2182,389,1107830,2014-03-28,2014-03-28,1,16157
2183,389,1177480,2015-02-08,2015-02-22,1,16488
2184,389,1343916,2014-03-28,2014-03-28,1,16157
2185,389,1713332,2015-02-08,2015-02-22,1,16488
2186,389,1713332,2018-01-31,2018-02-14,1,17576
2187,389,1759842,2018-01-31,2018-02-14,1,17576
2188,390,974166,2001-09-27,2001-09-27,1,11592
2189,390,1521369,2009-12-21,2011-12-11,2,15319
2190,390,1521369,2014-09-07,2015-09-02,1,16680
2191,390,1521369,2017-08-30,2018-08-25,1,17768
2192,390,1589505,2015-09-02,2016-09-04,1,17048
2193,391,974166,2000-02-19,2000-02-19,1,11006
2194,391,1177480,2010-11-23,2010-12-07,1,14950
2195,391,1500211,2007-07-01,2008-06-25,1,14055
2196,391,1521369,2008-06-25,2009-06-20,1,14415
2197,391,1521369,2014-06-24,2015-06-19,1,16605
2198,391,1589505,2013-06-25,2014-06-24,1,16245
2199,391,1713332,2016-10-11,2016-11-01,1,17106
2200,391,1759842,2016-10-11,2016-11-01,1,17106
2201,392,974166,1997-02-13,1997-02-13,1,9905
2202,392,1125315,2010-01-09,2010-01-23,1,14632
2203,392,1125315,2013-09-13,2013-09-27,1,15975
2204,392,1713332,2011-05-24,2011-07-19,1,15174
2205,392,1713332,2016-04-29,2016-05-06,1,16927
2206,392,1759842,2011-05-24,2011-07-19,1,15174
2207,392,1759842,2016-04-29,2016-05-06,1,16927
2208,393,956874,1988-01-14,1988-01-14,1,6587
2209,393,974166,1957-11-16,1957-11-16,1,-4429
2210,393,1115008,1974-12-27,1974-12-27,1,1821
2211,393,1307046,1988-01-14,1988-01-14,1,6587
2212,394,920293,2012-10-17,2012-10-24,1,15637
2213,394,933724,2012-10-17,2012-10-24,1,15637
2214,394,1115008,2013-10-08,2013-10-22,1,16000
2215,394,1124957,1996-05-14,1996-05-21,1,9637
2216,394,1124957,1996-08-19,1996-09-23,1,9762
2217,394,1124957,1996-11-22,1996-11-29,1,9829
2218,394,1124957,1997-07-04,1997-07-11,1,10053
2219,394,1124957,1997-09-16,1997-11-06,2,10141
2220,394,1124957,1999-10-01,1999-10-08,1,10872
2221,394,1124957,1999-12-14,1999-12-21,1,10946
2222,394,1124957,2000-06-16,2000-07-21,1,11159
2223,394,1124957,2001-02-08,2001-03-08,1,11389
2224,394,1124957,2002-10-15,2002-11-12,1,12003
2225,394,1124957,2003-02-17,2003-03-31,1,12142
2226,394,1124957,2003-10-23,2003-11-13,1,12369
2227,394,1124957,2004-08-15,2004-08-22,1,12652
2228,394,1124957,2005-12-04,2005-12-25,1,13142
2229,394,1124957,2006-09-06,2006-09-13,1,13404
2230,394,1124957,2007-09-09,2007-09-30,1,13786
2231,394,1124957,2008-07-10,2008-08-21,1,14112
2232,394,1124957,2009-06-27,2009-08-17,2,14443
2233,394,1124957,2010-02-25,2010-03-25,1,14693
2234,394,1124957,2010-09-15,2011-03-29,4,14972
2235,394,1124957,2011-07-09,2011-08-06,1,15192
2236,394,1124957,2012-01-20,2012-03-02,1,15401
2237,394,1124957,2012-05-01,2012-05-15,1,15475
2238,394,1124957,2012-07-14,2012-08-11,1,15563
2239,394,1124957,2012-10-10,2012-11-07,1,15651
2240,394,1124957,2012-12-14,2013-05-14,3,15779
2241,394,1124957,2013-07-27,2013-08-03,1,15920
2242,394,1124957,2014-06-14,2014-08-11,2,16263
2243,394,1124957,2014-10-10,2014-11-21,2,16374
2244,394,1124957,2015-01-20,2015-05-07,2,16532
2245,394,1124957,2015-11-24,2016-01-14,2,16784
2246,394,1124957,2016-07-17,2016-09-06,2,17020
2247,394,1124957,2016-12-05,2017-01-25,2,17161
2248,394,1124957,2017-03-26,2017-04-16,1,17272
2249,394,1124957,2017-07-15,2018-01-14,5,17425
2250,394,1124957,2018-04-12,2018-08-27,3,17710
2251,394,1124957,2018-11-25,2018-11-25,1,17860
2252,394,1125315,2009-02-13,2009-03-29,2,14302
2253,394,1125315,2009-06-27,2009-07-11,1,14436
2254,394,1125315,2009-11-15,2009-12-27,1,14605
2255,394,1125315,2010-02-25,2010-03-25,1,14693
2256,394,1125315,2010-05-31,2010-08-16,1,14837
2257,394,1125315,2011-01-09,2011-06-09,3,15074
2258,394,1125315,2011-10-05,2012-03-02,2,15371
2259,394,1125315,2012-05-01,2012-05-15,1,15475
2260,394,1125315,2013-03-05,2013-06-27,2,15853
2261,394,1125315,2013-09-02,2013-10-28,1,16006
2262,394,1125315,2014-01-26,2014-03-16,1,16145
2263,394,1125315,2014-10-10,2014-11-21,2,16374
2264,394,1125315,2015-01-20,2015-03-03,1,16497
2265,394,1125315,2015-06-06,2015-06-13,1,16599
2266,394,1125315,2016-01-07,2016-05-18,4,16849
2267,394,1125315,2016-07-17,2016-09-06,2,17020
2268,394,1125315,2016-12-05,2017-01-25,2,17161
2269,394,1125315,2017-03-26,2017-04-16,1,17272
2270,394,1125315,2017-07-15,2017-10-11,3,17390
2271,394,1125315,2017-12-17,2018-02-11,2,17552
2272,394,1125315,2018-04-12,2018-05-17,1,17668
2273,394,1125315,2018-08-06,2018-08-27,1,17770
2274,394,1174888,2009-02-13,2009-03-29,2,14302
2275,394,1174888,2009-11-15,2009-12-27,1,14605
2276,394,1174888,2010-05-31,2010-08-16,1,14837
2277,394,1174888,2011-04-28,2011-06-09,1,15134
2278,394,1174888,2011-10-05,2011-12-21,1,15329
2279,394,1174888,2013-06-13,2013-06-27,1,15883
2280,394,1174888,2013-09-02,2013-10-28,1,16006
2281,394,1174888,2014-01-26,2014-03-16,1,16145
2282,394,1174888,2015-06-06,2015-06-13,1,16599
2283,394,1174888,2016-02-13,2016-05-18,3,16879
2284,394,1174888,2018-02-04,2018-02-11,1,17573
2285,394,1500211,2018-01-11,2019-01-06,1,17902
2286,394,1521369,2011-11-27,2012-11-21,1,15665
2287,394,1521369,2019-01-06,2019-01-06,1,17902
2288,395,738818,2011-04-08,2011-04-22,1,15086
2289,395,1119510,2011-04-08,2011-04-22,1,15086
2290,395,1125315,2011-04-08,2011-04-22,1,15086
2291,395,1177480,2016-07-24,2016-08-21,1,17034
2292,395,1729720,2016-10-26,2016-11-06,1,17111
2293,396,974166,1966-03-03,1966-03-03,1,-1400
2294,396,1729720,2015-03-12,2015-03-19,1,16513
2295,397,1115008,2016-11-12,2016-12-12,1,17147
2296,397,1125315,2005-09-27,2005-09-27,1,13053
2297,397,1125315,2014-04-13,2014-04-27,1,16187
2298,397,1174888,2005-09-27,2005-09-27,1,13053
2299,397,1177480,2017-11-07,2017-11-28,1,17498
2300,397,1307863,1997-09-17,1997-09-17,1,10121
2301,397,1310149,1997-09-17,1997-09-17,1,10121
2302,397,1326303,1997-09-17,1997-09-17,1,10121
2303,397,1729720,2009-07-17,2009-07-29,1,14454
2304,398,738818,2012-06-26,2012-07-03,1,15524
2305,398,1119510,2012-06-26,2012-07-03,1,15524
2306,398,1125315,2012-06-26,2012-07-03,1,15524
2307,400,914335,2012-04-25,2012-04-25,1,15455
2308,400,1125315,2011-06-17,2011-06-24,1,15149
2309,400,1309944,2012-04-25,2012-04-25,1,15455
2310,400,1343916,2012-04-25,2012-04-25,1,15455
2311,400,1521369,2008-07-28,2010-07-18,2,14808
2312,402,1115008,2013-04-08,2013-04-08,1,15803
2313,402,1125315,2010-11-29,2010-12-13,1,14956
2314,402,1519936,2009-09-13,2010-09-08,1,14860
2315,402,1519936,2014-08-26,2015-08-21,1,16668
2316,402,1521369,2013-08-31,2014-08-26,1,16308
2317,402,1549786,2014-08-26,2015-08-21,1,16668
2318,402,1589505,2012-08-28,2013-08-31,1,15948
2319,403,1115008,2005-02-04,2016-04-24,1,16915
2320,403,1539403,1998-10-10,2018-10-05,21,17809
2321,404,1512674,2014-12-13,2015-12-08,1,16777
2322,404,1549786,2014-12-13,2015-12-08,1,16777
2323,404,1589505,2010-07-07,2011-07-05,1,15160
2324,404,19127890,2014-12-13,2015-12-08,1,16777
2325,407,738818,2009-08-08,2009-08-15,1,14471
2326,407,1119510,2009-08-08,2009-08-15,1,14471
2327,407,1125315,2009-08-08,2009-08-15,1,14471
2328,407,1125315,2012-08-31,2012-09-07,1,15590
2329,407,1125315,2013-01-27,2013-02-17,1,15753
2330,407,1129625,1966-11-22,1966-11-22,1,-1136
2331,407,1322184,1998-01-23,1998-01-23,1,10249
2332,407,1332418,1995-01-20,1995-01-20,1,9150
2333,407,1361711,1992-01-17,1992-01-17,1,8051
2334,407,1500211,2008-08-15,2009-08-10,1,14466
2335,407,1519936,2011-07-31,2012-07-25,1,15546
2336,407,1539403,1992-01-17,1992-01-17,1,8051
2337,407,1549786,2011-07-31,2012-07-25,1,15546
2338,408,1125315,2011-11-08,2011-11-22,1,15300
2339,408,1177480,2013-03-10,2013-03-24,1,15788
2340,408,1177480,2014-04-30,2014-05-14,1,16204
2341,408,1177480,2018-03-16,2018-03-30,1,17620
2342,408,1713332,2011-11-08,2011-11-22,1,15300
2343,408,1713332,2013-03-10,2013-03-24,1,15788
2344,408,1713332,2014-04-30,2014-05-14,1,16204
2345,408,1713332,2018-03-16,2018-03-30,1,17620
2346,409,920293,2018-05-22,2018-06-05,2,17687
2347,409,933724,2018-05-22,2018-06-05,1,17687
2348,409,1125315,2011-05-16,2011-05-23,1,15117
2349,409,1500211,2011-11-12,2012-11-06,1,15650
2350,409,1519936,2016-10-16,2017-10-11,1,17450
2351,410,1177480,2018-09-30,2018-11-29,1,17864
2352,410,1557272,2013-04-06,2013-04-06,1,15801
2353,411,974166,1996-10-31,1996-10-31,1,9800
2354,411,1713332,2010-08-01,2010-08-15,1,14836
2355,411,1759842,2010-08-01,2010-08-15,1,14836
2356,412,1125315,2015-02-03,2015-02-17,1,16483
2357,413,974166,1986-09-12,1986-09-12,1,6098
2358,413,1539403,2018-08-10,2018-08-10,1,17753
2359,414,974166,1994-10-18,1994-10-18,1,9056
2360,414,1125315,2015-05-06,2015-05-13,1,16568
2361,414,1713332,2015-09-14,2015-09-28,1,16706
2362,414,1759842,2015-09-14,2015-09-28,1,16706
2363,415,1125315,2012-12-09,2012-12-23,1,15697
2364,415,1125315,2014-10-21,2014-10-28,1,16371
2365,415,1125315,2016-10-18,2016-11-22,1,17127
2366,415,1149380,2012-02-29,2012-02-29,1,15399
2367,415,1153428,2011-07-02,2011-07-02,1,15157
2368,415,1154343,2012-02-29,2012-02-29,1,15399
2369,415,1343916,2011-07-02,2011-07-02,1,15157
2370,415,1551099,2011-06-17,2011-06-17,1,15142
2371,415,1729720,2017-05-04,2017-05-17,1,17303
2372,415,1729720,2017-09-17,2017-09-26,1,17435
2373,416,1125315,2014-11-17,2014-12-08,1,16412
2374,416,1729720,2017-07-06,2017-07-16,1,17363
2375,418,1177480,2015-04-27,2015-05-11,1,16566
2376,418,1713332,2015-04-27,2015-05-11,1,16566
2377,419,705944,2010-07-08,2012-08-16,1,15568
2378,419,738818,2017-08-08,2017-08-15,1,17393
2379,419,974166,2015-01-22,2017-08-17,2,17395
2380,419,1119510,2017-08-08,2017-08-15,1,17393
2381,419,1125315,2011-12-21,2011-12-28,1,15336
2382,419,1125315,2017-08-08,2017-08-15,1,17393
2383,419,1521369,2015-06-12,2017-06-01,2,17318
2384,419,1549786,2012-06-27,2013-06-22,1,15878
2385,419,1549786,2014-06-17,2015-06-12,1,16598
2386,419,1589505,2012-06-27,2013-06-22,1,15878
2387,419,1589505,2014-06-17,2015-06-12,1,16598
2388,419,1713332,2018-07-24,2018-07-31,1,17743
2389,419,1729720,2018-06-29,2018-07-09,1,17721
2390,419,1759842,2018-07-24,2018-07-31,1,17743
2391,419,19127890,2012-06-27,2013-06-22,1,15878
2392,420,1125315,2016-05-31,2016-06-07,1,16959
2393,420,1177480,2017-03-25,2017-04-08,1,17264
2394,420,1177480,2018-09-01,2018-09-15,1,17789
2395,420,1713332,2018-09-01,2018-09-15,1,17789
2396,420,1729720,2016-08-01,2016-08-11,1,17024
2397,421,1125315,2010-04-19,2010-05-03,1,14732
2398,421,1177480,2009-06-17,2009-08-16,1,14472
2399,424,1125315,2017-10-02,2017-10-16,1,17455
2400,424,1177480,2013-03-06,2013-03-27,1,15791
2401,424,1177480,2016-10-07,2016-12-06,1,17141
2402,424,1549786,2008-08-25,2009-08-20,1,14476
2403,424,1589505,2008-08-25,2009-08-20,1,14476
2404,424,1713332,2016-11-20,2016-12-11,1,17146
2405,424,1759842,2016-11-20,2016-12-11,1,17146
2406,425,1125315,2014-09-22,2014-10-06,1,16349
2407,425,1500211,2018-08-29,2018-08-29,1,17772
2408,425,1521369,2014-09-09,2015-09-04,1,16682
2409,425,1548195,2010-09-30,2011-09-25,1,15242
2410,425,1548195,2012-09-19,2013-09-14,1,15962
2411,425,1549786,2016-09-08,2017-09-03,1,17412
2412,425,1589505,2009-10-01,2010-09-30,1,14882
2413,425,1589505,2016-09-08,2017-09-03,1,17412
2414,425,1729720,2010-10-27,2010-11-03,1,14916
2415,425,19054876,2010-09-30,2011-09-25,1,15242
2416,425,19054876,2012-09-19,2013-09-14,1,15962
2417,425,19127890,2010-09-30,2011-09-25,1,15242
2418,425,19127890,2012-09-19,2013-09-14,1,15962
2419,425,19127890,2016-09-08,2017-09-03,1,17412
2420,426,1115008,2004-02-01,2017-02-13,1,17210
2421,426,1177480,2010-10-06,2010-10-27,1,14909
2422,426,1729720,2013-04-04,2013-04-13,1,15808
2423,427,1149380,1974-07-17,1974-07-17,1,1658
2424,427,1150770,1977-07-30,1977-07-30,1,2767
2425,427,1154343,1974-07-17,1974-07-17,1,1658
2426,427,1500211,2016-04-20,2017-04-15,1,17271
2427,427,1519936,2018-04-10,2018-04-10,1,17631
2428,427,1521369,2009-03-19,2009-11-02,1,14550
2429,427,1521369,2017-04-15,2018-04-10,1,17631
2430,427,1549786,2009-03-19,2009-11-02,1,14550
2431,427,1549786,2010-09-27,2011-09-22,1,15239
2432,427,1589505,2008-03-16,2009-03-19,1,14322
2433,427,1589505,2010-09-27,2011-09-22,1,15239
2434,427,1595799,2009-03-19,2009-11-02,1,14550
2435,428,1125315,2016-01-03,2016-01-17,1,16817
2436,428,1713332,2016-01-03,2016-01-17,1,16817
2437,429,1125315,2009-06-10,2009-06-24,1,14419
2438,429,1125315,2010-04-04,2010-04-18,1,14717
2439,429,1125315,2018-01-22,2018-03-23,1,17613
2440,429,1713332,2010-04-04,2010-04-18,1,14717
2441,429,1729720,2015-04-10,2015-04-21,1,16546
2442,430,974166,1936-11-13,1936-11-13,1,-12102
2443,430,1125315,1988-05-11,1988-05-18,1,6712
2444,430,1729720,1986-10-16,1986-10-26,1,6142
2445,431,1102527,2016-11-06,2016-12-11,1,17146
2446,431,1115008,2016-11-06,2017-02-04,1,17201
2447,431,1125315,2014-12-17,2014-12-24,1,16428
2448,431,1713332,2015-04-13,2015-05-04,1,16559
2449,431,1759842,2015-04-13,2015-05-04,1,16559
2450,432,1149380,2012-12-05,2012-12-05,1,15679
2451,432,1154343,2012-12-05,2012-12-05,1,15679
2452,432,1177480,2011-10-20,2011-11-03,1,15281
2453,432,1713332,2011-10-20,2011-11-03,1,15281
2454,433,1115008,2012-06-15,2012-07-13,1,15534
2455,433,1125315,2013-12-22,2014-01-05,1,16075
2456,434,1115008,2012-08-21,2012-09-04,1,15587
2457,434,1521369,2014-02-22,2015-02-17,1,16483
2458,434,1521369,2018-02-01,2018-02-01,1,17563
2459,434,1549786,2013-02-27,2014-02-22,1,16123
2460,434,1549786,2017-02-06,2018-02-01,1,17563
2461,434,1589505,2013-02-27,2014-02-22,1,16123
2462,434,1589505,2017-02-06,2018-02-01,1,17563
2463,434,1729720,2010-09-29,2010-10-08,1,14890
2464,435,738818,2011-12-25,2012-01-01,1,15340
2465,435,1115008,2004-09-01,2004-09-01,1,12662
2466,435,1119510,2011-12-25,2012-01-01,1,15340
2467,435,1125315,2011-12-25,2012-01-01,1,15340
2468,435,1177480,2009-11-21,2009-12-26,1,14604
2469,435,1501700,2014-08-30,2014-08-30,1,16312
2470,436,1361711,1969-12-08,1975-06-23,1,1999
2471,436,1713332,1968-03-07,1968-03-28,1,-644
2472,436,1759842,1968-03-07,1968-03-28,1,-644
2473,438,1125315,2017-05-10,2017-08-20,1,17398
2474,438,1125315,2018-11-16,2018-11-30,1,17865
2475,438,1174888,2017-05-10,2017-08-20,1,17398
2476,438,1177480,2017-05-10,2017-07-09,1,17356
2477,438,1315942,2012-03-27,2012-03-27,1,15426
2478,438,1351541,2012-03-27,2012-03-27,1,15426
2479,438,1539403,2016-05-16,2018-05-16,3,17667
2480,438,1713332,2017-11-04,2017-11-11,1,17481
2481,438,1729720,2010-04-06,2010-04-16,1,14715
2482,438,1759842,2017-11-04,2017-11-11,1,17481
2483,439,738818,2016-03-23,2016-04-06,1,16897
2484,439,1115008,2015-05-12,2015-07-11,1,16627
2485,439,1119510,2016-03-23,2016-04-06,1,16897
2486,439,1125315,2015-05-12,2017-03-31,2,17256
2487,439,1174888,2015-05-12,2017-03-31,1,17256
2488,439,1713332,2011-10-04,2011-10-18,1,15265
2489,439,1759842,2011-10-04,2011-10-18,1,15265
2490,440,1515774,2010-03-20,2011-03-15,1,15048
2491,440,1519936,2016-12-25,2017-12-20,1,17520
2492,440,1519936,2018-12-15,2018-12-15,1,17880
2493,440,1548195,2017-12-20,2018-02-25,1,17587
2494,440,1549786,2009-03-25,2011-03-15,2,15048
2495,440,1549786,2012-03-09,2013-03-04,1,15768
2496,440,1589505,2009-03-25,2010-03-20,1,14688
2497,440,1589505,2012-03-09,2013-03-04,1,15768
2498,440,1713332,2017-10-19,2017-10-26,1,17465
2499,440,1759842,2017-10-19,2017-10-26,1,17465
2500,440,19054876,2017-12-20,2018-02-25,1,17587
2501,440,19127890,2010-03-20,2011-03-15,1,15048
2502,440,19127890,2017-12-20,2018-02-25,1,17587
2503,441,974166,1991-01-19,1991-01-19,1,7688
2504,441,1115008,2016-01-12,2016-02-16,1,16847
2505,441,1177480,2009-05-27,2009-06-17,1,14412
2506,441,1500211,2013-06-08,2014-06-03,1,16224
2507,441,1519936,2016-05-23,2017-05-18,1,17304
2508,441,1521369,2009-03-01,2010-02-24,1,14664
2509,441,1521369,2015-05-29,2016-05-23,1,16944
2510,441,1521369,2017-05-18,2018-05-13,1,17664
2511,441,1549786,2016-05-23,2017-05-18,1,17304
2512,442,1177480,2016-06-08,2016-06-22,1,16974
2513,442,1729720,2015-08-15,2015-08-24,1,16671
2514,443,723013,2017-08-20,2017-08-20,1,17398
2515,443,740275,2016-08-07,2016-12-04,1,17139
2516,443,974166,1986-08-31,1986-08-31,1,6086
2517,443,1500211,2013-11-03,2014-10-29,1,16372
2518,443,1519936,2014-10-29,2016-10-18,2,17092
2519,443,1521369,2011-01-07,2012-12-27,2,15701
2520,443,1521369,2016-10-18,2017-10-13,1,17452
2521,443,1549786,2014-10-29,2016-10-18,2,17092
2522,445,1192710,1986-09-03,1986-09-03,1,6089
2523,446,1713332,2017-04-13,2017-07-06,1,17353
2524,446,1759842,2017-04-13,2017-07-06,1,17353
2525,448,974166,2013-11-21,2013-11-21,1,16030
2526,448,1125315,2009-03-16,2009-04-20,1,14354
2527,448,1149380,1997-04-05,1997-04-05,1,9956
2528,448,1153428,1996-01-07,1996-01-07,1,9502
2529,448,1154343,1997-04-05,1997-04-05,1,9956
2530,448,1343916,1996-01-07,1996-01-07,1,9502
2531,448,1713332,2010-10-15,2010-11-12,1,14925
2532,448,1713332,2016-02-15,2016-02-29,1,16860
2533,448,1759842,2010-10-15,2010-11-12,1,14925
2534,448,1759842,2016-02-15,2016-02-29,1,16860
2535,449,1503297,2001-08-31,2001-08-31,1,11565
2536,449,1713332,2015-04-08,2015-04-15,1,16540
2537,449,1713332,2017-09-30,2017-10-14,1,17453
2538,449,1759842,2015-04-08,2015-04-15,1,16540
2539,449,1759842,2017-09-30,2017-10-14,1,17453
2540,449,40170911,2001-08-31,2001-08-31,1,11565
2541,450,974166,1957-06-24,1957-06-24,1,-4574
2542,450,1125315,2016-07-02,2016-07-16,1,16998
2543,450,1307863,2015-11-02,2015-11-02,1,16741
2544,450,1310149,2015-11-02,2015-11-02,1,16741
2545,450,1326303,2015-11-02,2015-11-02,1,16741
2546,450,1539403,1985-09-30,2018-09-22,34,17796
2547,451,974166,1974-04-28,1974-04-28,1,1578
2548,451,1125315,2013-04-17,2013-04-24,1,15819
2549,451,1713332,2018-10-27,2018-11-17,1,17852
2550,451,1759842,2018-10-27,2018-11-17,1,17852
2551,452,1125315,2009-03-13,2009-04-03,1,14337
2552,452,1500211,2010-08-28,2011-08-23,1,15209
2553,452,1521369,2009-09-02,2010-08-28,1,14849
2554,452,1521369,2017-07-29,2018-07-24,1,17736
2555,452,1589505,2012-08-17,2013-08-19,1,15936
2556,452,1589505,2018-07-24,2018-07-24,1,17736
2557,453,974166,1937-08-12,1937-08-12,1,-11830
2558,453,1112807,1970-03-23,1970-04-27,1,116
2559,453,1125315,1971-04-22,1971-04-29,1,483
2560,453,1361711,1970-09-10,1971-06-10,1,525
2561,453,1503297,1946-08-22,1946-08-22,1,-8533
2562,453,1713332,1969-10-29,1969-11-19,1,-43
2563,453,1759842,1969-10-29,1969-11-19,1,-43
2564,454,1177480,2015-08-05,2015-08-19,1,16666
2565,454,1713332,2014-08-17,2014-08-24,1,16306
2566,454,1713332,2015-08-05,2015-08-19,1,16666
2567,454,1759842,2014-08-17,2014-08-24,1,16306
2568,455,974166,1938-11-26,1938-11-26,1,-11359
2569,455,1125315,1981-01-31,1981-02-07,1,4055
2570,455,1125315,1987-03-14,1987-03-14,1,6281
2571,455,1174888,1987-03-14,1987-03-14,1,6281
2572,455,1307863,1981-02-07,1981-02-07,1,4055
2573,455,1310149,1978-04-08,1978-04-08,1,3019
2574,455,1326303,1978-04-08,1978-04-08,1,3019
2575,455,1361711,1945-12-08,1987-03-14,1,6281
2576,455,1713332,1980-01-02,1980-01-23,1,3674
2577,455,1729720,1986-03-25,1986-04-01,1,5934
2578,455,1759842,1980-01-02,1980-01-23,1,3674
2579,456,1153428,2001-02-26,2001-02-26,1,11379
2580,456,1343916,2001-02-26,2001-02-26,1,11379
2581,456,1713332,2018-06-17,2018-07-01,1,17713
2582,456,1759842,2018-06-17,2018-07-01,1,17713
2583,457,1102527,2016-03-21,2016-04-09,1,16900
2584,457,1115008,2016-03-14,2016-05-20,1,16941
2585,457,1137529,2013-10-27,2013-10-27,1,16005
2586,457,1149380,2013-10-27,2013-10-27,1,16005
2587,458,1125315,2015-06-08,2015-07-06,1,16622
2588,459,1125315,2011-04-21,2011-05-05,1,15099
2589,459,1149380,1993-11-13,1993-11-13,1,8717
2590,459,1150836,1991-05-19,1991-05-19,1,7808
2591,459,1154343,1993-11-13,1993-11-13,1,8717
2592,459,1343916,1991-05-19,1991-05-19,1,7808
2593,459,1515774,2014-05-09,2015-05-04,1,16559
2594,459,1515774,2017-06-28,2018-06-23,1,17705
2595,459,1519936,2018-06-23,2018-06-23,1,17705
2596,459,1521369,2011-05-25,2012-05-19,1,15479
2597,459,1548195,2012-05-19,2013-05-14,1,15839
2598,459,1549786,2014-05-09,2015-05-04,1,16559
2599,459,1549786,2017-06-28,2018-06-23,1,17705
2600,459,19054876,2012-05-19,2013-05-14,1,15839
2601,459,19127890,2012-05-19,2013-05-14,1,15839
2602,459,19127890,2014-05-09,2015-05-04,1,16559
2603,459,19127890,2017-06-28,2018-06-23,1,17705
2604,460,738818,2016-11-07,2016-11-21,1,17126
2605,460,1102527,2018-12-31,2018-12-31,1,17896
2606,460,1119510,2016-11-07,2016-11-21,1,17126
2607,460,1125315,1986-07-19,1986-08-02,1,6057
2608,460,1125315,1996-09-07,1996-09-14,1,9753
2609,460,1125315,2016-11-07,2016-11-21,1,17126
2610,460,1125315,2018-12-24,2018-12-24,1,17889
2611,460,1129625,1986-11-27,1986-11-27,1,6174
2612,461,914335,2017-10-12,2017-10-12,1,17451
2613,461,1307863,2017-05-18,2017-05-18,1,17304
2614,461,1309944,2017-10-12,2017-10-12,1,17451
2615,461,1310149,2017-05-18,2017-05-18,1,17304
2616,461,1326303,2017-05-18,2017-05-18,1,17304
2617,461,1343916,2017-10-12,2017-10-12,1,17451
2618,462,738818,2018-03-23,2018-03-30,1,17620
2619,462,1115008,2010-06-28,2010-07-12,1,14802
2620,462,1119510,2018-03-23,2018-03-30,1,17620
2621,462,1125315,2018-03-23,2018-03-30,1,17620
2622,462,1322184,2017-12-21,2017-12-21,1,17521
2623,462,1347450,2017-12-21,2017-12-21,1,17521
2624,463,723013,1948-09-23,1948-09-23,1,-7770
2625,463,1112807,1947-04-09,1947-06-08,1,-8243
2626,463,1112807,1948-07-02,1948-07-16,1,-7839
2627,463,1112807,1948-08-31,1948-09-14,1,-7779
2628,463,1112807,1949-06-11,1949-06-25,1,-7495
2629,464,1125315,2018-05-01,2018-05-08,1,17659
2630,464,1129625,1965-08-26,1965-08-26,1,-1589
2631,465,974166,2004-09-20,2004-09-20,1,12681
2632,465,1137529,2012-08-20,2012-08-20,1,15572
2633,465,1149380,2012-08-20,2012-08-20,1,15572
2634,465,1503297,2007-09-24,2007-09-24,1,13780
2635,465,1519936,2008-12-11,2009-12-06,1,14584
2636,465,1519936,2013-01-13,2014-01-08,1,16078
2637,465,1519936,2015-01-08,2016-01-03,1,16803
2638,465,1519936,2018-12-18,2018-12-18,1,17883
2639,465,1521369,2009-12-06,2010-11-01,1,14914
2640,465,1521369,2016-01-03,2018-12-18,3,17883
2641,465,1589505,2014-01-08,2015-01-08,1,16443
2642,465,1713332,2014-09-11,2014-09-25,1,16338
2643,465,1759842,2014-09-11,2014-09-25,1,16338
2644,466,1115008,1984-07-22,1984-07-22,1,5316
2645,466,1177480,2010-03-08,2010-04-07,1,14706
2646,466,1307863,2012-10-01,2012-10-01,1,15614
2647,466,1310149,2012-10-01,2012-10-01,1,15614
2648,466,1326303,2012-10-01,2012-10-01,1,15614
2649,467,974166,2009-04-22,2010-04-28,2,14727
2650,467,1125315,2011-02-09,2011-02-23,1,15028
2651,467,1518198,2012-12-08,2013-12-03,1,16042
2652,467,1521369,2008-12-29,2009-12-24,1,14602
2653,467,1521369,2016-11-17,2017-11-12,1,17482
2654,467,1521369,2018-11-07,2018-11-07,1,17842
2655,467,1549786,2008-12-29,2009-12-24,1,14602
2656,467,1549786,2012-12-08,2013-12-03,1,16042
2657,467,1595799,2008-12-29,2009-12-24,1,14602
2658,468,920293,2009-08-09,2009-08-16,1,14472
2659,468,933724,2009-08-09,2009-08-16,1,14472
2660,468,1115008,2012-03-21,2012-04-04,1,15434
2661,468,1115008,2013-03-07,2013-04-11,1,15806
2662,468,1177480,2015-01-01,2015-01-22,1,16457
2663,468,1713332,2012-03-21,2012-04-04,1,15434
2664,469,1125315,2013-08-08,2013-09-07,1,15955
2665,469,1177480,2015-03-01,2015-03-15,1,16509
2666,469,1713332,2015-03-01,2015-03-15,1,16509
2667,469,1729720,2016-04-25,2016-05-02,1,16923
2668,470,1115008,2018-06-14,2018-08-13,1,17756
2669,471,1125315,2018-03-03,2018-03-10,1,17600
2670,471,1137529,1995-09-17,1995-09-17,1,9390
2671,471,1149380,1995-09-17,1995-09-17,1,9390
2672,472,1115008,2010-05-06,2010-05-20,1,14749
2673,472,1125315,2013-03-05,2013-03-26,1,15790
2674,473,920293,2013-12-16,2013-12-30,2,16069
2675,473,920293,2018-02-10,2018-02-17,1,17579
2676,473,933724,2013-12-16,2013-12-30,1,16069
2677,473,933724,2018-02-10,2018-02-17,1,17579
2678,473,1125315,2014-11-30,2014-12-07,1,16411
2679,473,1308738,2007-11-20,2007-11-20,1,13837
2680,473,1519936,2015-12-03,2017-11-22,2,17492
2681,473,1549786,2016-11-27,2017-11-22,1,17492
2682,474,723013,1993-12-28,1994-06-07,2,8909
2683,474,1125315,1994-12-23,1995-01-06,1,9136
2684,474,1177480,1994-10-24,1994-11-14,1,9083
2685,474,1778162,1994-12-23,1995-01-06,1,9136
2686,475,974166,1988-09-01,1988-09-01,1,6818
2687,475,1519936,2009-06-28,2010-06-23,1,14783
2688,475,1519936,2014-06-15,2015-06-10,1,16596
2689,475,1521369,2012-06-17,2013-06-12,1,15868
2690,475,1521369,2016-06-04,2017-05-30,1,17316
2691,475,1521369,2018-05-25,2018-10-11,1,17815
2692,476,742185,2008-04-09,2017-04-17,1,17273
2693,476,1177480,2009-05-19,2009-06-09,1,14404
2694,476,1177480,2017-12-24,2018-01-14,1,17545
2695,477,1125315,2012-12-29,2013-01-05,1,15710
2696,477,1729720,2010-12-04,2010-12-11,1,14954
2697,477,1729720,2015-03-24,2015-04-04,1,16529
2698,478,1125315,2011-12-30,2012-01-06,1,15345
2699,478,1713332,2015-12-01,2015-12-22,1,16791
2700,478,1759842,2015-12-01,2015-12-22,1,16791
2701,479,974166,2002-07-19,2002-07-19,1,11887
2702,479,1149380,1987-07-13,1987-07-13,1,6402
2703,479,1150836,1985-04-25,1985-04-25,1,5593
2704,479,1154343,1987-07-13,1987-07-13,1,6402
2705,479,1503297,2012-08-03,2012-08-03,1,15555
2706,480,1729720,2012-12-29,2013-01-07,1,15712
2707,481,1125315,2016-11-19,2016-11-26,1,17131
2708,481,1515774,2008-07-05,2009-06-30,1,14425
2709,481,1518198,2009-06-30,2010-06-25,1,14785
2710,481,1548195,2011-07-06,2012-06-30,1,15521
2711,481,1549786,2008-07-05,2010-06-25,2,14785
2712,481,19054876,2011-07-06,2012-06-30,1,15521
2713,481,19127890,2008-07-05,2009-06-30,1,14425
2714,481,19127890,2011-07-06,2012-06-30,1,15521
2715,482,1115008,2017-03-26,2017-06-24,1,17341
2716,482,1129625,1961-08-09,1961-08-09,1,-3067
2717,482,1729720,2010-08-07,2010-08-16,1,14837
2718,483,974166,2006-12-06,2006-12-06,1,13488
2719,483,1177480,2014-07-28,2014-08-25,1,16307
2720,483,1713332,2016-03-19,2016-04-09,1,16900
2721,483,1759842,2016-03-19,2016-04-09,1,16900
2722,484,738818,2010-02-05,2010-02-12,1,14652
2723,484,1119510,2010-02-05,2010-02-12,1,14652
2724,484,1125315,2010-02-05,2010-02-12,1,14652
2725,485,920293,2013-01-05,2013-01-12,1,15717
2726,485,933724,2013-01-05,2013-01-12,1,15717
2727,485,1177480,2012-12-03,2012-12-24,1,15698
2728,485,1500211,2010-11-04,2011-10-30,1,15277
2729,485,1521369,2009-11-09,2010-11-04,1,14917
2730,485,1539403,2004-05-17,2018-05-14,15,17665
2731,486,975125,2008-08-21,2008-08-21,1,14112
2732,486,1107830,1995-09-02,1995-09-02,1,9375
2733,486,1343916,1995-09-07,1995-09-07,1,9380
2734,486,1515774,2009-07-14,2010-07-09,1,14799
2735,486,1515774,2013-09-12,2014-09-07,1,16320
2736,486,1521369,2010-07-09,2011-07-04,1,15159
2737,486,1549786,2009-07-14,2010-07-09,1,14799
2738,486,1549786,2011-07-04,2012-06-28,1,15519
2739,486,1549786,2012-09-17,2015-09-02,3,16680
2740,486,1589505,2011-07-04,2012-06-28,1,15519
2741,486,1589505,2012-09-17,2013-09-12,1,15960
2742,486,1589505,2014-09-07,2015-09-02,1,16680
2743,486,19127890,2009-07-14,2010-07-09,1,14799
2744,486,19127890,2013-09-12,2015-09-02,2,16680
2745,487,1125315,2010-01-14,2010-01-21,1,14630
2746,488,1125315,2014-03-08,2014-03-16,1,16145
2747,488,1177480,2017-01-15,2017-01-29,1,17195
2748,488,1512674,2018-05-17,2018-05-17,1,17668
2749,488,1519936,2014-08-28,2015-08-23,1,16670
2750,488,1519936,2017-05-22,2018-05-17,1,17668
2751,488,1521369,2008-06-25,2009-06-20,1,14415
2752,488,1548195,2010-06-15,2011-06-10,1,15135
2753,488,1549786,2009-06-20,2010-06-15,1,14775
2754,488,1549786,2018-05-17,2018-05-17,1,17668
2755,488,1589505,2009-06-20,2010-06-15,1,14775
2756,488,1589505,2013-08-26,2014-08-28,1,16310
2757,488,1713332,2015-03-07,2015-03-22,1,16516
2758,488,1729720,2018-03-19,2018-03-28,1,17618
2759,488,1759842,2015-03-07,2015-03-22,1,16516
2760,488,19054876,2010-06-15,2011-06-10,1,15135
2761,488,19127890,2010-06-15,2011-06-10,1,15135
2762,488,19127890,2018-05-17,2018-05-17,1,17668
2763,489,1150770,1978-12-24,1978-12-24,1,3279
2764,490,738818,2010-12-05,2010-12-12,1,14955
2765,490,1119510,2010-12-05,2010-12-12,1,14955
2766,490,1125315,2010-12-05,2010-12-12,1,14955
2767,490,1713332,2011-07-22,2011-07-29,1,15184
2768,490,1759842,2011-07-22,2011-07-29,1,15184
2769,491,1177480,2013-01-14,2013-02-04,1,15740
2770,491,1500211,2018-06-22,2018-06-22,1,17704
2771,491,1512674,2015-07-08,2016-07-02,1,16984
2772,491,1549786,2014-07-13,2016-07-02,2,16984
2773,491,1589505,2014-07-13,2015-07-08,1,16624
2774,491,19127890,2014-07-13,2016-07-02,2,16984
2775,492,1322184,2016-08-02,2016-08-02,1,17015
2776,492,1347450,2016-08-02,2016-08-02,1,17015
2777,493,1519936,2008-10-01,2009-09-26,1,14513
2778,493,1521369,2009-09-26,2010-09-21,1,14873
2779,494,1107830,2002-12-31,2002-12-31,1,12052
2780,494,1125315,2017-08-17,2017-08-31,1,17409
2781,494,1149380,2004-01-24,2004-01-24,1,12441
2782,494,1154343,2004-01-24,2004-01-24,1,12441
2783,494,1343916,2002-12-31,2002-12-31,1,12052
2784,494,1549786,2018-01-03,2018-12-29,2,17894
2785,494,1589505,2018-01-03,2018-12-29,2,17894
2786,494,19127890,2018-12-29,2018-12-29,1,17894
2787,495,1125315,2015-05-24,2015-05-31,1,16586
2788,495,1125315,2016-05-16,2016-06-13,1,16965
2789,495,1177480,2018-04-04,2018-04-25,1,17646
2790,495,1549786,2017-01-21,2018-01-16,1,17547
2791,495,1589505,2017-01-21,2018-01-16,1,17547
2792,495,1713332,2013-06-28,2013-07-05,1,15891
2793,495,1759842,2013-06-28,2013-07-05,1,15891
2794,495,19127890,2017-01-21,2018-01-16,1,17547
2795,496,974166,1957-08-27,1957-08-27,1,-4510
2796,496,1102527,2012-10-06,2012-10-31,1,15644
2797,496,1115008,2012-10-06,2013-01-04,1,15709
2798,496,1729720,2010-11-21,2010-11-28,1,14941
2799,497,920293,2016-02-05,2016-02-12,1,16843
2800,497,933724,2016-02-05,2016-02-12,1,16843
2801,497,1137529,2003-03-11,2003-03-11,1,12122
2802,497,1149380,2003-03-11,2003-03-11,1,12122
2803,497,1500211,2010-11-26,2011-11-21,1,15299
2804,497,1518198,2011-11-21,2012-11-15,1,15659
2805,497,1521369,2012-11-15,2013-11-10,1,16019
2806,497,1521369,2014-11-05,2016-10-25,2,17099
2807,497,1549786,2011-11-21,2012-11-15,1,15659
2808,497,1713332,2010-11-11,2010-11-18,1,14931
2809,497,1759842,2010-11-11,2010-11-18,1,14931
2810,498,1125315,2017-12-02,2017-12-09,1,17509
2811,499,974166,1976-07-01,1976-07-01,1,2373
2812,499,1102527,2010-09-05,2010-10-21,1,14903
2813,499,1115008,2010-09-05,2010-09-26,1,14878
2814,499,1125315,2013-05-26,2013-06-02,1,15858
2815,499,1713332,2010-09-05,2010-09-26,1,14878
2816,500,974166,1994-11-08,1994-11-08,1,9077
2817,500,1503297,1997-11-11,1997-11-11,1,10176
2818,500,1519936,2018-06-08,2018-06-08,1,17690
2819,500,1521369,2008-07-18,2009-07-13,1,14438
2820,500,1521369,2011-07-15,2012-07-09,1,15530
2821,500,1521369,2014-06-29,2015-06-24,1,16610
2822,500,1521369,2016-06-18,2017-06-13,1,17330
2823,500,1589505,2009-07-13,2011-07-15,2,15170
2824,500,40170911,2015-11-03,2017-11-07,1,17477
2825,501,1125315,2001-08-10,2001-08-17,1,11551
2826,501,1515774,1994-06-17,1995-06-12,1,9293
2827,501,1518198,2002-09-30,2003-09-25,1,12320
2828,501,1521369,1999-05-22,2000-05-16,1,11093
2829,501,1549786,1994-06-17,1995-06-12,1,9293
2830,501,1549786,1999-05-22,2000-05-16,1,11093
2831,501,1549786,2002-09-30,2003-09-25,1,12320
2832,501,1595799,1999-05-22,2000-05-16,1,11093
2833,501,19127890,1994-06-17,1995-06-12,1,9293
2834,502,1125315,2016-09-14,2016-09-28,1,17072
2835,502,1521369,2010-01-07,2011-01-02,1,14976
2836,502,1548195,2015-02-26,2016-02-21,1,16852
2837,502,1589505,2016-02-21,2017-02-19,1,17216
2838,502,1729720,2017-04-23,2017-05-03,1,17289
2839,502,19054876,2015-02-26,2016-02-21,1,16852
2840,502,19127890,2015-02-26,2016-02-21,1,16852
2841,503,1125315,2018-03-12,2018-03-26,1,17616
2842,503,1778162,2018-03-12,2018-03-26,1,17616
2843,504,738818,2011-04-30,2011-05-14,1,15108
2844,504,1119510,2011-04-30,2011-05-14,1,15108
2845,504,1125315,2011-01-28,2011-02-11,1,15016
2846,504,1125315,2011-04-30,2011-05-14,1,15108
2847,504,1125315,2012-07-04,2012-07-18,1,15539
2848,504,1177480,2013-07-16,2013-08-20,1,15937
2849,504,1177480,2015-07-11,2015-08-01,1,16648
2850,504,1713332,2011-01-28,2011-02-11,1,15016
2851,504,1713332,2012-07-04,2012-07-18,1,15539
2852,504,1713332,2014-02-18,2014-03-04,1,16133
2853,504,1759842,2014-02-18,2014-03-04,1,16133
2854,505,1115008,2000-11-07,2000-11-21,1,11282
2855,505,1115008,2002-05-15,2002-05-15,1,11822
2856,505,1557272,2017-12-21,2017-12-21,1,17521
2857,506,1125315,2009-02-15,2009-03-01,1,14304
2858,506,1149380,1990-08-23,1990-08-23,1,7539
2859,506,1150836,1987-02-25,1987-02-25,1,6264
2860,506,1154343,1990-08-23,1990-08-23,1,7539
2861,506,1177480,2017-11-14,2018-02-12,1,17574
2862,506,1343916,1987-02-25,1987-02-25,1,6264
2863,506,1519936,2012-12-29,2013-12-24,1,16063
2864,506,1521369,2006-07-13,2007-07-08,1,13702
2865,506,1521369,2011-01-09,2012-12-29,2,15703
2866,506,1521369,2016-09-25,2017-09-20,1,17429
2867,506,1521369,2018-09-15,2018-09-15,1,17789
2868,507,1125315,2011-05-15,2011-06-05,1,15130
2869,507,1125315,2011-08-12,2011-08-19,1,15205
2870,507,1125315,2013-11-21,2013-12-12,1,16051
2871,507,1153428,1996-09-30,1996-09-30,1,9769
2872,507,1343916,1996-09-30,1996-09-30,1,9769
2873,507,1512674,2010-03-17,2011-03-12,1,15045
2874,507,1512674,2013-03-01,2015-02-19,2,16485
2875,507,1549786,2010-03-17,2011-03-12,1,15045
2876,507,1549786,2013-03-01,2015-02-19,2,16485
2877,507,1549786,2017-02-08,2018-02-03,1,17565
2878,507,1589505,2017-02-08,2018-02-03,1,17565
2879,507,19127890,2010-03-17,2011-03-12,1,15045
2880,507,19127890,2013-03-01,2015-02-19,2,16485
2881,508,738818,2014-02-23,2014-03-09,1,16138
2882,508,1115008,1995-10-30,1995-10-30,1,9433
2883,508,1119510,2014-02-23,2014-03-09,1,16138
2884,508,1125315,2014-02-23,2014-03-09,1,16138
2885,508,1125315,2016-09-01,2016-09-08,1,17052
2886,508,1125315,2016-11-08,2016-11-22,1,17127
2887,508,1557272,2001-01-09,2001-01-09,1,11331
2888,509,708298,2014-04-04,2014-04-04,1,16164
2889,509,753626,2014-04-04,2014-04-04,1,16164
2890,509,967823,2014-04-04,2014-04-04,1,16164
2891,509,1000560,2014-04-04,2014-04-04,2,16164
2892,509,1102527,2014-04-04,2014-05-26,1,16216
2893,509,1110410,2014-04-04,2014-04-04,1,16164
2894,509,1137529,1995-04-20,1995-04-20,1,9240
2895,509,1149380,1995-04-20,1995-04-20,1,9240
2896,509,1367571,2014-04-04,2014-04-04,1,16164
2897,509,1557272,2015-11-05,2015-11-05,1,16744
2898,509,1741122,2014-04-04,2014-04-04,1,16164
2899,509,1746114,2014-04-04,2014-04-04,1,16164
2900,509,19003953,2014-04-04,2014-04-04,1,16164
2901,509,19039298,2014-04-04,2014-04-04,1,16164
2902,509,19078219,2014-04-04,2014-04-04,1,16164
2903,510,1177480,2010-12-11,2010-12-25,1,14968
2904,510,1713332,2010-12-11,2010-12-25,1,14968
2905,510,1729720,2014-10-24,2014-11-01,1,16375
2906,511,1115008,2017-02-02,2017-02-23,1,17220
2907,511,1125315,2011-10-27,2011-12-01,1,15309
2908,512,974166,2002-07-11,2002-07-11,1,11879
2909,512,1102527,2014-03-27,2014-07-20,1,16271
2910,512,1115008,2016-05-15,2016-05-29,1,16950
2911,512,1124957,2016-05-15,2016-06-23,1,16975
2912,512,1125315,2014-03-27,2014-06-25,1,16246
2913,512,1125315,2016-05-15,2016-06-23,1,16975
2914,512,1500211,2015-01-24,2016-01-19,1,16819
2915,512,1500211,2017-01-13,2018-01-08,1,17539
2916,512,1518198,2019-01-03,2019-01-03,1,17899
2917,512,1521369,2009-02-18,2010-02-13,1,14653
2918,512,1521369,2014-01-29,2015-01-24,1,16459
2919,512,1549786,2019-01-03,2019-01-03,1,17899
2920,512,1589505,2012-02-03,2013-02-03,1,15739
2921,512,1713332,2011-02-13,2011-03-06,1,15039
2922,512,1713332,2016-05-15,2016-05-29,1,16950
2923,512,1759842,2011-02-13,2011-03-06,1,15039
2924,513,1322184,1997-04-19,1997-04-19,1,9970
2925,513,1332418,1994-04-16,1994-04-16,1,8871
2926,513,1361711,1975-01-18,1975-01-18,1,1843
2927,513,1539403,1991-03-23,1991-03-23,1,7751
2928,514,1115008,2018-08-19,2018-09-02,1,17776
2929,514,1149380,1993-03-29,1993-03-29,1,8488
2930,514,1154343,1993-03-29,1993-03-29,1,8488
2931,514,1500211,2016-09-05,2017-08-31,1,17409
2932,514,1512674,2008-10-17,2009-10-12,1,14529
2933,514,1512674,2012-09-26,2013-09-21,1,15969
2934,514,1519936,2011-10-02,2012-09-26,1,15609
2935,514,1519936,2013-09-21,2014-09-16,1,16329
2936,514,1521369,2007-10-23,2008-10-17,1,14169
2937,514,1521369,2010-10-07,2011-10-02,1,15249
2938,514,1521369,2018-08-26,2018-08-26,1,17769
2939,514,1539403,2012-04-02,2018-04-01,7,17622
2940,514,1549786,2008-10-17,2009-10-12,1,14529
2941,514,1549786,2012-09-26,2014-09-16,2,16329
2942,514,19127890,2008-10-17,2009-10-12,1,14529
2943,514,19127890,2012-09-26,2013-09-21,1,15969
2944,516,738818,2018-08-15,2018-08-29,1,17772
2945,516,1119510,2018-08-15,2018-08-29,1,17772
2946,516,1125315,2015-02-05,2015-02-19,1,16485
2947,516,1125315,2018-08-15,2018-08-29,1,17772
2948,516,1177480,2009-10-23,2009-11-13,1,14561
2949,516,1177480,2016-10-07,2016-11-06,1,17111
2950,518,974166,1970-11-20,1970-11-20,1,323
2951,518,1125315,2005-12-30,2005-12-30,1,13147
2952,518,1174888,2005-12-30,2005-12-30,1,13147
2953,518,1322184,1998-03-13,2005-12-30,1,13147
2954,518,1332418,1998-03-13,1998-03-13,1,10298
2955,518,1361711,1998-03-13,2005-12-30,1,13147
2956,518,1503184,2001-12-30,2002-12-25,1,12046
2957,518,1521369,2001-12-30,2002-12-25,1,12046
2958,518,1539403,1998-03-13,1998-03-13,1,10298
2959,518,1545958,2005-12-30,2005-12-30,1,13147
2960,518,1589505,1996-01-31,1997-01-25,1,9886
2961,518,1589505,2000-01-10,2001-12-30,2,11686
2962,518,19127890,2001-12-30,2002-12-25,1,12046
2963,519,974166,2012-06-27,2012-06-27,1,15518
2964,519,1512674,2010-04-20,2011-04-15,1,15079
2965,519,1521369,2013-04-04,2014-03-30,1,16159
2966,519,1521369,2015-03-28,2016-03-22,1,16882
2967,519,1521369,2018-03-12,2018-03-12,1,17602
2968,519,1549786,2010-04-20,2012-04-09,2,15439
2969,519,1589505,2011-04-15,2012-04-09,1,15439
2970,519,1589505,2014-03-30,2015-03-28,1,16522
2971,519,19127890,2010-04-20,2012-04-09,2,15439
2972,520,974166,1972-11-15,1972-11-15,1,1049
2973,520,1125315,2017-10-29,2017-11-12,1,17482
2974,520,1713332,2014-09-05,2014-09-26,1,16339
2975,520,1713332,2018-07-25,2018-08-15,1,17758
2976,520,1759842,2014-09-05,2014-09-26,1,16339
2977,520,1759842,2018-07-25,2018-08-15,1,17758
2978,521,1115008,2015-09-06,2015-10-11,1,16719
2979,521,1125315,2009-11-01,2009-11-18,1,14566
2980,521,1125315,2016-09-13,2016-09-27,1,17071
2981,521,1174888,2009-11-01,2009-11-18,1,14566
2982,521,1177480,2009-11-01,2009-12-06,1,14584
2983,521,1713332,2009-11-01,2009-12-06,1,14584
2984,522,740275,1972-07-16,1972-07-16,1,927
2985,522,1125315,2018-02-01,2018-02-15,1,17577
2986,522,1539403,2003-12-07,2018-12-03,16,17868
2987,523,1125315,1991-11-02,1991-11-23,1,7996
2988,523,1125315,1997-09-04,1997-09-11,1,10115
2989,523,1137529,1993-01-08,1993-01-08,1,8408
2990,523,1149380,1993-01-08,1993-01-08,1,8408
2991,523,1503297,1976-02-20,1976-02-20,1,2241
2992,523,1539403,1986-06-06,1999-06-03,14,10745
2993,523,1550023,1990-12-14,1990-12-14,1,7652
2994,523,1596977,1978-11-03,1990-12-14,1,7652
2995,523,46221581,1978-11-03,1990-12-14,1,7652
2996,524,723013,1977-02-12,1977-02-12,1,2599
2997,524,1115008,1976-02-13,1976-02-13,1,2234
2998,524,1177480,2017-10-06,2017-11-03,1,17473
2999,524,1315942,2000-12-01,2000-12-01,1,11292
3000,524,1322184,2015-05-22,2015-05-22,1,16577
3001,524,1347450,2015-05-22,2015-05-22,1,16577
3002,524,1351541,2000-12-01,2000-12-01,1,11292
3003,524,1503297,1977-04-01,1977-04-01,1,2647
3004,524,1539403,1981-03-04,2018-02-23,38,17585
3005,524,1557272,2014-02-28,2014-02-28,1,16129
3006,524,1596977,1977-07-29,1977-07-29,1,2766
3007,524,46221581,1977-07-29,1977-07-29,1,2766
3008,525,738818,2012-10-06,2012-10-20,1,15633
3009,525,975125,2013-03-19,2013-04-02,1,15797
3010,525,975125,2017-08-12,2017-09-02,1,17411
3011,525,1119510,2012-10-06,2012-10-20,1,15633
3012,525,1125315,2012-10-06,2012-10-20,1,15633
3013,525,1125315,2018-05-24,2018-05-31,1,17682
3014,525,1153428,2012-01-01,2012-01-01,1,15340
3015,525,1177480,2013-01-02,2013-01-23,1,15728
3016,525,1177480,2015-01-13,2015-02-12,1,16478
3017,525,1343916,2012-01-01,2012-01-01,1,15340
3018,525,1551099,2012-07-06,2012-07-06,1,15527
3019,525,1713332,2018-05-12,2018-06-02,1,17684
3020,525,1759842,2018-05-12,2018-06-02,1,17684
3021,526,1125315,2016-06-17,2016-07-01,1,16983
3022,527,1115008,2014-04-30,2014-05-14,1,16204
3023,527,1125315,2015-03-10,2015-03-24,1,16518
3024,527,1518198,2014-03-24,2014-08-28,1,16310
3025,527,1519936,2015-07-09,2016-07-03,1,16985
3026,527,1521369,2009-04-19,2010-04-14,1,14713
3027,527,1521369,2011-04-09,2012-04-03,1,15433
3028,527,1521369,2013-03-29,2014-03-24,1,16153
3029,527,1521369,2016-07-03,2017-06-28,1,17345
3030,527,1549786,2014-03-24,2014-08-28,1,16310
3031,527,1549786,2015-07-09,2016-07-03,1,16985
3032,527,1589505,2008-04-20,2009-04-19,1,14353
3033,527,1713332,2016-11-12,2016-11-19,1,17124
3034,527,1759842,2016-11-12,2016-11-19,1,17124
3035,528,974166,1984-12-27,1984-12-27,1,5474
3036,528,1115008,2012-02-18,2012-03-03,1,15402
3037,528,1503297,1984-12-27,1984-12-27,1,5474
3038,528,1539403,1987-01-22,2018-01-14,32,17545
3039,528,1596977,2010-07-01,2010-07-01,1,14791
3040,528,46221581,2010-07-01,2010-07-01,1,14791
3041,529,701322,2011-06-17,2011-06-17,1,15142
3042,529,757627,2003-08-28,2003-08-28,1,12292
3043,529,1125315,2007-08-13,2007-08-27,1,13752
3044,529,1137529,1960-07-07,1960-07-07,1,-3465
3045,529,1149380,1938-12-12,1938-12-12,1,-11343
3046,529,1149380,1960-07-07,1960-07-07,1,-3465
3047,529,1154343,1938-12-12,1938-12-12,1,-11343
3048,529,1177480,2013-02-19,2013-05-20,1,15845
3049,529,1307863,2012-08-09,2012-08-09,1,15561
3050,529,1310149,2012-08-09,2012-08-09,1,15561
3051,529,1326303,2012-08-09,2012-08-09,1,15561
3052,530,974166,2006-08-24,2006-08-24,1,13384
3053,530,1125315,2010-01-31,2010-02-14,1,14654
3054,530,1125315,2018-03-17,2018-03-31,1,17621
3055,530,1129625,1987-12-08,1987-12-08,1,6550
3056,530,1343916,1987-12-08,1987-12-08,1,6550
3057,531,974166,2010-12-07,2010-12-07,1,14950
3058,531,1125315,2013-01-06,2013-01-20,1,15725
3059,531,1149380,1994-02-03,1994-02-03,1,8799
3060,531,1154343,1994-02-03,1994-02-03,1,8799
3061,531,1177480,2012-02-17,2012-03-16,1,15415
3062,532,1125315,2011-03-02,2011-03-09,1,15042
3063,532,1713332,2014-08-08,2014-08-15,1,16297
3064,532,1759842,2014-08-08,2014-08-15,1,16297
3065,533,1125315,2018-05-08,2018-05-22,1,17673
3066,533,1177480,2014-04-27,2014-05-11,1,16201
3067,533,1713332,2014-04-27,2014-05-11,1,16201
3068,534,920293,2018-05-18,2018-05-25,1,17676
3069,534,933724,2018-05-18,2018-05-25,1,17676
3070,534,1500211,2014-06-10,2015-06-05,1,16591
3071,534,1519936,2015-06-05,2016-05-30,1,16951
3072,534,1521369,2011-06-26,2014-06-10,3,16231
3073,534,1549786,2015-06-05,2016-05-30,1,16951
3074,534,1589505,2008-06-29,2011-06-26,3,15151
3075,534,1589505,2016-05-30,2017-06-04,1,17321
3076,535,974166,1995-11-30,1995-11-30,1,9464
3077,535,1125315,2006-01-05,2006-01-12,1,13160
3078,535,1125315,2015-07-09,2015-07-09,1,16625
3079,535,1174888,2015-07-09,2015-07-09,1,16625
3080,535,1322184,1998-12-03,2015-07-09,1,16625
3081,535,1332418,1995-11-30,1995-11-30,1,9464
3082,535,1361711,1995-11-30,2015-07-09,1,16625
3083,535,1503297,1995-11-30,1995-11-30,1,9464
3084,535,1539403,1995-11-30,1995-11-30,1,9464
3085,535,1545958,2015-07-09,2015-07-09,1,16625
3086,536,974166,2017-07-04,2018-07-10,2,17722
3087,536,1729720,2018-04-12,2018-04-24,1,17645
3088,537,1500211,2009-09-19,2010-09-14,1,14866
3089,537,1503297,1995-02-24,1995-02-24,1,9185
3090,537,1519936,2008-09-24,2009-09-19,1,14506
3091,537,1519936,2015-08-30,2016-08-24,1,17037
3092,537,1521369,2010-09-14,2011-09-09,1,15226
3093,537,1521369,2013-09-09,2015-08-30,2,16677
3094,537,1549786,2015-08-30,2016-08-24,1,17037
3095,537,1550023,2010-11-05,2010-11-05,1,14918
3096,537,1589505,2011-09-09,2012-09-10,1,15593
3097,537,1596977,2006-12-22,2010-11-05,1,14918
3098,537,46221581,2006-12-22,2010-11-05,1,14918
3099,539,1125315,2016-07-18,2016-08-17,1,17030
3100,539,1153428,2013-05-18,2013-05-18,1,15843
3101,539,1343916,2013-05-18,2013-05-18,1,15843
3102,540,701322,2017-04-27,2017-04-27,1,17283
3103,540,715997,2017-04-27,2017-04-27,1,17283
3104,540,757627,2016-06-01,2016-06-01,1,16953
3105,540,974166,1954-07-21,1954-07-21,1,-5643
3106,540,1102527,2011-08-19,2011-09-02,1,15219
3107,540,1115008,1974-10-21,2011-09-18,1,15235
3108,540,1124957,2012-08-13,2012-09-03,1,15586
3109,540,1125315,2012-08-13,2012-09-03,1,15586
3110,540,1125315,2014-10-02,2014-10-09,1,16352
3111,540,1177480,2012-08-13,2012-11-11,1,15655
3112,540,1307863,2003-06-11,2003-06-11,1,12214
3113,540,1310149,2003-06-11,2003-06-11,1,12214
3114,540,1322184,2016-04-20,2016-04-20,1,16911
3115,540,1326303,2003-06-11,2003-06-11,1,12214
3116,540,1347450,2016-04-20,2016-04-20,1,16911
3117,540,1503297,1980-11-19,1980-11-19,1,3975
3118,541,1107830,2008-03-16,2008-03-16,1,13954
3119,541,1149380,2010-11-14,2010-11-14,1,14927
3120,541,1154343,2010-11-14,2010-11-14,1,14927
3121,541,1177480,2009-08-24,2009-10-23,1,14540
3122,541,1343916,2008-03-16,2008-03-16,1,13954
3123,542,914335,2018-04-21,2018-04-21,1,17642
3124,542,974166,2000-09-30,2000-09-30,1,11230
3125,542,1125315,2010-10-10,2010-10-17,1,14899
3126,542,1125315,2017-05-15,2017-05-29,1,17315
3127,542,1309944,2018-04-21,2018-04-21,1,17642
3128,542,1343916,2018-04-21,2018-04-21,1,17642
3129,542,1713332,2013-08-19,2013-08-26,1,15943
3130,542,1729720,2016-10-18,2016-10-26,1,17100
3131,542,1759842,2013-08-19,2013-08-26,1,15943
3132,543,738818,2015-10-15,2015-10-29,1,16737
3133,543,974166,1999-12-23,1999-12-23,1,10948
3134,543,1119510,2015-10-15,2015-10-29,1,16737
3135,543,1125315,2015-10-15,2015-10-29,1,16737
3136,543,1137529,2006-01-05,2006-01-05,1,13153
3137,543,1149380,2006-01-05,2006-01-05,1,13153
3138,543,1503297,1997-12-18,1997-12-18,1,10213
3139,543,1539403,2014-03-20,2018-03-19,5,17609
3140,543,1596977,2017-07-13,2017-07-13,1,17360
3141,543,1713332,2009-10-25,2009-11-15,1,14563
3142,543,1713332,2014-07-13,2014-07-20,1,16271
3143,543,1759842,2009-10-25,2009-11-15,1,14563
3144,543,1759842,2014-07-13,2014-07-20,1,16271
3145,543,46221581,2017-07-13,2017-07-13,1,17360
3146,545,1177480,2013-09-18,2013-10-02,1,15980
3147,545,1177480,2016-05-28,2016-06-11,1,16963
3148,545,1713332,2016-05-28,2016-06-11,1,16963
3149,545,1729720,2017-07-30,2017-08-11,1,17389
3150,545,1778162,2013-09-18,2013-10-02,1,15980
3151,546,1125315,2009-02-26,2009-03-12,1,14315
3152,546,1177480,2011-07-21,2011-08-04,1,15190
3153,546,1177480,2013-02-27,2013-03-13,1,15777
3154,546,1177480,2015-11-08,2015-11-29,1,16768
3155,546,1713332,2009-02-26,2009-03-12,1,14315
3156,546,1713332,2011-07-21,2011-08-04,1,15190
3157,547,1124957,2015-10-20,2015-11-24,1,16763
3158,547,1125315,2015-10-20,2015-11-24,1,16763
3159,547,1177480,2014-11-16,2014-12-21,1,16425
3160,547,1539403,2000-06-08,2018-06-04,19,17686
3161,547,1557272,2016-06-30,2016-06-30,1,16982
3162,548,738818,2018-04-06,2018-04-13,1,17634
3163,548,920293,2009-03-27,2009-04-03,1,14337
3164,548,920293,2011-05-02,2011-05-09,1,15103
3165,548,920293,2013-06-07,2013-06-14,1,15870
3166,548,920293,2017-07-26,2017-08-02,1,17380
3167,548,933724,2009-03-27,2009-04-03,1,14337
3168,548,933724,2011-05-02,2011-05-09,1,15103
3169,548,933724,2013-06-07,2013-06-14,1,15870
3170,548,933724,2017-07-26,2017-08-02,1,17380
3171,548,1119510,2018-04-06,2018-04-13,1,17634
3172,548,1125315,2013-07-03,2013-07-10,1,15896
3173,548,1125315,2018-04-06,2018-04-13,1,17634
3174,548,1318011,2009-03-25,2009-03-25,1,14328
3175,548,1322184,2013-04-16,2013-04-16,1,15811
3176,548,1332418,2013-04-16,2013-04-16,1,15811
3177,548,1361711,2013-04-16,2013-04-16,1,15811
3178,548,1388796,2009-03-25,2009-03-25,1,14328
3179,548,1503297,1998-05-12,1998-05-12,1,10358
3180,548,1521369,2008-04-24,2009-04-19,1,14353
3181,548,1521369,2010-04-14,2011-04-09,1,15073
3182,548,1521369,2015-10-22,2016-10-16,1,17090
3183,548,1539403,2013-04-16,2013-04-16,1,15811
3184,548,1539403,2015-05-12,2018-05-11,4,17662
3185,549,974166,2005-04-27,2005-04-27,1,12900
3186,549,1125315,2013-11-29,2013-12-13,1,16052
3187,549,1125315,2017-05-03,2017-05-31,1,17317
3188,549,1150836,1987-08-22,1987-08-22,1,6442
3189,549,1343916,1987-08-22,1987-08-22,1,6442
3190,551,975125,1996-04-14,1996-04-14,1,9600
3191,551,1124957,2017-05-27,2017-06-03,1,17320
3192,551,1125315,2017-05-27,2017-06-03,1,17320
3193,551,1177480,2015-12-17,2016-01-07,1,16807
3194,551,1192710,1979-05-01,1979-05-01,1,3407
3195,552,1125315,2012-12-11,2012-12-18,1,15692
3196,552,1125315,2014-11-10,2014-11-24,1,16398
3197,552,1322184,2012-09-07,2012-09-07,1,15590
3198,552,1347450,2012-09-07,2012-09-07,1,15590
3199,552,1519936,2009-06-19,2010-06-14,1,14774
3200,552,1521369,2010-06-14,2011-06-09,1,15134
3201,553,738818,2018-01-26,2018-02-02,1,17564
3202,553,1119510,2018-01-26,2018-02-02,1,17564
3203,553,1125315,2018-01-26,2018-02-02,1,17564
3204,554,1177480,2015-07-15,2015-08-12,1,16659
3205,555,1125315,2009-06-23,2009-07-07,1,14432
3206,555,1125315,2012-01-20,2012-02-03,1,15373
3207,555,1177480,2011-01-12,2011-01-26,1,15000
3208,555,1729720,2012-07-06,2012-07-13,1,15534
3209,556,974166,1962-05-10,1962-05-10,1,-2793
3210,556,1322184,2005-10-13,2005-10-13,1,13069
3211,556,1347450,2005-10-13,2005-10-13,1,13069
3212,559,1112807,1981-01-03,1981-04-03,1,4110
3213,559,1125315,1977-09-21,1977-10-05,1,2834
3214,559,1149380,1979-12-02,1979-12-02,1,3622
3215,559,1154343,1979-12-02,1979-12-02,1,3622
3216,559,1177480,1981-07-15,1981-07-29,1,4227
3217,559,1713332,1981-07-15,1981-07-29,1,4227
3218,559,1717327,1977-09-21,1977-10-05,1,2834
3219,560,974166,1992-01-24,1992-01-24,1,8058
3220,560,1713332,2015-10-15,2015-10-22,1,16730
3221,560,1759842,2015-10-15,2015-10-22,1,16730
3222,561,701322,2010-01-15,2010-01-15,1,14624
3223,561,757627,2008-09-22,2008-09-22,1,14144
3224,561,1115008,2011-07-03,2011-07-17,1,15172
3225,561,1125315,2009-01-01,2009-01-08,1,14252
3226,561,1125315,2012-12-12,2012-12-26,1,15700
3227,561,1125315,2013-06-06,2013-06-27,1,15883
3228,561,1125315,2016-10-07,2016-10-21,1,17095
3229,561,1539403,2002-09-09,2016-09-05,15,17049
3230,561,1557272,2009-09-28,2009-09-28,1,14515
3231,562,1125315,2012-02-15,2012-02-29,1,15399
3232,562,1307863,2007-04-22,2007-04-22,1,13625
3233,562,1310149,2007-04-22,2007-04-22,1,13625
3234,562,1326303,2007-04-22,2007-04-22,1,13625
3235,563,974166,1998-07-01,1998-07-01,1,10408
3236,563,1729720,2014-11-24,2014-12-06,1,16410
3237,564,974166,1987-06-01,1987-06-01,1,6360
3238,564,1125315,2017-02-10,2017-02-24,1,17221
3239,564,1149380,1971-04-28,1971-04-28,1,482
3240,564,1154343,1971-04-28,1971-04-28,1,482
3241,564,1192710,1971-05-12,1971-05-12,1,496
3242,565,740275,2017-11-16,2017-11-16,1,17486
3243,565,1125315,2010-07-24,2010-07-31,1,14821
3244,565,1150770,1982-11-07,1982-11-07,1,4693
3245,566,1539403,2012-03-07,2018-03-06,7,17596
3246,566,1729720,2009-12-26,2010-01-06,1,14615
3247,567,920293,2016-01-16,2016-01-23,1,16823
3248,567,933724,2016-01-16,2016-01-23,1,16823
3249,567,974166,1977-02-10,1977-02-10,1,2597
3250,567,1125315,2015-01-01,2015-02-05,1,16471
3251,567,1177480,2010-06-28,2010-07-26,1,14816
3252,568,1125315,2017-10-15,2017-10-29,1,17468
3253,568,1515774,2008-05-17,2009-05-12,1,14376
3254,568,1549786,2008-05-17,2010-05-07,2,14736
3255,568,1549786,2014-08-10,2015-08-05,1,16652
3256,568,1549786,2016-07-30,2017-07-25,1,17372
3257,568,1589505,2009-05-12,2010-05-07,1,14736
3258,568,1589505,2014-08-10,2015-08-05,1,16652
3259,568,1589505,2016-07-30,2017-07-25,1,17372
3260,568,19127890,2008-05-17,2009-05-12,1,14376
3261,568,19127890,2014-08-10,2015-08-05,1,16652
3262,568,19127890,2016-07-30,2017-07-25,1,17372
3263,570,1125315,2012-03-21,2012-06-19,1,15510
3264,570,1729720,2010-11-01,2010-11-13,1,14926
3265,571,742185,2010-07-11,2015-02-01,1,16467
3266,571,1115008,2017-07-09,2017-08-06,1,17384
3267,573,1125315,2015-05-16,2015-05-23,1,16578
3268,573,1150836,1988-07-09,1988-07-09,1,6764
3269,573,1177480,2018-03-13,2018-05-12,1,17663
3270,573,1343916,1988-07-09,1988-07-09,1,6764
3271,573,1713332,2011-05-10,2011-05-31,1,15125
3272,573,1759842,2011-05-10,2011-05-31,1,15125
3273,574,1322184,1998-04-01,1998-04-01,1,10317
3274,574,1332418,1994-03-23,1994-03-23,1,8847
3275,574,1361711,1963-11-27,1963-11-27,1,-2227
3276,574,1539403,1992-03-18,1992-03-18,1,8112
3277,575,1125315,1992-04-15,1992-04-29,1,8154
3278,575,1137529,1989-10-12,1989-10-12,1,7224
3279,575,1149380,1989-10-12,1989-10-12,1,7224
3280,575,1177480,1992-12-08,1993-01-12,1,8412
3281,575,1515774,1989-07-09,1990-07-04,1,7489
3282,575,1515774,1991-06-29,1992-06-23,1,8209
3283,575,1515774,1993-06-18,1995-06-08,3,9289
3284,575,1549786,1989-07-09,1990-07-04,1,7489
3285,575,1549786,1991-06-29,1992-06-23,1,8209
3286,575,1549786,1993-06-18,1995-06-08,3,9289
3287,575,19127890,1989-07-09,1990-07-04,1,7489
3288,575,19127890,1991-06-29,1992-06-23,1,8209
3289,575,19127890,1993-06-18,1995-06-08,3,9289
3290,576,920293,2012-11-20,2012-12-04,2,15678
3291,576,933724,2012-11-20,2012-12-04,1,15678
3292,576,1115008,2017-06-21,2017-08-20,1,17398
3293,576,1125315,2014-05-10,2014-07-07,2,16249
3294,577,1125315,2017-11-04,2017-11-25,1,17495
3295,577,1177480,2014-09-21,2014-11-20,1,16394
3296,578,1107830,2018-04-06,2018-04-06,1,17627
3297,578,1343916,2018-04-06,2018-04-06,1,17627
3298,578,1729720,2017-09-03,2017-09-11,1,17420
3299,579,1503184,1993-03-05,1994-02-28,1,8824
3300,579,1515774,1992-03-10,1993-03-05,1,8464
3301,579,1515774,1995-02-28,1996-02-23,1,9549
3302,579,1515774,1999-02-15,2000-02-10,1,10997
3303,579,1521369,1993-03-05,1994-02-28,1,8824
3304,579,1521369,2000-02-10,2001-02-04,1,11357
3305,579,1549786,1992-03-10,1993-03-05,1,8464
3306,579,1549786,1995-02-28,1996-02-23,1,9549
3307,579,1549786,1999-02-15,2001-02-04,2,11357
3308,579,1589505,1997-02-25,1999-02-15,2,10637
3309,579,1589505,2001-02-04,2001-02-04,1,11357
3310,579,1595799,2000-02-10,2001-02-04,1,11357
3311,579,1713332,2001-03-09,2001-03-30,1,11411
3312,579,1759842,2001-03-09,2001-03-30,1,11411
3313,579,19127890,1992-03-10,1994-02-28,2,8824
3314,579,19127890,1995-02-28,1996-02-23,1,9549
3315,579,19127890,1999-02-15,2000-02-10,1,10997
3316,580,1153428,2011-01-09,2011-01-09,1,14983
3317,580,1177480,2011-02-21,2011-03-07,1,15040
3318,580,1343916,2011-01-09,2011-01-09,1,14983
3319,580,1551099,2010-12-23,2010-12-23,1,14966
3320,580,1778162,2011-02-21,2011-03-07,1,15040
3321,581,1137529,2014-12-02,2014-12-02,1,16406
3322,581,1149380,1977-12-02,1977-12-02,1,2892
3323,581,1149380,2014-12-02,2014-12-02,1,16406
3324,581,1154343,1977-12-02,1977-12-02,1,2892
3325,581,1519936,2009-07-16,2010-07-11,1,14801
3326,581,1519936,2014-06-20,2015-06-15,1,16601
3327,581,1519936,2017-06-04,2018-05-30,1,17681
3328,581,1521369,2012-06-30,2013-06-25,1,15881
3329,582,1125315,2011-07-14,2011-07-28,1,15183
3330,582,1125315,2015-05-20,2015-06-10,1,16596
3331,583,974166,1987-11-08,1987-11-08,1,6520
3332,583,1125315,2014-02-21,2014-02-28,1,16129
3333,583,1125315,2018-04-09,2018-04-16,1,17637
3334,584,1125315,2017-09-21,2017-10-12,1,17451
3335,585,974166,1968-12-16,1968-12-16,1,-381
3336,585,1125315,2015-07-11,2015-08-01,1,16648
3337,585,1125315,2015-12-07,2015-12-14,1,16783
3338,585,1125315,2017-05-22,2017-06-12,1,17329
3339,585,1125315,2017-11-30,2017-12-14,1,17514
3340,585,1713332,2018-04-26,2018-09-06,1,17780
3341,585,1759842,2018-04-26,2018-09-06,1,17780
3342,586,974166,1990-05-19,1990-05-19,1,7443
3343,587,1125315,2009-06-09,2009-06-16,1,14411
3344,587,1539403,2012-05-12,2018-05-11,7,17662
3345,587,1713332,2012-10-01,2012-10-15,1,15628
3346,587,1759842,2012-10-01,2012-10-15,1,15628
3347,588,1125315,2013-03-15,2013-06-13,1,15869
3348,588,1713332,2012-08-23,2012-09-13,1,15596
3349,588,1759842,2012-08-23,2012-09-13,1,15596
3350,589,1150770,1990-01-03,1990-01-03,1,7307
3351,589,1177480,2012-03-13,2012-05-12,1,15472
3352,589,1343916,1990-01-11,1990-01-11,1,7315
3353,590,1125315,2013-03-25,2013-04-01,1,15796
3354,590,1125315,2017-07-01,2017-07-29,1,17376
3355,591,974166,1967-03-16,1967-03-16,1,-1022
3356,591,1115008,2012-02-24,2012-03-09,1,15408
3357,591,1125315,2010-06-19,2010-07-03,1,14793
3358,591,1125315,2014-02-24,2014-03-10,1,16139
3359,591,1307863,1995-02-09,1995-02-09,1,9170
3360,591,1310149,1995-02-09,1995-02-09,1,9170
3361,591,1326303,1995-02-09,1995-02-09,1,9170
3362,592,974166,1996-09-08,1996-09-08,1,9747
3363,593,974166,1987-11-21,1987-11-21,1,6533
3364,593,1124957,2016-08-17,2016-10-05,1,17079
3365,593,1125315,2016-08-17,2016-10-05,1,17079
3366,594,1102527,2017-10-11,2017-12-16,1,17516
3367,594,1115008,2017-10-11,2017-12-10,1,17510
3368,595,974166,1981-02-06,1981-02-06,1,4054
3369,595,1115008,2010-12-12,2011-01-02,1,14976
3370,595,1115008,2017-12-26,2018-01-16,1,17547
3371,595,1137529,2009-12-25,2009-12-25,1,14603
3372,595,1149380,2009-12-25,2009-12-25,1,14603
3373,595,1500211,2010-10-20,2010-12-03,1,14946
3374,595,1521369,2011-10-15,2012-10-09,1,15622
3375,596,1125315,2014-07-15,2014-07-22,1,16273
3376,599,718583,1982-03-19,1982-03-19,1,4460
3377,599,1177480,2002-12-19,2003-03-19,1,12130
3378,599,1177480,2007-11-23,2008-01-22,1,13900
3379,599,1315942,2005-10-22,2005-10-22,1,13078
3380,599,1351541,2005-10-22,2005-10-22,1,13078
3381,600,1512674,2011-08-30,2012-08-24,1,15576
3382,600,1515774,2015-08-09,2016-08-03,1,17016
3383,600,1519936,2017-07-29,2018-07-24,1,17736
3384,600,1549786,2011-08-30,2012-08-24,1,15576
3385,600,1549786,2014-08-14,2016-08-03,2,17016
3386,600,1549786,2017-07-29,2018-07-24,1,17736
3387,600,1589505,2014-08-14,2015-08-09,1,16656
3388,600,19127890,2011-08-30,2012-08-24,1,15576
3389,600,19127890,2015-08-09,2016-08-03,1,17016
3390,601,974166,1984-12-06,1984-12-06,1,5453
3391,601,1521369,2008-05-14,2010-05-04,2,14733
3392,601,1713332,2017-03-09,2017-03-30,1,17255
3393,601,1759842,2017-03-09,2017-03-30,1,17255
3394,602,738818,2017-11-26,2017-12-10,1,17510
3395,602,1119510,2017-11-26,2017-12-10,1,17510
3396,602,1125315,2009-12-07,2009-12-21,1,14599
3397,602,1125315,2016-03-05,2016-05-04,1,16925
3398,602,1125315,2017-11-26,2017-12-10,1,17510
3399,602,1713332,2009-12-07,2009-12-21,1,14599
3400,603,1115008,1985-03-10,2012-05-26,1,15486
3401,603,1125315,2012-12-28,2013-01-04,1,15709
3402,603,1177480,2014-04-16,2014-06-15,1,16236
3403,603,1322184,2008-02-21,2016-07-14,1,16996
3404,603,1332418,2008-02-21,2008-02-21,1,13930
3405,603,1347450,2016-07-14,2016-07-14,1,16996
3406,603,1361711,2008-02-21,2008-02-21,1,13930
3407,603,1539403,2008-02-21,2008-02-21,1,13930
3408,603,1713332,2007-09-25,2007-10-09,1,13795
3409,603,1759842,2007-09-25,2007-10-09,1,13795
3410,604,974166,1994-07-24,1994-07-24,1,8970
3411,604,1125315,2018-11-20,2018-12-04,1,17869
3412,604,1713332,2014-08-06,2014-08-13,1,16295
3413,604,1759842,2014-08-06,2014-08-13,1,16295
3414,605,1112807,1977-01-15,1977-02-19,1,2606
3415,605,1177480,1975-07-25,1975-08-08,1,2045
3416,605,1361711,1977-07-03,1978-07-16,1,3118
3417,605,1728416,1975-07-25,1975-08-08,1,2045
3418,606,738818,2011-09-02,2011-09-16,1,15233
3419,606,974166,1984-07-01,1984-07-01,1,5295
3420,606,1119510,2011-09-02,2011-09-16,1,15233
3421,606,1125315,2011-09-02,2011-09-16,1,15233
3422,606,1125315,2018-07-16,2018-07-30,1,17742
3423,606,1713332,2014-10-20,2014-11-10,1,16384
3424,606,1759842,2014-10-20,2014-11-10,1,16384
3425,607,974166,1978-09-15,1978-09-15,1,3179
3426,607,1115008,2012-09-24,2012-12-23,1,15697
3427,607,1125315,2012-09-24,2012-12-29,1,15703
3428,607,1125315,2018-01-01,2018-01-15,1,17546
3429,607,1174888,2012-09-24,2012-12-29,1,15703
3430,607,1177480,2014-08-15,2014-08-29,1,16311
3431,608,1115008,1989-08-26,1989-08-26,1,7177
3432,608,1125315,2017-12-15,2017-12-22,1,17522
3433,608,1177480,2011-08-26,2011-11-24,1,15302
3434,608,1307863,1997-08-07,1997-08-07,1,10080
3435,608,1310149,1997-08-07,1997-08-07,1,10080
3436,608,1326303,1997-08-07,1997-08-07,1,10080
3437,608,1539403,1999-09-30,2018-09-25,20,17799
3438,608,1557272,2018-12-27,2018-12-27,1,17892
3439,609,1107830,1995-10-09,1995-10-09,1,9412
3440,609,1125315,2011-10-02,2011-10-16,1,15263
3441,609,1343916,1995-10-09,1995-10-09,1,9412
3442,609,1713332,2012-09-02,2012-09-09,1,15592
3443,609,1759842,2012-09-02,2012-09-09,1,15592
3444,610,974166,1937-07-26,1937-07-26,1,-11847
3445,610,1101554,1990-10-27,1990-11-10,1,7618
3446,610,1125315,1991-03-31,1991-04-14,1,7773
3447,610,1167322,1990-10-27,1990-11-10,1,7618
3448,610,1322184,1997-05-26,1997-05-26,1,10007
3449,610,1332418,1994-05-09,1994-05-09,1,8894
3450,610,1361711,1953-08-10,1953-08-10,1,-5988
3451,610,1539403,1991-04-08,1991-04-08,1,7767
3452,611,1115008,2008-07-08,2008-07-08,1,14068
3453,611,1125315,2016-06-01,2016-06-08,1,16960
3454,611,1539403,2017-08-27,2018-08-27,2,17770
3455,611,1729720,2014-05-16,2014-05-23,1,16213
3456,612,974166,1993-09-03,1993-09-03,1,8646
3457,613,974166,2002-06-13,2002-06-13,1,11851
3458,613,1115008,2006-07-02,2006-07-23,1,13352
3459,613,1115008,2015-10-04,2015-11-01,1,16740
3460,613,1115008,2018-07-19,2018-07-19,1,17731
3461,613,1125315,2014-05-31,2014-06-14,1,16235
3462,613,1518198,2008-05-27,2009-05-22,1,14386
3463,613,1518198,2010-05-17,2011-05-12,1,15106
3464,613,1549786,2008-05-27,2009-05-22,1,14386
3465,613,1549786,2010-05-17,2011-05-12,1,15106
3466,613,1589505,2013-07-04,2014-07-06,1,16257
3467,613,1589505,2016-04-07,2017-04-09,1,17265
3468,614,1115008,2017-09-21,2017-10-05,1,17444
3469,614,1713332,2016-03-19,2016-04-02,1,16893
3470,614,1759842,2016-03-19,2016-04-02,1,16893
3471,615,1729720,2011-04-13,2011-04-25,1,15089
3472,616,1115008,2015-09-15,2015-09-29,1,16707
3473,617,974166,1976-03-07,1976-03-07,1,2257
3474,617,1125315,2016-11-01,2016-12-06,1,17141
3475,617,1177480,2012-05-12,2012-05-26,1,15486
3476,617,1539403,1998-10-04,2018-09-29,21,17803
3477,618,1125315,2010-01-25,2010-02-08,1,14648
3478,619,920293,2011-10-27,2011-11-03,1,15281
3479,619,933724,2011-10-27,2011-11-03,1,15281
3480,619,1500211,2011-12-16,2012-12-10,1,15684
3481,619,1519936,2015-12-03,2016-11-27,1,17132
3482,619,1521369,2009-04-09,2010-04-04,1,14703
3483,619,1521369,2010-12-21,2011-12-16,1,15324
3484,619,1521369,2013-12-13,2015-12-03,2,16772
3485,619,1521369,2016-11-27,2017-11-22,1,17492
3486,619,1521369,2018-11-17,2018-11-17,1,17852
3487,619,1589505,2012-12-10,2013-12-13,1,16052
3488,619,1713332,2009-08-25,2009-09-01,1,14488
3489,619,1759842,2009-08-25,2009-09-01,1,14488
3490,620,1125315,2017-04-18,2017-04-18,1,17274
3491,620,1174888,2017-04-18,2017-04-18,1,17274
3492,620,1322184,2015-09-22,2017-04-18,1,17274
3493,620,1332418,2015-09-22,2015-09-22,1,16700
3494,620,1361711,2015-09-22,2017-04-18,1,17274
3495,620,1500211,2014-04-22,2015-04-17,1,16542
3496,620,1521369,2006-05-21,2008-05-10,2,14009
3497,620,1521369,2012-02-14,2013-02-08,1,15744
3498,620,1521369,2015-04-17,2016-08-30,2,17043
3499,620,1539403,2015-09-22,2015-09-22,1,16700
3500,620,1545958,2017-04-18,2017-04-18,1,17274
3501,621,701322,2015-02-12,2015-02-12,1,16478
3502,621,715997,2015-02-12,2015-02-12,1,16478
3503,621,757627,2014-03-19,2014-03-19,1,16148
3504,622,738818,2009-06-24,2009-07-08,1,14433
3505,622,974166,2006-04-08,2006-04-08,1,13246
3506,622,1119510,2009-06-24,2009-07-08,1,14433
3507,622,1125315,2009-06-24,2009-07-08,1,14433
3508,622,1125315,2018-03-05,2018-03-26,1,17616
3509,623,974166,1982-11-22,1982-11-22,1,4708
3510,623,1519936,2009-04-20,2011-04-10,2,15074
3511,624,1102527,2010-10-28,2010-11-23,1,14936
3512,624,1115008,2018-07-18,2018-08-01,1,17744
3513,624,1125315,2010-10-28,2010-11-27,1,14940
3514,624,1149380,1989-06-30,1989-06-30,1,7120
3515,624,1154343,1989-06-30,1989-06-30,1,7120
3516,625,1125315,2015-07-29,2015-08-12,1,16659
3517,626,974166,1954-06-12,1954-06-12,1,-5682
3518,626,1124957,2010-07-17,2010-08-24,1,14845
3519,626,1125315,2010-07-17,2010-08-24,1,14845
3520,626,1125315,2016-06-11,2016-06-11,1,16963
3521,626,1174888,2016-06-11,2016-06-11,1,16963
3522,626,1177480,2010-07-17,2010-08-16,1,14837
3523,626,1322184,2010-11-13,2016-06-11,1,16963
3524,626,1322184,2016-12-17,2016-12-17,1,17152
3525,626,1332418,2010-11-13,2010-11-13,1,14926
3526,626,1361711,2010-11-13,2016-06-11,1,16963
3527,626,1361711,2016-12-17,2016-12-17,1,17152
3528,626,1539403,2010-11-13,2010-11-13,1,14926
3529,626,1545958,2016-06-11,2016-06-11,1,16963
3530,626,1557272,2006-04-22,2006-04-22,1,13260
3531,626,1713332,2014-08-08,2014-08-29,1,16311
3532,626,1713332,2014-12-02,2014-12-09,1,16413
3533,626,1759842,2014-08-08,2014-08-29,1,16311
3534,626,1759842,2014-12-02,2014-12-09,1,16413
3535,627,836654,1994-02-25,1994-02-25,1,8821
3536,627,974166,1929-03-22,1929-03-22,1,-14895
3537,627,1125315,2001-01-21,2001-02-04,1,11357
3538,627,1539403,1959-04-10,2002-03-30,44,11776
3539,627,1713332,1995-07-23,1995-07-30,1,9341
3540,627,1713332,2002-07-29,2002-08-12,1,11911
3541,627,1759842,1995-07-23,1995-07-30,1,9341
3542,627,1759842,2002-07-29,2002-08-12,1,11911
3543,628,1102527,2018-01-30,2018-04-01,1,17622
3544,628,1115008,2018-01-30,2018-03-31,1,17621
3545,629,738818,2011-10-04,2011-10-18,1,15265
3546,629,974166,2014-10-15,2014-10-15,1,16358
3547,629,1119510,2011-10-04,2011-10-18,1,15265
3548,629,1125315,2011-10-04,2011-10-18,1,15265
3549,629,1396131,2006-06-15,2006-06-15,1,13314
3550,629,1512674,2012-05-09,2013-05-04,1,15829
3551,629,1518198,2018-04-28,2018-04-28,1,17649
3552,629,1521369,2014-05-14,2017-04-28,3,17284
3553,629,1548195,2010-05-20,2011-05-15,1,15109
3554,629,1549786,2012-05-09,2013-05-04,1,15829
3555,629,1549786,2018-04-28,2018-04-28,1,17649
3556,629,19054876,2010-05-20,2011-05-15,1,15109
3557,629,19127890,2010-05-20,2011-05-15,1,15109
3558,629,19127890,2012-05-09,2013-05-04,1,15829
3559,630,1125315,2004-03-04,2004-03-18,1,12495
3560,630,1521369,2003-02-15,2004-02-10,1,12458
3561,630,1521369,2006-02-07,2007-02-02,1,13546
3562,630,1589505,2005-02-04,2006-02-07,1,13186
3563,631,1125315,2009-06-14,2009-06-28,1,14423
3564,631,1125315,2012-09-12,2012-11-11,1,15655
3565,631,1125315,2016-08-22,2016-09-19,1,17063
3566,631,1177480,2017-08-15,2017-09-05,1,17414
3567,631,1713332,2009-06-14,2009-06-28,1,14423
3568,631,1729720,2010-10-08,2010-10-19,1,14901
3569,632,738818,2018-12-11,2018-12-25,1,17890
3570,632,1119510,2018-12-11,2018-12-25,1,17890
3571,632,1125315,2018-12-11,2018-12-25,1,17890
3572,632,1539403,2012-11-06,2018-11-05,7,17840
3573,634,1124957,2009-08-10,2009-09-14,1,14501
3574,634,1124957,2010-01-24,2010-02-28,1,14668
3575,634,1124957,2010-04-29,2010-06-03,1,14763
3576,634,1124957,2010-10-01,2010-10-08,1,14890
3577,634,1124957,2011-07-31,2012-01-10,2,15319
3578,634,1124957,2013-04-21,2013-06-04,2,15830
3579,634,1124957,2013-09-30,2013-10-14,1,15992
3580,634,1124957,2014-01-19,2014-01-26,1,16096
3581,634,1124957,2014-03-27,2014-08-09,2,16261
3582,634,1124957,2015-03-15,2015-03-22,1,16516
3583,634,1124957,2015-08-26,2015-09-02,1,16680
3584,634,1124957,2015-12-01,2015-12-29,1,16798
3585,634,1124957,2016-02-27,2016-03-05,1,16865
3586,634,1124957,2016-09-01,2016-11-12,2,17087
3587,634,1124957,2017-02-10,2017-02-17,1,17214
3588,634,1124957,2017-06-17,2017-07-22,1,17369
3589,634,1124957,2017-09-20,2017-10-18,1,17457
3590,634,1124957,2018-03-17,2018-03-24,1,17614
3591,634,1125315,2009-03-08,2009-03-15,1,14318
3592,634,1125315,2009-08-10,2009-09-14,1,14501
3593,634,1125315,2009-11-18,2009-11-25,1,14573
3594,634,1125315,2010-10-01,2010-10-08,1,14890
3595,634,1125315,2011-03-07,2011-05-02,1,15096
3596,634,1125315,2011-07-31,2012-01-10,2,15319
3597,634,1125315,2012-04-09,2012-04-16,1,15446
3598,634,1125315,2012-08-14,2012-10-09,1,15622
3599,634,1125315,2013-01-07,2013-01-21,1,15726
3600,634,1125315,2013-04-21,2013-06-04,2,15830
3601,634,1125315,2013-08-03,2013-08-31,1,15948
3602,634,1125315,2013-11-13,2013-11-20,1,16029
3603,634,1125315,2014-01-19,2014-01-26,1,16096
3604,634,1125315,2014-09-08,2014-12-01,1,16405
3605,634,1125315,2015-01-30,2015-03-22,2,16486
3606,634,1125315,2015-05-21,2015-05-28,1,16583
3607,634,1125315,2015-08-26,2015-09-02,1,16680
3608,634,1125315,2015-12-01,2015-12-29,1,16798
3609,634,1125315,2016-09-01,2016-09-15,1,17059
3610,634,1125315,2017-02-10,2017-02-17,1,17214
3611,634,1125315,2017-09-20,2017-10-18,1,17457
3612,634,1174888,2009-03-08,2009-03-15,1,14318
3613,634,1174888,2009-11-18,2009-11-25,1,14573
3614,634,1174888,2011-03-07,2011-05-02,1,15096
3615,634,1174888,2012-04-09,2012-04-16,1,15446
3616,634,1174888,2012-08-14,2012-10-09,1,15622
3617,634,1174888,2013-01-07,2013-01-21,1,15726
3618,634,1174888,2013-08-03,2013-08-31,1,15948
3619,634,1174888,2013-11-13,2013-11-20,1,16029
3620,634,1174888,2014-09-08,2014-12-01,1,16405
3621,634,1174888,2015-01-30,2015-02-13,1,16479
3622,634,1174888,2015-05-21,2015-05-28,1,16583
3623,634,1729720,2012-10-23,2012-11-02,1,15646
3624,635,1102527,2018-06-28,2018-07-29,1,17741
3625,635,1125315,2012-06-03,2012-06-10,1,15501
3626,635,1125315,2017-09-29,2017-10-06,1,17445
3627,635,1125315,2018-06-28,2018-08-27,1,17770
3628,635,1557272,2008-10-01,2008-10-01,1,14153
3629,635,1713332,2011-12-26,2012-01-09,1,15348
3630,635,1713332,2016-03-27,2016-04-03,1,16894
3631,635,1759842,2011-12-26,2012-01-09,1,15348
3632,635,1759842,2016-03-27,2016-04-03,1,16894
3633,636,974166,2005-03-01,2005-03-01,1,12843
3634,636,1125315,2011-05-05,2011-05-12,1,15106
3635,636,1500211,2012-10-02,2013-09-27,1,15975
3636,636,1519936,2008-12-17,2009-12-12,1,14590
3637,636,1519936,2013-09-27,2014-09-22,1,16335
3638,636,1519936,2018-11-13,2018-11-13,1,17848
3639,636,1521369,2010-12-07,2011-11-15,1,15293
3640,636,1521369,2014-09-22,2015-09-17,1,16695
3641,636,1549786,2008-12-17,2009-12-12,1,14590
3642,637,1318011,2009-12-22,2009-12-22,1,14600
3643,637,1388796,2009-12-22,2009-12-22,1,14600
3644,638,914335,1986-05-19,1986-05-19,1,5982
3645,638,956874,1976-08-21,1976-08-21,1,2424
3646,638,1307046,1976-08-21,1976-08-21,1,2424
3647,638,1309944,1986-05-19,1986-05-19,1,5982
3648,638,1343916,1986-05-19,1986-05-19,1,5982
3649,638,1361711,1980-12-22,1980-12-22,1,4008
3650,638,1713332,1981-06-06,1981-06-13,1,4181
3651,638,1759842,1981-06-06,1981-06-13,1,4181
3652,639,1125315,2016-09-23,2016-10-07,1,17081
3653,639,1713332,2016-09-23,2016-10-07,1,17081
3654,640,738818,2013-11-18,2013-11-25,1,16034
3655,640,1115008,2009-03-04,2009-03-18,1,14321
3656,640,1115008,2012-02-01,2012-03-07,1,15406
3657,640,1119510,2013-11-18,2013-11-25,1,16034
3658,640,1125315,2013-11-18,2013-11-25,1,16034
3659,640,1129625,1975-06-06,1975-06-06,1,1982
3660,641,738818,2017-07-11,2017-07-25,1,17372
3661,641,1119510,2017-07-11,2017-07-25,1,17372
3662,641,1125315,2017-07-11,2017-07-25,1,17372
3663,641,1713332,2015-06-20,2015-07-04,1,16620
3664,641,1759842,2015-06-20,2015-07-04,1,16620
3665,642,701322,2017-01-07,2017-01-07,1,17173
3666,642,715997,2017-01-07,2017-01-07,1,17173
3667,642,738818,2013-11-11,2013-11-25,1,16034
3668,642,738818,2015-11-15,2015-11-29,1,16768
3669,642,757627,2014-08-21,2014-08-21,1,16303
3670,642,1119510,2013-11-11,2013-11-25,1,16034
3671,642,1119510,2015-11-15,2015-11-29,1,16768
3672,642,1125315,2013-11-11,2013-11-25,1,16034
3673,642,1125315,2015-11-15,2015-11-29,1,16768
3674,642,1713332,2017-09-05,2017-09-26,1,17435
3675,642,1759842,2017-09-05,2017-09-26,1,17435
3676,643,1318011,1993-09-29,1993-09-29,1,8672
3677,643,1388796,1993-09-29,1993-09-29,1,8672
3678,644,738818,2014-03-28,2014-04-04,1,16164
3679,644,974166,2002-09-25,2002-09-25,1,11955
3680,644,1115008,2015-12-22,2016-02-20,1,16851
3681,644,1119510,2014-03-28,2014-04-04,1,16164
3682,644,1125315,2014-03-28,2014-04-04,1,16164
3683,644,1518198,2017-08-15,2018-08-10,1,17753
3684,644,1521369,2008-08-02,2009-07-28,1,14453
3685,644,1521369,2013-08-27,2014-08-22,1,16304
3686,644,1549786,2017-08-15,2018-08-10,1,17753
3687,644,1589505,2014-08-22,2016-08-20,2,17033
3688,645,1115008,1961-11-19,1961-11-19,1,-2965
3689,645,1124957,1958-04-29,1990-03-25,1,7388
3690,645,1125315,1958-04-29,1990-03-25,2,7388
3691,645,1347450,1992-09-25,1992-09-25,1,8303
3692,646,1125315,2014-01-30,2014-02-13,1,16114
3693,646,1177480,2011-03-29,2011-04-26,1,15090
3694,646,1512674,2012-10-15,2013-10-10,1,15988
3695,646,1515774,2010-10-26,2011-10-21,1,15268
3696,646,1521369,2013-10-10,2014-10-05,1,16348
3697,646,1549786,2010-10-26,2011-10-21,1,15268
3698,646,1549786,2012-10-15,2013-10-10,1,15988
3699,646,1729720,2009-11-21,2009-11-29,1,14577
3700,646,19127890,2010-10-26,2011-10-21,1,15268
3701,646,19127890,2012-10-15,2013-10-10,1,15988
3702,647,1115008,1985-05-01,2011-01-24,1,14998
3703,647,1125315,2010-08-09,2010-08-23,1,14844
3704,647,1177480,2017-03-23,2017-04-22,1,17278
3705,647,1539403,2003-06-14,2018-06-10,16,17692
3706,648,1107830,2000-08-22,2000-08-22,1,11191
3707,648,1125315,2011-07-22,2011-07-29,1,15184
3708,648,1343916,2000-09-01,2000-09-01,1,11201
3709,649,1125315,2018-10-14,2018-10-28,1,17832
3710,649,1149196,2011-11-03,2011-11-03,1,15281
3711,649,1149380,2012-09-30,2012-09-30,1,15613
3712,649,1154343,2012-09-30,2012-09-30,1,15613
3713,649,1343916,2011-11-03,2011-11-03,1,15281
3714,649,1551099,2011-10-19,2011-10-19,1,15266
3715,650,755695,1968-02-12,1968-02-12,1,-689
3716,650,1125315,2015-04-29,2015-06-03,1,16589
3717,650,1550023,1990-01-29,1990-01-29,1,7333
3718,650,1557272,2008-12-29,2008-12-29,1,14242
3719,652,1557272,1996-12-29,1996-12-29,1,9859
3720,653,1125315,2009-10-15,2009-10-29,1,14546
3721,653,1125315,2011-07-07,2011-07-28,1,15183
3722,653,1778162,2009-10-15,2009-10-29,1,14546
3723,654,1125315,2018-10-29,2018-12-28,1,17893
3724,654,1539403,1996-08-27,2018-08-22,23,17765
3725,656,974166,1990-01-27,1990-01-27,1,7331
3726,656,1125315,2017-09-08,2017-09-22,1,17431
3727,656,1713332,2011-03-14,2011-04-04,1,15068
3728,656,1759842,2011-03-14,2011-04-04,1,15068
3729,657,974166,2013-11-27,2013-11-27,1,16036
3730,657,1125315,2012-05-27,2012-06-03,1,15494
3731,657,1512674,2009-08-05,2010-07-31,1,14821
3732,657,1519936,2013-11-20,2014-11-15,1,16389
3733,657,1521369,2014-11-15,2015-11-10,1,16749
3734,657,1521369,2016-11-04,2017-10-30,1,17469
3735,657,1549786,2009-08-05,2010-07-31,1,14821
3736,657,1713332,2017-12-30,2018-01-13,1,17544
3737,657,1759842,2017-12-30,2018-01-13,1,17544
3738,657,19127890,2009-08-05,2010-07-31,1,14821
3739,658,974166,1978-02-21,1978-02-21,1,2973
3740,658,1115008,2009-11-14,2009-12-05,1,14583
3741,658,1125315,2014-02-25,2014-03-11,1,16140
3742,658,1192710,1956-10-06,1956-10-06,1,-4835
3743,658,1539403,2000-02-15,2018-02-10,19,17572
3744,659,1115008,2010-07-31,2010-08-28,1,14849
3745,659,1713332,2017-03-07,2017-03-21,1,17246
3746,659,1759842,2017-03-07,2017-03-21,1,17246
3747,660,1125315,1999-06-07,1999-06-21,1,10763
3748,660,1125315,2000-01-22,2000-01-22,1,10978
3749,660,1174888,2000-01-22,2000-01-22,1,10978
3750,660,1177480,1993-03-21,1993-04-18,1,8508
3751,660,1322184,1998-05-02,2000-01-22,1,10978
3752,660,1332418,1996-04-27,1996-04-27,1,9613
3753,660,1361711,1987-04-18,2000-01-22,1,10978
3754,660,1539403,1993-04-24,1993-04-24,1,8514
3755,660,1545958,2000-01-22,2000-01-22,1,10978
3756,661,1115008,2018-07-23,2018-10-21,1,17825
3757,661,1125315,2015-05-28,2015-06-18,1,16604
3758,661,1125315,2016-07-12,2016-08-02,1,17015
3759,661,1177480,2011-03-13,2011-05-19,1,15113
3760,661,1521369,2017-09-17,2018-09-12,1,17786
3761,661,1713332,2009-05-28,2009-06-18,1,14413
3762,661,1713332,2016-11-02,2016-11-09,1,17114
3763,661,1759842,2009-05-28,2009-06-18,1,14413
3764,661,1759842,2016-11-02,2016-11-09,1,17114
3765,662,974166,1982-06-19,1982-06-19,1,4552
3766,662,1115008,2012-11-09,2012-12-07,1,15681
3767,663,1515774,2017-01-13,2018-01-08,1,17539
3768,663,1549786,2017-01-13,2018-01-08,1,17539
3769,663,19127890,2017-01-13,2018-01-08,1,17539
3770,664,1115008,1984-02-03,1984-02-03,1,5146
3771,664,1125315,1999-07-24,1999-08-07,1,10810
3772,664,1125315,2004-12-24,2005-01-07,1,12790
3773,664,1318011,2001-04-08,2001-04-08,1,11420
3774,664,1388796,2001-04-08,2001-04-08,1,11420
3775,664,1515774,1995-07-09,1996-07-03,1,9680
3776,664,1515774,1997-03-08,1998-03-03,1,10288
3777,664,1521369,1998-03-03,1999-02-26,1,10648
3778,664,1549786,1995-07-09,1996-07-03,1,9680
3779,664,1549786,1997-03-08,1999-02-26,2,10648
3780,664,1595799,1998-03-03,1999-02-26,1,10648
3781,664,19127890,1995-07-09,1996-07-03,1,9680
3782,664,19127890,1997-03-08,1998-03-03,1,10288
3783,665,1125315,2009-08-27,2009-09-10,1,14497
3784,665,1153428,2009-02-06,2009-02-06,1,14281
3785,665,1177480,2012-11-07,2012-11-21,1,15665
3786,665,1177480,2014-01-31,2014-04-01,1,16161
3787,665,1343916,2009-02-06,2009-02-06,1,14281
3788,665,1713332,2012-11-07,2012-11-21,1,15665
3789,666,1125315,2011-10-27,2011-11-17,1,15295
3790,666,1125315,2013-08-19,2013-08-26,1,15943
3791,666,1548195,2015-02-18,2016-02-13,1,16844
3792,666,19054876,2015-02-18,2016-02-13,1,16844
3793,666,19127890,2015-02-18,2016-02-13,1,16844
3794,667,1115008,2014-02-01,2014-02-22,1,16123
3795,667,1500211,2016-01-02,2016-12-27,1,17162
3796,667,1515774,2011-01-28,2012-01-23,1,15362
3797,667,1521369,2015-01-07,2016-01-02,1,16802
3798,667,1549786,2011-01-28,2012-01-23,1,15362
3799,667,1713332,2018-06-02,2018-06-16,1,17698
3800,667,1759842,2018-06-02,2018-06-16,1,17698
3801,667,19127890,2011-01-28,2012-01-23,1,15362
3802,668,1125315,2012-10-28,2012-12-02,1,15676
3803,668,1125315,2018-09-23,2018-10-14,1,17818
3804,668,1153428,2010-07-22,2010-07-22,1,14812
3805,668,1177480,2014-11-22,2014-12-13,1,16417
3806,668,1343916,2010-07-22,2010-07-22,1,14812
3807,668,1713332,2014-06-17,2014-07-08,1,16259
3808,668,1729720,2014-04-22,2014-04-29,1,16189
3809,668,1729720,2017-12-13,2017-12-23,1,17523
3810,668,1759842,2014-06-17,2014-07-08,1,16259
3811,669,738818,2016-07-22,2016-07-29,1,17011
3812,669,1119510,2016-07-22,2016-07-29,1,17011
3813,669,1125315,2016-07-22,2016-07-29,1,17011
3814,669,1125315,2017-05-08,2017-06-07,1,17324
3815,669,1521369,2013-03-08,2014-03-03,1,16132
3816,669,1713332,2017-07-14,2017-07-28,1,17375
3817,669,1759842,2017-07-14,2017-07-28,1,17375
3818,670,974166,1959-02-21,1959-02-21,1,-3967
3819,670,1115008,1982-07-03,1982-07-03,1,4566
3820,670,1125315,2013-07-30,2013-08-20,1,15937
3821,670,1322184,1999-01-23,1999-01-23,1,10614
3822,670,1332418,1999-01-23,1999-01-23,1,10614
3823,670,1361711,1999-01-23,1999-01-23,1,10614
3824,670,1539403,1999-01-23,1999-01-23,1,10614
3825,670,1557272,2013-12-14,2013-12-14,1,16053
3826,672,1125315,2013-02-15,2013-03-01,1,15765
3827,672,1153428,2011-05-09,2011-05-09,1,15103
3828,672,1343916,2011-05-09,2011-05-09,1,15103
3829,672,1729720,2017-03-11,2017-03-18,1,17243
3830,673,1115008,1995-03-18,2013-01-30,1,15735
3831,673,1125315,2011-11-30,2011-12-07,1,15315
3832,673,1125315,2015-01-20,2015-03-21,1,16515
3833,673,1713332,2009-05-15,2009-05-29,1,14393
3834,673,1759842,2009-05-15,2009-05-29,1,14393
3835,675,974166,2001-08-07,2001-08-07,1,11541
3836,675,1115008,2010-09-30,2010-12-29,1,14972
3837,675,1519936,2008-08-05,2009-07-31,1,14456
3838,675,1521369,2010-07-26,2011-07-21,1,15176
3839,675,1521369,2012-08-21,2015-08-06,3,16653
3840,676,974166,1999-10-01,1999-10-01,1,10865
3841,676,1115008,2017-06-14,2017-06-28,1,17345
3842,676,1500211,2016-07-07,2017-07-02,1,17349
3843,676,1518198,2018-06-27,2018-06-27,1,17709
3844,676,1521369,2017-07-02,2018-06-27,1,17709
3845,676,1549786,2018-06-27,2018-06-27,1,17709
3846,676,1589505,2014-07-14,2015-07-13,1,16629
3847,677,723013,1991-08-02,1991-08-02,1,7883
3848,677,1125315,1990-10-26,1990-11-09,1,7617
3849,677,1125315,1991-07-25,1991-08-08,1,7889
3850,677,1768849,1990-10-26,1990-11-09,1,7617
3851,678,1125315,2012-07-02,2012-08-06,1,15558
3852,678,1322184,1998-11-11,1998-11-11,1,10541
3853,678,1332418,1995-11-08,1995-11-08,1,9442
3854,678,1361711,1975-08-06,1975-08-06,1,2043
3855,678,1539403,1992-11-04,1992-11-04,1,8343
3856,680,1125315,2014-10-28,2014-12-02,1,16406
3857,681,1125315,2016-04-14,2016-04-28,1,16919
3858,681,1125315,2018-12-22,2018-12-29,1,17894
3859,681,1315942,2013-01-30,2013-01-30,1,15735
3860,681,1351541,2013-01-30,2013-01-30,1,15735
3861,681,1378382,2018-02-13,2018-02-13,1,17575
3862,681,1378382,2018-03-18,2018-04-16,2,17608
3863,681,1378382,2018-05-17,2018-06-15,2,17668
3864,681,1378382,2018-07-19,2018-07-19,1,17731
3865,681,1378382,2018-08-21,2018-11-17,4,17764
3866,681,1378382,2018-12-18,2018-12-18,1,17883
3867,681,1397599,2018-02-13,2018-02-13,1,17575
3868,681,1397599,2018-03-18,2018-04-16,2,17608
3869,681,1397599,2018-05-17,2018-06-15,2,17668
3870,681,1397599,2018-07-19,2018-07-19,1,17731
3871,681,1397599,2018-08-21,2018-11-17,4,17764
3872,681,1397599,2018-12-18,2018-12-18,1,17883
3873,682,1115008,2018-11-30,2018-12-30,1,17895
3874,682,1124957,2018-11-30,2019-01-03,1,17899
3875,682,1125315,2018-11-30,2019-01-03,1,17899
3876,682,1500211,2008-03-16,2009-03-11,1,14314
3877,682,1519936,2011-03-01,2012-02-24,1,15394
3878,682,1521369,2013-02-18,2014-02-13,1,16114
3879,682,1521369,2015-02-08,2017-01-28,2,17194
3880,682,1589505,2018-12-09,2018-12-09,1,17874
3881,684,974166,2009-09-11,2013-09-20,2,15968
3882,684,1503297,2013-09-20,2013-09-20,1,15968
3883,684,1539403,2016-09-23,2018-09-23,3,17797
3884,685,723013,2014-05-17,2014-09-20,1,16333
3885,685,740275,2014-03-22,2014-03-22,1,16151
3886,685,1125315,2017-12-20,2018-01-03,1,17534
3887,685,1713332,2017-12-20,2018-01-03,1,17534
3888,685,1729720,2016-01-01,2016-01-10,1,16810
3889,686,1125315,2016-06-25,2016-07-09,1,16991
3890,686,1125315,2018-11-12,2018-11-26,1,17861
3891,686,1713332,2016-06-25,2016-07-09,1,16991
3892,686,1729720,2016-07-29,2016-08-07,1,17020
3893,687,1125315,2013-03-26,2013-04-02,1,15797
3894,687,1729720,2013-12-05,2013-12-12,1,16051
3895,688,974166,1962-07-30,1962-07-30,1,-2712
3896,688,1322184,2005-11-14,2006-01-09,1,13157
3897,688,1322184,2006-11-20,2006-11-20,1,13472
3898,688,1332418,2005-11-14,2005-11-14,1,13101
3899,688,1361711,2005-11-14,2006-01-09,1,13157
3900,688,1361711,2006-11-20,2006-11-20,1,13472
3901,688,1539403,2005-11-14,2005-11-14,1,13101
3902,689,1115008,2017-03-15,2017-03-29,1,17254
3903,689,1125315,2009-03-08,2009-03-22,1,14325
3904,689,1125315,2011-04-16,2011-06-14,1,15139
3905,689,1174888,2011-04-16,2011-06-14,1,15139
3906,689,1177480,2011-04-09,2011-05-16,1,15110
3907,690,974166,2004-11-28,2004-11-28,1,12750
3908,690,1125315,2017-04-25,2017-05-02,1,17288
3909,691,1307863,2005-01-06,2005-01-06,1,12789
3910,691,1310149,2005-01-06,2005-01-06,1,12789
3911,691,1326303,2005-01-06,2005-01-06,1,12789
3912,692,1125315,2002-11-09,2002-11-30,1,12021
3913,692,1125315,2003-09-22,2003-09-29,1,12324
3914,692,1125315,2012-06-17,2012-06-17,1,15508
3915,692,1174888,2012-06-17,2012-06-17,1,15508
3916,692,1322184,2011-10-16,2012-06-17,1,15508
3917,692,1332418,2011-10-16,2011-10-16,1,15263
3918,692,1361711,2011-10-16,2012-06-17,1,15508
3919,692,1539403,2011-10-16,2011-10-16,1,15263
3920,692,1545958,2012-06-17,2012-06-17,1,15508
3921,693,738818,2015-08-11,2015-08-25,1,16672
3922,693,1119510,2015-08-11,2015-08-25,1,16672
3923,693,1125315,2015-08-11,2015-08-25,1,16672
3924,693,1713332,2017-01-22,2017-02-12,1,17209
3925,693,1759842,2017-01-22,2017-02-12,1,17209
3926,694,1125315,2015-02-14,2015-02-21,1,16487
3927,695,738818,2007-08-05,2007-08-19,1,13744
3928,695,738818,2008-12-18,2008-12-25,1,14238
3929,695,1115008,2005-06-28,2005-06-28,1,12962
3930,695,1119510,2007-08-05,2007-08-19,1,13744
3931,695,1119510,2008-12-18,2008-12-25,1,14238
3932,695,1125315,2007-08-05,2007-08-19,1,13744
3933,695,1125315,2008-12-18,2008-12-25,1,14238
3934,695,1125315,2010-05-21,2010-06-04,1,14764
3935,695,1350504,2010-10-10,2012-09-11,30,14892
3936,695,1397599,2010-10-10,2012-09-11,30,14892
3937,696,1318011,2016-08-19,2016-08-19,1,17032
3938,696,1388796,2016-08-19,2016-08-19,1,17032
3939,696,1539403,2001-09-17,2018-09-13,18,17787
3940,697,974166,2009-02-08,2009-02-08,1,14283
3941,697,1125315,2016-08-30,2016-09-20,1,17064
3942,697,1500211,2015-12-31,2016-12-25,1,17160
3943,697,1519936,2018-12-15,2018-12-15,1,17880
3944,697,1521369,2011-01-26,2012-01-21,1,15360
3945,697,1521369,2016-12-25,2017-12-20,1,17520
3946,697,1589505,2010-01-26,2011-01-26,1,15000
3947,697,1713332,2018-04-30,2018-05-21,1,17672
3948,697,1759842,2018-04-30,2018-05-21,1,17672
3949,698,1125315,2011-03-14,2011-03-21,1,15054
3950,699,723013,2017-04-14,2017-08-04,1,17382
3951,699,740275,2018-11-11,2018-11-11,1,17846
3952,699,1115008,2018-11-30,2018-12-21,1,17886
3953,699,1322184,2012-10-07,2012-10-07,1,15620
3954,699,1332418,2012-10-07,2012-10-07,1,15620
3955,699,1361711,2012-10-07,2012-10-07,1,15620
3956,699,1539403,2012-10-07,2012-10-07,1,15620
3957,700,1125315,1977-05-04,1977-05-11,1,2687
3958,700,1378382,1984-08-27,1984-08-27,1,5352
3959,700,1378382,1984-09-30,1984-10-29,2,5386
3960,700,1378382,1984-12-01,1984-12-01,1,5448
3961,700,1378382,1985-01-04,1985-02-01,2,5482
3962,700,1378382,1985-03-05,1985-03-05,1,5542
3963,700,1378382,1985-04-08,1985-05-06,2,5576
3964,700,1378382,1985-06-07,1985-06-07,1,5636
3965,700,1378382,1985-07-11,1985-07-11,1,5670
3966,700,1378382,1985-08-12,1985-08-12,1,5702
3967,700,1378382,1985-09-12,1985-09-12,1,5733
3968,700,1378382,1985-10-14,1985-10-14,1,5765
3969,700,1378382,1985-11-15,1985-11-15,1,5797
3970,700,1378382,1985-12-18,1985-12-18,1,5830
3971,700,1378382,1986-01-19,1986-02-18,2,5862
3972,700,1378382,1986-03-21,1986-03-21,1,5923
3973,700,1378382,1986-04-22,1986-05-22,2,5955
3974,700,1378382,1986-06-25,1986-08-24,3,6019
3975,700,1397599,1984-08-27,1984-08-27,1,5352
3976,700,1397599,1984-09-30,1984-10-29,2,5386
3977,700,1397599,1984-12-01,1984-12-01,1,5448
3978,700,1397599,1985-01-04,1985-02-01,2,5482
3979,700,1397599,1985-03-05,1985-03-05,1,5542
3980,700,1397599,1985-04-08,1985-05-06,2,5576
3981,700,1397599,1985-06-07,1985-06-07,1,5636
3982,700,1397599,1985-07-11,1985-07-11,1,5670
3983,700,1397599,1985-08-12,1985-08-12,1,5702
3984,700,1397599,1985-09-12,1985-09-12,1,5733
3985,700,1397599,1985-10-14,1985-10-14,1,5765
3986,700,1397599,1985-11-15,1985-11-15,1,5797
3987,700,1397599,1985-12-18,1985-12-18,1,5830
3988,700,1397599,1986-01-19,1986-02-18,2,5862
3989,700,1397599,1986-03-21,1986-03-21,1,5923
3990,700,1397599,1986-04-22,1986-05-22,2,5955
3991,700,1397599,1986-06-25,1986-08-24,3,6019
3992,701,1115008,2011-03-14,2011-04-04,1,15068
3993,701,1115008,2014-02-17,2014-05-18,1,16208
3994,701,1125315,2011-07-19,2011-07-26,1,15181
3995,701,1501700,2012-07-24,2012-07-24,1,15545
3996,701,1713332,2016-04-17,2016-05-01,1,16922
3997,701,1759842,2016-04-17,2016-05-01,1,16922
3998,702,914335,2011-06-13,2011-06-13,1,15138
3999,702,1107830,1995-02-17,1995-02-17,1,9178
4000,702,1125315,2012-09-03,2012-09-10,1,15593
4001,702,1309944,2011-06-13,2011-06-13,1,15138
4002,702,1343916,1995-02-17,1995-02-17,1,9178
4003,702,1343916,2011-06-13,2011-06-13,1,15138
4004,703,1125315,2016-02-21,2016-03-06,1,16866
4005,703,1177480,2011-07-20,2011-08-17,1,15203
4006,704,1115008,1998-09-27,1998-09-27,1,10496
4007,704,1125315,2004-03-06,2004-03-27,1,12504
4008,704,1125315,2008-03-19,2008-03-26,1,13964
4009,704,1125315,2013-08-02,2013-08-02,1,15919
4010,704,1174888,2013-08-02,2013-08-02,1,15919
4011,704,1177480,2012-09-11,2012-09-25,1,15608
4012,704,1322184,2013-04-26,2013-08-02,1,15919
4013,704,1332418,2013-04-26,2013-04-26,1,15821
4014,704,1361711,2013-04-26,2013-08-02,1,15919
4015,704,1539403,2013-04-26,2013-04-26,1,15821
4016,704,1545958,2013-08-02,2013-08-02,1,15919
4017,704,1713332,2009-04-14,2009-05-05,1,14369
4018,704,1759842,2009-04-14,2009-05-05,1,14369
4019,705,1125315,2009-02-27,2009-03-13,1,14316
4020,705,1500211,2006-12-18,2007-12-13,1,13860
4021,705,1500211,2018-05-28,2018-05-28,1,17679
4022,705,1521369,2014-01-30,2015-01-25,1,16460
4023,705,1521369,2016-01-20,2017-01-14,1,17180
4024,705,1548195,2017-01-14,2018-01-09,1,17540
4025,705,1549786,2015-01-25,2016-01-20,1,16820
4026,705,1589505,2015-01-25,2016-01-20,1,16820
4027,705,19054876,2017-01-14,2018-01-09,1,17540
4028,705,19127890,2017-01-14,2018-01-09,1,17540
4029,706,974166,1980-01-22,1980-01-22,1,3673
4030,706,1115008,2017-11-04,2017-11-04,1,17474
4031,706,1125315,2016-08-11,2016-08-25,1,17038
4032,706,1539403,2012-01-17,2018-01-15,7,17546
4033,707,974166,2008-11-23,2008-11-23,1,14206
4034,707,1308738,2012-09-24,2012-09-24,1,15607
4035,707,1500211,2017-07-20,2018-07-15,1,17727
4036,707,1515774,2008-09-05,2009-08-31,1,14487
4037,707,1521369,2010-08-26,2012-08-15,2,15567
4038,707,1521369,2013-08-10,2014-08-05,1,16287
4039,707,1549786,2008-09-05,2009-08-31,1,14487
4040,707,1713332,2013-09-20,2013-10-11,1,15989
4041,707,1759842,2013-09-20,2013-10-11,1,15989
4042,707,19127890,2008-09-05,2009-08-31,1,14487
4043,708,974166,1929-04-19,1929-04-19,1,-14867
4044,708,1177480,2006-01-31,2006-05-01,1,13269
4045,708,1307863,2013-05-17,2013-05-17,1,15842
4046,708,1310149,2013-05-17,2013-05-17,1,15842
4047,708,1322184,2013-10-11,2013-10-11,1,15989
4048,708,1326303,2013-05-17,2013-05-17,1,15842
4049,708,1347450,2013-10-11,2013-10-11,1,15989
4050,709,974166,1962-09-04,1962-09-04,1,-2676
4051,709,1125315,2009-12-14,2009-12-21,1,14599
4052,709,1557272,2004-09-07,2004-09-07,1,12668
4053,710,974166,1974-06-15,1974-06-15,1,1626
4054,710,1115008,2005-04-09,2005-04-09,1,12882
4055,710,1125315,2014-10-03,2014-10-24,1,16367
4056,710,1539403,1998-05-23,2018-05-18,21,17669
4057,711,974166,1997-05-17,1997-05-17,1,9998
4058,711,1177480,2013-06-13,2013-07-04,1,15890
4059,712,1149380,2002-06-30,2002-06-30,1,11868
4060,712,1153428,2001-04-02,2001-04-02,1,11414
4061,712,1154343,2002-06-30,2002-06-30,1,11868
4062,712,1177480,2014-09-04,2014-09-18,1,16331
4063,712,1343916,2001-04-02,2001-04-02,1,11414
4064,712,1515774,2008-12-11,2010-12-01,2,14944
4065,712,1521369,2015-11-08,2017-10-28,2,17467
4066,712,1549786,2008-12-11,2010-12-01,2,14944
4067,712,1589505,2012-11-20,2013-11-18,1,16027
4068,712,19127890,2008-12-11,2010-12-01,2,14944
4069,713,740275,2006-09-10,2006-09-10,1,13401
4070,713,1125315,2012-06-21,2012-07-05,1,15526
4071,713,1125315,2014-10-28,2014-11-11,1,16385
4072,713,1713332,2016-12-27,2017-01-10,1,17176
4073,713,1729720,2010-02-16,2010-03-01,1,14669
4074,713,1759842,2016-12-27,2017-01-10,1,17176
4075,714,974166,2012-06-04,2013-06-10,2,15866
4076,714,975125,2015-04-19,2015-04-19,1,16544
4077,714,1107830,2015-04-30,2015-04-30,1,16555
4078,714,1115008,2011-07-18,2011-10-16,1,15263
4079,714,1125315,2011-07-18,2011-10-06,1,15253
4080,714,1125315,2015-02-21,2015-03-07,1,16501
4081,714,1174888,2011-07-18,2011-10-06,1,15253
4082,714,1343916,2015-04-30,2015-04-30,1,16555
4083,714,1521369,2013-04-15,2017-03-25,4,17250
4084,715,738818,2011-03-22,2011-04-05,1,15069
4085,715,974166,1986-05-12,1986-05-12,1,5975
4086,715,1115008,1981-04-12,1981-04-12,1,4119
4087,715,1119510,2011-03-22,2011-04-05,1,15069
4088,715,1125315,2008-01-31,2008-02-14,1,13923
4089,715,1125315,2011-03-22,2011-04-05,1,15069
4090,715,1322184,2014-07-21,2014-07-21,1,16272
4091,715,1347450,2014-07-21,2014-07-21,1,16272
4092,715,1503297,1986-05-12,1986-05-12,1,5975
4093,715,1539403,2002-08-26,2013-08-23,12,15940
4094,715,1596977,1993-08-30,1993-08-30,1,8642
4095,715,46221581,1993-08-30,1993-08-30,1,8642
4096,716,974166,1982-01-02,1982-01-02,1,4384
4097,716,1115008,2010-07-14,2010-10-12,1,14894
4098,716,1125315,2011-12-24,2011-12-24,1,15332
4099,716,1174888,2011-12-24,2011-12-24,1,15332
4100,716,1177480,2002-10-30,2002-11-13,1,12004
4101,716,1322184,1998-01-24,2011-12-24,1,15332
4102,716,1332418,1995-01-21,1995-01-21,1,9151
4103,716,1361711,1992-01-18,2011-12-24,1,15332
4104,716,1539403,1992-01-18,1992-01-18,1,8052
4105,716,1545958,2011-12-24,2011-12-24,1,15332
4106,716,1713332,2002-10-30,2002-11-13,1,12004
4107,716,1729720,2002-09-01,2002-09-12,1,11942
4108,717,974166,2015-10-16,2015-10-16,1,16724
4109,717,1107830,1998-07-06,1998-07-06,1,10413
4110,717,1343916,1998-07-06,1998-07-06,1,10413
4111,717,1521369,2015-05-25,2016-05-19,1,16940
4112,717,1521369,2018-05-09,2018-05-09,1,17660
4113,717,1549786,2014-05-30,2015-05-25,1,16580
4114,717,1551099,2013-06-04,2013-06-04,1,15860
4115,717,1589505,2014-05-30,2015-05-25,1,16580
4116,718,1125315,2011-05-04,2011-05-11,1,15105
4117,718,1521369,2009-04-30,2011-04-20,2,15084
4118,718,1713332,2011-09-17,2011-10-01,1,15248
4119,718,1713332,2014-12-06,2014-12-27,1,16431
4120,718,1729720,2012-04-05,2012-04-18,1,15448
4121,718,1759842,2011-09-17,2011-10-01,1,15248
4122,718,1759842,2014-12-06,2014-12-27,1,16431
4123,719,1149380,2006-12-16,2006-12-16,1,13498
4124,719,1153428,2004-03-17,2004-03-17,1,12494
4125,719,1154343,2006-12-16,2006-12-16,1,13498
4126,719,1343916,2004-03-17,2004-03-17,1,12494
4127,719,1551099,2009-11-09,2009-11-09,1,14557
4128,720,738818,2012-03-11,2012-03-18,1,15417
4129,720,974166,2008-01-11,2008-01-11,1,13889
4130,720,1115008,2015-11-09,2016-02-07,1,16838
4131,720,1119510,2012-03-11,2012-03-18,1,15417
4132,720,1125315,2009-03-04,2009-03-18,1,14321
4133,720,1125315,2012-03-11,2012-03-18,1,15417
4134,720,1125315,2012-10-20,2012-11-24,1,15668
4135,721,738818,2009-01-13,2009-01-20,1,14264
4136,721,1119510,2009-01-13,2009-01-20,1,14264
4137,721,1125315,2009-01-13,2009-01-20,1,14264
4138,721,1125315,2011-07-01,2011-07-22,1,15177
4139,721,1125315,2015-05-02,2015-05-30,1,16585
4140,721,1125315,2016-02-15,2016-02-22,1,16853
4141,721,1125315,2018-05-14,2018-05-28,1,17679
4142,721,1177480,2011-02-20,2011-03-06,1,15039
4143,721,1713332,2011-02-20,2011-03-06,1,15039
4144,722,914335,1970-11-09,1970-11-09,1,312
4145,722,974166,1929-11-25,1929-11-25,1,-14647
4146,722,1115008,1963-10-04,1963-10-18,1,-2267
4147,722,1115008,1964-10-17,1964-10-31,1,-1888
4148,722,1125315,1966-12-04,1966-12-25,1,-1103
4149,722,1125315,1970-11-04,1970-11-04,1,307
4150,722,1167322,1963-10-04,1963-10-18,1,-2267
4151,722,1167322,1964-10-17,1964-10-31,1,-1888
4152,722,1309944,1970-11-09,1970-11-09,1,312
4153,722,1310149,1964-07-06,1964-07-06,1,-2005
4154,722,1326303,1964-07-06,1964-07-06,1,-2005
4155,722,1343916,1970-11-09,1970-11-09,1,312
4156,722,1361711,1957-04-15,1957-04-15,1,-4644
4157,722,1550023,1956-01-23,1956-01-23,1,-5092
4158,724,1125315,2017-10-03,2017-10-17,1,17456
4159,724,1177480,2018-11-09,2018-11-23,1,17858
4160,724,1713332,2017-10-03,2017-10-17,1,17456
4161,724,1713332,2018-11-09,2018-11-23,1,17858
4162,725,1125315,2012-03-22,2012-04-19,1,15449
4163,725,1177480,2016-03-29,2016-04-12,1,16903
4164,725,1729720,2009-06-09,2009-06-17,1,14412
4165,726,974166,2017-01-06,2017-01-06,1,17172
4166,726,1125315,2009-06-09,2009-06-16,1,14411
4167,726,1512674,2013-01-28,2014-01-23,1,16093
4168,726,1521369,2015-02-27,2016-02-22,1,16853
4169,726,1549786,2013-01-28,2014-01-23,1,16093
4170,726,1713332,2012-12-15,2012-12-29,1,15703
4171,726,1713332,2018-05-31,2018-06-07,1,17689
4172,726,1759842,2012-12-15,2012-12-29,1,15703
4173,726,1759842,2018-05-31,2018-06-07,1,17689
4174,726,19127890,2013-01-28,2014-01-23,1,16093
4175,727,974166,2006-07-21,2006-07-21,1,13350
4176,727,1503297,2006-07-21,2006-07-21,1,13350
4177,727,1519936,2008-08-21,2009-08-16,1,14472
4178,727,1521369,2009-08-16,2009-10-16,1,14533
4179,727,1521369,2016-05-13,2017-05-08,1,17294
4180,727,1550023,2015-09-25,2015-09-25,1,16703
4181,727,1596977,2013-11-22,2015-09-25,1,16703
4182,727,40170911,2006-07-21,2009-07-24,1,14449
4183,727,46221581,2013-11-22,2015-09-25,1,16703
4184,728,1115008,2014-12-31,2015-02-04,1,16470
4185,728,1125315,2009-06-25,2009-07-09,1,14434
4186,728,1153428,1997-02-21,1997-02-21,1,9913
4187,728,1177480,2017-12-20,2018-01-19,1,17550
4188,728,1343916,1997-02-24,1997-02-24,1,9916
4189,728,1729720,2018-04-28,2018-05-06,1,17657
4190,729,1125315,2013-12-17,2013-12-31,1,16070
4191,729,1557272,2018-12-04,2018-12-04,1,17869
4192,730,738818,1968-11-29,1968-12-13,1,-384
4193,730,1119510,1968-11-29,1968-12-13,1,-384
4194,730,1125315,1968-11-29,1968-12-13,1,-384
4195,730,1125315,1972-04-02,1972-04-16,1,836
4196,730,1137529,1953-10-17,1953-10-17,1,-5920
4197,730,1149380,1953-10-17,1953-10-17,1,-5920
4198,730,1361711,1977-11-12,1977-11-12,1,2872
4199,730,1539403,1971-10-30,1978-10-28,8,3222
4200,730,1713332,1977-03-29,1977-04-12,1,2658
4201,730,1738521,1972-04-02,1972-04-16,1,836
4202,730,1759842,1977-03-29,1977-04-12,1,2658
4203,731,1125315,2011-12-23,2011-12-30,1,15338
4204,731,1125315,2015-10-02,2015-10-16,1,16724
4205,731,1125315,2016-10-24,2016-11-07,1,17112
4206,731,1713332,2015-10-02,2015-10-16,1,16724
4207,732,723013,1969-01-08,1969-05-07,1,-239
4208,732,723013,1970-01-14,1970-01-14,1,13
4209,732,1125315,2015-08-24,2015-08-31,1,16678
4210,732,1125315,2017-09-04,2017-09-18,1,17427
4211,733,1125315,2009-08-12,2009-09-02,1,14489
4212,733,1125315,2017-02-17,2017-02-24,1,17221
4213,733,1129625,1977-01-06,1977-01-06,1,2562
4214,734,1177480,2015-03-31,2015-06-29,1,16615
4215,734,1729720,2016-02-19,2016-03-01,1,16861
4216,735,974166,2012-11-28,2013-12-04,2,16043
4217,735,1500211,2009-09-26,2010-09-21,1,14873
4218,735,1515774,2012-09-10,2013-09-05,1,15953
4219,735,1521369,2013-09-05,2014-08-31,1,16313
4220,735,1521369,2018-09-19,2018-09-19,1,17793
4221,735,1549786,2010-09-21,2011-09-16,1,15233
4222,735,1549786,2012-09-10,2013-09-05,1,15953
4223,735,1589505,2010-09-21,2011-09-16,1,15233
4224,735,19127890,2010-09-21,2011-09-16,1,15233
4225,735,19127890,2012-09-10,2013-09-05,1,15953
4226,736,974166,1979-11-20,1979-11-20,1,3610
4227,736,1102527,1992-01-03,1992-02-12,1,8077
4228,736,1125315,1992-01-03,1992-03-03,1,8097
4229,736,1378382,1990-12-31,1990-12-31,1,7669
4230,736,1378382,1991-02-02,1991-02-02,1,7702
4231,736,1378382,1991-03-07,1991-03-07,1,7735
4232,736,1378382,1991-04-10,1991-05-10,2,7769
4233,736,1378382,1991-06-11,1991-06-11,1,7831
4234,736,1378382,1991-07-15,1991-07-15,1,7865
4235,736,1378382,1991-08-18,1991-08-18,1,7899
4236,736,1378382,1991-09-19,1991-09-19,1,7931
4237,736,1378382,1991-10-21,1991-10-21,1,7963
4238,736,1378382,1991-11-22,1991-11-22,1,7995
4239,736,1378382,1991-12-26,1991-12-26,1,8029
4240,736,1378382,1992-01-27,1992-01-27,1,8061
4241,736,1378382,1992-03-01,1992-03-01,1,8095
4242,736,1378382,1992-04-04,1992-04-04,1,8129
4243,736,1378382,1992-05-05,1992-06-03,2,8160
4244,736,1378382,1992-07-05,1992-08-03,2,8221
4245,736,1378382,1992-09-06,1992-09-06,1,8284
4246,736,1378382,1992-10-10,1992-10-10,1,8318
4247,736,1378382,1992-11-10,1992-11-10,1,8349
4248,736,1378382,1992-12-14,1992-12-14,1,8383
4249,736,1378382,1993-01-16,1993-02-14,2,8416
4250,736,1378382,1993-03-18,1993-06-14,4,8477
4251,736,1378382,1993-07-17,1993-09-13,3,8598
4252,736,1378382,1993-10-16,1993-11-14,2,8689
4253,736,1378382,1993-12-15,1994-05-08,6,8749
4254,736,1378382,1994-06-11,1994-07-11,2,8927
4255,736,1378382,1994-08-14,1994-08-14,1,8991
4256,736,1378382,1994-09-17,1994-11-14,3,9025
4257,736,1378382,1994-12-16,1994-12-16,1,9115
4258,736,1397599,1990-12-31,1990-12-31,1,7669
4259,736,1397599,1991-02-02,1991-02-02,1,7702
4260,736,1397599,1991-03-07,1991-03-07,1,7735
4261,736,1397599,1991-04-10,1991-05-10,2,7769
4262,736,1397599,1991-06-11,1991-06-11,1,7831
4263,736,1397599,1991-07-15,1991-07-15,1,7865
4264,736,1397599,1991-08-18,1991-08-18,1,7899
4265,736,1397599,1991-09-19,1991-09-19,1,7931
4266,736,1397599,1991-10-21,1991-10-21,1,7963
4267,736,1397599,1991-11-22,1991-11-22,1,7995
4268,736,1397599,1991-12-26,1991-12-26,1,8029
4269,736,1397599,1992-01-27,1992-01-27,1,8061
4270,736,1397599,1992-03-01,1992-03-01,1,8095
4271,736,1397599,1992-04-04,1992-04-04,1,8129
4272,736,1397599,1992-05-05,1992-06-03,2,8160
4273,736,1397599,1992-07-05,1992-08-03,2,8221
4274,736,1397599,1992-09-06,1992-09-06,1,8284
4275,736,1397599,1992-10-10,1992-10-10,1,8318
4276,736,1397599,1992-11-10,1992-11-10,1,8349
4277,736,1397599,1992-12-14,1992-12-14,1,8383
4278,736,1397599,1993-01-16,1993-02-14,2,8416
4279,736,1397599,1993-03-18,1993-06-14,4,8477
4280,736,1397599,1993-07-17,1993-09-13,3,8598
4281,736,1397599,1993-10-16,1993-11-14,2,8689
4282,736,1397599,1993-12-15,1994-05-08,6,8749
4283,736,1397599,1994-06-11,1994-07-11,2,8927
4284,736,1397599,1994-08-14,1994-08-14,1,8991
4285,736,1397599,1994-09-17,1994-11-14,3,9025
4286,736,1397599,1994-12-16,1994-12-16,1,9115
4287,736,1503297,1982-11-23,1982-11-23,1,4709
4288,736,1596977,1994-10-18,1994-10-18,1,9056
4289,736,46221581,1994-10-18,1994-10-18,1,9056
4290,737,1125315,2017-07-02,2017-08-31,1,17409
4291,737,1500211,2012-02-02,2013-01-27,1,15732
4292,737,1521369,2018-11-18,2018-11-18,1,17853
4293,737,1713332,2011-06-25,2011-07-02,1,15157
4294,737,1759842,2011-06-25,2011-07-02,1,15157
4295,738,974166,1981-05-30,1981-05-30,1,4167
4296,738,1125315,2015-11-28,2015-12-05,1,16774
4297,738,1308738,1984-03-25,1984-03-25,1,5197
4298,738,1539403,2007-08-18,2018-08-15,12,17758
4299,738,1713332,2014-03-07,2014-03-21,1,16150
4300,738,1759842,2014-03-07,2014-03-21,1,16150
4301,739,974166,2000-08-30,2000-08-30,1,11199
4302,739,1177480,2009-01-09,2009-02-06,1,14281
4303,740,715997,1999-04-16,1999-04-16,1,10697
4304,740,715997,2000-04-10,2000-04-10,1,11057
4305,740,974166,1945-08-10,1945-08-10,1,-8910
4306,740,1307863,2004-05-14,2004-05-14,1,12552
4307,740,1310149,2004-05-14,2004-05-14,1,12552
4308,740,1322184,2006-11-10,2006-11-10,1,13462
4309,740,1326303,2004-05-14,2004-05-14,1,12552
4310,740,1347450,2006-11-10,2006-11-10,1,13462
4311,741,738818,1987-07-18,1987-08-01,1,6421
4312,741,1119510,1987-07-18,1987-08-01,1,6421
4313,741,1125315,1985-03-25,1985-04-15,1,5583
4314,741,1125315,1987-07-18,1987-08-01,1,6421
4315,741,1125315,1989-11-16,1989-11-16,1,7259
4316,741,1174888,1989-11-16,1989-11-16,1,7259
4317,741,1361711,1988-08-04,1989-11-16,1,7259
4318,741,1539403,1973-06-14,1989-06-10,17,7100
4319,742,1107830,2014-08-23,2014-08-23,1,16305
4320,742,1149380,2016-02-20,2016-02-20,1,16851
4321,742,1154343,2016-02-20,2016-02-20,1,16851
4322,742,1177480,2015-06-08,2015-06-22,1,16608
4323,742,1343916,2014-08-23,2014-08-23,1,16305
4324,742,1713332,2015-06-08,2015-06-22,1,16608
4325,743,1125315,2016-12-07,2016-12-28,1,17163
4326,743,1177480,2011-05-08,2011-06-07,1,15132
4327,744,1125315,2012-06-02,2012-06-16,1,15507
4328,744,1713332,2012-06-02,2012-06-16,1,15507
4329,744,1729720,2009-08-18,2009-08-26,1,14482
4330,744,1729720,2012-03-16,2012-03-23,1,15422
4331,745,1519936,2009-03-21,2010-03-16,1,14684
4332,745,1519936,2012-07-26,2013-07-21,1,15907
4333,745,1521369,2007-04-01,2008-03-26,1,13964
4334,745,1521369,2010-03-16,2011-03-11,1,15044
4335,745,1521369,2014-07-20,2015-07-15,1,16631
4336,745,1521369,2016-07-09,2018-06-29,3,17711
4337,745,1713332,2009-12-03,2009-12-24,1,14602
4338,745,1759842,2009-12-03,2009-12-24,1,14602
4339,746,974166,1970-12-20,1970-12-20,1,353
4340,746,1125315,2013-01-10,2013-01-17,1,15722
4341,746,1729720,2017-03-11,2017-03-19,1,17244
4342,747,1713332,2012-02-11,2012-02-18,1,15388
4343,747,1759842,2012-02-11,2012-02-18,1,15388
4344,748,1557272,2013-03-22,2013-03-22,1,15786
4345,748,1729720,2009-08-23,2009-09-01,1,14488
4346,749,738818,2011-05-28,2011-06-04,1,15129
4347,749,1119510,2011-05-28,2011-06-04,1,15129
4348,749,1125315,2011-05-28,2011-06-04,1,15129
4349,749,1125315,2016-08-16,2016-08-30,1,17043
4350,749,1512674,2014-04-25,2015-04-20,1,16545
4351,749,1518198,2009-05-17,2010-05-12,1,14741
4352,749,1518198,2018-02-21,2018-02-21,1,17583
4353,749,1521369,2017-02-26,2018-02-21,1,17583
4354,749,1549786,2009-05-17,2010-05-12,1,14741
4355,749,1549786,2012-05-05,2013-04-30,1,15825
4356,749,1549786,2014-04-25,2016-04-14,2,16905
4357,749,1549786,2018-02-21,2018-02-21,1,17583
4358,749,1589505,2010-05-12,2011-05-11,1,15105
4359,749,1589505,2012-05-05,2013-04-30,1,15825
4360,749,1589505,2015-04-20,2016-04-14,1,16905
4361,749,1729720,2010-05-07,2010-05-20,1,14749
4362,749,19127890,2012-05-05,2013-04-30,1,15825
4363,749,19127890,2014-04-25,2015-04-20,1,16545
4364,750,738818,2012-04-15,2012-04-29,1,15459
4365,750,974166,1975-04-07,1975-04-07,1,1922
4366,750,1119510,2012-04-15,2012-04-29,1,15459
4367,750,1125315,2012-04-15,2012-04-29,1,15459
4368,751,1125315,2011-09-08,2011-09-22,1,15239
4369,751,1125315,2011-12-21,2012-01-04,1,15343
4370,751,1713332,2011-09-08,2011-09-22,1,15239
4371,751,1713332,2011-12-21,2012-01-04,1,15343
4372,751,1729720,2011-08-12,2011-08-24,1,15210
4373,753,1153428,2004-06-15,2004-06-15,1,12584
4374,753,1177480,2011-06-01,2011-06-15,1,15140
4375,753,1343916,2004-06-15,2004-06-15,1,12584
4376,753,1548195,2017-04-10,2018-04-05,1,17626
4377,753,1713332,2009-09-18,2009-10-09,1,14526
4378,753,1713332,2017-10-05,2017-10-12,1,17451
4379,753,1759842,2009-09-18,2009-10-09,1,14526
4380,753,1759842,2017-10-05,2017-10-12,1,17451
4381,753,19054876,2017-04-10,2018-04-05,1,17626
4382,753,19127890,2017-04-10,2018-04-05,1,17626
4383,754,1115008,1989-03-02,1989-03-02,1,7000
4384,754,1124957,1991-01-31,1991-02-14,1,7714
4385,754,1124957,1991-04-15,1991-04-22,1,7781
4386,754,1124957,1991-07-21,1991-07-28,1,7878
4387,754,1124957,1992-02-23,1992-04-12,1,8137
4388,754,1124957,1992-09-23,1992-11-04,1,8343
4389,754,1125315,1990-04-07,1990-04-14,1,7408
4390,754,1125315,1990-06-13,1990-10-12,2,7559
4391,754,1125315,1990-12-11,1991-02-14,2,7684
4392,754,1125315,1991-03-21,1991-04-11,1,7770
4393,754,1125315,1992-02-23,1992-04-12,1,8137
4394,754,1125315,1992-08-10,1992-08-24,1,8271
4395,754,1174888,1990-04-07,1990-04-14,1,7408
4396,754,1174888,1990-06-13,1990-10-12,2,7559
4397,754,1174888,1990-12-11,1991-01-01,1,7670
4398,754,1174888,1992-08-10,1992-08-24,1,8271
4399,754,1713332,1988-09-09,1988-09-23,1,6840
4400,754,1759842,1988-09-09,1988-09-23,1,6840
4401,755,738818,1991-02-10,1991-02-24,1,7724
4402,755,974166,1941-04-11,1941-04-11,1,-10492
4403,755,1102527,1954-07-13,1990-02-18,1,7353
4404,755,1119510,1991-02-10,1991-02-24,1,7724
4405,755,1124957,1990-04-19,1990-05-17,1,7441
4406,755,1124957,1990-08-15,1990-09-05,1,7552
4407,755,1124957,1990-11-04,1991-02-12,2,7682
4408,755,1124957,1991-06-08,1991-06-22,1,7842
4409,755,1124957,1991-11-10,1991-12-01,1,8004
4410,755,1124957,1992-05-06,1992-08-05,1,8252
4411,755,1124957,1992-10-04,1992-10-25,1,8333
4412,755,1124957,1993-05-30,1993-06-13,1,8564
4413,755,1124957,1993-08-12,1993-08-19,1,8631
4414,755,1124957,1994-10-28,1994-12-02,1,9101
4415,755,1124957,1995-05-20,1995-06-03,1,9284
4416,755,1124957,1995-09-22,1995-11-03,1,9437
4417,755,1124957,1996-05-20,1996-06-24,1,9671
4418,755,1125315,1990-01-03,1990-01-24,1,7328
4419,755,1125315,1990-04-19,1990-05-17,1,7441
4420,755,1125315,1990-08-15,1990-09-05,1,7552
4421,755,1125315,1991-01-15,1991-04-18,3,7759
4422,755,1125315,1991-06-08,1991-06-22,1,7842
4423,755,1125315,1991-08-21,1991-09-11,1,7923
4424,755,1125315,1991-11-10,1991-12-01,1,8004
4425,755,1125315,1992-01-30,1992-02-06,1,8071
4426,755,1125315,1992-05-06,1992-08-05,1,8252
4427,755,1125315,1993-02-22,1993-03-01,1,8460
4428,755,1125315,1993-05-30,1993-06-13,1,8564
4429,755,1125315,1993-12-17,1994-02-04,1,8800
4430,755,1125315,1994-04-05,1994-05-10,1,8895
4431,755,1125315,1994-07-09,1994-07-30,1,8976
4432,755,1125315,1995-03-02,1995-06-03,2,9254
4433,755,1125315,1995-09-22,1995-11-03,1,9437
4434,755,1125315,1996-02-01,1996-03-21,1,9576
4435,755,1125315,1996-08-23,1996-08-23,1,9731
4436,755,1174888,1991-03-14,1991-04-18,1,7777
4437,755,1174888,1991-08-21,1991-09-11,1,7923
4438,755,1174888,1992-01-30,1992-02-06,1,8071
4439,755,1174888,1993-02-22,1993-03-01,1,8460
4440,755,1174888,1993-12-17,1994-02-04,1,8800
4441,755,1174888,1994-04-05,1994-05-10,1,8895
4442,755,1174888,1994-07-09,1994-07-30,1,8976
4443,755,1174888,1995-03-02,1995-04-20,1,9240
4444,755,1174888,1996-02-01,1996-03-21,1,9576
4445,755,1174888,1996-08-23,1996-08-23,1,9731
4446,755,1332418,1994-03-11,1994-03-11,1,8835
4447,755,1347450,1996-11-08,1996-11-08,1,9808
4448,755,1361711,1982-01-15,1982-01-15,1,4397
4449,755,1539403,1991-02-22,1991-02-22,1,7722
4450,756,974166,2004-07-05,2004-07-05,1,12604
4451,757,1125315,2011-05-06,2011-05-27,1,15121
4452,757,1149380,1964-08-22,1964-08-22,1,-1958
4453,757,1154343,1964-08-22,1964-08-22,1,-1958
4454,757,1192710,1966-09-05,1966-09-05,1,-1214
4455,757,1539403,2004-12-30,2018-12-27,15,17892
4456,758,974166,1991-05-30,1991-05-30,1,7819
4457,758,1125315,2010-12-11,2010-12-25,1,14968
4458,758,1177480,2016-05-27,2016-06-17,1,16969
4459,759,1125315,2010-01-28,2010-02-11,1,14651
4460,759,1307863,2016-12-17,2016-12-17,1,17152
4461,759,1310149,2016-12-17,2016-12-17,1,17152
4462,759,1326303,2016-12-17,2016-12-17,1,17152
4463,760,1115008,2013-01-12,2013-01-26,1,15731
4464,760,1518198,2014-04-04,2015-03-30,1,16524
4465,760,1521369,2015-03-30,2016-03-24,1,16884
4466,760,1521369,2017-03-24,2018-03-19,1,17609
4467,760,1549786,2008-06-29,2009-06-24,1,14419
4468,760,1549786,2014-04-04,2015-03-30,1,16524
4469,760,1589505,2008-06-29,2009-06-24,1,14419
4470,760,1589505,2011-04-05,2012-04-06,1,15436
4471,760,1589505,2013-04-01,2013-11-26,1,16035
4472,760,1589505,2016-03-24,2017-03-24,1,17249
4473,761,739138,1971-12-07,1971-12-07,1,705
4474,761,974166,1964-01-29,1964-01-29,1,-2164
4475,761,1115008,2013-06-19,2013-08-18,1,15935
4476,761,1322184,2018-07-04,2018-07-04,1,17716
4477,761,1347450,2018-07-04,2018-07-04,1,17716
4478,761,1539403,2006-12-13,2018-12-10,13,17875
4479,762,1125315,2017-10-05,2017-10-19,1,17458
4480,762,1713332,2015-05-23,2015-06-06,1,16592
4481,762,1729720,2018-10-31,2018-11-11,1,17846
4482,762,1759842,2015-05-23,2015-06-06,1,16592
4483,764,974166,1937-11-25,1937-11-25,1,-11725
4484,764,1125315,2011-08-07,2011-08-21,1,15207
4485,764,1125315,2015-12-20,2016-02-13,1,16844
4486,764,1125315,2016-08-10,2016-08-17,1,17030
4487,764,1174888,2015-12-20,2016-02-13,1,16844
4488,764,1177480,2015-12-20,2016-03-19,1,16879
4489,764,1307863,2017-08-24,2017-08-24,1,17402
4490,764,1310149,2017-08-24,2017-08-24,1,17402
4491,764,1326303,2017-08-24,2017-08-24,1,17402
4492,764,1539403,1968-10-17,2018-10-05,51,17809
4493,764,1557272,1999-03-18,1999-03-18,1,10668
4494,764,1713332,2011-03-21,2011-04-11,1,15075
4495,764,1713332,2011-08-18,2011-08-25,1,15211
4496,764,1759842,2011-03-21,2011-04-11,1,15075
4497,764,1759842,2011-08-18,2011-08-25,1,15211
4498,765,1125315,2013-01-17,2013-01-24,1,15729
4499,765,1500211,2008-05-02,2009-04-27,1,14361
4500,765,1521369,2010-05-19,2011-05-14,1,15108
4501,765,1549786,2015-02-10,2016-02-05,1,16836
4502,765,1589505,2015-02-10,2016-02-05,1,16836
4503,765,1589505,2017-01-30,2018-02-03,1,17565
4504,765,19127890,2015-02-10,2016-02-05,1,16836
4505,766,1713332,2016-03-17,2016-03-31,1,16891
4506,766,1759842,2016-03-17,2016-03-31,1,16891
4507,767,1107830,2015-05-09,2015-05-09,1,16564
4508,767,1125315,2014-07-28,2014-08-11,1,16293
4509,767,1125315,2015-07-25,2015-08-08,1,16655
4510,767,1125315,2018-10-05,2018-11-04,1,17839
4511,767,1177480,2014-12-07,2014-12-21,1,16425
4512,767,1177480,2015-03-08,2015-03-22,1,16516
4513,767,1177480,2017-08-25,2017-09-08,1,17417
4514,767,1177480,2018-06-02,2018-06-16,1,17698
4515,767,1343916,2015-05-09,2015-05-09,1,16564
4516,767,1551099,2015-04-25,2015-04-25,1,16550
4517,767,1713332,2014-07-28,2014-08-11,1,16293
4518,767,1713332,2014-12-07,2014-12-21,1,16425
4519,767,1713332,2015-03-08,2015-03-22,1,16516
4520,767,1713332,2018-06-02,2018-06-16,1,17698
4521,767,1778162,2017-08-25,2017-09-08,1,17417
4522,768,1125315,2016-02-18,2016-03-03,1,16863
4523,768,1125315,2017-10-12,2017-10-19,1,17458
4524,768,1177480,2018-01-20,2018-02-03,1,17565
4525,768,1713332,2018-01-20,2018-02-03,1,17565
4526,768,1778162,2016-02-18,2016-03-03,1,16863
4527,769,738818,2011-06-10,2011-06-24,1,15149
4528,769,920293,2012-10-27,2012-11-03,1,15647
4529,769,933724,2012-10-27,2012-11-03,1,15647
4530,769,1119510,2011-06-10,2011-06-24,1,15149
4531,769,1125315,2011-06-10,2011-06-24,1,15149
4532,769,1500211,2017-12-09,2018-12-04,2,17869
4533,769,1515774,2009-01-15,2010-01-10,1,14619
4534,769,1519936,2014-12-25,2015-12-20,1,16789
4535,769,1549786,2009-01-15,2011-01-05,2,14979
4536,769,1589505,2010-01-10,2011-01-05,1,14979
4537,769,1589505,2011-12-31,2013-01-04,1,15709
4538,769,1713332,2017-12-30,2018-01-06,1,17537
4539,769,1759842,2017-12-30,2018-01-06,1,17537
4540,769,19127890,2009-01-15,2010-01-10,1,14619
4541,770,1125315,2014-07-13,2014-07-27,1,16278
4542,770,1149380,1948-07-14,1948-07-14,1,-7841
4543,770,1154343,1948-07-14,1948-07-14,1,-7841
4544,770,1307863,1996-08-03,1996-08-03,1,9711
4545,770,1310149,1996-08-03,1996-08-03,1,9711
4546,770,1318011,1995-10-01,1995-10-01,1,9404
4547,770,1326303,1996-08-03,1996-08-03,1,9711
4548,770,1388796,1995-10-01,1995-10-01,1,9404
4549,773,914335,2006-11-24,2006-11-24,1,13476
4550,773,914335,2013-01-11,2013-01-11,1,15716
4551,773,974166,1932-04-29,1932-04-29,1,-13761
4552,773,1309944,2006-11-24,2006-11-24,1,13476
4553,773,1309944,2013-01-11,2013-01-11,1,15716
4554,773,1322184,1998-11-20,2014-10-03,1,16346
4555,773,1322184,2015-04-03,2015-10-23,1,16731
4556,773,1332418,1994-10-28,1994-10-28,1,9066
4557,773,1343916,2006-11-24,2006-11-24,1,13476
4558,773,1343916,2013-01-11,2013-01-11,1,15716
4559,773,1347450,2014-10-03,2014-10-03,1,16346
4560,773,1347450,2015-10-23,2015-10-23,1,16731
4561,773,1361711,1993-10-22,1993-10-22,1,8695
4562,773,1539403,1993-10-22,1993-10-22,1,8695
4563,774,701322,2016-03-14,2016-03-14,1,16874
4564,774,715997,2016-03-14,2016-03-14,1,16874
4565,774,738818,2014-12-22,2015-01-05,1,16440
4566,774,757627,2015-03-20,2015-03-20,1,16514
4567,774,974166,1961-10-20,1961-10-20,1,-2995
4568,774,1115008,1976-08-08,1976-08-08,1,2411
4569,774,1119510,2014-12-22,2015-01-05,1,16440
4570,774,1125315,2014-12-22,2015-01-05,1,16440
4571,775,1125315,2012-11-27,2012-12-04,1,15678
4572,776,1177480,2014-10-02,2014-10-16,1,16359
4573,776,1713332,2014-10-02,2014-10-16,1,16359
4574,777,1125315,2015-12-22,2016-01-05,1,16805
4575,777,1125315,2018-06-02,2018-06-09,1,17691
4576,777,1500211,2008-11-15,2009-11-10,1,14558
4577,777,1500211,2013-10-20,2014-10-15,1,16358
4578,777,1515774,2016-10-04,2017-09-29,1,17438
4579,777,1521369,2017-09-29,2018-09-24,1,17798
4580,777,1548195,2015-10-10,2016-10-04,1,17078
4581,777,1549786,2009-11-10,2010-11-05,1,14918
4582,777,1549786,2011-10-31,2012-10-25,1,15638
4583,777,1549786,2014-10-15,2015-10-10,1,16718
4584,777,1549786,2016-10-04,2017-09-29,1,17438
4585,777,1589505,2009-11-10,2010-11-05,1,14918
4586,777,1589505,2011-10-31,2012-10-25,1,15638
4587,777,1589505,2014-10-15,2015-10-10,1,16718
4588,777,1778162,2015-12-22,2016-01-05,1,16805
4589,777,19054876,2015-10-10,2016-10-04,1,17078
4590,777,19127890,2011-10-31,2012-10-25,1,15638
4591,777,19127890,2015-10-10,2017-09-29,2,17438
4592,778,718583,1952-07-02,1952-07-02,1,-6392
4593,778,974166,1937-06-16,1937-06-16,1,-11887
4594,778,1102527,2013-08-25,2013-09-20,1,15968
4595,778,1125315,2013-08-25,2013-09-24,1,15972
4596,778,1315942,1978-06-07,1978-06-07,1,3079
4597,778,1322184,2013-11-12,2013-11-12,1,16021
4598,778,1322184,2016-09-28,2016-09-28,1,17072
4599,778,1347450,2013-11-12,2013-11-12,1,16021
4600,778,1347450,2016-09-28,2016-09-28,1,17072
4601,778,1351541,1978-06-07,1978-06-07,1,3079
4602,778,1539403,1997-04-01,2018-03-28,22,17618
4603,779,1125315,2010-10-06,2010-10-20,1,14902
4604,779,1125315,2017-12-08,2017-12-22,1,17522
4605,779,1177480,2011-03-01,2011-03-22,1,15055
4606,779,1519936,2012-01-17,2013-01-11,1,15716
4607,779,1519936,2015-01-01,2015-12-27,1,16796
4608,779,1521369,2006-01-14,2007-01-09,1,13522
4609,779,1521369,2010-01-27,2011-01-22,1,14996
4610,779,1521369,2014-01-06,2015-01-01,1,16436
4611,779,1521369,2015-12-27,2017-12-16,2,17516
4612,779,1521369,2018-12-19,2018-12-19,1,17884
4613,779,1589505,2017-12-16,2018-12-19,1,17884
4614,779,1778162,2010-10-06,2010-10-20,1,14902
4615,780,1177480,2019-01-03,2019-01-03,1,17899
4616,780,1322184,1997-05-26,1997-05-26,1,10007
4617,780,1332418,1994-05-23,1994-05-23,1,8908
4618,780,1361711,1991-05-13,1991-05-13,1,7802
4619,780,1521369,2010-09-08,2011-09-03,1,15220
4620,780,1539403,1991-05-13,1991-05-13,1,7802
4621,780,1713332,2011-01-31,2011-02-07,1,15012
4622,780,1759842,2011-01-31,2011-02-07,1,15012
4623,781,974166,1991-12-19,1991-12-19,1,8022
4624,782,974166,2006-08-27,2006-08-27,1,13387
4625,782,1124957,2009-03-20,2009-06-03,1,14398
4626,782,1125315,2009-03-13,2009-06-03,2,14398
4627,782,1177480,2015-02-17,2015-03-24,1,16518
4628,782,1519936,2013-12-31,2014-12-26,1,16430
4629,782,1521369,2008-01-25,2010-01-14,2,14623
4630,782,1521369,2012-01-11,2013-01-05,1,15710
4631,782,1521369,2016-01-17,2018-01-06,2,17537
4632,782,1589505,2011-01-09,2012-01-11,1,15350
4633,784,1153428,2007-07-06,2007-07-06,1,13700
4634,784,1343916,2007-07-06,2007-07-06,1,13700
4635,785,1102527,2010-05-09,2010-06-09,1,14769
4636,785,1125315,2010-05-02,2010-07-08,1,14798
4637,785,1713332,2017-01-13,2017-01-20,1,17186
4638,785,1759842,2017-01-13,2017-01-20,1,17186
4639,787,1125315,2015-01-24,2015-02-07,1,16473
4640,787,1539403,2014-06-23,2018-06-22,5,17704
4641,787,1713332,2011-05-12,2011-06-02,1,15127
4642,787,1713332,2016-11-25,2016-12-16,1,17151
4643,787,1759842,2011-05-12,2011-06-02,1,15127
4644,787,1759842,2016-11-25,2016-12-16,1,17151
4645,788,757627,2011-07-27,2011-07-27,1,15182
4646,788,974166,1980-12-17,1980-12-17,1,4003
4647,788,1115008,2004-06-27,2004-06-27,1,12596
4648,788,1124957,2015-01-22,2015-05-14,1,16569
4649,788,1125315,2016-06-13,2016-08-18,1,17031
4650,788,1174888,2016-06-13,2016-08-18,1,17031
4651,788,1177480,2016-06-13,2016-07-13,1,16995
4652,788,1503297,1983-12-21,1983-12-21,1,5102
4653,788,1596977,1991-10-23,1991-10-23,1,7965
4654,788,46221581,1991-10-23,1991-10-23,1,7965
4655,789,974166,2016-09-14,2016-09-14,1,17058
4656,789,1512674,2013-07-13,2014-07-08,1,16259
4657,789,1521369,2018-06-17,2018-06-17,1,17699
4658,789,1548195,2012-07-18,2013-07-13,1,15899
4659,789,1549786,2013-07-13,2014-07-08,1,16259
4660,789,1713332,2011-07-22,2011-08-12,1,15198
4661,789,1759842,2011-07-22,2011-08-12,1,15198
4662,789,19054876,2012-07-18,2013-07-13,1,15899
4663,789,19127890,2012-07-18,2014-07-08,2,16259
4664,790,1125315,2009-12-18,2010-01-01,1,14610
4665,790,1125315,2015-08-18,2015-09-15,1,16693
4666,790,1177480,2009-08-19,2009-10-18,1,14535
4667,790,1549786,2018-10-11,2018-10-11,1,17815
4668,790,1589505,2018-10-11,2018-10-11,1,17815
4669,791,1519936,2011-08-24,2012-08-18,1,15570
4670,791,1519936,2016-08-06,2017-08-01,1,17379
4671,791,1521369,2008-09-08,2009-09-03,1,14490
4672,791,1521369,2010-08-29,2011-08-24,1,15210
4673,791,1549786,2011-08-24,2012-08-18,1,15570
4674,791,1589505,2012-08-18,2013-08-22,1,15939
4675,792,1125315,1995-11-08,1995-11-15,1,9449
4676,792,1713332,1990-11-08,1990-11-15,1,7623
4677,792,1759842,1990-11-08,1990-11-15,1,7623
4678,793,1125315,2017-02-26,2017-03-12,1,17237
4679,794,1125315,2009-10-20,2009-11-03,1,14551
4680,794,1177480,2015-11-10,2015-12-01,1,16770
4681,794,1308738,1996-05-29,1996-05-29,1,9645
4682,794,1713332,2009-07-22,2009-08-05,1,14461
4683,794,1759842,2009-07-22,2009-08-05,1,14461
4684,795,974166,1995-11-19,1995-11-19,1,9453
4685,795,1129625,1977-11-15,1977-11-15,1,2875
4686,795,1149380,2002-03-07,2002-03-07,1,11753
4687,795,1154343,2002-03-07,2002-03-07,1,11753
4688,796,1115008,2014-03-05,2014-03-26,1,16155
4689,797,974166,1980-04-20,1980-04-20,1,3762
4690,797,1125315,2017-03-13,2017-03-13,1,17238
4691,797,1125315,2018-12-05,2018-12-19,1,17884
4692,797,1174888,2017-03-13,2017-03-13,1,17238
4693,797,1177480,2014-10-10,2014-10-31,1,16374
4694,797,1322184,1999-05-17,2017-03-27,2,17238
4695,797,1332418,1996-05-13,1996-05-13,1,9629
4696,797,1361711,1987-05-04,2017-03-27,2,17238
4697,797,1521369,2009-10-08,2009-10-26,1,14543
4698,797,1521369,2010-10-03,2011-09-28,1,15245
4699,797,1539403,1993-05-10,1993-05-10,1,8530
4700,797,1545958,2017-03-13,2017-03-13,1,17238
4701,797,1713332,2010-09-23,2010-09-30,1,14882
4702,797,1713332,2014-05-19,2014-06-09,1,16230
4703,797,1759842,2010-09-23,2010-09-30,1,14882
4704,797,1759842,2014-05-19,2014-06-09,1,16230
4705,798,1149196,2008-11-17,2008-11-17,1,14200
4706,798,1343916,2008-11-17,2008-11-17,1,14200
4707,799,1512674,2010-03-04,2011-02-27,1,15032
4708,799,1512674,2017-08-19,2018-08-14,1,17757
4709,799,1515774,2009-03-09,2010-03-04,1,14672
4710,799,1549786,2005-03-30,2006-03-25,1,13232
4711,799,1549786,2009-03-09,2011-02-27,2,15032
4712,799,1549786,2017-08-19,2018-08-14,2,17757
4713,799,1589505,2005-03-30,2006-03-25,1,13232
4714,799,1589505,2018-08-14,2018-08-14,1,17757
4715,799,1713332,2013-04-30,2013-05-21,1,15846
4716,799,1759842,2013-04-30,2013-05-21,1,15846
4717,799,19127890,2009-03-09,2011-02-27,2,15032
4718,799,19127890,2017-08-19,2018-08-14,1,17757
4719,800,974166,1962-12-28,1962-12-28,1,-2561
4720,800,1125315,2010-03-21,2010-03-28,1,14696
4721,800,1322184,2018-11-30,2018-11-30,1,17865
4722,800,1347450,2018-11-30,2018-11-30,1,17865
4723,800,1729720,2010-08-19,2010-08-28,1,14849
4724,801,1115008,2017-03-28,2017-04-11,1,17267
4725,801,1521369,2014-11-20,2015-11-15,1,16754
4726,801,1521369,2018-10-31,2018-10-31,1,17835
4727,802,974166,2003-06-16,2003-06-16,1,12219
4728,802,1125315,2010-06-14,2010-06-21,1,14781
4729,803,701322,2011-01-30,2011-01-30,1,15004
4730,803,757627,2010-04-05,2010-04-05,1,14704
4731,803,1125315,2011-12-04,2011-12-18,1,15326
4732,803,1125315,2017-01-21,2017-02-04,1,17201
4733,803,1192710,1963-04-19,1963-04-19,1,-2449
4734,803,1539403,2005-05-09,2017-05-06,13,17292
4735,804,974166,1997-11-02,1997-11-02,1,10167
4736,804,1500211,2012-09-23,2014-09-13,2,16326
4737,804,1519936,2008-08-12,2009-08-07,1,14463
4738,804,1521369,2015-09-08,2016-09-02,1,17046
4739,804,1713332,2012-08-19,2012-08-26,1,15578
4740,804,1759842,2012-08-19,2012-08-26,1,15578
4741,805,1512674,2008-06-24,2009-06-19,1,14414
4742,805,1512674,2018-07-06,2018-07-06,1,17718
4743,805,1521369,2013-03-29,2014-03-24,1,16153
4744,805,1549786,2008-06-24,2009-06-19,1,14414
4745,805,1549786,2014-03-24,2015-03-19,1,16513
4746,805,1549786,2018-07-06,2018-07-06,1,17718
4747,805,1589505,2014-03-24,2015-03-19,1,16513
4748,805,19127890,2008-06-24,2009-06-19,1,14414
4749,805,19127890,2018-07-06,2018-07-06,1,17718
4750,806,738818,2011-04-30,2011-05-07,1,15101
4751,806,1119510,2011-04-30,2011-05-07,1,15101
4752,806,1125315,2011-04-30,2011-05-07,1,15101
4753,806,1125315,2017-05-20,2017-06-03,1,17320
4754,806,1500211,2011-05-20,2012-05-14,1,15474
4755,806,1515774,2008-03-29,2009-03-24,1,14327
4756,806,1521369,2015-09-21,2016-09-15,1,17059
4757,806,1549786,2008-03-29,2009-03-24,1,14327
4758,806,19127890,2008-03-29,2009-03-24,1,14327
4759,809,738818,2017-10-01,2017-10-15,1,17454
4760,809,1115008,2011-11-19,2017-07-20,1,17367
4761,809,1119510,2017-10-01,2017-10-15,1,17454
4762,809,1125315,2017-05-25,2017-06-01,1,17318
4763,809,1125315,2017-10-01,2017-10-15,1,17454
4764,809,1137529,1994-08-26,1994-08-26,1,9003
4765,809,1149380,1994-08-26,1994-08-26,1,9003
4766,810,920293,2015-08-18,2015-09-01,2,16679
4767,810,920293,2015-11-17,2015-11-24,1,16763
4768,810,933724,2015-08-18,2015-09-01,1,16679
4769,810,933724,2015-11-17,2015-11-24,1,16763
4770,810,1515774,2009-05-10,2010-05-05,1,14734
4771,810,1518198,2013-04-25,2014-04-20,1,16180
4772,810,1519936,2014-04-20,2015-04-15,1,16540
4773,810,1519936,2016-04-09,2017-04-04,1,17260
4774,810,1521369,2012-04-30,2013-04-25,1,15820
4775,810,1521369,2017-04-04,2018-03-30,1,17620
4776,810,1549786,2009-05-10,2010-05-05,1,14734
4777,810,1549786,2011-05-06,2012-04-30,1,15460
4778,810,1549786,2013-04-25,2016-04-09,3,16900
4779,810,1589505,2011-05-06,2012-04-30,1,15460
4780,810,1589505,2015-04-15,2016-04-09,1,16900
4781,810,19127890,2009-05-10,2010-05-05,1,14734
4782,811,1115008,2018-03-14,2018-03-28,1,17618
4783,811,1125315,2011-07-08,2011-07-22,1,15177
4784,811,1713332,2013-05-16,2013-05-30,1,15855
4785,811,1729720,2009-08-02,2009-08-14,1,14470
4786,811,1759842,2013-05-16,2013-05-30,1,15855
4787,812,1729720,2010-03-18,2010-03-26,1,14694
4788,813,1115008,2018-04-12,2018-06-11,1,17693
4789,814,974166,1979-03-29,1979-03-29,1,3374
4790,814,1125315,2018-01-10,2018-01-21,1,17552
4791,814,1174888,2018-01-10,2018-01-21,1,17552
4792,814,1177480,2018-01-10,2018-02-09,1,17571
4793,816,1125315,2014-11-08,2014-11-22,1,16396
4794,816,1125315,2018-03-22,2018-04-26,1,17647
4795,816,1149196,2011-07-12,2011-07-12,1,15167
4796,816,1343916,2011-07-12,2011-07-12,1,15167
4797,816,1713332,2014-11-08,2014-11-22,1,16396
4798,816,1713332,2015-08-03,2015-08-24,1,16671
4799,816,1759842,2015-08-03,2015-08-24,1,16671
4800,817,1107830,2005-05-03,2005-05-03,1,12906
4801,817,1125315,2015-01-30,2015-02-06,1,16472
4802,817,1343916,2005-05-03,2005-05-03,1,12906
4803,817,1713332,2010-08-28,2010-09-18,1,14870
4804,817,1729720,2018-05-25,2018-06-06,1,17688
4805,817,1759842,2010-08-28,2010-09-18,1,14870
4806,818,1125315,2018-01-16,2018-02-15,1,17577
4807,819,1115008,2011-08-18,2011-09-08,1,15225
4808,819,1124957,2009-06-19,2009-07-17,1,14442
4809,819,1124957,2009-09-15,2010-01-07,2,14586
4810,819,1125315,2008-11-13,2009-02-19,1,14294
4811,819,1125315,2009-12-31,2010-02-27,2,14637
4812,819,1125315,2016-06-23,2016-07-07,1,16989
4813,819,1125315,2017-07-08,2017-08-12,1,17390
4814,819,1174888,2008-11-13,2009-02-19,1,14294
4815,819,1174888,2010-02-06,2010-02-27,1,14667
4816,820,1149380,1982-05-24,1982-05-24,1,4526
4817,820,1154343,1982-05-24,1982-05-24,1,4526
4818,820,1192710,1980-06-07,1980-06-07,1,3810
4819,821,1125315,2014-12-24,2014-12-31,1,16435
4820,823,1115008,2016-12-09,2016-12-23,1,17158
4821,823,1125315,2011-07-20,2011-10-15,2,15262
4822,823,1174888,2011-07-20,2011-10-15,1,15262
4823,823,1318011,2000-02-14,2000-02-14,1,11001
4824,823,1388796,2000-02-14,2000-02-14,1,11001
4825,823,1778162,2016-12-09,2016-12-23,1,17158
4826,824,974166,1984-04-22,1984-04-22,1,5225
4827,824,1729720,2012-08-12,2012-08-20,1,15572
4828,825,974166,2008-08-23,2008-08-23,1,14114
4829,826,914335,1959-06-15,1959-06-15,1,-3853
4830,826,974166,1950-10-02,1950-10-02,1,-7031
4831,826,1125315,1957-10-06,1957-11-10,1,-4435
4832,826,1343916,1959-06-15,1959-06-15,1,-3853
4833,826,1361711,1950-10-02,1950-10-02,1,-7031
4834,826,1503297,1950-10-02,1950-10-02,1,-7031
4835,826,1596977,1954-02-08,1954-02-08,1,-5806
4836,826,46221581,1954-02-08,1954-02-08,1,-5806
4837,827,1125315,2014-03-17,2014-03-24,1,16153
4838,827,1521369,2011-11-13,2013-11-02,2,16011
4839,827,1729720,2017-10-05,2017-10-18,1,17457
4840,828,974166,1967-11-21,1967-11-21,1,-772
4841,828,975125,1972-04-24,1972-04-24,1,844
4842,828,1729720,2016-01-01,2016-01-09,1,16809
4843,829,974166,1981-04-04,1981-04-04,1,4111
4844,829,1125315,2016-06-30,2016-07-14,1,16996
4845,829,1192710,1965-03-01,1965-03-01,1,-1767
4846,830,1307863,2016-12-13,2016-12-13,1,17148
4847,830,1310149,2016-12-13,2016-12-13,1,17148
4848,830,1326303,2016-12-13,2016-12-13,1,17148
4849,830,1539403,2012-01-17,2018-01-15,7,17546
4850,831,974166,1964-04-18,1964-04-18,1,-2084
4851,831,1124957,2017-10-27,2017-11-17,1,17487
4852,831,1125315,2017-10-27,2017-11-17,1,17487
4853,831,1177480,2014-09-06,2014-11-05,1,16379
4854,831,1177480,2017-10-20,2017-12-26,1,17526
4855,831,1539403,2004-08-21,2018-08-18,15,17761
4856,831,1729720,2018-10-23,2018-11-02,1,17837
4857,833,1125315,2015-09-10,2015-10-01,1,16709
4858,833,1729720,2012-07-14,2012-07-26,1,15547
4859,834,1729720,2016-03-04,2016-03-16,1,16876
4860,835,1713332,2009-10-07,2009-10-28,1,14545
4861,835,1759842,2009-10-07,2009-10-28,1,14545
4862,836,1125315,2016-04-27,2016-05-11,1,16932
4863,836,1125315,2017-04-17,2017-04-24,1,17280
4864,836,1125315,2017-07-28,2017-08-11,1,17389
4865,836,1177480,2016-04-19,2016-05-10,1,16931
4866,836,1539403,2007-05-31,2018-05-28,12,17679
4867,837,1177480,2014-02-27,2014-03-13,1,16142
4868,837,1713332,2014-02-27,2014-03-13,1,16142
4869,838,1125315,2016-04-11,2016-05-09,1,16930
4870,838,1177480,2014-09-19,2014-10-03,1,16346
4871,838,1177480,2016-07-18,2016-08-01,1,17014
4872,838,1713332,2014-09-19,2014-10-03,1,16346
4873,838,1713332,2016-07-18,2016-08-01,1,17014
4874,839,974166,1997-08-05,1997-08-05,1,10078
4875,839,1115008,2012-05-24,2012-05-24,1,15484
4876,839,1125315,2010-02-11,2010-04-06,1,14705
4877,839,1174888,2010-02-11,2010-04-06,1,14705
4878,839,1177480,2010-02-11,2010-03-13,1,14681
4879,839,1519936,2009-06-26,2010-06-21,1,14781
4880,839,1521369,2017-07-10,2018-07-05,1,17717
4881,839,1713332,2010-09-06,2010-09-27,1,14879
4882,839,1729720,2013-11-24,2013-12-04,1,16043
4883,839,1759842,2010-09-06,2010-09-27,1,14879
4884,840,974166,1979-09-27,1979-09-27,1,3556
4885,840,1318011,2016-12-30,2016-12-30,1,17165
4886,840,1388796,2016-12-30,2016-12-30,1,17165
4887,841,1115008,1961-08-04,1961-08-04,1,-3072
4888,841,1125315,1980-06-10,1980-09-08,1,3903
4889,841,1307863,1981-02-09,1981-02-09,1,4057
4890,841,1310149,1974-04-15,1974-04-15,1,1565
4891,841,1318011,1986-04-03,1986-04-03,1,5936
4892,841,1326303,1974-04-15,1974-04-15,1,1565
4893,841,1347450,1987-05-11,1987-05-11,1,6339
4894,841,1388796,1986-04-03,1986-04-03,1,5936
4895,841,1503297,1957-01-28,1957-01-28,1,-4721
4896,841,1596977,1957-12-16,1957-12-16,1,-4399
4897,841,46221581,1957-12-16,1957-12-16,1,-4399
4898,842,1125315,2018-02-10,2018-02-24,1,17586
4899,843,974166,1934-10-05,1934-10-05,1,-12872
4900,843,1125315,2012-08-12,2012-08-26,1,15578
4901,843,1125315,2017-06-01,2017-07-06,1,17353
4902,843,1307863,2002-09-20,2002-09-20,1,11950
4903,843,1310149,2002-09-20,2002-09-20,1,11950
4904,843,1326303,2002-09-20,2002-09-20,1,11950
4905,844,974166,1984-12-25,1984-12-25,1,5472
4906,844,1125315,2012-04-01,2012-04-22,1,15452
4907,844,1125315,2013-03-03,2013-03-10,1,15774
4908,844,1125315,2014-09-06,2014-09-13,1,16326
4909,844,1378382,2018-10-23,2018-10-23,1,17827
4910,844,1378382,2018-11-23,2018-11-23,1,17858
4911,844,1378382,2018-12-25,2018-12-25,1,17890
4912,844,1397599,2018-10-23,2018-10-23,1,17827
4913,844,1397599,2018-11-23,2018-11-23,1,17858
4914,844,1397599,2018-12-25,2018-12-25,1,17890
4915,846,1125315,2013-07-22,2013-07-29,1,15915
4916,846,1539403,1994-01-14,2018-01-08,25,17539
4917,846,1713332,2014-08-27,2014-09-17,1,16330
4918,846,1759842,2014-08-27,2014-09-17,1,16330
4919,848,974166,1952-05-12,1952-05-12,1,-6443
4920,848,1125315,1945-07-06,1945-07-20,1,-8931
4921,848,1125315,1948-04-06,1948-04-20,1,-7926
4922,848,1125315,1972-03-26,1972-04-02,1,822
4923,848,1125315,1991-09-05,1991-09-19,1,7931
4924,848,1125315,1994-01-08,1994-01-15,1,8780
4925,848,1125315,2018-12-21,2018-12-21,1,17886
4926,848,1322184,2017-07-31,2017-07-31,1,17378
4927,848,1347450,2017-07-31,2017-07-31,1,17378
4928,848,1557272,2014-12-08,2014-12-08,1,16412
4929,848,1713332,2012-02-04,2012-02-18,1,15388
4930,848,1713332,2012-11-22,2012-11-29,1,15673
4931,848,1759842,2012-02-04,2012-02-18,1,15388
4932,848,1759842,2012-11-22,2012-11-29,1,15673
4933,849,1102527,2013-11-18,2014-02-05,1,16106
4934,849,1115008,2009-01-15,2009-02-12,1,14287
4935,849,1115008,2013-11-18,2013-12-02,1,16041
4936,849,1503297,1980-07-22,1980-07-22,1,3855
4937,849,1713332,2013-11-18,2013-12-02,1,16041
4938,849,40170911,1996-10-01,1998-10-06,1,10505
4939,849,40170911,2000-10-10,2000-10-10,1,11240
4940,849,43526465,2012-04-03,2013-04-09,1,15804
4941,850,1115008,2013-08-14,2013-08-28,1,15945
4942,850,1729720,2014-11-07,2014-11-14,1,16388
4943,851,1107830,2001-05-27,2001-05-27,1,11469
4944,851,1124957,2015-06-24,2015-07-08,1,16624
4945,851,1124957,2016-01-23,2016-03-05,1,16865
4946,851,1124957,2017-03-10,2017-03-17,1,17242
4947,851,1125315,2014-07-19,2014-08-09,1,16291
4948,851,1125315,2014-10-08,2014-12-26,2,16400
4949,851,1125315,2015-08-07,2015-10-25,2,16703
4950,851,1125315,2016-01-23,2016-03-05,1,16865
4951,851,1125315,2016-05-04,2016-05-11,1,16932
4952,851,1125315,2016-08-09,2016-09-20,1,17064
4953,851,1125315,2016-12-19,2017-01-09,1,17175
4954,851,1125315,2017-05-16,2017-06-27,1,17344
4955,851,1125315,2017-08-26,2017-09-23,1,17432
4956,851,1149380,2004-06-21,2004-06-21,1,12590
4957,851,1154343,2004-06-21,2004-06-21,1,12590
4958,851,1174888,2014-07-19,2014-08-09,1,16291
4959,851,1174888,2014-10-08,2014-12-26,2,16400
4960,851,1174888,2015-08-07,2015-10-25,2,16703
4961,851,1174888,2016-05-04,2016-05-11,1,16932
4962,851,1174888,2016-08-09,2016-09-20,1,17064
4963,851,1174888,2016-12-19,2017-01-09,1,17175
4964,851,1174888,2017-05-16,2017-06-27,1,17344
4965,851,1174888,2017-08-26,2017-09-23,1,17432
4966,851,1343916,2001-05-27,2001-05-27,1,11469
4967,851,1713332,2010-06-17,2010-07-08,1,14798
4968,851,1713332,2017-07-06,2017-07-20,1,17367
4969,851,1729720,2011-07-19,2011-07-28,1,15183
4970,851,1729720,2011-09-27,2011-10-07,1,15254
4971,851,1759842,2010-06-17,2010-07-08,1,14798
4972,851,1759842,2017-07-06,2017-07-20,1,17367
4973,852,974166,2002-04-08,2002-04-08,1,11785
4974,852,1518198,2014-09-29,2015-09-24,1,16702
4975,852,1519936,2009-08-16,2010-08-11,1,14832
4976,852,1521369,2015-09-24,2016-09-18,1,17062
4977,852,1549786,2014-09-29,2015-09-24,1,16702
4978,852,1589505,2018-09-24,2018-09-24,1,17798
4979,853,1125315,2013-01-29,2013-02-12,1,15748
4980,853,1125315,2013-07-08,2013-07-22,1,15908
4981,853,1177480,2010-09-11,2010-09-25,1,14877
4982,853,1177480,2014-06-14,2014-06-28,1,16249
4983,853,1177480,2015-05-23,2015-06-06,1,16592
4984,853,1713332,2013-07-08,2013-07-22,1,15908
4985,853,1713332,2014-06-14,2014-06-28,1,16249
4986,853,1778162,2010-09-11,2010-09-25,1,14877
4987,853,1778162,2015-05-23,2015-06-06,1,16592
4988,854,738818,2012-10-23,2012-11-06,1,15650
4989,854,1102527,2011-05-22,2011-06-30,1,15155
4990,854,1115008,2010-06-12,2010-06-12,1,14772
4991,854,1119510,2012-10-23,2012-11-06,1,15650
4992,854,1125315,2012-10-23,2012-11-06,1,15650
4993,855,740275,1961-07-11,1961-07-11,1,-3096
4994,855,974166,1979-09-04,1979-09-04,1,3533
4995,855,1115008,2003-08-30,2003-10-06,1,12331
4996,855,1115008,2010-06-29,2010-06-29,1,14789
4997,855,1125315,2016-04-14,2016-04-28,1,16919
4998,855,1137529,1986-09-16,1986-09-16,1,6102
4999,855,1149380,1986-09-16,1986-09-16,1,6102
5000,855,1177480,2012-05-21,2012-06-04,1,15495
5001,855,1539403,2015-08-04,2016-08-03,2,17016
5002,856,1125315,2012-09-25,2012-10-09,1,15622
5003,856,1503297,1993-10-16,1993-10-16,1,8689
5004,856,1539403,1998-06-27,2018-06-22,21,17704
5005,856,1596977,2000-06-17,2000-06-17,1,11125
5006,856,1713332,2012-02-17,2012-03-09,1,15408
5007,856,1759842,2012-02-17,2012-03-09,1,15408
5008,856,46221581,2000-06-17,2000-06-17,1,11125
5009,857,738818,2015-07-16,2015-07-30,1,16646
5010,857,1119510,2015-07-16,2015-07-30,1,16646
5011,857,1125315,2010-12-07,2010-12-21,1,14964
5012,857,1125315,2015-07-16,2015-07-30,1,16646
5013,858,974166,2005-02-11,2005-02-11,1,12825
5014,858,1500211,2018-10-08,2018-10-08,1,17812
5015,858,1521369,2008-12-10,2009-12-05,1,14583
5016,858,1521369,2010-11-30,2011-11-25,1,15303
5017,858,1589505,2017-10-06,2018-10-08,1,17812
5018,859,974166,1994-03-13,1994-03-13,1,8837
5019,859,1125315,2016-02-11,2016-02-18,1,16849
5020,859,1125315,2016-06-18,2016-07-02,1,16984
5021,859,1307863,2018-02-25,2018-02-25,1,17587
5022,859,1310149,2018-02-25,2018-02-25,1,17587
5023,859,1326303,2018-02-25,2018-02-25,1,17587
5024,859,1500211,2010-05-05,2011-04-30,1,15094
5025,859,1519936,2008-05-15,2009-05-10,1,14374
5026,859,1521369,2015-04-22,2018-04-06,3,17627
5027,859,1589505,2013-04-19,2015-04-22,2,16547
5028,860,974166,2017-03-02,2018-03-08,2,17598
5029,860,1125315,2009-01-05,2009-01-19,1,14263
5030,860,1500211,2013-10-20,2014-10-15,1,16358
5031,860,1589505,2014-10-15,2015-10-18,1,16726
5032,861,1125315,2011-10-19,2011-10-26,1,15273
5033,862,1125315,2016-07-01,2016-07-15,1,16997
5034,862,1125315,2018-01-20,2018-02-19,1,17581
5035,863,1125315,2011-07-17,2011-07-31,1,15186
5036,863,1125315,2017-03-25,2017-04-08,1,17264
5037,864,738818,2009-04-04,2009-04-18,1,14352
5038,864,1119510,2009-04-04,2009-04-18,1,14352
5039,864,1125315,2009-04-04,2009-04-18,1,14352
5040,864,1125315,2010-03-20,2010-04-03,1,14702
5041,864,1125315,2015-03-19,2015-04-02,1,16527
5042,864,1153428,2008-06-18,2008-06-18,1,14048
5043,864,1343916,2008-06-26,2008-06-26,1,14056
5044,864,1713332,2010-03-20,2010-04-03,1,14702
5045,865,1177480,2015-03-06,2015-03-20,1,16514
5046,865,1713332,2011-11-23,2011-12-14,1,15322
5047,865,1729720,2016-04-18,2016-04-26,1,16917
5048,865,1759842,2011-11-23,2011-12-14,1,15322
5049,866,974166,1975-02-02,1975-02-02,1,1858
5050,866,1557272,2017-02-05,2017-02-05,1,17202
5051,867,974166,1970-08-08,1970-08-08,1,219
5052,867,1129625,1953-09-29,1953-09-29,1,-5938
5053,867,1318011,2017-02-21,2017-02-21,1,17218
5054,867,1322184,1998-10-03,1998-10-03,1,10502
5055,867,1332418,1994-09-24,1994-09-24,1,9032
5056,867,1361711,1976-08-14,1976-08-14,1,2417
5057,867,1388796,2017-02-21,2017-02-21,1,17218
5058,867,1539403,1991-02-16,1991-02-16,1,7716
5059,867,1713332,2013-08-10,2013-08-17,1,15934
5060,867,1759842,2013-08-10,2013-08-17,1,15934
5061,868,974166,1981-02-23,1981-02-23,1,4071
5062,869,974166,2016-06-30,2017-07-06,2,17353
5063,869,1125315,2009-06-29,2009-07-06,1,14431
5064,869,1153428,1998-12-21,1998-12-21,1,10581
5065,869,1343916,1998-12-21,1998-12-21,1,10581
5066,869,1500211,2016-03-15,2017-03-10,1,17235
5067,869,1515774,2015-03-21,2016-03-15,1,16875
5068,869,1549786,2012-04-05,2013-03-31,1,15795
5069,869,1549786,2015-03-21,2016-03-15,1,16875
5070,869,1589505,2012-04-05,2013-03-31,1,15795
5071,869,1713332,2009-12-05,2009-12-19,1,14597
5072,869,1759842,2009-12-05,2009-12-19,1,14597
5073,869,19127890,2015-03-21,2016-03-15,1,16875
5074,870,755695,1929-11-11,1929-11-11,1,-14661
5075,870,1112807,1968-05-13,1968-06-03,1,-577
5076,870,1115008,1953-09-15,1953-09-15,1,-5952
5077,870,1124957,1929-11-11,1929-11-11,1,-14661
5078,870,1125315,1929-11-11,1929-11-11,1,-14661
5079,870,1315942,1971-07-05,1971-07-05,1,550
5080,870,1351541,1971-07-05,1971-07-05,1,550
5081,870,1713332,1973-01-25,1973-02-08,1,1134
5082,870,1759842,1973-01-25,1973-02-08,1,1134
5083,871,1177480,2017-01-08,2017-02-07,1,17204
5084,872,974166,2001-10-28,2001-10-28,1,11623
5085,872,1125315,2018-12-01,2018-12-08,1,17873
5086,872,1192710,1984-07-25,1984-07-25,1,5319
5087,872,1500211,2014-06-08,2015-06-03,1,16589
5088,872,1519936,2011-08-17,2012-08-11,1,15563
5089,872,1521369,2010-08-22,2011-08-17,1,15203
5090,872,1521369,2015-06-03,2016-05-28,1,16949
5091,872,1713332,2012-08-02,2012-10-11,1,15624
5092,872,1759842,2012-08-02,2012-10-11,1,15624
5093,873,1177480,2015-05-10,2015-06-07,1,16593
5094,873,1713332,2012-10-15,2012-11-05,1,15649
5095,873,1759842,2012-10-15,2012-11-05,1,15649
5096,874,1177480,2009-05-21,2009-06-04,1,14399
5097,874,1713332,2009-05-21,2009-06-04,1,14399
5098,874,1729720,2012-06-18,2012-06-29,1,15520
5099,875,1125315,2009-11-09,2009-11-16,1,14564
5100,875,1713332,2016-09-01,2016-09-15,1,17059
5101,875,1759842,2016-09-01,2016-09-15,1,17059
5102,876,1125315,2010-06-27,2010-07-04,1,14794
5103,876,1177480,2013-04-11,2013-05-16,1,15841
5104,876,1729720,2014-02-22,2014-03-03,1,16132
5105,877,1125315,2013-12-15,2013-12-22,1,16061
5106,877,1125315,2016-07-15,2016-07-29,1,17011
5107,877,1512674,2015-03-07,2016-03-01,1,16861
5108,877,1512674,2017-02-24,2018-02-19,1,17581
5109,877,1521369,2016-03-01,2017-02-24,1,17221
5110,877,1549786,2015-03-07,2016-03-01,1,16861
5111,877,1549786,2017-02-24,2018-02-19,1,17581
5112,877,1713332,2016-07-15,2016-07-29,1,17011
5113,877,19127890,2015-03-07,2016-03-01,1,16861
5114,877,19127890,2017-02-24,2018-02-19,1,17581
5115,878,1129625,1973-07-26,1973-07-26,1,1302
5116,878,1177480,2010-07-04,2010-08-03,1,14824
5117,879,1125315,2015-09-12,2015-09-26,1,16704
5118,879,1153428,2000-01-28,2000-01-28,1,10984
5119,879,1177480,2009-04-25,2009-06-24,1,14419
5120,879,1343916,2000-01-28,2000-01-28,1,10984
5121,879,1521369,2015-02-03,2016-01-29,1,16829
5122,879,1729720,2013-03-09,2013-03-18,1,15782
5123,879,1729720,2014-02-15,2014-02-26,1,16127
5124,880,738818,1975-03-09,1975-03-23,1,1907
5125,880,1119510,1975-03-09,1975-03-23,1,1907
5126,880,1125315,1971-03-11,1971-03-25,1,448
5127,880,1125315,1975-03-09,1975-03-23,1,1907
5128,880,1125315,1975-08-10,1975-08-17,1,2054
5129,880,1177480,1975-09-22,1975-12-21,1,2180
5130,880,1315942,1976-08-26,1976-08-26,1,2429
5131,880,1351541,1976-08-26,1976-08-26,1,2429
5132,880,1378382,1978-01-07,1978-04-02,4,2928
5133,880,1378382,1978-05-06,1978-06-05,2,3047
5134,880,1378382,1978-07-09,1978-08-06,2,3111
5135,880,1378382,1978-09-09,1978-10-08,2,3173
5136,880,1378382,1978-11-10,1978-11-10,1,3235
5137,880,1378382,1978-12-14,1979-02-10,3,3269
5138,880,1378382,1979-03-15,1979-03-15,1,3360
5139,880,1378382,1979-04-16,1979-05-16,2,3392
5140,880,1378382,1979-06-16,1979-06-16,1,3453
5141,880,1378382,1979-07-19,1979-10-15,4,3486
5142,880,1378382,1979-11-16,1979-12-15,2,3606
5143,880,1378382,1980-01-15,1980-01-15,1,3666
5144,880,1378382,1980-02-18,1980-04-18,3,3700
5145,880,1378382,1980-05-19,1980-06-18,2,3791
5146,880,1378382,1980-07-19,1980-07-19,1,3852
5147,880,1378382,1980-08-19,1980-09-18,2,3883
5148,880,1378382,1980-10-22,1980-10-22,1,3947
5149,880,1378382,1980-11-25,1980-11-25,1,3981
5150,880,1378382,1980-12-29,1980-12-29,1,4015
5151,880,1397599,1978-01-07,1978-04-02,4,2928
5152,880,1397599,1978-05-06,1978-06-05,2,3047
5153,880,1397599,1978-07-09,1978-08-06,2,3111
5154,880,1397599,1978-09-09,1978-10-08,2,3173
5155,880,1397599,1978-11-10,1978-11-10,1,3235
5156,880,1397599,1978-12-14,1979-02-10,3,3269
5157,880,1397599,1979-03-15,1979-03-15,1,3360
5158,880,1397599,1979-04-16,1979-05-16,2,3392
5159,880,1397599,1979-06-16,1979-06-16,1,3453
5160,880,1397599,1979-07-19,1979-10-15,4,3486
5161,880,1397599,1979-11-16,1979-12-15,2,3606
5162,880,1397599,1980-01-15,1980-01-15,1,3666
5163,880,1397599,1980-02-18,1980-04-18,3,3700
5164,880,1397599,1980-05-19,1980-06-18,2,3791
5165,880,1397599,1980-07-19,1980-07-19,1,3852
5166,880,1397599,1980-08-19,1980-09-18,2,3883
5167,880,1397599,1980-10-22,1980-10-22,1,3947
5168,880,1397599,1980-11-25,1980-11-25,1,3981
5169,880,1397599,1980-12-29,1980-12-29,1,4015
5170,881,1125315,2009-10-29,2009-11-12,1,14560
5171,881,1125315,2013-06-23,2013-09-21,1,15969
5172,881,1125315,2018-08-26,2018-10-17,2,17821
5173,881,1174888,2018-08-26,2018-10-17,1,17821
5174,881,1713332,2009-10-29,2009-11-12,1,14560
5175,881,1713332,2018-08-26,2018-09-09,1,17783
5176,882,1503297,2017-02-09,2017-02-09,1,17206
5177,882,1519936,2013-04-04,2014-03-30,1,16159
5178,882,1521369,2016-08-11,2018-08-01,2,17744
5179,882,1548195,2010-04-20,2011-05-19,2,15113
5180,882,1549786,2012-04-09,2013-04-04,1,15799
5181,882,1589505,2012-04-09,2013-04-04,1,15799
5182,882,1729720,2013-12-25,2014-01-04,1,16074
5183,882,19054876,2010-04-20,2011-05-19,2,15113
5184,882,19127890,2010-04-20,2011-05-19,2,15113
5185,883,1177480,2017-11-18,2017-12-09,1,17509
5186,884,974166,1958-04-25,1958-04-25,1,-4269
5187,884,1125315,2013-01-11,2013-01-18,1,15723
5188,884,1322184,2011-02-11,2011-02-11,1,15016
5189,884,1347450,2011-02-11,2011-02-11,1,15016
5190,884,1503297,1956-08-03,1956-08-03,1,-4899
5191,884,1550023,1957-11-29,1957-11-29,1,-4416
5192,885,1115008,1996-06-03,1996-06-24,1,9671
5193,885,1115008,2005-05-27,2005-05-27,1,12930
5194,885,1125315,2010-07-10,2010-07-17,1,14807
5195,885,1500211,2015-08-14,2016-08-08,1,17021
5196,885,1521369,2009-08-26,2010-08-21,1,14842
5197,885,1521369,2011-09-04,2012-08-29,1,15581
5198,885,1521369,2014-08-19,2015-08-14,1,16661
5199,885,1521369,2016-08-08,2018-07-29,2,17741
5200,885,1589505,2018-07-29,2018-07-29,1,17741
5201,886,974166,1996-08-10,1996-08-10,1,9718
5202,886,1150770,1978-10-20,1978-10-20,1,3214
5203,886,1177480,2018-04-20,2018-05-04,1,17655
5204,886,1713332,2018-04-20,2018-05-04,1,17655
5205,887,1125315,2017-10-03,2017-10-17,2,17456
5206,887,1149196,2015-10-31,2015-10-31,1,16739
5207,887,1343916,2015-10-31,2015-10-31,1,16739
5208,887,1551099,2015-10-14,2015-10-14,1,16722
5209,887,1713332,2017-10-03,2017-10-17,1,17456
5210,887,1713332,2018-02-13,2018-03-06,1,17596
5211,887,1729720,2014-10-20,2014-11-01,1,16375
5212,887,1759842,2018-02-13,2018-03-06,1,17596
5213,888,738818,2011-07-27,2011-08-03,1,15189
5214,888,1119510,2011-07-27,2011-08-03,1,15189
5215,888,1125315,2011-07-27,2011-08-03,1,15189
5216,888,1125315,2014-01-21,2014-02-04,1,16105
5217,888,1125315,2015-11-18,2015-12-02,1,16771
5218,888,1713332,2015-11-18,2015-12-02,1,16771
5219,889,974166,1988-12-21,1988-12-21,1,6929
5220,889,1125315,2014-07-05,2014-07-19,1,16270
5221,889,1519936,2018-01-02,2018-12-28,1,17893
5222,889,1521369,2006-06-30,2008-06-19,2,14049
5223,889,1521369,2009-06-20,2010-01-13,1,14622
5224,889,1521369,2010-06-15,2012-06-04,2,15495
5225,889,1521369,2018-12-28,2018-12-28,1,17893
5226,889,1589505,2008-06-19,2009-06-20,1,14415
5227,889,1589505,2015-01-07,2016-01-09,1,16809
5228,890,1515774,2016-01-11,2017-12-31,2,17531
5229,890,1548195,2017-12-31,2018-12-26,1,17891
5230,890,1549786,2016-01-11,2017-12-31,2,17531
5231,890,19054876,2017-12-31,2018-12-26,1,17891
5232,890,19127890,2016-01-11,2018-12-26,3,17891
5233,891,1115008,2011-04-26,2011-05-10,1,15104
5234,891,1500211,2013-09-22,2014-09-17,1,16330
5235,891,1512674,2018-08-27,2018-08-27,1,17770
5236,891,1521369,2017-09-01,2018-08-27,1,17770
5237,891,1549786,2011-10-03,2012-09-27,1,15610
5238,891,1549786,2018-08-27,2018-08-27,1,17770
5239,891,1589505,2011-10-03,2012-09-27,1,15610
5240,891,1713332,2016-01-21,2016-02-11,1,16842
5241,891,1759842,2016-01-21,2016-02-11,1,16842
5242,891,19127890,2011-10-03,2012-09-27,1,15610
5243,891,19127890,2018-08-27,2018-08-27,1,17770
5244,892,1115008,2014-09-03,2014-09-03,1,16316
5245,892,1512674,2013-05-29,2014-05-24,1,16214
5246,892,1519936,2012-06-03,2013-05-29,1,15854
5247,892,1521369,2011-06-09,2012-06-03,1,15494
5248,892,1549786,2012-06-03,2014-05-24,2,16214
5249,892,1589505,2008-06-19,2009-06-19,1,14414
5250,892,19127890,2013-05-29,2014-05-24,1,16214
5251,893,1125315,2018-09-09,2018-09-09,1,17783
5252,893,1174888,2018-09-09,2018-09-09,1,17783
5253,893,1322184,2002-10-20,2018-09-09,1,17783
5254,893,1332418,2002-10-20,2002-10-20,1,11980
5255,893,1361711,2002-10-20,2018-09-09,1,17783
5256,893,1539403,2002-10-20,2002-10-20,1,11980
5257,893,1545958,2018-09-09,2018-09-09,1,17783
5258,894,974166,2018-11-17,2018-11-17,1,17852
5259,894,1115008,2013-05-09,2013-08-07,1,15924
5260,894,1125315,2009-03-10,2009-03-31,1,14334
5261,894,1125315,2014-09-24,2014-10-08,1,16351
5262,894,1500211,2014-09-20,2015-09-15,1,16693
5263,894,1515774,2016-09-09,2017-09-04,1,17413
5264,894,1518198,2017-09-04,2018-08-30,1,17773
5265,894,1549786,2015-09-15,2018-08-30,4,17773
5266,894,1589505,2015-09-15,2016-09-09,1,17053
5267,894,1589505,2018-08-30,2018-08-30,1,17773
5268,894,1713332,2014-09-24,2014-10-08,1,16351
5269,894,19127890,2015-09-15,2017-09-04,2,17413
5270,895,1125315,2011-04-25,2011-05-02,1,15096
5271,895,1307863,2012-07-23,2012-07-23,1,15544
5272,895,1310149,2012-07-23,2012-07-23,1,15544
5273,895,1322184,2016-08-15,2016-08-15,1,17028
5274,895,1326303,2012-07-23,2012-07-23,1,15544
5275,895,1332418,2016-08-15,2016-08-15,1,17028
5276,895,1361711,2016-08-15,2016-08-15,1,17028
5277,895,1539403,2007-07-16,2018-07-13,13,17725
5278,896,974166,2003-10-19,2003-10-19,1,12344
5279,896,1125315,2018-07-25,2018-08-08,1,17751
5280,896,1149380,1987-04-29,1987-04-29,1,6327
5281,896,1150836,1985-09-28,1985-09-28,1,5749
5282,896,1154343,1987-04-29,1987-04-29,1,6327
5283,896,1177480,2013-12-30,2014-02-03,1,16104
5284,897,1125315,2011-01-31,2011-02-07,1,15012
5285,898,1125315,2013-11-10,2013-11-17,1,16026
5286,898,1539403,2017-12-31,2018-12-31,2,17896
5287,898,1713332,2011-02-08,2011-03-01,1,15034
5288,898,1759842,2011-02-08,2011-03-01,1,15034
5289,899,974166,2004-08-11,2004-08-11,1,12641
5290,900,1125315,2012-04-19,2012-05-10,1,15470
5291,901,1125315,2011-05-30,2011-06-13,1,15138
5292,901,1521369,2008-06-09,2009-06-04,1,14399
5293,901,1539403,2003-09-10,2018-09-06,16,17780
5294,903,974166,1987-10-19,1987-10-19,1,6500
5295,903,1129625,1973-02-16,1973-02-16,1,1142
5296,903,1149380,1971-02-03,1971-02-03,1,398
5297,903,1154343,1971-02-03,1971-02-03,1,398
5298,903,1503297,2016-07-11,2016-07-11,1,16993
5299,903,1713332,2012-05-19,2012-06-02,1,15493
5300,903,1759842,2012-05-19,2012-06-02,1,15493
5301,904,1519936,2010-01-18,2012-01-08,2,15347
5302,904,1521369,2015-03-07,2016-03-01,1,16861
5303,904,1521369,2018-02-19,2018-02-19,1,17581
5304,904,1549786,2011-01-13,2012-01-08,1,15347
5305,905,974166,2000-06-09,2000-06-09,1,11117
5306,905,1177480,2015-09-20,2015-10-04,1,16712
5307,906,974166,2008-11-07,2008-11-07,1,14190
5308,906,1150836,1991-02-04,1991-02-04,1,7704
5309,906,1343916,1991-02-04,1991-02-04,1,7704
5310,906,1551099,2012-09-03,2012-09-03,1,15586
5311,906,1729720,2012-07-08,2012-07-16,1,15537
5312,907,1177480,2017-02-07,2017-02-21,1,17218
5313,907,1713332,2017-02-07,2017-02-21,1,17218
5314,908,1177480,2017-07-12,2017-07-26,1,17373
5315,908,1177480,2018-11-17,2018-12-01,1,17866
5316,908,1713332,2017-07-12,2017-07-26,1,17373
5317,908,1778162,2018-11-17,2018-12-01,1,17866
5318,909,1125315,2016-04-24,2016-05-01,1,16922
5319,910,738818,2013-01-23,2013-02-06,1,15742
5320,910,1115008,2016-10-02,2016-10-16,1,17090
5321,910,1119510,2013-01-23,2013-02-06,1,15742
5322,910,1125315,2013-01-23,2013-02-06,1,15742
5323,910,1512674,2015-11-17,2016-11-11,1,17116
5324,910,1519936,2016-11-11,2017-11-06,1,17476
5325,910,1549786,2013-11-27,2016-11-11,3,17116
5326,910,1589505,2013-11-27,2015-11-17,2,16756
5327,910,1729720,2012-07-09,2012-07-20,1,15541
5328,910,19127890,2013-11-27,2016-11-11,3,17116
5329,911,701322,2018-07-11,2018-07-11,1,17723
5330,911,715997,2018-07-11,2018-07-11,1,17723
5331,911,757627,2017-08-15,2017-08-15,1,17393
5332,911,974166,1963-02-19,1963-02-19,1,-2508
5333,911,1125315,2012-02-24,2012-05-24,2,15484
5334,911,1125315,2015-02-08,2015-03-06,1,16500
5335,911,1174888,2012-02-24,2012-03-14,1,15413
5336,911,1174888,2015-02-08,2015-03-06,1,16500
5337,911,1177480,2015-02-08,2015-05-09,1,16564
5338,912,974166,2003-03-19,2003-03-19,1,12130
5339,912,1115008,2015-01-30,2015-03-06,1,16500
5340,912,1177480,2013-03-20,2013-04-10,1,15805
5341,912,1713332,2011-04-21,2011-04-28,1,15092
5342,912,1759842,2011-04-21,2011-04-28,1,15092
5343,913,974166,1978-09-18,1978-09-18,1,3182
5344,913,1521369,2008-08-02,2010-07-23,2,14813
5345,913,1713332,2013-12-15,2014-01-05,1,16075
5346,913,1759842,2013-12-15,2014-01-05,1,16075
5347,914,1125315,2013-08-28,2013-10-02,1,15980
5348,914,1153428,1996-09-12,1996-09-12,1,9751
5349,914,1343916,1996-09-15,1996-09-15,1,9754
5350,914,1500211,2016-06-23,2017-06-18,1,17335
5351,914,1512674,2009-07-30,2010-07-25,1,14815
5352,914,1521369,2008-08-04,2009-07-30,1,14455
5353,914,1549786,2009-07-30,2010-07-25,1,14815
5354,914,19127890,2009-07-30,2010-07-25,1,14815
5355,915,974166,2005-11-15,2005-11-15,1,13102
5356,915,1125315,2010-10-23,2010-11-06,1,14919
5357,915,1150770,1989-10-12,1989-10-12,1,7224
5358,915,1343916,1989-10-20,1989-10-20,1,7232
5359,915,1500211,2013-10-24,2014-10-19,1,16362
5360,915,1519936,2011-11-04,2013-10-24,2,16002
5361,915,1549786,2011-11-04,2012-10-29,1,15642
5362,916,1500211,2018-05-08,2018-05-08,1,17659
5363,916,1521369,2011-09-26,2013-09-15,2,15963
5364,916,1521369,2016-05-18,2018-05-08,2,17659
5365,917,1125315,2015-04-26,2015-05-31,1,16586
5366,918,738818,2005-08-02,2005-08-02,1,12997
5367,918,974166,1976-08-04,1976-08-04,1,2407
5368,918,1119510,2005-08-02,2005-08-02,1,12997
5369,918,1125315,2004-03-22,2004-04-05,1,12513
5370,918,1125315,2005-08-02,2005-08-02,1,12997
5371,918,1129625,1960-01-29,1960-01-29,1,-3625
5372,918,1137529,1986-08-20,1986-08-20,1,6075
5373,918,1149380,1986-08-20,1986-08-20,1,6075
5374,918,1177480,1996-02-12,1996-03-04,1,9559
5375,918,1729720,2000-11-06,2000-11-18,1,11279
5376,919,738818,2013-08-03,2013-08-10,1,15927
5377,919,1119510,2013-08-03,2013-08-10,1,15927
5378,919,1125315,2009-05-10,2009-05-24,1,14388
5379,919,1125315,2013-08-03,2013-08-10,1,15927
5380,919,1125315,2014-07-05,2014-08-09,1,16291
5381,919,1177480,2013-08-18,2013-09-08,1,15956
5382,919,1500211,2011-03-21,2012-03-15,1,15414
5383,919,1519936,2013-08-30,2014-08-25,1,16307
5384,919,1521369,2014-08-25,2015-08-20,1,16667
5385,919,1589505,2010-03-20,2011-03-21,1,15054
5386,920,738818,2010-09-07,2010-09-14,1,14866
5387,920,1119510,2010-09-07,2010-09-14,1,14866
5388,920,1125315,2010-09-07,2010-09-14,1,14866
5389,920,1500211,2018-03-31,2018-03-31,1,17621
5390,920,1521369,2014-03-14,2015-03-09,1,16503
5391,920,1521369,2017-04-05,2018-03-31,1,17621
5392,920,1549786,2012-03-24,2013-03-19,1,15783
5393,920,1589505,2012-03-24,2013-03-19,1,15783
5394,922,1125315,1986-03-02,1986-04-01,1,5934
5395,922,1125315,1988-02-20,1988-03-05,1,6638
5396,923,974166,1968-05-03,1968-05-03,1,-608
5397,923,1102527,2018-09-09,2018-10-19,1,17823
5398,923,1125315,2018-09-09,2018-10-09,1,17813
5399,923,1713332,2013-05-03,2013-05-24,1,15849
5400,923,1713332,2016-11-12,2016-11-26,1,17131
5401,923,1759842,2013-05-03,2013-05-24,1,15849
5402,923,1759842,2016-11-12,2016-11-26,1,17131
5403,924,974166,2004-05-01,2004-05-01,1,12539
5404,924,1125315,2014-05-27,2014-06-03,1,16224
5405,924,1519936,2012-03-10,2013-03-05,1,15769
5406,924,1521369,2014-04-05,2015-03-31,1,16525
5407,924,1713332,2013-08-15,2013-08-22,1,15939
5408,924,1759842,2013-08-15,2013-08-22,1,15939
5409,925,1125315,2010-02-05,2010-04-04,2,14673
5410,925,1713332,2010-02-05,2010-02-19,1,14659
5411,925,1713332,2014-03-23,2014-04-06,1,16166
5412,925,1729720,2011-01-14,2011-01-21,1,14995
5413,925,1729720,2013-11-09,2013-11-20,1,16029
5414,925,1759842,2014-03-23,2014-04-06,1,16166
5415,926,1149380,1983-03-21,1983-03-21,1,4827
5416,926,1154343,1983-03-21,1983-03-21,1,4827
5417,927,701322,2014-01-27,2014-01-27,1,16097
5418,927,738818,2011-05-04,2011-05-11,1,15105
5419,927,757627,2012-10-04,2012-10-04,1,15617
5420,927,1115008,1973-08-11,1973-08-11,1,1318
5421,927,1119510,2011-05-04,2011-05-11,1,15105
5422,927,1125315,2011-05-04,2011-05-11,1,15105
5423,927,1539403,2002-02-07,2016-02-04,15,16835
5424,927,1729720,2014-11-23,2014-12-04,1,16408
5425,930,1107830,2016-01-13,2016-01-13,1,16813
5426,930,1343916,2016-01-13,2016-01-13,1,16813
5427,931,920293,2010-05-17,2010-05-24,1,14753
5428,931,920293,2016-07-02,2016-07-09,1,16991
5429,931,933724,2010-05-17,2010-05-24,1,14753
5430,931,933724,2016-07-02,2016-07-09,1,16991
5431,931,1125315,2012-07-02,2012-08-06,1,15558
5432,931,1177480,2010-08-28,2010-09-11,1,14863
5433,932,974166,2013-08-30,2013-08-30,1,15947
5434,932,1125315,2011-08-06,2011-08-20,1,15206
5435,932,1125315,2018-07-26,2018-08-09,1,17752
5436,933,1177480,2011-04-22,2011-05-20,1,15114
5437,934,1500211,2017-01-11,2018-01-06,1,17537
5438,935,974166,1992-11-24,1992-11-24,1,8363
5439,935,1115008,2001-08-04,2001-08-18,1,11552
5440,935,1115008,2006-09-23,2006-09-23,1,13414
5441,936,738818,2009-11-15,2009-11-29,1,14577
5442,936,1119510,2009-11-15,2009-11-29,1,14577
5443,936,1124957,2009-08-03,2009-08-10,1,14466
5444,936,1124957,2009-10-09,2009-10-23,1,14540
5445,936,1124957,2010-01-21,2010-01-28,1,14637
5446,936,1124957,2010-05-28,2010-08-15,2,14806
5447,936,1124957,2011-01-22,2011-04-18,2,15052
5448,936,1125315,2009-11-15,2009-11-29,1,14577
5449,936,1125315,2010-07-25,2011-02-28,5,14943
5450,936,1174888,2010-09-14,2010-12-23,2,14936
5451,937,718583,1978-09-06,1978-09-06,1,3170
5452,937,974166,1953-10-21,1953-10-21,1,-5916
5453,937,1125315,2001-03-13,2001-03-27,1,11408
5454,937,1125315,2002-01-31,2002-02-07,1,11725
5455,937,1125315,2008-11-03,2008-11-10,1,14193
5456,937,1125315,2009-04-08,2009-04-22,1,14356
5457,937,1125315,2010-06-08,2010-06-29,1,14789
5458,937,1315942,2002-12-04,2002-12-04,1,12025
5459,937,1350504,2006-11-23,2010-11-10,61,13475
5460,937,1351541,2002-12-04,2002-12-04,1,12025
5461,937,1397599,2006-11-23,2010-11-10,61,13475
5462,937,1713332,2005-06-12,2005-06-19,1,12953
5463,937,1759842,2005-06-12,2005-06-19,1,12953
5464,938,1713332,2018-07-23,2018-08-13,1,17756
5465,938,1729720,2012-12-20,2012-12-27,1,15701
5466,938,1759842,2018-07-23,2018-08-13,1,17756
5467,939,1115008,2012-11-28,2012-12-12,1,15686
5468,939,1125315,2009-03-20,2009-04-03,1,14337
5469,939,1125315,2018-04-22,2018-04-29,1,17650
5470,940,1153428,2016-06-22,2016-06-22,1,16974
5471,940,1177480,2017-10-05,2017-10-26,1,17465
5472,940,1343916,2016-06-22,2016-06-22,1,16974
5473,941,1125315,1988-04-25,1988-05-09,1,6703
5474,942,1125315,2010-03-10,2010-03-24,1,14692
5475,942,1125315,2013-09-21,2013-10-05,1,15983
5476,942,1177480,2010-10-06,2010-10-20,1,14902
5477,942,1177480,2011-04-18,2011-05-23,1,15117
5478,942,1177480,2016-03-27,2016-05-26,1,16947
5479,942,1177480,2018-05-16,2018-06-20,1,17702
5480,942,1713332,2010-07-14,2010-07-21,1,14811
5481,942,1713332,2010-10-06,2010-10-20,1,14902
5482,942,1713332,2018-01-17,2018-02-07,1,17569
5483,942,1759842,2010-07-14,2010-07-21,1,14811
5484,942,1759842,2018-01-17,2018-02-07,1,17569
5485,943,974166,1992-10-14,1992-10-14,1,8322
5486,943,1125315,2017-01-05,2017-01-19,1,17185
5487,943,1500211,2015-01-24,2016-01-19,1,16819
5488,943,1521369,2009-02-18,2010-02-13,1,14653
5489,943,1521369,2011-02-08,2012-02-03,1,15373
5490,943,1521369,2013-01-28,2014-01-23,1,16093
5491,943,1521369,2016-01-19,2017-01-13,1,17179
5492,943,1521369,2018-01-08,2018-01-08,1,17539
5493,943,1589505,2014-01-23,2015-01-24,1,16459
5494,944,738818,2011-12-17,2011-12-31,1,15339
5495,944,739138,2012-12-09,2012-12-09,1,15683
5496,944,1119510,2011-12-17,2011-12-31,1,15339
5497,944,1124957,2013-09-23,2013-10-05,1,15983
5498,944,1125315,2011-12-17,2011-12-31,1,15339
5499,944,1125315,2013-09-23,2013-10-05,1,15983
5500,944,1177480,2013-09-23,2013-12-22,1,16061
5501,944,1713332,2015-10-19,2015-11-09,1,16748
5502,944,1729720,2014-02-17,2014-02-27,1,16128
5503,944,1759842,2015-10-19,2015-11-09,1,16748
5504,945,1125315,2011-09-29,2011-10-20,1,15267
5505,946,1153428,2016-04-27,2016-04-27,1,16918
5506,946,1343916,2016-04-27,2016-04-27,1,16918
5507,946,1551099,2016-04-12,2016-04-12,1,16903
5508,947,1125315,2016-01-28,2016-02-11,1,16842
5509,947,1125315,2018-11-15,2018-12-18,2,17878
5510,947,1177480,2017-11-02,2017-11-16,1,17486
5511,947,1713332,2016-01-28,2016-02-11,1,16842
5512,947,1713332,2017-11-02,2017-11-16,1,17486
5513,947,1713332,2018-12-04,2018-12-18,1,17883
5514,948,1125315,2018-07-27,2018-08-10,1,17753
5515,949,1102527,2018-05-06,2018-05-09,1,17660
5516,949,1125315,2018-05-06,2018-05-27,1,17678
5517,949,1515774,2014-12-30,2015-12-25,1,16794
5518,949,1515774,2016-12-19,2017-12-14,1,17514
5519,949,1549786,2014-12-30,2015-12-25,1,16794
5520,949,1549786,2016-12-19,2017-12-14,1,17514
5521,949,1713332,2015-07-08,2015-07-15,1,16631
5522,949,1713332,2018-05-06,2018-05-27,1,17678
5523,949,1759842,2015-07-08,2015-07-15,1,16631
5524,949,19127890,2014-12-30,2015-12-25,1,16794
5525,949,19127890,2016-12-19,2017-12-14,1,17514
5526,950,956874,2016-02-25,2016-02-25,1,16856
5527,950,1115008,2014-03-31,2014-04-14,1,16174
5528,950,1115008,2016-05-03,2016-05-17,1,16938
5529,950,1125315,2009-04-05,2009-04-26,1,14360
5530,950,1137529,2015-08-30,2015-08-30,1,16677
5531,950,1149380,2015-08-30,2015-08-30,1,16677
5532,950,1307046,2016-02-25,2016-02-25,1,16856
5533,950,1713332,2013-08-16,2013-08-23,1,15940
5534,950,1759842,2013-08-16,2013-08-23,1,15940
5535,951,1177480,2013-10-11,2013-11-08,1,16017
5536,951,1518198,2011-01-08,2012-01-03,1,15342
5537,951,1519936,2017-08-12,2018-08-07,1,17750
5538,951,1521369,2008-01-19,2009-01-13,1,14257
5539,951,1549786,2011-01-08,2012-01-03,1,15342
5540,951,1589505,2010-01-08,2011-01-08,1,14982
5541,952,1149380,2004-06-16,2004-06-16,1,12585
5542,952,1150770,1984-07-05,1984-07-05,1,5299
5543,952,1154343,2004-06-16,2004-06-16,1,12585
5544,952,1322184,1997-03-11,1997-03-11,1,9931
5545,952,1332418,1994-02-22,1994-02-22,1,8818
5546,952,1361711,1986-01-07,1986-01-07,1,5850
5547,952,1539403,1991-02-05,1991-02-05,1,7705
5548,953,1518198,2008-12-11,2009-12-06,1,14584
5549,953,1521369,2017-08-15,2018-08-10,1,17753
5550,953,1549786,2008-12-11,2009-12-06,1,14584
5551,953,1589505,2010-12-01,2011-11-29,1,15307
5552,953,1589505,2015-08-15,2017-08-15,2,17393
5553,953,1589505,2018-08-10,2018-08-10,1,17753
5554,954,1125315,2014-11-09,2015-01-08,2,16443
5555,954,1174888,2014-11-09,2014-12-16,1,16420
5556,954,1519936,2011-06-17,2012-06-11,1,15502
5557,954,1521369,2009-08-28,2010-08-23,1,14844
5558,954,1521369,2014-06-09,2015-04-24,1,16549
5559,954,1521369,2016-03-18,2018-03-08,2,17598
5560,954,1589505,2013-06-06,2014-06-09,1,16230
5561,955,1125315,2016-01-09,2016-01-16,1,16816
5562,955,1519936,2018-07-15,2018-07-15,1,17727
5563,955,1521369,2011-12-25,2013-12-14,2,16053
5564,955,1521369,2014-12-09,2015-12-04,1,16773
5565,955,1548195,2013-12-14,2014-12-09,1,16413
5566,955,19054876,2013-12-14,2014-12-09,1,16413
5567,955,19127890,2013-12-14,2014-12-09,1,16413
5568,956,1125315,2015-02-21,2015-03-07,1,16501
5569,956,1125315,2015-10-20,2015-10-27,1,16735
5570,956,1125315,2016-08-14,2016-08-28,1,17041
5571,956,1149196,2014-07-11,2014-07-11,1,16262
5572,956,1177480,2014-08-25,2014-09-24,1,16337
5573,956,1343916,2014-07-11,2014-07-11,1,16262
5574,956,1551099,2014-06-27,2014-06-27,1,16248
5575,956,1551099,2016-02-19,2016-02-19,1,16850
5576,956,1713332,2015-02-21,2015-03-07,1,16501
5577,957,974166,2010-12-01,2010-12-01,1,14944
5578,957,1115008,2011-06-15,2011-06-29,1,15154
5579,957,1125315,2017-08-15,2017-08-29,1,17407
5580,957,1713332,2011-06-15,2011-06-29,1,15154
5581,958,1137529,2005-07-04,2005-07-04,1,12968
5582,958,1149380,2005-07-04,2005-07-04,1,12968
5583,958,1521369,2008-06-08,2009-06-03,1,14398
5584,958,1521369,2012-09-23,2013-09-18,1,15966
5585,958,1549786,2010-10-04,2011-09-29,1,15246
5586,958,1589505,2010-10-04,2011-09-29,1,15246
5587,958,1713332,2014-01-12,2014-01-26,1,16096
5588,958,1759842,2014-01-12,2014-01-26,1,16096
5589,958,19127890,2010-10-04,2011-09-29,1,15246
5590,959,920293,2017-08-17,2017-08-24,1,17402
5591,959,933724,2017-08-17,2017-08-24,1,17402
5592,959,1107830,1999-04-03,1999-04-03,1,10684
5593,959,1125315,2016-10-16,2016-11-13,1,17118
5594,959,1343916,1999-04-03,1999-04-03,1,10684
5595,959,1515774,2012-07-19,2013-07-14,1,15900
5596,959,1549786,2012-07-19,2014-07-09,2,16260
5597,959,1549786,2015-07-04,2016-06-28,1,16980
5598,959,1589505,2013-07-14,2014-07-09,1,16260
5599,959,1589505,2015-07-04,2016-06-28,1,16980
5600,959,19127890,2012-07-19,2014-07-09,2,16260
5601,959,19127890,2015-07-04,2016-06-28,1,16980
5602,960,1500211,2012-11-30,2013-11-25,1,16034
5603,960,1729720,2017-09-12,2017-09-21,1,17430
5604,961,1500211,2011-02-20,2012-02-15,1,15385
5605,961,1519936,2017-02-16,2018-02-11,1,17573
5606,961,1521369,2009-03-02,2010-02-25,1,14665
5607,961,1521369,2013-02-09,2014-02-04,1,16105
5608,961,1521369,2016-02-22,2017-02-16,1,17213
5609,961,1589505,2008-03-03,2009-03-02,1,14305
5610,962,757627,2012-01-25,2012-01-25,1,15364
5611,962,1125315,2012-11-20,2013-02-07,2,15743
5612,962,1125315,2017-10-25,2017-11-07,1,17477
5613,962,1174888,2012-11-20,2013-02-07,1,15743
5614,962,1503297,1982-05-27,1982-05-27,1,4529
5615,962,1596977,1991-12-04,1991-12-04,1,8007
5616,962,46221581,1991-12-04,1991-12-04,1,8007
5617,963,1125315,2014-09-10,2014-09-17,1,16330
5618,963,1177480,2009-10-16,2009-11-06,1,14554
5619,963,1515774,2018-06-26,2018-06-26,1,17708
5620,963,1521369,2016-07-06,2017-07-01,1,17348
5621,963,1548195,2015-07-12,2016-07-06,1,16988
5622,963,1549786,2010-07-18,2011-07-13,1,15168
5623,963,1549786,2012-07-27,2013-07-22,1,15908
5624,963,1549786,2018-06-26,2018-06-26,1,17708
5625,963,1589505,2010-07-18,2011-07-13,1,15168
5626,963,1589505,2012-07-27,2013-07-22,1,15908
5627,963,19054876,2015-07-12,2016-07-06,1,16988
5628,963,19127890,2015-07-12,2016-07-06,1,16988
5629,963,19127890,2018-06-26,2018-06-26,1,17708
5630,964,1125315,2013-12-21,2014-01-04,1,16074
5631,964,1177480,2011-08-21,2011-09-04,1,15221
5632,964,1501700,1990-04-10,1990-04-10,1,7404
5633,965,738818,2016-05-20,2016-05-27,1,16948
5634,965,1115008,2011-07-05,2015-08-13,1,16660
5635,965,1119510,2016-05-20,2016-05-27,1,16948
5636,965,1125315,2016-05-20,2016-05-27,1,16948
5637,965,1305058,2011-07-05,2015-08-13,1,16660
5638,965,1521369,2018-02-13,2018-02-13,1,17575
5639,965,1548195,2010-07-31,2011-07-26,1,15181
5640,965,1549786,2013-10-02,2014-09-27,1,16340
5641,965,1589505,2013-10-02,2014-09-27,1,16340
5642,965,19054876,2010-07-31,2011-07-26,1,15181
5643,965,19127890,2010-07-31,2011-07-26,1,15181
5644,966,1115008,2015-09-06,2015-09-20,1,16698
5645,966,1539403,1982-02-16,2018-02-07,37,17569
5646,966,1557272,2011-07-12,2011-07-12,1,15167
5647,967,1125315,2009-01-30,2009-02-06,1,14281
5648,967,1125315,2011-01-29,2011-02-05,1,15010
5649,968,738818,2016-10-02,2016-10-09,1,17083
5650,968,1102527,2013-05-18,2014-10-06,1,16349
5651,968,1119510,2016-10-02,2016-10-09,1,17083
5652,968,1125315,2016-10-02,2016-10-09,1,17083
5653,968,1177480,2013-05-11,2013-07-17,1,15903
5654,968,1729720,2013-02-22,2013-03-07,1,15771
5655,969,1125315,2016-03-29,2016-04-12,1,16903
5656,969,1177480,2011-09-22,2011-10-06,1,15253
5657,969,1177480,2012-06-02,2012-06-16,1,15507
5658,969,1177480,2017-06-09,2017-06-23,1,17340
5659,969,1713332,2012-06-02,2012-06-16,1,15507
5660,969,1713332,2017-06-09,2017-06-23,1,17340
5661,970,742185,2018-05-24,2018-08-23,1,17766
5662,970,1124957,2018-06-30,2018-07-28,1,17740
5663,970,1125315,2009-03-02,2009-03-16,1,14319
5664,970,1125315,2018-05-29,2018-06-12,1,17694
5665,970,1125315,2018-08-27,2018-09-17,1,17791
5666,970,1174888,2018-08-27,2018-09-17,1,17791
5667,970,1713332,2009-03-02,2009-03-16,1,14319
5668,971,974166,2004-05-31,2004-05-31,1,12569
5669,971,1115008,2014-04-25,2014-05-16,1,16206
5670,971,1125315,2009-08-05,2009-08-19,1,14475
5671,972,1125315,2011-02-08,2011-02-22,1,15027
5672,973,1125315,2010-11-20,2010-11-27,1,14940
5673,973,1125315,2018-06-09,2018-07-09,1,17721
5674,975,1125315,2009-09-22,2009-10-06,1,14523
5675,975,1125315,2018-09-19,2018-10-10,1,17814
5676,975,1515774,2017-11-24,2018-11-19,1,17854
5677,975,1521369,2015-12-02,2016-11-26,1,17131
5678,975,1548195,2013-12-12,2014-12-07,1,16411
5679,975,1549786,2010-12-28,2013-12-12,3,16051
5680,975,1549786,2014-12-07,2015-12-02,1,16771
5681,975,1549786,2017-11-24,2018-11-19,1,17854
5682,975,1589505,2010-12-28,2013-12-12,3,16051
5683,975,1589505,2014-12-07,2015-12-02,1,16771
5684,975,1589505,2016-11-26,2017-11-24,1,17494
5685,975,19054876,2013-12-12,2014-12-07,1,16411
5686,975,19127890,2010-12-28,2011-12-23,1,15331
5687,975,19127890,2013-12-12,2015-12-02,2,16771
5688,975,19127890,2017-11-24,2018-11-19,1,17854
5689,976,1713332,2013-03-02,2013-03-16,1,15780
5690,976,1759842,2013-03-02,2013-03-16,1,15780
5691,977,1713332,2017-04-12,2017-05-03,1,17289
5692,977,1759842,2017-04-12,2017-05-03,1,17289
5693,978,715997,1997-01-22,1997-01-22,1,9883
5694,978,836654,1995-04-03,1995-04-03,1,9223
5695,979,1124957,2013-01-05,2013-03-05,1,15769
5696,979,1125315,2009-02-05,2009-02-19,1,14294
5697,979,1125315,2013-01-05,2013-03-05,1,15769
5698,979,1521369,2011-05-19,2012-05-13,1,15473
5699,980,974166,2005-11-24,2005-11-24,1,13111
5700,980,1500211,2012-10-21,2013-10-16,1,15994
5701,980,1521369,2009-08-30,2010-08-25,1,14846
5702,980,1521369,2011-10-27,2012-10-21,1,15634
5703,980,1521369,2016-12-15,2017-12-10,1,17510
5704,980,1713332,2017-01-03,2017-01-24,1,17190
5705,980,1729720,2010-03-08,2010-03-15,1,14683
5706,980,1759842,2017-01-03,2017-01-24,1,17190
5707,981,974166,1994-11-28,1994-11-28,1,9097
5708,981,1149380,1980-08-01,1980-08-01,1,3865
5709,981,1154343,1980-08-01,1980-08-01,1,3865
5710,981,1192710,1977-12-02,1977-12-02,1,2892
5711,981,1519936,2008-04-25,2009-04-20,1,14354
5712,981,1713332,2009-03-25,2009-04-15,1,14349
5713,981,1759842,2009-03-25,2009-04-15,1,14349
5714,982,1115008,2003-09-01,2003-09-01,1,12296
5715,982,1125315,2018-09-11,2018-09-25,1,17799
5716,982,1539403,2006-03-20,2018-03-17,13,17607
5717,983,974166,1980-10-20,1980-10-20,1,3945
5718,983,1115008,2014-02-23,2014-03-23,1,16152
5719,983,1115008,2018-01-31,2018-03-07,1,17597
5720,983,1125315,2013-01-31,2013-02-28,1,15764
5721,983,1308738,2007-08-16,2007-08-16,1,13741
5722,983,1521369,2008-08-21,2009-08-16,1,14472
5723,983,1521369,2011-08-06,2012-07-31,1,15552
5724,983,1713332,2015-02-11,2015-02-25,1,16491
5725,983,1759842,2015-02-11,2015-02-25,1,16491
5726,984,974166,1959-07-18,1959-07-18,1,-3820
5727,984,1115008,1996-01-05,1996-01-05,1,9500
5728,984,1125315,2016-10-14,2016-11-13,1,17118
5729,984,1125315,2018-11-01,2018-11-08,1,17843
5730,984,1177480,2009-06-09,2009-06-23,1,14418
5731,984,1501700,2007-01-02,2007-01-02,1,13515
5732,984,1539403,1994-02-26,2018-02-20,25,17582
5733,985,1125315,2011-03-27,2011-04-10,1,15074
5734,985,1177480,2013-06-11,2013-07-09,1,15895
5735,985,1322184,2008-11-07,2008-11-07,1,14190
5736,985,1332418,2008-11-07,2008-11-07,1,14190
5737,985,1361711,2008-11-07,2008-11-07,1,14190
5738,985,1539403,2008-11-07,2008-11-07,1,14190
5739,985,1713332,2011-03-27,2011-04-10,1,15074
5740,985,1729720,2011-01-12,2011-01-21,1,14995
5741,985,1729720,2016-02-28,2016-03-06,1,16866
5742,986,1115008,1995-10-09,1995-10-30,1,9433
5743,986,1115008,1997-07-19,1997-08-09,1,10082
5744,986,1124957,1997-07-21,1997-08-06,1,10079
5745,986,1125315,1997-07-21,1997-08-20,2,10093
5746,986,1125315,2001-11-19,2001-11-19,1,11645
5747,986,1167322,1997-07-19,1997-08-09,1,10082
5748,986,1174888,2001-11-19,2001-11-19,1,11645
5749,986,1322184,1997-12-22,2001-11-19,1,11645
5750,986,1332418,1994-12-05,1994-12-05,1,9104
5751,986,1361711,1980-03-03,2001-11-19,1,11645
5752,986,1539403,1991-04-22,1991-04-22,1,7781
5753,986,1545958,2001-11-19,2001-11-19,1,11645
5754,986,1713332,1993-11-26,1993-12-17,1,8751
5755,986,1759842,1993-11-26,1993-12-17,1,8751
5756,987,1322184,2008-04-11,2008-04-11,1,13980
5757,987,1332418,2008-04-11,2008-04-11,1,13980
5758,987,1361711,2008-04-11,2008-04-11,1,13980
5759,987,1512674,2015-09-09,2016-09-03,1,17047
5760,987,1539403,2008-04-11,2008-04-11,1,13980
5761,987,1549786,2015-09-09,2016-09-03,1,17047
5762,987,19127890,2015-09-09,2016-09-03,1,17047
5763,988,738818,2009-02-19,2009-03-05,1,14308
5764,988,1119510,2009-02-19,2009-03-05,1,14308
5765,988,1125315,2009-02-19,2009-03-05,1,14308
5766,988,1125315,2009-09-28,2009-10-19,1,14536
5767,988,1125315,2012-07-29,2012-08-05,1,15557
5768,989,974166,1962-06-25,1962-06-25,1,-2747
5769,989,1125315,2006-05-07,2006-05-14,1,13282
5770,989,1125315,2011-06-14,2011-07-05,1,15160
5771,989,1307863,2004-10-25,2004-10-25,1,12716
5772,989,1310149,2004-10-25,2004-10-25,1,12716
5773,989,1322184,2011-03-14,2011-03-14,1,15047
5774,989,1322184,2013-07-15,2013-07-15,1,15901
5775,989,1326303,2004-10-25,2004-10-25,1,12716
5776,989,1347450,2011-03-14,2011-03-14,1,15047
5777,989,1347450,2013-07-15,2013-07-15,1,15901
5778,989,1503297,1980-04-28,1980-04-28,1,3770
5779,989,1596977,1981-09-21,1981-09-21,1,4281
5780,989,46221581,1981-09-21,1981-09-21,1,4281
5781,990,920293,1993-07-25,1993-08-01,1,8613
5782,990,933724,1993-07-25,1993-08-01,1,8613
5783,990,1112807,1986-07-21,1986-09-19,1,6105
5784,990,1124957,1986-07-21,1990-02-08,1,7343
5785,990,1125315,1986-07-21,1990-02-08,1,7343
5786,990,1125315,1995-03-28,1995-04-04,1,9224
5787,990,1137529,1964-09-15,1964-09-15,1,-1934
5788,990,1149380,1964-09-15,1964-09-15,1,-1934
5789,990,1713332,1986-02-27,1986-03-13,1,5915
5790,990,1759842,1986-02-27,1986-03-13,1,5915
5791,991,1177480,2009-11-25,2009-12-16,1,14594
5792,992,1713332,2018-03-12,2018-03-19,1,17609
5793,992,1729720,2016-07-12,2016-07-23,1,17005
5794,992,1759842,2018-03-12,2018-03-19,1,17609
5795,993,701322,2006-10-25,2006-10-25,1,13446
5796,993,757627,2005-07-02,2005-07-02,1,12966
5797,993,1102527,2001-10-26,2001-12-02,1,11658
5798,993,1115008,2001-10-26,2001-11-25,1,11651
5799,993,1315942,1996-05-11,1996-05-11,1,9627
5800,993,1351541,1996-05-11,1996-05-11,1,9627
5801,994,974166,2007-01-04,2007-01-04,1,13517
5802,994,1115008,2014-06-06,2014-07-04,1,16255
5803,994,1124957,2014-06-06,2014-06-30,1,16251
5804,994,1125315,2014-06-06,2014-06-30,1,16251
5805,994,1713332,2014-06-06,2014-07-04,1,16255
5806,995,1115008,2010-10-20,2010-11-17,1,14930
5807,995,1125315,2009-08-14,2009-08-21,1,14477
5808,995,1729720,2015-04-29,2015-05-11,1,16566
5809,996,1177480,2010-10-13,2010-11-17,1,14930
5810,996,1322184,2011-11-16,2011-11-16,1,15294
5811,996,1322184,2015-11-04,2015-11-04,1,16743
5812,996,1347450,2011-11-16,2011-11-16,1,15294
5813,996,1347450,2015-11-04,2015-11-04,1,16743
5814,996,1729720,2012-03-05,2012-03-16,1,15415
5815,997,920293,2012-10-14,2012-10-21,1,15634
5816,997,933724,2012-10-14,2012-10-21,1,15634
5817,997,974166,1995-11-19,1995-11-19,1,9453
5818,997,1125315,2010-05-17,2010-05-31,1,14760
5819,997,1500211,2014-06-03,2015-05-29,1,16584
5820,997,1519936,2008-06-24,2009-06-19,1,14414
5821,997,1519936,2017-05-27,2018-05-22,1,17673
5822,997,1521369,2013-06-08,2014-06-03,1,16224
5823,997,1521369,2016-06-01,2017-05-27,1,17313
5824,997,1589505,2015-05-29,2016-06-01,1,16953
5825,998,974166,1953-12-23,1953-12-23,1,-5853
5826,998,1115008,2016-05-09,2016-08-07,1,17020
5827,998,1124957,2011-08-11,2011-09-01,1,15218
5828,998,1125315,2017-07-03,2017-09-04,2,17413
5829,998,1174888,2017-07-10,2017-09-04,1,17413
5830,998,1307863,2009-08-12,2009-08-12,1,14468
5831,998,1310149,2009-08-12,2009-08-12,1,14468
5832,998,1322184,2010-08-25,2010-08-25,1,14846
5833,998,1326303,2009-08-12,2009-08-12,1,14468
5834,998,1347450,2010-08-25,2010-08-25,1,14846
5835,998,1503297,1973-05-09,1973-05-09,1,1224
5836,998,1539403,2007-11-14,2018-11-11,12,17846
5837,998,1557272,2014-12-17,2014-12-17,1,16421
5838,998,1596977,2002-04-24,2002-04-24,1,11801
5839,998,1729720,2010-08-03,2010-08-13,1,14834
5840,998,46221581,2002-04-24,2002-04-24,1,11801
5841,999,974166,1928-10-14,1928-10-14,1,-15054
5842,999,1307863,2010-10-10,2010-10-10,1,14892
5843,999,1310149,2010-10-10,2010-10-10,1,14892
5844,999,1322184,1997-06-29,1997-06-29,1,10041
5845,999,1326303,2010-10-10,2010-10-10,1,14892
5846,999,1332418,1995-01-08,1995-01-08,1,9138
5847,999,1361711,1991-12-22,1991-12-22,1,8025
5848,999,1539403,1991-12-22,1991-12-22,1,8025
5849,1000,718583,1929-11-25,1929-11-25,1,-14647
5850,1000,974166,1928-11-19,1928-11-19,1,-15018
5851,1000,1361711,1917-09-17,1951-07-16,1,-6744
5852,1001,718583,1953-02-27,1953-02-27,1,-6152
5853,1001,1124957,1928-06-01,1928-06-01,1,-15189
5854,1001,1125315,1928-06-01,1928-06-01,1,-15189
5855,1001,1125315,1982-12-25,1983-02-23,1,4801
5856,1001,1125315,1984-05-02,1984-05-16,1,5249
5857,1001,1308738,1984-04-14,1984-04-14,1,5217
5858,1001,1315942,1981-07-17,1981-07-17,1,4215
5859,1001,1351541,1981-07-17,1981-07-17,1,4215
5860,1002,974166,2010-10-23,2010-10-23,1,14905
5861,1003,974166,1955-05-19,1955-05-19,1,-5341
5862,1003,1177480,2000-03-29,2000-04-12,1,11059
5863,1003,1322184,1997-10-23,2006-02-16,1,13195
5864,1003,1332418,1994-10-06,1994-10-06,1,9044
5865,1003,1347450,2006-02-16,2006-02-16,1,13195
5866,1003,1361711,1947-04-03,1947-04-03,1,-8309
5867,1003,1539403,1978-09-21,2005-09-14,29,13040
5868,1004,974166,2003-08-24,2003-08-24,1,12288
5869,1004,1125315,2015-06-08,2015-06-22,1,16608
5870,1004,1125315,2017-06-09,2017-06-16,1,17333
5871,1004,1503297,2001-08-19,2001-08-19,1,11553
5872,1004,1557272,2017-02-26,2017-02-26,1,17223
5873,1004,1596977,2006-09-03,2006-09-03,1,13394
5874,1004,46221581,2006-09-03,2006-09-03,1,13394
5875,1005,1125315,2014-09-03,2014-09-17,1,16330
5876,1005,1125315,2017-08-23,2017-09-06,1,17415
5877,1005,1500211,2016-03-23,2017-03-18,1,17243
5878,1005,1521369,2009-04-23,2011-04-13,2,15077
5879,1005,1521369,2013-04-08,2015-03-29,2,16523
5880,1005,1521369,2017-03-18,2018-03-13,2,17603
5881,1005,1589505,2012-04-07,2013-04-08,1,15803
5882,1006,1125315,2009-02-07,2009-02-21,1,14296
5883,1006,1177480,2011-02-11,2011-03-13,1,15046
5884,1007,974166,1992-05-17,1992-05-17,1,8172
5885,1007,1115008,2014-10-26,2014-11-23,1,16397
5886,1007,1125315,2017-06-18,2017-07-02,1,17349
5887,1008,974166,1989-04-20,1989-04-20,1,7049
5888,1008,1125315,2016-12-14,2016-12-28,1,17163
5889,1009,1125315,2009-09-27,2009-10-27,1,14544
5890,1009,1177480,2012-12-10,2012-12-24,1,15698
5891,1009,1713332,2012-12-10,2012-12-24,1,15698
5892,1009,1729720,2012-07-30,2012-08-10,1,15562
5893,1010,974166,1995-03-18,1995-03-18,1,9207
5894,1010,1125315,2009-11-30,2009-12-21,1,14599
5895,1010,1125315,2010-04-12,2010-04-19,1,14718
5896,1010,1125315,2018-09-29,2018-10-13,1,17817
5897,1010,1149380,1981-01-28,1981-01-28,1,4045
5898,1010,1150770,1977-10-04,1977-10-04,1,2833
5899,1010,1154343,1981-01-28,1981-01-28,1,4045
5900,1010,1521369,2009-06-03,2010-08-29,2,14850
5901,1010,1521369,2013-07-06,2016-06-20,3,16972
5902,1010,1589505,2008-06-01,2009-06-03,1,14398
5903,1010,1713332,2011-11-21,2011-12-05,1,15313
5904,1010,1759842,2011-11-21,2011-12-05,1,15313
5905,1011,1115008,2001-06-16,2001-06-16,1,11489
5906,1011,1125315,2015-04-25,2015-05-02,1,16557
5907,1011,1315942,2001-10-30,2001-10-30,1,11625
5908,1011,1351541,2001-10-30,2001-10-30,1,11625
5909,1011,1539403,1996-10-22,2018-10-17,23,17821
5910,1012,757627,2018-04-03,2018-04-03,1,17624
5911,1012,1125315,2013-11-01,2013-11-22,1,16031
5912,1012,1322184,2010-07-20,2010-07-20,1,14810
5913,1012,1347450,2010-07-20,2010-07-20,1,14810
5914,1012,1557272,2018-09-11,2018-09-11,1,17785
5915,1013,974166,2001-11-20,2001-11-20,1,11646
5916,1013,1503297,2013-12-03,2013-12-03,1,16042
5917,1014,1125315,2009-12-10,2009-12-31,1,14609
5918,1015,738818,2016-03-23,2016-03-30,1,16890
5919,1015,1119510,2016-03-23,2016-03-30,1,16890
5920,1015,1124957,2012-08-18,2012-11-11,1,15655
5921,1015,1125315,2012-08-18,2012-11-11,2,15655
5922,1015,1125315,2016-03-23,2016-03-30,1,16890
5923,1015,1713332,2012-08-18,2012-09-15,1,15598
5924,1015,1713332,2016-04-02,2016-04-16,1,16907
5925,1015,1713332,2018-05-04,2018-05-25,1,17676
5926,1015,1729720,2012-10-02,2012-10-12,1,15625
5927,1015,1759842,2016-04-02,2016-04-16,1,16907
5928,1015,1759842,2018-05-04,2018-05-25,1,17676
5929,1016,738818,2016-05-29,2016-06-12,1,16964
5930,1016,1119510,2016-05-29,2016-06-12,1,16964
5931,1016,1125315,2016-05-29,2016-06-12,1,16964
5932,1016,1500211,2015-07-07,2016-07-01,1,16983
5933,1016,1519936,2014-07-12,2015-07-07,1,16623
5934,1017,974166,1994-06-01,1994-06-01,1,8917
5935,1017,1177480,1993-11-08,1993-11-22,1,8726
5936,1017,1322184,2003-03-12,2003-03-12,1,12123
5937,1017,1347450,2003-03-12,2003-03-12,1,12123
5938,1017,1503184,1993-11-15,1994-11-10,1,9079
5939,1017,1503184,1999-02-02,2000-01-28,1,10984
5940,1017,1515774,1992-11-20,1993-11-15,1,8719
5941,1017,1515774,1994-11-10,1995-11-05,1,9439
5942,1017,1515774,1997-02-12,1998-02-07,1,10264
5943,1017,1521369,1993-11-15,1994-11-10,1,9079
5944,1017,1521369,1999-02-02,2001-01-22,2,11344
5945,1017,1549786,1992-11-20,1993-11-15,1,8719
5946,1017,1549786,1994-11-10,1995-11-05,1,9439
5947,1017,1549786,1997-02-12,1998-02-07,1,10264
5948,1017,1549786,2000-01-28,2001-01-22,1,11344
5949,1017,1595799,2000-01-28,2001-01-22,1,11344
5950,1017,19127890,1992-11-20,1995-11-05,3,9439
5951,1017,19127890,1997-02-12,1998-02-07,1,10264
5952,1017,19127890,1999-02-02,2000-01-28,1,10984
5953,1018,1125315,2013-01-03,2013-01-17,1,15722
5954,1018,1149196,2009-09-11,2009-09-11,1,14498
5955,1018,1149380,2012-12-08,2012-12-08,1,15682
5956,1018,1154343,2012-12-08,2012-12-08,1,15682
5957,1018,1177480,2009-07-30,2009-08-13,1,14469
5958,1018,1177480,2012-01-29,2012-02-12,1,15382
5959,1018,1343916,2009-09-11,2009-09-11,1,14498
5960,1018,1713332,2009-07-30,2009-08-13,1,14469
5961,1018,1713332,2012-01-29,2012-02-12,1,15382
5962,1018,1778162,2013-01-03,2013-01-17,1,15722
5963,1019,1177480,2009-10-02,2009-10-16,1,14533
5964,1019,1177480,2010-05-05,2010-05-19,1,14748
5965,1019,1713332,2010-05-05,2010-05-19,1,14748
5966,1020,738818,1992-06-14,1992-06-28,1,8214
5967,1020,738818,1993-11-08,1993-11-22,1,8726
5968,1020,974166,1934-09-06,1934-09-06,1,-12901
5969,1020,1119510,1992-06-14,1992-06-28,1,8214
5970,1020,1119510,1993-11-08,1993-11-22,1,8726
5971,1020,1124957,1988-09-19,1990-02-10,1,7345
5972,1020,1125315,1988-09-19,1990-02-10,2,7345
5973,1020,1125315,1992-06-14,1992-06-28,1,8214
5974,1020,1125315,1993-11-08,1993-11-22,1,8726
5975,1020,1307863,1988-03-31,1988-03-31,1,6664
5976,1020,1310149,1988-03-31,1988-03-31,1,6664
5977,1020,1318011,1965-12-30,1965-12-30,1,-1463
5978,1020,1326303,1988-03-31,1988-03-31,1,6664
5979,1020,1347450,1990-04-19,1990-04-19,1,7413
5980,1020,1388796,1965-12-30,1965-12-30,1,-1463
5981,1020,1539403,1964-10-29,1993-10-22,30,8695
5982,1020,1768849,1988-09-19,1988-10-17,1,6864
5983,1021,1125315,2012-11-05,2012-11-26,1,15670
5984,1022,920293,2013-01-24,2013-01-31,1,15736
5985,1022,933724,2013-01-24,2013-01-31,1,15736
5986,1022,1519936,2016-01-27,2017-01-21,1,17187
5987,1022,1519936,2018-01-16,2018-01-16,1,17547
5988,1022,1521369,2008-12-08,2009-12-03,1,14581
5989,1022,1549786,2008-12-08,2009-12-03,1,14581
5990,1022,1549786,2018-01-16,2018-01-16,1,17547
5991,1022,1595799,2008-12-08,2009-12-03,1,14581
5992,1023,1125315,2016-01-26,2016-02-09,1,16840
5993,1023,1549786,2010-11-01,2011-10-27,1,15274
5994,1023,1589505,2009-11-02,2012-10-29,3,15642
5995,1024,974166,1991-12-15,1991-12-15,1,8018
5996,1024,1503297,2001-12-30,2001-12-30,1,11686
5997,1024,1519936,2009-09-22,2010-09-17,1,14869
5998,1024,1519936,2012-09-15,2013-09-10,1,15958
5999,1024,1521369,2006-10-08,2007-10-03,1,13789
6000,1024,1521369,2014-09-10,2015-09-05,1,16683
6001,1024,1521369,2017-09-06,2018-09-01,2,17775
6002,1024,1550023,2017-11-12,2017-11-12,1,17482
6003,1024,1589505,2013-09-10,2014-09-10,1,16323
6004,1024,1596977,2016-12-11,2017-11-12,1,17482
6005,1024,1713332,2015-06-19,2015-07-10,1,16626
6006,1024,1713332,2016-07-10,2016-07-17,1,16999
6007,1024,1759842,2015-06-19,2015-07-10,1,16626
6008,1024,1759842,2016-07-10,2016-07-17,1,16999
6009,1024,46221581,2016-12-11,2017-11-12,1,17482
6010,1025,1107830,2002-06-23,2002-06-23,1,11861
6011,1025,1125315,2011-09-21,2011-10-05,1,15252
6012,1025,1125315,2018-07-25,2018-08-01,1,17744
6013,1025,1343916,2002-06-23,2002-06-23,1,11861
6014,1025,1515774,2015-09-08,2016-09-02,1,17046
6015,1025,1549786,2015-09-08,2016-09-02,1,17046
6016,1025,1551099,2010-12-23,2010-12-23,1,14966
6017,1025,1589505,2018-08-23,2018-08-23,1,17766
6018,1025,19127890,2015-09-08,2016-09-02,1,17046
6019,1026,1125315,2009-05-12,2009-05-19,1,14383
6020,1026,1125315,2011-02-12,2011-02-19,1,15024
6021,1026,1503297,1994-12-23,1994-12-23,1,9122
6022,1026,40170911,2004-03-12,2012-04-27,1,15457
6023,1026,40170911,2013-05-03,2014-05-09,1,16199
6024,1026,40170911,2015-05-15,2016-05-20,1,16941
6025,1027,1125315,2013-11-17,2013-11-24,1,16033
6026,1027,1713332,2015-11-03,2015-11-17,1,16756
6027,1027,1759842,2015-11-03,2015-11-17,1,16756
6028,1028,1521369,2008-05-14,2009-05-09,1,14373
6029,1028,1521369,2014-04-17,2015-04-12,1,16537
6030,1028,1521369,2018-03-27,2018-04-02,1,17623
6031,1028,1589505,2013-04-18,2014-04-17,1,16177
6032,1028,1713332,2016-07-28,2016-08-18,1,17031
6033,1028,1729720,2017-09-15,2017-09-26,1,17435
6034,1028,1759842,2016-07-28,2016-08-18,1,17031
6035,1029,975125,2012-04-23,2012-04-23,1,15453
6036,1029,1107830,2012-05-06,2012-05-06,1,15466
6037,1029,1125315,2013-08-10,2013-08-24,1,15941
6038,1029,1343916,2012-05-06,2012-05-06,1,15466
6039,1029,1729720,2010-02-07,2010-02-17,1,14657
6040,1030,738818,2012-04-07,2012-04-21,1,15451
6041,1030,1119510,2012-04-07,2012-04-21,1,15451
6042,1030,1125315,2012-04-07,2012-04-21,1,15451
6043,1030,1125315,2016-06-15,2016-06-29,1,16981
6044,1030,1150770,1980-10-12,1980-10-12,1,3937
6045,1031,738818,2018-10-14,2018-10-21,1,17825
6046,1031,1119510,2018-10-14,2018-10-21,1,17825
6047,1031,1125315,2015-04-17,2015-05-01,1,16556
6048,1031,1125315,2018-10-14,2018-10-21,1,17825
6049,1031,1177480,2012-02-16,2012-03-01,1,15400
6050,1031,1177480,2012-09-27,2012-10-11,1,15624
6051,1031,1713332,2012-09-27,2012-10-11,1,15624
6052,1031,1713332,2015-04-17,2015-05-01,1,16556
6053,1031,1713332,2016-08-30,2016-09-13,1,17057
6054,1031,1759842,2016-08-30,2016-09-13,1,17057
6055,1031,1778162,2012-02-16,2012-03-01,1,15400
6056,1032,1713332,2009-05-31,2009-06-21,1,14416
6057,1032,1729720,2014-03-31,2014-04-13,1,16173
6058,1032,1759842,2009-05-31,2009-06-21,1,14416
6059,1033,1115008,2013-10-04,2013-11-01,1,16010
6060,1033,1125315,2012-10-18,2012-11-08,1,15652
6061,1033,1713332,2012-08-15,2012-09-05,1,15588
6062,1033,1713332,2013-03-10,2013-03-17,1,15781
6063,1033,1729720,2011-12-11,2011-12-21,1,15329
6064,1033,1759842,2012-08-15,2012-09-05,1,15588
6065,1033,1759842,2013-03-10,2013-03-17,1,15781
6066,1034,1115008,2015-04-25,2015-07-24,1,16640
6067,1034,1125315,2017-03-02,2017-03-02,1,17227
6068,1034,1174888,2017-03-02,2017-03-02,1,17227
6069,1034,1322184,2003-12-04,2017-03-02,1,17227
6070,1034,1332418,1994-10-13,1994-10-13,1,9051
6071,1034,1361711,2003-12-04,2017-03-02,1,17227
6072,1034,1539403,1991-09-26,1991-09-26,1,7938
6073,1034,1545958,2017-03-02,2017-03-02,1,17227
6074,1035,974166,1930-05-10,1930-05-10,1,-14481
6075,1035,1115008,1978-05-11,1978-05-11,1,3052
6076,1035,1539403,1967-02-25,2018-02-12,52,17574
6077,1035,1729720,2015-04-10,2015-04-20,1,16545
6078,1036,1125315,2018-03-02,2018-03-16,1,17606
6079,1036,1177480,2010-10-12,2010-11-02,1,14915
6080,1037,1125315,2011-01-16,2011-01-30,1,15004
6081,1038,1322184,2017-01-14,2017-01-14,1,17180
6082,1038,1347450,2017-01-14,2017-01-14,1,17180
6083,1038,1729720,2012-04-13,2012-04-24,1,15454
6084,1039,1115008,2010-01-17,2010-02-07,1,14647
6085,1039,1124957,2018-10-28,2018-11-22,1,17857
6086,1039,1125315,1986-02-03,1986-02-10,1,5884
6087,1039,1125315,1994-04-30,1994-05-07,1,8892
6088,1039,1125315,2013-01-22,2013-02-26,1,15762
6089,1039,1125315,2013-12-20,2013-12-27,1,16066
6090,1039,1125315,2018-10-28,2018-11-22,2,17857
6091,1042,701322,2013-05-29,2013-05-29,1,15854
6092,1042,757627,2011-04-10,2011-04-10,1,15074
6093,1043,1115008,2011-11-11,2011-12-11,1,15319
6094,1043,1115008,2015-09-21,2015-10-12,1,16720
6095,1043,1729720,2015-07-14,2015-07-24,1,16640
6096,1045,1177480,2018-03-07,2018-03-21,1,17611
6097,1046,1177480,2016-02-11,2016-05-11,1,16932
6098,1046,1713332,2014-12-08,2014-12-22,1,16426
6099,1046,1759842,2014-12-08,2014-12-22,1,16426
6100,1047,1125315,2011-02-23,2011-03-30,1,15063
6101,1047,1192710,1986-08-06,1986-08-06,1,6061
6102,1047,1713332,2017-05-29,2017-06-19,1,17336
6103,1047,1759842,2017-05-29,2017-06-19,1,17336
6104,1048,738818,2011-04-28,2011-05-12,1,15106
6105,1048,1119510,2011-04-28,2011-05-12,1,15106
6106,1048,1125315,2011-04-28,2011-05-12,1,15106
6107,1049,1125315,2014-01-03,2014-01-17,1,16087
6108,1049,1177480,2016-01-03,2016-01-17,1,16817
6109,1050,1177480,2010-11-09,2010-12-14,1,14957
6110,1050,1512674,2012-07-06,2013-07-01,1,15887
6111,1050,1518198,2009-07-22,2010-07-17,1,14807
6112,1050,1521369,2008-07-27,2009-07-22,1,14447
6113,1050,1521369,2013-07-01,2014-06-26,1,16247
6114,1050,1549786,2009-07-22,2010-07-17,1,14807
6115,1050,1549786,2011-07-12,2013-07-01,2,15887
6116,1050,1589505,2011-07-12,2012-07-06,1,15527
6117,1050,1589505,2015-02-14,2016-02-16,1,16847
6118,1050,1713332,2011-12-10,2011-12-24,1,15332
6119,1050,1759842,2011-12-10,2011-12-24,1,15332
6120,1050,19127890,2011-07-12,2013-07-01,2,15887
6121,1051,1115008,2016-06-25,2016-06-25,1,16977
6122,1052,974166,1987-06-01,1987-06-01,1,6360
6123,1052,1713332,2009-11-09,2009-11-30,1,14578
6124,1052,1759842,2009-11-09,2009-11-30,1,14578
6125,1054,1125315,2016-03-27,2016-05-01,1,16922
6126,1054,1177480,2012-07-16,2012-07-30,1,15551
6127,1054,1778162,2012-07-16,2012-07-30,1,15551
6128,1055,974166,1983-09-18,1983-09-18,1,5008
6129,1055,1521369,2008-09-10,2009-09-05,1,14492
6130,1055,1521369,2014-09-06,2015-09-01,1,16679
6131,1056,1149380,1963-06-08,1963-06-08,1,-2399
6132,1056,1154343,1963-06-08,1963-06-08,1,-2399
6133,1056,1322184,2005-05-05,2005-05-05,1,12908
6134,1056,1332418,2005-05-05,2005-05-05,1,12908
6135,1056,1361711,2005-05-05,2005-05-05,1,12908
6136,1056,1503297,2009-05-14,2009-05-14,1,14378
6137,1056,1539403,2005-05-05,2005-05-05,1,12908
6138,1057,1115008,1987-09-01,1987-09-01,1,6452
6139,1058,1177480,2010-06-06,2010-06-27,1,14787
6140,1058,1500211,2015-01-16,2016-01-11,1,16811
6141,1058,1519936,2017-01-05,2017-12-31,1,17531
6142,1058,1521369,2016-01-11,2017-01-05,1,17171
6143,1058,1589505,2014-01-17,2015-01-16,1,16451
6144,1059,1713332,2012-02-14,2012-02-21,1,15391
6145,1059,1759842,2012-02-14,2012-02-21,1,15391
6146,1060,1125315,2017-11-27,2017-12-04,1,17504
6147,1060,1125315,2018-07-24,2018-08-07,1,17750
6148,1060,1778162,2018-07-24,2018-08-07,1,17750
6149,1062,974166,2008-04-19,2008-04-19,1,13988
6150,1062,1129625,1994-03-16,1994-03-16,1,8840
6151,1062,1177480,2015-02-20,2015-03-13,1,16507
6152,1062,1343916,1994-03-25,1994-03-25,1,8849
6153,1063,1125315,2014-12-30,2015-01-13,1,16448
6154,1063,1125315,2016-09-11,2016-09-25,1,17069
6155,1063,1713332,2014-12-30,2015-01-13,1,16448
6156,1063,1713332,2016-09-11,2016-09-25,1,17069
6157,1064,1115008,1953-09-15,1953-09-15,1,-5952
6158,1064,1125315,1997-05-02,1997-05-16,1,9997
6159,1064,1125315,2002-09-29,2002-10-06,1,11966
6160,1064,1125315,2004-01-06,2004-01-13,1,12430
6161,1064,1125315,2005-12-30,2006-01-13,1,13161
6162,1064,1307863,1988-05-23,1988-05-23,1,6717
6163,1064,1310149,1988-05-23,1988-05-23,1,6717
6164,1064,1322184,2002-11-11,2002-11-11,1,12002
6165,1064,1322184,2004-09-20,2004-09-20,1,12681
6166,1064,1322184,2007-03-19,2007-03-19,1,13591
6167,1064,1326303,1988-05-23,1988-05-23,1,6717
6168,1064,1347450,2002-11-11,2002-11-11,1,12002
6169,1064,1347450,2004-09-20,2004-09-20,1,12681
6170,1064,1347450,2007-03-19,2007-03-19,1,13591
6171,1064,1713332,2004-06-09,2004-06-16,1,12585
6172,1064,1759842,2004-06-09,2004-06-16,1,12585
6173,1065,974166,2013-08-13,2014-08-19,2,16301
6174,1065,1115008,2011-04-18,2011-05-09,1,15103
6175,1065,1124957,2013-10-21,2013-10-28,1,16006
6176,1066,757627,2018-01-18,2018-01-18,1,17549
6177,1066,1125315,2014-05-24,2014-05-31,1,16221
6178,1066,1177480,2017-02-10,2017-02-24,1,17221
6179,1067,1125315,2011-09-18,2011-10-02,1,15249
6180,1067,1519936,2017-04-12,2018-04-07,1,17628
6181,1067,1521369,2012-08-15,2013-06-10,1,15866
6182,1067,1521369,2016-04-17,2017-04-12,1,17268
6183,1067,1549786,2017-04-12,2018-04-07,1,17628
6184,1067,1589505,2009-08-26,2010-08-26,1,14847
6185,1067,1729720,2009-07-26,2009-08-04,1,14460
6186,1068,974166,1941-05-23,1941-05-23,1,-10450
6187,1068,1124957,1994-07-19,1994-07-26,1,8972
6188,1068,1124957,1994-10-31,1994-11-14,1,9083
6189,1068,1125315,1994-06-12,1994-07-26,2,8942
6190,1068,1125315,1994-09-24,1994-10-01,1,9039
6191,1068,1174888,1994-06-12,1994-06-19,1,8935
6192,1068,1174888,1994-09-24,1994-10-01,1,9039
6193,1068,1177480,1999-09-08,1999-09-29,1,10863
6194,1068,1307863,1990-01-19,1990-01-19,1,7323
6195,1068,1310149,1990-01-19,1990-01-19,1,7323
6196,1068,1322184,2004-05-28,2004-05-28,1,12566
6197,1068,1326303,1990-01-19,1990-01-19,1,7323
6198,1068,1347450,2004-05-28,2004-05-28,1,12566
6199,1068,1713332,2000-12-02,2000-12-16,1,11307
6200,1068,1713332,2004-04-05,2004-04-26,1,12534
6201,1068,1759842,2000-12-02,2000-12-16,1,11307
6202,1068,1759842,2004-04-05,2004-04-26,1,12534
6203,1069,1125315,2011-04-05,2011-05-10,1,15104
6204,1069,1125315,2012-09-27,2012-10-11,1,15624
6205,1069,1125315,2013-07-12,2013-07-26,1,15912
6206,1069,1177480,2011-07-04,2011-07-18,1,15173
6207,1069,1177480,2014-07-25,2014-08-08,1,16290
6208,1069,1713332,2011-07-04,2011-07-18,1,15173
6209,1069,1713332,2013-07-12,2013-07-26,1,15912
6210,1069,1713332,2014-07-25,2014-08-08,1,16290
6211,1069,1729720,2009-07-16,2009-07-27,1,14452
6212,1070,1125315,2009-09-29,2009-10-13,1,14530
6213,1070,1500211,2014-05-25,2015-05-20,1,16575
6214,1070,1500211,2016-05-14,2017-05-09,1,17295
6215,1070,1521369,2008-06-17,2009-06-12,1,14407
6216,1070,1521369,2010-06-15,2011-06-10,1,15135
6217,1070,1521369,2012-06-04,2014-05-25,2,16215
6218,1070,1521369,2015-05-20,2016-05-14,1,16935
6219,1070,1521369,2017-05-09,2018-05-04,1,17655
6220,1070,1589505,2009-06-12,2010-06-15,1,14775
6221,1070,1713332,2014-06-25,2014-07-02,1,16253
6222,1070,1759842,2014-06-25,2014-07-02,1,16253
6223,1071,1125315,2011-03-20,2011-06-18,1,15143
6224,1071,1125315,2016-12-18,2017-01-01,1,17167
6225,1072,974166,1985-02-11,1985-02-11,1,5520
6226,1072,1125315,2010-04-17,2010-04-24,1,14723
6227,1072,1500211,2010-02-27,2011-02-22,1,15027
6228,1072,1521369,2009-03-04,2010-02-27,1,14667
6229,1072,1521369,2011-02-22,2013-02-11,2,15747
6230,1072,1539403,2017-05-22,2018-05-22,2,17673
6231,1072,1589505,2013-02-11,2014-02-13,1,16114
6232,1072,1589505,2016-02-03,2017-02-02,1,17199
6233,1073,738818,2018-08-01,2018-08-08,1,17751
6234,1073,974166,1988-11-15,1988-11-15,1,6893
6235,1073,1115008,2014-06-06,2014-06-06,1,16227
6236,1073,1119510,2018-08-01,2018-08-08,1,17751
6237,1073,1125315,2018-08-01,2018-08-08,1,17751
6238,1073,1322184,1999-02-09,1999-02-09,1,10631
6239,1073,1332418,1994-07-26,1994-07-26,1,8972
6240,1073,1361711,1971-05-25,1971-05-25,1,509
6241,1073,1500211,2016-01-22,2017-01-16,1,17182
6242,1073,1500211,2018-01-11,2019-01-06,1,17902
6243,1073,1519936,2010-02-08,2011-02-03,1,15008
6244,1073,1521369,2009-02-13,2010-02-08,1,14648
6245,1073,1521369,2012-01-29,2013-01-23,1,15728
6246,1073,1521369,2014-01-24,2015-01-19,1,16454
6247,1073,1539403,1991-07-23,1991-07-23,1,7873
6248,1073,1589505,2013-01-23,2014-01-24,1,16094
6249,1073,1589505,2015-01-19,2016-01-22,1,16822
6250,1074,1125315,2016-10-29,2016-12-03,1,17138
6251,1075,1124957,2016-04-18,2016-04-25,1,16916
6252,1075,1124957,2016-10-13,2016-11-03,1,17108
6253,1075,1124957,2017-05-09,2018-02-28,5,17470
6254,1075,1124957,2018-05-20,2018-05-27,1,17678
6255,1075,1125315,2016-06-24,2016-07-15,1,16997
6256,1075,1125315,2016-10-13,2016-11-03,1,17108
6257,1075,1125315,2017-02-01,2017-02-08,1,17205
6258,1075,1125315,2017-08-17,2017-10-14,2,17423
6259,1075,1125315,2018-02-21,2018-04-20,2,17611
6260,1075,1125315,2018-09-24,2018-10-01,1,17805
6261,1075,1174888,2016-06-24,2016-07-15,1,16997
6262,1075,1174888,2017-02-01,2017-02-08,1,17205
6263,1075,1174888,2018-03-30,2018-04-20,1,17641
6264,1075,1174888,2018-09-24,2018-10-01,1,17805
6265,1075,1512674,2017-11-02,2018-10-28,1,17832
6266,1075,1518198,2016-11-07,2017-11-02,1,17472
6267,1075,1549786,2016-11-07,2018-10-28,2,17832
6268,1075,19127890,2017-11-02,2018-10-28,1,17832
6269,1078,974166,1941-04-25,1941-04-25,1,-10478
6270,1078,1112807,1966-03-30,1966-06-28,1,-1283
6271,1078,1125315,1966-03-30,1966-03-30,1,-1373
6272,1078,1125315,1970-12-05,1970-12-19,1,352
6273,1078,1174888,1966-03-30,1966-03-30,1,-1373
6274,1078,1361711,1964-07-31,1971-09-10,1,617
6275,1078,1503297,1959-07-24,1959-07-24,1,-3814
6276,1078,1713332,1964-01-29,1964-02-05,1,-2157
6277,1078,1759842,1964-01-29,1964-02-05,1,-2157
6278,1079,738818,2009-09-07,2009-09-14,1,14501
6279,1079,1119510,2009-09-07,2009-09-14,1,14501
6280,1079,1125315,2009-09-07,2009-09-14,1,14501
6281,1079,1125315,2015-07-11,2015-07-25,1,16641
6282,1079,1512674,2012-11-28,2013-11-23,1,16032
6283,1079,1519936,2008-12-19,2009-12-14,1,14592
6284,1079,1521369,2010-12-09,2011-12-04,1,15312
6285,1079,1548195,2014-11-18,2015-11-13,1,16752
6286,1079,1549786,2008-12-19,2009-12-14,1,14592
6287,1079,1549786,2012-11-28,2013-11-23,1,16032
6288,1079,1589505,2015-11-13,2016-11-11,1,17116
6289,1079,19054876,2014-11-18,2015-11-13,1,16752
6290,1079,19127890,2012-11-28,2013-11-23,1,16032
6291,1079,19127890,2014-11-18,2015-11-13,1,16752
6292,1080,1125315,2015-03-19,2015-04-02,1,16527
6293,1080,1137529,2004-05-13,2004-05-13,1,12551
6294,1080,1149380,2004-05-13,2004-05-13,1,12551
6295,1080,1713332,2009-10-19,2009-10-26,1,14543
6296,1080,1759842,2009-10-19,2009-10-26,1,14543
6297,1081,1177480,2016-06-05,2016-06-19,1,16971
6298,1081,1713332,2016-06-05,2016-06-19,1,16971
6299,1082,1518198,2011-03-22,2012-03-16,1,15415
6300,1082,1519936,2018-02-23,2018-02-23,1,17585
6301,1082,1521369,2009-04-01,2010-03-27,1,14695
6302,1082,1521369,2014-03-06,2015-03-01,1,16495
6303,1082,1549786,2011-03-22,2013-03-11,2,15775
6304,1082,1549786,2015-03-01,2016-02-24,1,16855
6305,1082,1589505,2012-03-16,2013-03-11,1,15775
6306,1082,1589505,2015-03-01,2017-02-24,2,17221
6307,1082,19127890,2015-03-01,2016-02-24,1,16855
6308,1083,975125,2008-09-25,2008-09-25,1,14147
6309,1083,1149380,1983-09-26,1983-09-26,1,5016
6310,1083,1153428,2008-10-06,2008-10-06,1,14158
6311,1083,1154343,1983-09-26,1983-09-26,1,5016
6312,1083,1343916,2008-10-06,2008-10-06,1,14158
6313,1083,1500211,2010-04-18,2011-04-13,1,15077
6314,1083,1512674,2015-03-28,2016-03-22,1,16882
6315,1083,1521369,2005-12-10,2006-12-05,1,13487
6316,1083,1521369,2011-04-13,2012-04-07,1,15437
6317,1083,1521369,2017-03-17,2018-03-12,2,17602
6318,1083,1549786,2015-03-28,2017-03-17,2,17242
6319,1083,1589505,2009-04-16,2010-04-18,1,14717
6320,1083,1589505,2012-04-07,2013-04-07,1,15802
6321,1083,1589505,2016-03-22,2017-03-17,1,17242
6322,1083,19127890,2015-03-28,2016-03-22,1,16882
6323,1084,1125315,2010-01-14,2010-01-28,1,14637
6324,1084,1125315,2012-03-02,2012-05-31,1,15491
6325,1084,1125315,2015-05-05,2015-05-12,1,16567
6326,1084,1177480,2016-03-11,2016-04-15,1,16906
6327,1084,1729720,2016-03-24,2016-04-06,1,16897
6328,1085,1318011,2015-06-24,2015-06-24,1,16610
6329,1085,1388796,2015-06-24,2015-06-24,1,16610
6330,1085,1539403,2005-04-25,2017-04-22,13,17278
6331,1086,1125315,2010-03-21,2010-04-06,1,14705
6332,1086,1125315,2014-10-13,2014-10-27,1,16370
6333,1086,1174888,2010-03-21,2010-04-06,1,14705
6334,1086,1177480,2010-03-21,2010-04-25,1,14724
6335,1086,1518198,2018-04-24,2018-04-24,1,17645
6336,1086,1519936,2015-05-10,2016-05-04,1,16925
6337,1086,1521369,2010-10-17,2011-10-12,1,15259
6338,1086,1521369,2016-05-04,2018-04-24,2,17645
6339,1086,1539403,2016-11-20,2018-11-20,3,17855
6340,1086,1549786,2018-04-24,2018-04-24,1,17645
6341,1086,1589505,2012-10-10,2013-10-09,1,15987
6342,1086,1713332,2010-03-21,2010-04-25,1,14724
6343,1086,1729720,2015-08-01,2015-08-09,1,16656
6344,1087,1318011,1993-05-16,1993-05-16,1,8536
6345,1087,1388796,1993-05-16,1993-05-16,1,8536
6346,1088,974166,1972-08-12,1972-08-12,1,954
6347,1088,1125315,2012-01-07,2012-03-07,1,15406
6348,1088,1149380,1955-10-11,1955-10-11,1,-5196
6349,1088,1154343,1955-10-11,1955-10-11,1,-5196
6350,1088,1539403,2009-08-15,2018-08-13,10,17756
6351,1089,705944,2004-06-02,2011-06-11,1,15136
6352,1089,974166,2011-10-22,2018-11-03,2,17838
6353,1089,1521369,2012-05-06,2013-05-01,1,15826
6354,1089,1521369,2014-04-26,2017-04-10,3,17266
6355,1090,738818,2010-10-08,2010-10-15,1,14897
6356,1090,1107830,2003-05-23,2003-05-23,1,12195
6357,1090,1119510,2010-10-08,2010-10-15,1,14897
6358,1090,1125315,2010-10-08,2010-10-15,1,14897
6359,1090,1343916,2003-05-23,2003-05-23,1,12195
6360,1090,1512674,2016-08-07,2017-08-02,1,17380
6361,1090,1521369,2017-08-02,2018-07-28,1,17740
6362,1090,1549786,2016-08-07,2017-08-02,1,17380
6363,1090,1549786,2018-07-28,2018-07-28,1,17740
6364,1090,1589505,2018-07-28,2018-07-28,1,17740
6365,1090,19127890,2016-08-07,2017-08-02,1,17380
6366,1091,1115008,2003-12-29,2009-06-18,1,14413
6367,1091,1518198,2011-10-06,2012-09-30,1,15613
6368,1091,1521369,2008-10-21,2009-10-16,1,14533
6369,1091,1521369,2010-10-11,2011-10-06,1,15253
6370,1091,1521369,2013-09-25,2014-09-20,1,16333
6371,1091,1549786,2011-10-06,2012-09-30,1,15613
6372,1092,1125315,2017-04-17,2017-05-01,1,17287
6373,1094,914335,2013-01-17,2013-01-17,1,15722
6374,1094,1125315,2014-11-12,2014-11-26,1,16400
6375,1094,1309944,2013-01-17,2013-01-17,1,15722
6376,1094,1343916,2013-01-17,2013-01-17,1,15722
6377,1094,1539403,1989-07-06,2018-06-29,30,17711
6378,1095,1107830,1996-03-07,1996-03-07,1,9562
6379,1095,1149380,1998-03-30,1998-03-30,1,10315
6380,1095,1154343,1998-03-30,1998-03-30,1,10315
6381,1095,1343916,1996-03-07,1996-03-07,1,9562
6382,1095,1512674,2015-02-17,2016-02-12,1,16843
6383,1095,1521369,2011-03-10,2012-03-04,1,15403
6384,1095,1548195,2018-02-08,2018-02-08,1,17570
6385,1095,1549786,2010-03-15,2011-03-10,1,15043
6386,1095,1549786,2013-02-27,2014-02-22,1,16123
6387,1095,1549786,2015-02-17,2016-02-12,1,16843
6388,1095,1589505,2010-03-15,2011-03-10,1,15043
6389,1095,1589505,2013-02-27,2014-02-22,1,16123
6390,1095,1589505,2016-02-12,2017-02-13,1,17210
6391,1095,19054876,2018-02-08,2018-02-08,1,17570
6392,1095,19127890,2015-02-17,2016-02-12,1,16843
6393,1095,19127890,2018-02-08,2018-02-08,1,17570
6394,1096,974166,1975-03-30,1975-03-30,1,1914
6395,1096,1125315,2018-12-23,2018-12-30,1,17895
6396,1096,1177480,2013-04-06,2013-04-27,1,15822
6397,1096,1307863,2015-04-26,2015-04-26,1,16551
6398,1096,1310149,2015-04-26,2015-04-26,1,16551
6399,1096,1326303,2015-04-26,2015-04-26,1,16551
6400,1096,1713332,2013-06-21,2013-06-28,1,15884
6401,1096,1759842,2013-06-21,2013-06-28,1,15884
6402,1098,974166,1967-11-25,1967-11-25,1,-768
6403,1098,1115008,2005-05-21,2005-05-21,1,12924
6404,1098,1125315,1999-08-18,1999-08-25,1,10828
6405,1098,1322184,2006-06-24,2006-06-24,1,13323
6406,1098,1347450,2006-06-24,2006-06-24,1,13323
6407,1099,1102527,2010-11-27,2010-12-28,1,14971
6408,1099,1115008,2010-11-20,2011-01-26,1,15000
6409,1100,974166,1930-08-04,1930-08-04,1,-14395
6410,1100,1112807,1973-05-19,1973-06-02,1,1248
6411,1100,1115008,1943-09-18,1943-09-18,1,-9602
6412,1100,1378382,1976-03-30,1976-04-29,2,2280
6413,1100,1378382,1976-05-31,1976-05-31,1,2342
6414,1100,1378382,1976-07-03,1976-07-03,1,2375
6415,1100,1378382,1976-08-03,1976-09-01,2,2406
6416,1100,1378382,1976-10-05,1976-11-02,2,2469
6417,1100,1378382,1976-12-05,1976-12-05,1,2530
6418,1100,1378382,1977-01-07,1977-03-05,3,2563
6419,1100,1378382,1977-04-07,1977-04-07,1,2653
6420,1100,1378382,1977-05-09,1977-05-09,1,2685
6421,1100,1378382,1977-06-12,1977-06-12,1,2719
6422,1100,1378382,1977-07-15,1977-09-13,3,2752
6423,1100,1378382,1977-10-15,1977-10-15,1,2844
6424,1100,1378382,1977-11-16,1977-11-16,1,2876
6425,1100,1378382,1977-12-20,1978-04-16,5,2910
6426,1100,1378382,1978-05-20,1978-06-19,2,3061
6427,1100,1378382,1978-07-23,1978-07-23,1,3125
6428,1100,1378382,1978-08-25,1978-09-23,2,3158
6429,1100,1378382,1978-10-27,1978-11-25,2,3221
6430,1100,1378382,1978-12-29,1979-01-28,2,3284
6431,1100,1378382,1979-03-02,1979-03-02,1,3347
6432,1100,1397599,1976-03-30,1976-04-29,2,2280
6433,1100,1397599,1976-05-31,1976-05-31,1,2342
6434,1100,1397599,1976-07-03,1976-07-03,1,2375
6435,1100,1397599,1976-08-03,1976-09-01,2,2406
6436,1100,1397599,1976-10-05,1976-11-02,2,2469
6437,1100,1397599,1976-12-05,1976-12-05,1,2530
6438,1100,1397599,1977-01-07,1977-03-05,3,2563
6439,1100,1397599,1977-04-07,1977-04-07,1,2653
6440,1100,1397599,1977-05-09,1977-05-09,1,2685
6441,1100,1397599,1977-06-12,1977-06-12,1,2719
6442,1100,1397599,1977-07-15,1977-09-13,3,2752
6443,1100,1397599,1977-10-15,1977-10-15,1,2844
6444,1100,1397599,1977-11-16,1977-11-16,1,2876
6445,1100,1397599,1977-12-20,1978-04-16,5,2910
6446,1100,1397599,1978-05-20,1978-06-19,2,3061
6447,1100,1397599,1978-07-23,1978-07-23,1,3125
6448,1100,1397599,1978-08-25,1978-09-23,2,3158
6449,1100,1397599,1978-10-27,1978-11-25,2,3221
6450,1100,1397599,1978-12-29,1979-01-28,2,3284
6451,1100,1397599,1979-03-02,1979-03-02,1,3347
6452,1101,1115008,1996-08-24,1996-08-24,1,9732
6453,1101,1125315,2009-01-01,2009-01-01,1,14245
6454,1101,1174888,2009-01-01,2009-01-01,1,14245
6455,1101,1322184,2009-01-01,2009-01-01,1,14245
6456,1101,1361711,2009-01-01,2009-01-01,1,14245
6457,1101,1545958,2009-01-01,2009-01-01,1,14245
6458,1101,1713332,2004-01-16,2004-01-23,1,12440
6459,1101,1759842,2004-01-16,2004-01-23,1,12440
6460,1102,1125315,2012-04-10,2012-04-17,1,15447
6461,1102,1318011,2017-05-19,2017-05-19,1,17305
6462,1102,1388796,2017-05-19,2017-05-19,1,17305
6463,1102,1729720,2010-06-12,2010-06-24,1,14784
6464,1103,1115008,2013-05-07,2013-07-06,1,15892
6465,1103,1125315,2013-05-07,2013-05-12,1,15837
6466,1103,1174888,2013-05-07,2013-05-12,1,15837
6467,1103,1322184,2006-07-22,2006-07-22,1,13351
6468,1103,1332418,2006-07-22,2006-07-22,1,13351
6469,1103,1361711,2006-07-22,2006-07-22,1,13351
6470,1103,1539403,1987-07-04,2018-06-26,33,17708
6471,1104,914335,1995-06-25,1995-06-25,1,9306
6472,1104,1112807,1991-12-19,1992-03-18,1,8112
6473,1104,1177480,1990-11-03,1990-11-24,1,7632
6474,1104,1309944,1995-06-25,1995-06-25,1,9306
6475,1104,1332418,1994-04-24,1994-04-24,1,8879
6476,1104,1343916,1995-06-25,1995-06-25,1,9306
6477,1104,1361711,1990-03-31,1990-03-31,1,7394
6478,1104,1539403,1991-04-06,1991-04-06,1,7765
6479,1104,1713332,1988-08-09,1988-08-16,1,6802
6480,1104,1759842,1988-08-09,1988-08-16,1,6802
6481,1105,974166,1961-05-09,1961-05-09,1,-3159
6482,1105,1115008,1983-03-06,1983-03-06,1,4812
6483,1105,1125315,2013-11-07,2013-11-21,1,16030
6484,1105,1729720,2012-02-21,2012-03-01,1,15400
6485,1106,974166,1970-04-26,1970-04-26,1,115
6486,1106,1539403,1999-07-18,2018-07-13,20,17725
6487,1107,974166,1962-04-01,1962-04-01,1,-2832
6488,1107,1124957,2013-09-01,2013-09-24,1,15972
6489,1107,1125315,2013-09-01,2013-09-24,1,15972
6490,1107,1177480,2013-09-01,2013-10-31,1,16009
6491,1107,1539403,2014-06-01,2018-05-31,5,17682
6492,1108,1308738,2011-10-31,2011-10-31,1,15278
6493,1108,1539403,2003-06-12,2018-06-08,16,17690
6494,1108,1713332,2013-11-16,2013-11-23,1,16032
6495,1108,1759842,2013-11-16,2013-11-23,1,16032
6496,1109,1539403,1996-01-19,2018-01-13,23,17544
6497,1110,738818,2017-08-11,2017-08-25,1,17403
6498,1110,974166,2017-01-04,2017-08-16,2,17394
6499,1110,1119510,2017-08-11,2017-08-25,1,17403
6500,1110,1125315,2009-08-13,2009-09-12,1,14499
6501,1110,1125315,2017-08-11,2017-08-25,1,17403
6502,1110,1153428,2000-01-20,2000-01-20,1,10976
6503,1110,1343916,2000-01-20,2000-01-20,1,10976
6504,1111,738818,2013-05-20,2013-06-03,1,15859
6505,1111,1119510,2013-05-20,2013-06-03,1,15859
6506,1111,1125315,2013-05-20,2013-06-03,1,15859
6507,1111,1307863,2012-09-10,2012-09-10,1,15593
6508,1111,1310149,2012-09-10,2012-09-10,1,15593
6509,1111,1322184,2018-12-17,2018-12-17,1,17882
6510,1111,1326303,2012-09-10,2012-09-10,1,15593
6511,1111,1347450,2018-12-17,2018-12-17,1,17882
6512,1113,974166,1983-05-30,1983-05-30,1,4897
6513,1113,1125315,2016-07-10,2016-07-17,1,16999
6514,1113,1177480,2014-11-14,2014-12-05,1,16409
6515,1113,1503297,2004-07-26,2004-07-26,1,12625
6516,1113,1596977,2010-03-22,2010-03-22,1,14690
6517,1113,46221581,2010-03-22,2010-03-22,1,14690
6518,1114,974166,1990-07-09,1990-07-09,1,7494
6519,1114,1125315,2011-10-25,2011-11-15,1,15293
6520,1114,1125315,2013-12-23,2013-12-30,1,16069
6521,1114,1539403,2012-11-26,2018-11-25,7,17860
6522,1115,1125315,2014-10-11,2014-10-25,1,16368
6523,1115,1177480,2012-12-06,2012-12-20,1,15694
6524,1115,1713332,2012-12-06,2012-12-20,1,15694
6525,1115,1713332,2014-10-11,2014-10-25,1,16368
6526,1116,1115008,2013-08-27,2013-09-10,1,15958
6527,1116,1149380,2002-06-13,2002-06-13,1,11851
6528,1116,1153428,2001-04-14,2001-04-14,1,11426
6529,1116,1154343,2002-06-13,2002-06-13,1,11851
6530,1116,1343916,2001-04-14,2001-04-14,1,11426
6531,1116,1549786,2017-05-18,2018-05-13,1,17664
6532,1116,1589505,2017-05-18,2018-05-13,1,17664
6533,1116,1713332,2013-08-27,2013-09-10,1,15958
6534,1116,19127890,2017-05-18,2018-05-13,1,17664
6535,1117,920293,2012-09-25,2012-10-02,1,15615
6536,1117,933724,2012-09-25,2012-10-02,1,15615
6537,1117,1539403,2017-11-06,2018-11-06,2,17841
6538,1118,1125315,2011-01-03,2011-01-17,1,14991
6539,1118,1177480,2012-08-31,2012-09-14,1,15597
6540,1118,1177480,2017-05-31,2017-07-05,1,17352
6541,1118,1713332,2011-01-03,2011-01-17,1,14991
6542,1118,1713332,2012-08-31,2012-09-14,1,15597
6543,1119,974166,1979-06-02,1979-06-02,1,3439
6544,1119,1115008,2015-10-25,2015-11-08,1,16747
6545,1119,1115008,2018-10-29,2018-11-19,1,17854
6546,1119,1167322,2018-10-29,2018-11-19,1,17854
6547,1119,1729720,2017-10-28,2017-11-04,1,17474
6548,1121,914335,2009-06-08,2009-06-08,1,14403
6549,1121,956874,1962-10-04,1962-10-04,1,-2646
6550,1121,1102527,2000-02-09,2000-02-22,1,11009
6551,1121,1102527,2007-10-21,2007-11-19,1,13836
6552,1121,1125315,2005-11-09,2005-11-30,1,13117
6553,1121,1177480,2000-02-09,2000-04-09,1,11056
6554,1121,1177480,2007-10-21,2007-11-20,1,13837
6555,1121,1307046,1962-10-04,1962-10-04,1,-2646
6556,1121,1309944,2009-06-08,2009-06-08,1,14403
6557,1121,1322184,1997-05-12,1999-05-24,2,10721
6558,1121,1332418,1994-10-24,1994-10-24,1,9062
6559,1121,1343916,2009-06-08,2009-06-08,1,14403
6560,1121,1361711,1987-09-14,1987-09-14,1,6465
6561,1121,1539403,1971-12-20,2008-12-10,39,14223
6562,1121,1557272,2001-06-04,2001-06-04,1,11477
6563,1124,1322184,1997-08-01,1997-08-01,1,10074
6564,1124,1332418,1994-07-15,1994-07-15,1,8961
6565,1124,1361711,1992-12-25,1992-12-25,1,8394
6566,1124,1539403,1992-12-25,1992-12-25,1,8394
6567,1124,1548195,2011-03-23,2012-03-17,1,15416
6568,1124,1549786,2012-03-17,2013-03-12,1,15776
6569,1124,1549786,2014-03-07,2015-03-02,1,16496
6570,1124,1589505,2012-03-17,2013-03-12,1,15776
6571,1124,1589505,2014-03-07,2015-03-02,1,16496
6572,1124,1713332,2011-04-12,2011-05-03,1,15097
6573,1124,1759842,2011-04-12,2011-05-03,1,15097
6574,1124,19054876,2011-03-23,2012-03-17,1,15416
6575,1124,19127890,2011-03-23,2012-03-17,1,15416
6576,1125,974166,2014-01-28,2014-01-28,1,16098
6577,1125,1115008,2009-02-26,2009-04-27,1,14361
6578,1125,1125315,2009-02-26,2009-04-23,1,14357
6579,1125,1174888,2009-02-26,2009-04-23,1,14357
6580,1125,1177480,2010-03-23,2010-04-22,1,14721
6581,1125,1729720,2014-12-14,2014-12-24,1,16428
6582,1128,974166,1941-08-29,1941-08-29,1,-10352
6583,1128,1115008,2013-09-04,2013-12-03,1,16042
6584,1128,1124957,2009-03-05,2009-04-02,1,14336
6585,1128,1124957,2009-10-25,2009-12-15,2,14563
6586,1128,1124957,2010-08-03,2010-08-24,1,14845
6587,1128,1124957,2011-03-23,2011-06-22,1,15147
6588,1128,1124957,2011-11-19,2012-01-21,1,15360
6589,1128,1124957,2012-05-25,2012-08-12,2,15534
6590,1128,1124957,2013-02-13,2013-03-20,1,15784
6591,1128,1124957,2013-05-19,2013-07-30,2,15886
6592,1128,1124957,2014-02-07,2014-03-28,1,16157
6593,1128,1124957,2014-06-10,2014-06-17,1,16238
6594,1128,1124957,2014-08-16,2014-09-27,1,16340
6595,1128,1124957,2014-12-24,2015-01-07,1,16442
6596,1128,1124957,2015-03-08,2015-05-12,2,16537
6597,1128,1124957,2015-07-25,2015-09-19,1,16697
6598,1128,1124957,2016-05-16,2016-05-23,1,16944
6599,1128,1124957,2016-10-07,2016-11-18,1,17123
6600,1128,1124957,2017-03-02,2017-03-16,1,17241
6601,1128,1124957,2017-05-15,2017-06-05,1,17322
6602,1128,1124957,2017-08-04,2017-08-18,1,17396
6603,1128,1124957,2017-12-14,2017-12-28,1,17528
6604,1128,1124957,2018-07-17,2018-09-06,2,17750
6605,1128,1124957,2018-12-05,2018-12-26,1,17891
6606,1128,1125315,2009-07-31,2009-09-25,1,14512
6607,1128,1125315,2010-08-03,2010-12-23,3,14936
6608,1128,1125315,2011-03-23,2011-06-22,1,15147
6609,1128,1125315,2012-03-21,2012-06-08,2,15469
6610,1128,1125315,2012-10-11,2012-11-15,1,15659
6611,1128,1125315,2013-02-13,2013-03-20,1,15784
6612,1128,1125315,2013-08-29,2013-09-12,1,15960
6613,1128,1125315,2013-12-11,2014-01-08,1,16078
6614,1128,1125315,2014-04-27,2014-05-11,1,16201
6615,1128,1125315,2014-10-27,2014-11-24,1,16398
6616,1128,1125315,2015-06-11,2015-06-25,1,16611
6617,1128,1125315,2016-05-16,2016-09-07,2,17021
6618,1128,1125315,2017-01-17,2017-03-16,2,17211
6619,1128,1125315,2017-05-15,2017-06-05,1,17322
6620,1128,1125315,2017-09-17,2017-10-15,1,17454
6621,1128,1125315,2017-12-14,2018-03-12,3,17542
6622,1128,1125315,2018-05-11,2018-05-18,1,17669
6623,1128,1125315,2018-08-30,2018-09-06,1,17780
6624,1128,1174888,2009-07-31,2009-09-25,1,14512
6625,1128,1174888,2010-09-23,2010-12-23,1,14966
6626,1128,1174888,2012-03-21,2012-04-25,1,15455
6627,1128,1174888,2012-10-11,2012-11-15,1,15659
6628,1128,1174888,2013-08-29,2013-09-12,1,15960
6629,1128,1174888,2013-12-11,2014-01-08,1,16078
6630,1128,1174888,2014-04-27,2014-05-11,1,16201
6631,1128,1174888,2014-10-27,2014-11-24,1,16398
6632,1128,1174888,2015-06-11,2015-06-25,1,16611
6633,1128,1174888,2016-06-22,2016-09-07,1,17051
6634,1128,1174888,2017-01-17,2017-01-31,1,17197
6635,1128,1174888,2017-09-17,2017-10-15,1,17454
6636,1128,1174888,2018-01-27,2018-03-12,2,17572
6637,1128,1174888,2018-05-11,2018-05-18,1,17669
6638,1128,1322184,2010-12-24,2010-12-24,1,14967
6639,1128,1322184,2017-05-12,2017-05-12,1,17298
6640,1128,1347450,2010-12-24,2010-12-24,1,14967
6641,1128,1347450,2017-05-12,2017-05-12,1,17298
6642,1128,1539403,2000-02-11,2018-02-06,19,17568
6643,1129,1125315,2011-12-02,2011-12-09,1,15317
6644,1129,1177480,2017-08-30,2017-09-20,1,17429
6645,1130,738818,2014-11-20,2014-11-27,1,16401
6646,1130,974166,1966-09-04,1966-09-04,1,-1215
6647,1130,1119510,2014-11-20,2014-11-27,1,16401
6648,1130,1125315,2014-07-28,2014-08-11,1,16293
6649,1130,1125315,2014-11-20,2014-11-27,1,16401
6650,1130,1322184,2013-04-21,2013-04-22,1,15817
6651,1130,1347450,2013-04-21,2013-04-22,1,15817
6652,1130,1539403,2000-09-17,2018-09-13,19,17787
