id_periodo_condicao,id_pessoa,id_conceito_condicao,data_inicio,data_fim,contagem_ocorrencias
1,1,28060,2013-07-05,2013-07-17,1
2,2,0,1986-12-23,1986-12-24,1
3,2,0,1987-09-16,1987-09-17,1
4,2,260139,2013-09-05,2013-09-12,1
5,2,321042,1986-12-23,1986-12-24,1
6,2,381316,2013-10-02,2013-10-03,1
7,2,4078393,1987-06-10,1987-06-11,1
8,2,40481087,2011-08-15,2011-08-29,1
9,3,0,1948-09-10,1948-09-11,1
10,3,200970,1979-04-13,1979-04-14,1
11,3,313217,1971-02-26,1971-02-27,1
12,3,381316,2014-05-30,2014-05-31,1
13,3,432867,1989-06-09,1989-06-10,1
14,3,4059173,2009-11-28,2010-01-27,1
15,3,4112343,2009-07-24,2009-08-01,1
16,3,4129902,1979-04-13,1979-04-14,1
17,3,4311629,1953-01-09,1953-01-10,1
18,3,40481087,2014-08-06,2014-08-27,1
19,4,201826,1999-05-29,1999-05-30,1
20,4,436940,2001-06-02,2001-06-03,1
21,4,4078393,1988-01-09,1988-01-10,1
22,4,4112343,2017-02-22,2017-03-02,1
23,4,4120314,2001-06-02,2001-06-03,1
24,4,4214376,2001-06-02,2001-06-03,1
25,4,4278672,2013-03-29,2013-05-28,1
26,4,37016354,1999-05-29,1999-05-30,1
27,4,40481087,2011-01-11,2011-01-18,1
28,5,0,1997-12-20,1997-12-21,1
29,5,260139,2011-07-11,2011-07-18,1
30,5,4112343,2010-03-14,2010-03-25,1
31,5,4112343,2010-10-24,2010-11-03,1
32,5,4112343,2016-04-07,2016-04-16,1
33,5,4112343,2017-08-11,2017-08-18,1
34,5,4142905,2009-07-06,2009-09-04,1
35,5,4142905,2015-04-06,2015-06-05,1
36,5,4311629,2011-07-23,2011-07-24,1
37,5,40481087,2013-01-16,2013-01-30,1
38,5,40481087,2016-05-21,2016-06-04,1
39,6,0,2015-12-20,2015-12-21,1
40,6,260139,2012-11-30,2012-12-14,1
41,6,316866,1998-05-17,1998-05-18,1
42,6,375671,2015-06-09,2015-08-08,1
43,6,4217975,2009-02-22,2009-03-15,1
44,6,4217975,2009-07-05,2010-02-07,1
45,6,4217975,2013-09-08,2014-04-06,1
46,6,4217975,2015-06-14,2016-01-17,1
47,6,4283893,2014-05-24,2014-06-28,1
48,6,40481087,2016-02-27,2016-03-12,1
49,7,28060,2015-11-23,2015-12-01,1
50,7,81151,2019-01-04,2019-01-05,1
51,7,372328,2015-08-23,2015-12-12,1
52,7,4084167,2013-09-02,2013-09-02,1
53,7,4134304,2017-11-10,2018-01-09,1
54,7,40481087,2017-11-15,2017-11-29,1
55,8,4112343,2015-10-12,2015-10-25,1
56,8,4152936,2017-05-16,2017-06-06,1
57,9,372328,2018-02-28,2018-08-22,1
58,9,4134304,2015-08-13,2015-11-11,1
59,9,40481087,2015-11-20,2015-11-27,1
60,9,40481087,2016-06-01,2016-06-08,1
61,10,0,1987-08-22,1987-08-23,1
62,10,260139,2013-12-05,2013-12-19,1
63,10,316866,1967-06-10,1967-06-11,1
64,10,381316,2009-05-23,2009-05-24,1
65,10,4112343,2017-11-15,2017-11-22,1
66,10,4218389,2013-02-01,2013-03-08,1
67,11,0,1969-01-22,1969-01-23,1
68,11,0,1983-11-30,1983-12-01,1
69,11,75036,2012-12-31,2013-01-01,1
70,11,4112343,2016-08-20,2016-08-27,1
71,11,4311629,2000-01-05,2000-01-06,1
72,11,40481087,2011-03-26,2011-04-16,1
73,12,255848,1998-03-24,1998-03-25,1
74,12,257012,1967-07-08,1967-07-09,1
75,12,316866,1926-10-18,1926-10-19,1
76,12,378419,1992-02-24,1992-02-25,1
77,12,4078393,1930-01-27,1930-01-28,1
78,12,4079750,1966-08-03,1966-08-04,1
79,12,4311629,1930-10-27,1930-10-28,1
80,12,40481087,1990-02-04,1990-02-11,1
81,13,0,2007-02-11,2007-02-12,1
82,13,4078393,2011-12-04,2011-12-05,1
83,13,4217975,2011-12-04,2011-12-11,1
84,13,4217975,2013-01-20,2013-02-17,1
85,13,4217975,2013-06-16,2013-06-30,1
86,13,4217975,2017-12-17,2018-07-29,1
87,13,4217975,2019-01-06,2019-01-07,1
88,13,4262136,2011-12-04,2011-12-11,1
89,13,40481087,2009-04-23,2009-05-14,1
90,13,40481087,2011-11-05,2011-11-19,1
91,14,0,1994-05-31,1994-06-01,1
92,14,0,1999-10-05,1999-10-06,1
93,14,257012,1974-07-09,2013-06-16,1
94,14,260139,2006-07-07,2006-07-14,1
95,14,321042,1999-10-05,1999-10-06,1
96,14,4079750,2005-11-13,2005-11-14,1
97,14,4112343,2008-09-28,2008-10-09,1
98,14,4208104,1994-06-23,1994-06-24,1
99,14,4283893,2011-08-25,2011-09-15,1
100,14,4294548,2013-05-12,2013-06-16,1
101,14,4311629,1998-04-21,1998-04-22,1
102,14,40481087,2005-11-12,2005-12-03,1
103,14,40481087,2007-06-02,2007-06-09,1
104,15,257012,2012-02-04,2012-02-05,1
105,15,260139,2015-05-02,2015-05-16,1
106,15,372328,2016-12-20,2017-05-20,1
107,15,4109685,2013-03-11,2013-03-25,1
108,15,4278672,2017-12-29,2018-01-28,1
109,15,4283893,2011-12-24,2012-04-07,1
110,15,40481087,2016-05-22,2016-05-29,1
111,16,0,2014-01-26,2014-01-27,1
112,16,195588,2009-07-12,2009-09-03,1
113,16,257012,2000-09-28,2000-09-29,1
114,16,260139,2014-01-16,2014-01-30,1
115,16,316866,1999-08-01,1999-08-02,1
116,16,4078393,2003-06-29,2003-06-30,1
117,16,4217975,1999-08-08,2000-03-12,1
118,16,4217975,2001-11-04,2001-11-18,1
119,16,4217975,2003-06-29,2003-07-06,1
120,16,4217975,2004-05-09,2004-05-30,1
121,16,4217975,2007-08-26,2007-09-16,1
122,16,4217975,2008-02-24,2008-03-16,1
123,16,4217975,2009-09-13,2009-10-11,1
124,16,4217975,2010-05-16,2010-12-12,1
125,16,4217975,2013-09-01,2014-03-30,1
126,16,4217975,2016-11-13,2017-06-18,1
127,16,4217975,2018-08-05,2018-08-06,1
128,16,40481087,2010-05-03,2010-05-24,1
129,16,40481087,2011-03-29,2011-04-05,1
130,16,40481087,2014-06-26,2014-07-17,1
131,16,40481087,2018-10-30,2018-11-06,1
132,17,0,1990-02-17,1990-02-18,1
133,17,81151,2014-07-15,2014-07-29,1
134,17,432867,2014-04-05,2014-04-06,1
135,17,436096,1990-04-20,1990-04-21,1
136,17,4055754,1991-02-15,1991-02-16,1
137,17,4078393,1985-04-20,1985-04-21,1
138,17,4112343,2014-03-12,2014-03-25,1
139,17,4208104,2007-09-29,2007-09-30,1
140,17,4296204,2009-11-24,2009-12-08,1
141,17,4311629,2002-04-13,2002-04-14,1
142,17,40481087,2011-10-04,2011-10-11,1
143,17,40481087,2015-08-26,2015-09-02,1
144,17,40481087,2015-12-10,2015-12-31,1
145,17,40481087,2017-12-26,2018-01-09,1
146,17,43530652,1990-03-07,1990-03-08,1
147,18,0,2006-11-20,2006-11-21,1
148,18,260139,2012-09-12,2012-09-26,1
149,18,316866,1977-06-13,1977-06-14,1
150,18,4112343,2014-07-18,2014-07-29,1
151,18,40481087,2016-04-24,2016-05-01,1
152,19,0,1982-01-29,1982-01-30,1
153,19,28060,2014-01-26,2014-02-02,1
154,19,80502,2010-08-13,2010-08-14,1
155,19,257012,1990-04-11,1990-04-12,1
156,19,432867,1996-01-19,1996-01-20,1
157,19,436096,1990-03-06,1990-03-07,1
158,19,4055754,1990-07-14,1990-07-15,1
159,19,4059173,2015-01-02,2015-02-01,1
160,19,4078393,1984-06-22,1984-06-23,1
161,19,4208104,1992-06-05,1992-06-06,1
162,19,40480160,2015-01-02,2015-02-01,1
163,19,40481087,2015-08-19,2015-09-09,1
164,19,40481087,2016-02-15,2016-03-07,1
165,19,43530652,1990-05-17,1990-05-18,1
166,20,0,2010-06-11,2010-06-12,1
167,20,78272,1978-09-21,1978-10-26,1
168,20,78272,2018-12-30,2018-12-31,1
169,20,260139,2018-01-02,2018-01-09,1
170,20,4112343,2018-12-21,2019-01-03,1
171,20,4156265,2014-03-12,2014-03-26,1
172,21,0,1969-02-22,1969-02-23,1
173,21,0,1978-11-30,1978-12-01,1
174,21,80502,2002-01-31,2002-02-01,1
175,21,260139,2013-01-12,2013-01-19,1
176,21,440448,1969-02-22,1969-02-23,1
177,21,4078393,1974-05-02,1974-05-03,1
178,21,4109685,2017-02-20,2017-03-13,1
179,21,4113008,2011-02-08,2011-02-22,1
180,21,4218389,2010-01-09,2010-02-13,1
181,21,4278672,2012-02-17,2012-03-18,1
182,21,4311629,1985-03-14,1985-03-15,1
183,21,40480160,2012-02-17,2012-03-18,1
184,22,0,2013-05-22,2013-05-23,1
185,22,260139,2018-06-11,2018-06-25,1
186,23,28060,2017-02-08,2017-02-16,1
187,23,81151,2011-08-26,2011-09-30,1
188,23,316866,2003-06-30,2003-07-01,1
189,23,4152280,2004-07-26,2004-07-27,1
190,23,4155034,2009-01-17,2009-02-07,1
191,23,40481087,2009-12-08,2009-12-29,1
192,23,40481087,2012-07-23,2012-08-06,1
193,23,40481087,2017-09-14,2017-10-05,1
194,23,40481087,2017-11-13,2017-11-27,1
195,23,40481087,2018-10-29,2018-11-19,1
196,24,0,2009-05-28,2009-05-29,1
197,24,260139,2011-01-11,2011-01-18,1
198,24,436096,2016-12-07,2016-12-08,1
199,24,4078393,2017-04-27,2017-04-28,1
200,24,4116491,2013-07-27,2013-08-31,1
201,24,4217975,2016-05-05,2016-12-08,1
202,24,4217975,2017-04-27,2017-05-11,1
203,24,4283893,2018-12-04,2018-12-05,1
204,24,40318618,2017-04-27,2017-05-11,1
205,24,40481087,2011-08-13,2011-09-03,1
206,25,0,1964-08-06,1964-08-07,1
207,25,0,1979-08-30,1979-08-31,1
208,25,0,2006-11-19,2006-11-20,1
209,25,80502,1995-02-02,1995-02-03,1
210,25,257012,1958-07-24,1958-07-25,1
211,25,378001,2016-12-05,2017-02-03,1
212,25,440448,2006-11-19,2006-11-20,1
213,25,4285898,2009-11-30,2011-01-24,1
214,25,4311629,1981-09-03,1981-09-04,1
215,25,40481087,2016-05-21,2016-06-11,1
216,26,0,1965-04-04,1965-04-05,1
217,26,28060,2014-05-06,2014-05-17,1
218,26,381316,2001-11-25,2001-11-26,1
219,26,4079749,1972-04-24,1972-04-25,1
220,26,40481087,2012-08-20,2012-09-10,1
221,26,40481087,2018-07-17,2018-07-24,1
222,27,0,1982-01-03,1982-01-04,1
223,27,0,1989-08-27,1989-08-28,1
224,27,317576,1971-07-18,1971-07-19,1
225,27,4112343,1980-05-29,1980-06-09,1
226,27,4329847,1989-08-27,1989-08-28,1
227,27,40479422,1981-09-06,1981-11-12,1
228,28,4048171,1984-03-27,1984-03-28,1
229,28,40481087,2011-07-28,2011-08-11,1
230,29,372328,2018-07-12,2018-08-22,1
231,30,0,1974-11-04,1974-11-05,1
232,30,0,1994-03-07,1994-03-08,1
233,30,199076,1990-11-26,1990-11-27,1
234,30,260139,2009-04-17,2009-05-01,1
235,30,260139,2016-08-01,2016-08-15,1
236,30,439777,2009-08-04,2009-08-05,1
237,30,4078393,1987-06-29,1987-06-30,1
238,30,4112343,2017-07-28,2017-08-08,1
239,30,4285898,2017-08-15,2017-08-16,1
240,30,37017023,2018-08-10,2018-08-11,1
241,30,40481087,2012-12-18,2012-12-25,1
242,30,40481087,2015-11-15,2015-11-29,1
243,30,40481087,2018-04-24,2018-05-08,1
244,31,28060,2010-02-16,2010-02-26,1
245,31,43530652,2018-03-09,2018-03-10,1
246,32,0,2002-03-06,2002-03-07,1
247,32,260139,2017-01-20,2017-02-03,1
248,32,316866,1989-02-15,1989-02-16,1
249,32,4112343,2014-11-13,2014-11-25,1
250,32,4134304,2016-03-14,2016-06-12,1
251,32,4299128,2009-05-06,2009-05-20,1
252,32,4311629,2016-09-07,2016-09-08,1
253,32,40481087,2011-07-20,2011-08-03,1
254,33,0,2000-12-02,2000-12-03,1
255,33,0,2016-12-31,2017-01-01,1
256,33,81151,2018-05-04,2018-06-08,1
257,33,313217,2016-12-31,2017-01-01,1
258,33,4218389,2014-07-26,2014-08-23,1
259,33,40481087,2011-07-12,2011-07-19,1
260,33,40481087,2018-05-19,2018-06-02,1
261,34,257012,2014-01-13,2014-01-14,1
262,34,260139,2011-04-03,2011-04-10,1
263,34,4112343,2009-05-08,2009-05-15,1
264,34,4283893,2013-12-23,2014-03-17,1
265,34,40481087,2018-10-28,2018-11-18,1
266,35,78272,2016-03-07,2016-03-28,1
267,35,260139,2010-07-14,2010-07-28,1
268,35,4084167,2017-05-01,2017-05-01,1
269,35,4283893,2018-04-01,2018-05-06,1
270,36,0,2014-01-30,2014-01-31,1
271,36,317576,1982-06-24,1982-06-25,1
272,36,4112343,2004-10-19,2004-11-01,1
273,36,4329847,2014-01-30,2014-01-31,1
274,37,257012,1989-01-14,1989-01-15,1
275,37,260139,2011-08-18,2011-09-01,1
276,37,4112343,2013-10-18,2013-10-31,1
277,37,4311629,2011-06-11,2011-06-12,1
278,38,260139,2015-10-17,2015-10-31,1
279,38,316866,1977-10-11,1977-10-12,1
280,38,4078393,2004-12-21,2004-12-22,1
281,38,4112343,2014-07-06,2014-07-19,1
282,38,4155034,2014-08-25,2014-09-15,1
283,38,4237458,2018-03-28,2018-04-27,1
284,38,4311629,1990-01-02,1990-01-03,1
285,38,40481087,2009-11-11,2009-11-25,1
286,38,40481087,2012-10-19,2012-11-09,1
287,38,40481087,2013-03-14,2013-04-04,1
288,39,0,2010-10-15,2010-10-16,1
289,39,257012,1995-05-02,1995-05-03,1
290,39,260139,2014-06-23,2014-07-07,1
291,39,378001,2014-11-30,2015-01-29,1
292,39,4283893,2016-08-02,2016-12-20,1
293,39,40481087,2011-02-11,2011-02-25,1
294,40,0,2018-11-11,2018-11-12,1
295,40,4109685,2014-11-14,2014-12-05,1
296,40,4113008,2010-02-24,2010-03-10,1
297,40,4296205,2018-12-14,2018-12-28,1
298,41,0,1992-04-03,1992-04-04,1
299,41,439777,2011-04-18,2011-04-19,1
300,41,4048171,1969-05-05,1969-05-06,1
301,41,4112343,2014-12-26,2015-01-06,1
302,41,4285898,2016-04-29,2017-09-21,1
303,41,4311629,1998-03-20,1998-03-21,1
304,41,40481087,2009-09-20,2009-10-04,1
305,41,40481087,2013-07-24,2013-07-31,1
306,42,75036,2018-03-12,2018-03-13,1
307,42,4078393,2014-04-10,2014-04-11,1
308,42,4217975,2014-04-10,2014-04-17,1
309,42,4311629,2016-03-10,2016-03-11,1
310,42,40318618,2014-04-10,2014-04-17,1
311,42,40481087,2010-02-25,2010-03-18,1
312,42,40481087,2013-04-07,2013-04-14,1
313,43,0,1998-02-21,1998-02-22,1
314,43,0,2015-01-03,2015-01-04,1
315,43,4152936,2013-08-27,2013-09-17,1
316,43,40481087,2017-06-07,2017-06-21,1
317,44,28060,2017-07-01,2017-07-13,1
318,44,372328,2012-08-24,2012-12-05,1
319,45,0,2001-11-18,2001-11-19,1
320,45,81151,2017-07-25,2017-08-15,1
321,45,257012,2012-01-05,2012-01-06,1
322,45,261325,1991-12-08,1991-12-09,1
323,45,4112343,2015-09-24,2015-10-02,1
324,45,4283893,2011-11-10,2012-01-19,1
325,45,4296204,2014-10-18,2014-11-08,1
326,46,0,1954-09-13,1954-09-14,1
327,46,0,1977-07-25,1977-07-26,1
328,46,0,1993-03-22,1993-03-23,1
329,46,81151,1988-07-08,1988-08-12,1
330,46,200970,1990-08-28,1990-08-29,1
331,46,375671,1995-02-07,1995-03-09,1
332,46,439777,1990-06-16,1990-06-17,1
333,46,4110591,1993-04-03,1993-04-04,1
334,46,4129902,1990-08-28,1990-08-29,1
335,46,37395648,1993-04-04,1993-04-05,1
336,47,0,2001-02-01,2001-02-02,1
337,47,316866,1978-07-27,1978-07-28,1
338,47,432867,2015-07-02,2015-07-03,1
339,47,4112343,2015-06-14,2015-06-23,1
340,47,4112343,2018-07-11,2018-07-19,1
341,47,4285898,2015-06-02,2018-02-16,1
342,47,37017023,2016-10-24,2018-02-16,1
343,48,260139,2011-01-02,2011-01-16,1
344,48,260139,2017-05-19,2017-06-02,1
345,48,436096,2015-10-11,2015-10-12,1
346,48,4055754,2015-04-27,2015-04-28,1
347,48,4112343,2011-03-19,2011-03-26,1
348,48,4112343,2013-02-17,2013-02-24,1
349,48,4208104,2016-09-14,2016-09-15,1
350,48,40481087,2015-10-21,2015-11-04,1
351,48,43530652,2015-07-03,2015-07-04,1
352,49,0,1998-11-15,1998-11-16,1
353,49,28060,1995-07-21,1995-08-02,1
354,49,134438,1996-02-27,1996-11-23,1
355,49,372328,1996-12-12,1998-11-15,1
356,49,436096,1990-04-07,1990-04-08,1
357,49,4055754,1990-10-07,1990-10-08,1
358,49,4208104,1998-12-06,1998-12-07,1
359,49,40481087,2002-02-10,2002-02-24,1
360,49,43530652,1991-01-19,1991-01-20,1
361,50,260139,2011-05-31,2011-06-07,1
362,50,260139,2017-08-25,2017-09-08,1
363,50,316866,2011-10-25,2011-10-26,1
364,50,4112343,2010-09-30,2010-10-08,1
365,50,4113008,2014-01-11,2014-02-01,1
366,50,4294548,2010-10-12,2010-11-09,1
367,50,40481087,2010-07-01,2010-07-08,1
368,51,4048171,1995-02-17,1995-02-18,1
369,51,4112343,2009-05-01,2009-05-11,1
370,51,4217975,2013-01-01,2013-08-06,1
371,51,4311629,2014-12-30,2014-12-31,1
372,51,40481087,2010-12-15,2011-01-05,1
373,52,0,1994-08-03,1994-08-04,1
374,52,0,2000-11-22,2000-11-23,1
375,52,316866,2004-12-15,2004-12-16,1
376,52,4217975,2013-10-02,2014-05-21,1
377,52,4217975,2015-09-30,2016-05-04,1
378,52,4217975,2016-09-07,2017-04-12,1
379,52,40481087,2015-03-21,2015-03-28,1
380,53,316866,1962-05-29,1962-05-30,1
381,53,439777,1984-02-12,1984-02-13,1
382,53,4078393,1979-01-02,1979-01-03,1
383,53,4156265,2017-05-03,2017-05-17,1
384,53,4283893,2010-03-11,2010-05-06,1
385,53,4311629,1972-11-28,1972-11-29,1
386,53,40481087,2011-01-10,2011-01-17,1
387,54,78272,2016-09-09,2016-10-14,1
388,54,4278672,2015-06-17,2015-09-15,1
389,54,4278672,2018-10-04,2018-11-03,1
390,54,4294548,2012-09-06,2012-10-18,1
391,54,40481087,2015-08-10,2015-08-24,1
392,55,260139,2018-06-06,2018-06-20,1
393,55,372328,2013-12-27,2014-03-08,1
394,55,372328,2015-08-30,2016-03-05,1
395,55,372328,2018-08-22,2018-08-23,1
396,55,4112343,2018-02-07,2018-02-17,1
397,55,4112343,2018-04-22,2018-04-30,1
398,55,40481087,2014-09-02,2014-09-23,1
399,55,40481087,2017-03-20,2017-04-03,1
400,56,4156265,2012-11-18,2012-12-02,1
401,56,40481087,2013-10-23,2013-10-30,1
402,56,40481087,2017-08-18,2017-09-08,1
403,57,4112343,2013-12-28,2014-01-05,1
404,57,4116491,2018-07-02,2018-08-04,1
405,57,4217975,2018-08-11,2018-09-01,1
406,57,4218389,2009-07-24,2009-08-28,1
407,57,40481087,2009-08-28,2009-09-04,1
408,57,40481087,2014-07-15,2014-07-29,1
409,58,257012,2009-02-07,2009-02-08,1
410,58,436096,2006-08-06,2006-08-07,1
411,58,4055754,2007-01-10,2007-01-11,1
412,58,4109685,2010-11-17,2010-12-08,1
413,58,4283893,2008-11-29,2009-06-13,1
414,58,43530652,2007-11-19,2007-11-20,1
415,59,260139,2017-11-19,2017-11-26,1
416,60,0,1981-08-08,1981-08-09,1
417,60,80502,2010-02-20,2010-02-21,1
418,60,260139,2010-02-14,2010-02-28,1
419,60,260139,2012-09-19,2012-09-26,1
420,60,4078393,1981-08-22,1981-08-23,1
421,60,4112343,2013-04-21,2013-05-02,1
422,60,40481087,2013-03-30,2013-04-06,1
423,60,40481087,2013-06-12,2013-07-03,1
424,61,0,1998-02-11,1998-02-12,1
425,61,0,2012-05-23,2012-05-24,1
426,61,28060,2018-02-02,2018-02-12,1
427,61,316866,1994-02-02,1994-02-03,1
428,61,436096,2000-08-08,2000-08-09,1
429,61,4078393,2000-02-16,2000-02-17,1
430,61,4217975,2010-02-17,2010-09-22,1
431,61,4217975,2016-10-12,2017-05-17,1
432,62,28060,2014-07-11,2014-07-21,1
433,62,133834,2006-05-30,2006-05-31,1
434,62,372328,2009-06-06,2009-08-30,1
435,62,372328,2009-10-29,2010-09-05,1
436,62,4048171,2007-10-02,2007-10-03,1
437,62,4084167,2010-04-03,2010-04-03,1
438,63,0,1942-05-18,1942-05-19,1
439,63,255848,1988-05-17,1988-05-18,1
440,63,378419,1982-11-15,1982-11-16,1
441,63,4155034,1984-03-15,1984-04-05,1
442,63,4285898,1980-01-05,1981-05-31,1
443,64,0,2018-03-18,2018-03-19,1
444,64,40481087,2018-08-02,2018-08-23,1
445,65,0,1975-10-24,1975-10-25,1
446,65,0,1990-11-09,1990-11-10,1
447,65,79740,2009-09-19,2009-09-20,1
448,65,195588,2005-08-08,2005-10-01,1
449,65,260139,2006-06-24,2006-07-08,1
450,65,378001,2009-01-18,2009-03-19,1
451,65,439777,1992-08-11,1992-08-12,1
452,65,4078393,2002-08-09,2002-08-10,1
453,65,4116491,2009-09-30,2009-11-09,1
454,65,4218389,2010-12-09,2011-01-13,1
455,65,4285898,2008-08-20,2008-08-21,1
456,65,37017023,2009-09-14,2009-09-15,1
457,65,40481087,2007-07-22,2007-07-29,1
458,66,0,1995-02-18,1995-02-19,1
459,66,4237458,2009-09-17,2009-12-16,1
460,66,4237458,2016-05-13,2016-06-12,1
461,66,4311629,1998-02-21,1998-02-22,1
462,66,40481087,2009-12-21,2009-12-28,1
463,66,40481087,2010-12-02,2010-12-09,1
464,66,40481087,2016-07-17,2016-08-07,1
465,67,0,1983-11-29,1983-11-30,1
466,67,0,2006-05-17,2006-05-18,1
467,67,81151,2017-02-26,2017-04-02,1
468,67,4029498,1983-11-29,1983-11-30,1
469,67,4078393,2011-03-30,2011-03-31,1
470,67,4208104,2013-10-11,2013-10-12,1
471,67,4217975,2009-04-08,2009-11-25,1
472,67,4217975,2010-04-14,2010-11-10,1
473,67,4217975,2011-03-30,2011-04-06,1
474,67,4217975,2011-09-07,2011-10-05,1
475,67,4217975,2012-01-04,2012-01-18,1
476,67,4217975,2012-09-05,2013-04-10,1
477,67,4217975,2016-01-27,2016-02-03,1
478,67,4217975,2017-12-20,2018-07-25,1
479,67,40318618,2011-03-30,2011-04-06,1
480,67,40318618,2012-01-04,2012-01-18,1
481,67,40318618,2016-01-27,2016-02-03,1
482,67,40481087,2016-09-03,2016-09-24,1
483,69,260139,2014-08-25,2014-09-08,1
484,69,316866,1981-06-28,1981-06-29,1
485,69,4112343,2011-02-18,2011-03-02,1
486,69,4112343,2014-12-14,2014-12-26,1
487,69,4285898,2018-05-04,2018-05-05,1
488,69,4311629,1998-05-31,1998-06-01,1
489,70,0,2011-11-21,2011-11-22,1
490,70,4048695,2017-05-18,2017-06-19,1
491,70,40479422,2012-07-06,2012-08-12,1
492,70,40481087,2012-09-23,2012-10-14,1
493,70,40481087,2014-07-13,2014-08-03,1
494,71,372328,2017-12-30,2018-02-13,1
495,71,372328,2018-09-11,2018-09-12,1
496,71,40481087,2017-02-12,2017-02-19,1
497,72,40481087,2016-03-24,2016-03-31,1
498,73,0,2018-02-11,2018-02-12,1
499,73,372328,2010-02-11,2010-12-24,1
500,73,440448,2018-02-11,2018-02-12,1
501,73,4112343,2010-03-14,2010-03-22,1
502,73,4283893,2013-05-28,2013-07-09,1
503,73,40481087,2012-12-31,2013-01-21,1
504,74,257012,2015-07-28,2015-07-29,1
505,74,260139,2013-08-23,2013-09-06,1
506,74,317576,2017-12-19,2017-12-20,1
507,74,378419,2014-01-07,2014-01-08,1
508,74,4078393,1968-04-16,1968-04-17,1
509,74,4112343,2012-02-01,2012-02-13,1
510,74,4112343,2018-11-12,2018-11-24,1
511,74,4237458,2009-02-28,2009-04-29,1
512,74,4283893,2015-07-07,2015-09-01,1
513,74,4311629,1957-07-02,1957-07-03,1
514,74,40481087,2010-12-02,2010-12-23,1
515,74,40481087,2015-12-08,2015-12-29,1
516,75,28060,2010-04-08,2010-04-17,1
517,75,28060,2015-03-25,2015-04-06,1
518,75,372328,2011-04-30,2011-05-21,1
519,75,372328,2014-01-05,2014-05-31,1
520,75,4084167,2009-11-06,2009-11-06,1
521,75,4084167,2011-04-01,2011-04-01,1
522,75,40486433,2013-06-20,2013-06-21,1
523,76,0,1952-03-12,1952-03-13,1
524,76,0,1969-02-19,1969-02-20,1
525,76,0,1989-08-25,1989-08-26,1
526,76,75036,1997-08-21,1997-08-22,1
527,76,201826,1986-09-10,1986-09-11,1
528,76,260139,2009-11-25,2009-12-02,1
529,76,321042,1952-03-12,1952-03-13,1
530,76,378001,2010-04-24,2010-06-23,1
531,76,432867,2002-11-13,2002-11-14,1
532,76,436940,1988-09-14,1988-09-15,1
533,76,440448,1989-08-25,1989-08-26,1
534,76,4120314,1988-09-14,1988-09-15,1
535,76,4166224,1989-08-25,1989-08-26,1
536,76,4214376,1988-09-14,1988-09-15,1
537,76,4218389,2015-08-26,2015-09-16,1
538,76,4226121,2001-11-07,2001-11-08,1
539,76,4229440,1994-08-22,1994-08-23,1
540,76,4285898,2013-04-17,2014-08-10,1
541,76,4311629,2018-01-17,2018-01-18,1
542,76,40481087,2011-08-28,2011-09-11,1
543,76,43530656,2018-01-17,2018-01-18,1
544,78,0,1990-12-19,1990-12-20,1
545,78,140673,2016-05-05,2016-05-06,1
546,78,4112343,2009-01-26,2009-02-06,1
547,78,4112343,2016-03-03,2016-03-12,1
548,78,40481087,2016-05-28,2016-06-04,1
549,78,40481087,2016-12-08,2016-12-15,1
550,78,40481087,2017-11-16,2017-11-23,1
551,79,137613,2017-09-08,2017-09-22,1
552,79,260139,2015-03-09,2015-03-16,1
553,79,4217975,2012-07-27,2012-08-24,1
554,79,4217975,2017-02-24,2017-09-22,1
555,79,4311629,2008-01-18,2008-01-19,1
556,79,40479422,2010-05-09,2010-07-15,1
557,80,0,2009-06-10,2009-06-11,1
558,80,257012,1972-09-06,1972-09-07,1
559,80,4078393,1996-10-23,1996-10-24,1
560,80,4116491,2013-05-19,2013-07-12,1
561,80,4155034,2013-06-26,2013-07-10,1
562,80,4283893,2014-08-22,2014-09-26,1
563,80,40481087,2009-10-02,2009-10-09,1
564,81,0,1963-05-30,1963-05-31,1
565,81,81151,2002-12-03,2003-01-07,1
566,81,258780,1984-04-05,1984-04-06,1
567,81,432867,1994-03-31,1994-04-01,1
568,81,4311629,1969-06-05,1969-06-06,1
569,81,40481087,2007-01-13,2007-01-20,1
570,82,0,1956-02-14,1956-02-15,1
571,82,0,1972-01-08,1972-01-09,1
572,82,0,1975-03-25,1975-03-26,1
573,82,80502,2002-06-25,2002-06-26,1
574,82,201826,1978-03-28,1978-03-29,1
575,82,257012,1991-01-16,1991-01-17,1
576,82,260139,2015-06-13,2015-06-20,1
577,82,316866,1978-03-28,1978-03-29,1
578,82,432867,1999-06-08,1999-06-09,1
579,82,436940,1981-03-31,1981-04-01,1
580,82,440448,1972-01-08,1972-01-09,1
581,82,4078393,1974-06-25,1974-06-26,1
582,82,4120314,1981-03-31,1981-04-01,1
583,82,4214376,1981-03-31,1981-04-01,1
584,82,4285898,1992-01-14,1992-01-15,1
585,82,37016354,2006-07-18,2006-07-19,1
586,82,37017023,1993-01-08,1993-01-09,1
587,83,0,1979-07-31,1979-08-01,1
588,83,0,2000-10-05,2000-10-06,1
589,83,260139,2010-06-27,2010-07-04,1
590,83,440448,1979-07-31,1979-08-01,1
591,83,4166224,1979-07-31,1979-08-01,1
592,83,4218389,2017-12-31,2018-01-21,1
593,83,40481087,2011-01-30,2011-02-20,1
594,83,40481087,2018-11-18,2018-12-09,1
595,84,0,2000-07-17,2000-07-18,1
596,84,0,2007-09-17,2007-09-18,1
597,84,260139,2014-11-23,2014-11-30,1
598,84,316866,1993-07-05,1993-07-06,1
599,84,432867,2018-10-08,2018-10-09,1
600,84,440448,2007-09-17,2007-09-18,1
601,84,4048171,1979-09-29,1979-09-30,1
602,84,4112343,2010-12-29,2011-01-07,1
603,84,4116491,2017-09-12,2017-10-26,1
604,84,4166224,2007-09-17,2007-09-18,1
605,84,4311629,2012-07-30,2012-07-31,1
606,85,0,1986-11-25,1986-11-26,1
607,85,28060,2013-09-01,2013-09-09,1
608,85,28060,2013-11-12,2013-11-19,1
609,85,260139,2018-03-25,2018-04-01,1
610,85,4112343,2009-07-08,2009-07-20,1
611,85,4112343,2015-01-14,2015-01-23,1
612,85,40481087,2015-10-23,2015-11-06,1
613,86,372328,1969-11-20,1970-03-03,1
614,86,372328,1971-02-26,1971-02-27,1
615,86,4001336,1971-03-15,1971-03-16,1
616,86,4112343,1969-12-21,1969-12-29,1
617,87,0,2017-09-18,2017-09-19,1
618,87,28060,2013-09-02,2013-09-09,1
619,87,436096,1990-03-02,1990-03-03,1
620,87,439777,2016-09-20,2016-09-21,1
621,87,4055754,1990-08-09,1990-08-10,1
622,87,4155034,2018-03-30,2018-04-20,1
623,87,4208104,1994-10-17,1994-10-18,1
624,87,4217975,2010-10-04,2011-05-09,1
625,87,40481087,2012-01-13,2012-01-27,1
626,87,43530652,1992-02-16,1992-02-17,1
627,88,137613,2014-11-11,2014-12-02,1
628,88,257012,2007-09-10,2007-09-11,1
629,88,260139,2017-01-05,2017-01-12,1
630,88,261325,2012-07-17,2012-07-18,1
631,88,316866,2005-07-05,2005-07-06,1
632,88,4078393,2009-03-10,2009-03-11,1
633,88,4112343,2014-01-04,2014-01-15,1
634,88,4217975,2009-03-10,2009-03-17,1
635,88,4217975,2012-10-23,2012-11-06,1
636,88,4217975,2013-05-28,2013-06-18,1
637,88,4217975,2014-04-29,2014-12-02,1
638,88,4217975,2015-09-01,2016-04-19,1
639,88,4262136,2009-03-10,2009-03-17,1
640,88,4262136,2012-10-23,2012-11-06,1
641,88,40479422,2013-03-17,2013-05-23,1
642,88,40481087,2009-11-20,2009-12-11,1
643,89,0,2004-11-08,2004-11-09,1
644,89,81151,2009-11-12,2009-12-17,1
645,89,4078393,1996-12-09,1996-12-10,1
646,89,4079749,2009-09-12,2009-09-13,1
647,89,4112343,2013-11-05,2013-11-12,1
648,89,4116491,2018-09-10,2018-11-07,1
649,89,4180790,2016-09-19,2016-09-20,1
650,89,4217975,2012-12-10,2013-07-29,1
651,89,4245614,2016-09-10,2016-09-11,1
652,89,4341247,2016-09-10,2016-09-11,1
653,90,0,1990-04-07,1990-04-08,1
654,90,0,2007-11-17,2007-11-18,1
655,90,201826,2015-11-21,2015-11-22,1
656,90,260139,2013-11-08,2013-11-15,1
657,90,316866,1987-04-04,1987-04-05,1
658,90,317576,2017-11-25,2017-11-26,1
659,90,436940,2017-11-25,2017-11-26,1
660,90,4116491,2012-03-26,2012-05-12,1
661,90,4120314,2017-11-25,2017-11-26,1
662,90,4214376,2017-11-25,2017-11-26,1
663,90,4226121,2017-11-25,2017-11-26,1
664,90,37016354,2015-11-21,2015-11-22,1
665,91,0,2003-12-17,2003-12-18,1
666,91,257012,1966-01-12,1966-01-13,1
667,91,378001,2011-04-01,2011-05-31,1
668,91,4112343,2015-10-21,2015-10-31,1
669,91,4296204,2013-04-20,2013-05-04,1
670,93,4311629,2004-12-11,2004-12-12,1
671,93,40481087,2013-04-14,2013-04-21,1
672,94,0,2003-05-23,2003-05-24,1
673,94,192279,2000-07-14,2000-07-15,1
674,94,201826,1962-12-28,1962-12-29,1
675,94,260139,2002-09-12,2002-09-26,1
676,94,316866,1952-12-12,1952-12-13,1
677,94,317576,2002-09-20,2002-09-21,1
678,94,436940,1965-12-31,1966-01-01,1
679,94,443614,2000-07-14,2000-07-15,1
680,94,4120314,1965-12-31,1966-01-01,1
681,94,4214376,1978-03-10,1978-03-11,1
682,94,4226121,1965-12-31,1966-01-01,1
683,94,4229440,2003-02-06,2003-02-07,1
684,94,4311629,1998-01-23,1998-01-24,1
685,94,4329847,2003-05-23,2003-05-24,1
686,94,37016354,1962-12-28,1962-12-29,1
687,94,43530656,1969-01-03,1969-01-04,1
688,94,43530685,1978-03-10,1978-03-11,1
689,95,28060,2014-02-02,2014-02-11,1
690,95,28060,2018-04-02,2018-04-11,1
691,95,75036,1994-12-30,1994-12-31,1
692,95,201826,2000-07-12,2000-07-13,1
693,95,316866,1976-09-15,1976-09-16,1
694,95,381316,2016-03-02,2016-03-03,1
695,95,436940,2002-07-17,2002-07-18,1
696,95,4078393,1977-06-08,1977-06-09,1
697,95,4112343,2016-04-02,2016-04-11,1
698,95,4120314,2002-07-17,2002-07-18,1
699,95,4214376,2006-07-26,2006-07-27,1
700,95,4311629,2006-07-26,2006-07-27,1
701,95,37016354,2002-07-17,2002-07-18,1
702,95,40481087,2009-04-14,2009-05-05,1
703,95,40481087,2011-04-30,2011-05-14,1
704,95,40481087,2012-05-13,2012-06-03,1
705,96,0,2011-08-01,2011-08-02,1
706,96,260139,2011-07-22,2011-08-05,1
707,96,436096,2009-12-20,2009-12-21,1
708,96,4055754,2011-03-09,2011-03-10,1
709,96,4112343,2010-04-24,2010-05-07,1
710,96,4208104,2016-12-29,2016-12-30,1
711,96,40481087,2009-02-23,2009-03-09,1
712,96,40481087,2011-07-06,2011-07-13,1
713,96,43530652,2009-09-16,2009-09-17,1
714,97,0,1923-02-23,1923-02-24,1
715,97,0,1933-04-28,1933-04-29,1
716,97,192279,1941-12-19,1941-12-20,1
717,97,201826,1939-05-05,1939-05-06,1
718,97,313217,1995-03-17,1995-03-18,1
719,97,316866,1929-04-19,1929-04-20,1
720,97,317576,2002-02-01,2002-02-02,1
721,97,378419,1990-01-26,1990-01-27,1
722,97,381316,2009-10-09,2009-10-10,1
723,97,436940,1941-12-19,1941-12-20,1
724,97,440448,1923-02-23,1923-02-24,1
725,97,443601,1953-05-22,1953-05-23,1
726,97,443614,1941-12-19,1941-12-20,1
727,97,4120314,1941-12-19,1941-12-20,1
728,97,4152936,2013-07-08,2013-07-29,1
729,97,4214376,1941-12-19,1941-12-20,1
730,97,4226121,1941-12-19,1941-12-20,1
731,97,4311629,1953-05-22,1953-05-23,1
732,97,43530656,1953-05-22,1953-05-23,1
733,97,45769905,1953-05-22,1953-05-23,1
734,97,45770830,1953-05-22,1953-05-23,1
735,98,0,2005-04-21,2005-04-22,1
736,98,316866,1986-03-27,1986-03-28,1
737,98,439777,1978-09-18,1978-09-19,1
738,98,4112343,2017-05-20,2017-06-02,1
739,98,4113008,2015-12-29,2016-01-19,1
740,98,4311629,2007-09-27,2007-09-28,1
741,98,40481087,2009-02-12,2009-02-26,1
742,99,0,2010-08-30,2010-08-31,1
743,99,0,2014-08-10,2014-08-11,1
744,99,133834,1997-04-16,2013-10-10,1
745,99,137613,2016-09-12,2016-10-03,1
746,99,440448,2014-08-10,2014-08-11,1
747,99,4084167,2016-09-26,2016-09-26,1
748,99,4134304,2012-09-17,2012-10-17,1
749,99,4217975,2016-02-29,2016-10-03,1
750,99,4280726,1999-08-19,1999-08-20,1
751,99,40481087,2011-01-20,2011-02-03,1
752,100,0,1970-08-02,1970-08-03,1
753,100,372328,1961-06-25,1961-07-09,1
754,100,4029498,1970-08-02,1970-08-03,1
755,100,4109685,1965-07-04,1965-07-18,1
756,100,4112343,1971-03-06,1971-03-13,1
757,100,40481087,1964-01-17,1964-01-24,1
758,101,0,2011-08-07,2011-08-08,1
759,101,4217975,2010-08-15,2011-03-27,1
760,101,4217975,2012-07-15,2013-02-17,1
761,101,40481087,2018-08-18,2018-09-01,1
762,102,0,1973-02-07,1973-02-08,1
763,102,0,1984-12-05,1984-12-06,1
764,102,79740,2006-03-28,2006-03-29,1
765,102,432867,2003-01-15,2003-01-16,1
766,102,4079750,1994-11-17,1994-11-18,1
767,102,4229440,1995-11-17,1995-11-18,1
768,102,4285898,2004-11-27,2004-11-28,1
769,102,4311629,1998-12-23,1998-12-24,1
770,102,37017023,2006-03-22,2006-03-23,1
771,102,40481087,2003-12-25,2004-01-08,1
772,103,0,1997-02-23,1997-02-24,1
773,103,257012,2010-01-01,2010-01-02,1
774,103,260139,2016-02-17,2016-03-02,1
775,103,316866,1976-01-25,1976-01-26,1
776,103,4113008,2013-07-18,2013-08-08,1
777,103,4116491,2011-05-13,2011-06-21,1
778,103,4132546,2002-07-16,2002-07-17,1
779,103,4283893,2009-11-13,2010-03-12,1
780,104,316866,2010-09-01,2010-09-02,1
781,104,4112343,2010-06-11,2010-06-23,1
782,104,4217975,2018-10-17,2018-10-18,1
783,104,4280726,1995-09-03,1995-09-04,1
784,105,78272,2016-11-16,2016-12-07,1
785,105,260139,2018-03-14,2018-03-28,1
786,105,372328,2016-03-22,2017-03-15,1
787,105,40481087,2016-03-29,2016-04-19,1
788,106,257012,2011-04-03,2011-04-04,1
789,106,316866,2008-03-24,2008-03-25,1
790,106,4112343,2013-05-07,2013-05-20,1
791,106,4112343,2013-06-22,2013-06-29,1
792,106,4294548,2010-12-19,2011-04-10,1
793,107,0,1998-08-16,1998-08-17,1
794,107,28060,2016-06-11,2016-06-18,1
795,107,260139,2010-09-03,2010-09-17,1
796,107,436096,2013-01-06,2013-01-07,1
797,107,4112343,2009-10-03,2009-10-13,1
798,107,4294548,2018-06-07,2018-06-28,1
799,108,0,1985-03-21,1985-03-22,1
800,108,0,2002-05-16,2002-05-17,1
801,108,257012,2009-11-10,2009-11-11,1
802,108,260139,2017-11-27,2017-12-04,1
803,108,261325,2002-05-16,2002-05-17,1
804,108,4283893,2009-10-27,2010-03-02,1
805,108,40481087,2014-06-14,2014-07-05,1
806,109,0,1986-08-03,1986-08-04,1
807,109,0,2013-11-24,2013-11-25,1
808,109,201826,2001-01-28,2001-01-29,1
809,109,260139,2004-12-08,2004-12-22,1
810,109,316866,2001-01-28,2001-01-29,1
811,109,317576,2009-01-04,2009-01-05,1
812,109,436940,2003-02-02,2003-02-03,1
813,109,4059173,2007-06-28,2007-07-28,1
814,109,4112343,2006-01-18,2006-01-30,1
815,109,4120314,2003-02-02,2003-02-03,1
816,109,4214376,2003-02-02,2003-02-03,1
817,109,4226121,2009-01-04,2009-01-05,1
818,109,4311629,1994-01-16,1994-01-17,1
819,109,4329847,2013-11-24,2013-11-25,1
820,109,43530656,2012-01-22,2012-01-23,1
821,110,0,1933-09-30,1933-10-01,1
822,110,0,1958-12-06,1958-12-07,1
823,110,378419,1997-03-01,1997-03-02,1
824,110,432867,1977-11-12,1977-11-13,1
825,110,440448,1933-09-30,1933-10-01,1
826,110,4109685,1999-11-12,1999-12-03,1
827,110,40481087,2003-09-26,2003-10-17,1
828,111,0,1975-10-19,1975-10-20,1
829,111,0,1991-01-13,1991-01-14,1
830,111,80502,2008-02-24,2008-02-25,1
831,111,260139,2016-06-23,2016-06-30,1
832,111,313217,2017-07-09,2017-07-10,1
833,111,4078393,1993-06-06,1993-06-07,1
834,111,4112343,2013-03-15,2013-03-23,1
835,112,0,2005-08-22,2005-08-23,1
836,112,4311629,2011-08-29,2011-08-30,1
837,113,0,1986-04-10,1986-04-11,1
838,113,28060,2006-05-02,2006-05-14,1
839,113,75036,1997-03-17,1997-03-18,1
840,113,257012,1978-04-18,1978-04-19,1
841,113,260139,2005-09-17,2005-10-01,1
842,113,316866,1962-11-29,1962-11-30,1
843,113,381316,2005-04-21,2005-04-22,1
844,113,4048171,1948-04-05,1948-04-06,1
845,113,4078393,1963-02-07,1963-02-08,1
846,113,40481087,1998-05-06,1998-05-13,1
847,114,260139,2014-08-27,2014-09-03,1
848,114,260139,2017-08-20,2017-09-03,1
849,114,4217975,2018-04-18,2018-11-21,1
850,114,4296205,2013-01-02,2013-02-06,1
851,115,0,1993-08-12,1993-08-13,1
852,115,257012,2015-06-16,2015-06-17,1
853,115,316866,1983-07-28,1983-07-29,1
854,115,4112343,2010-12-25,2011-01-03,1
855,115,4283893,2015-04-14,2015-07-07,1
856,115,4311629,2002-08-22,2002-08-23,1
857,115,40481087,2016-05-11,2016-05-25,1
858,116,4112343,2015-09-17,2015-09-26,1
859,116,4155034,2011-05-25,2011-06-08,1
860,116,40481087,2011-05-04,2011-05-11,1
861,116,40481087,2015-11-25,2015-12-09,1
862,117,260139,2009-01-11,2009-01-18,1
863,117,316866,2009-01-18,2009-01-19,1
864,117,372328,2013-05-15,2016-01-31,1
865,117,378001,2010-04-28,2010-06-27,1
866,117,4311629,2009-01-18,2009-01-19,1
867,117,40481087,2012-07-08,2012-07-22,1
868,118,0,1969-10-20,1969-10-21,1
869,118,321042,1969-10-20,1969-10-21,1
870,118,378001,2013-02-19,2013-03-21,1
871,118,4109685,2016-02-04,2016-02-25,1
872,118,4311629,1989-10-30,1989-10-31,1
873,118,40481087,2010-05-15,2010-05-29,1
874,119,4078393,1992-06-20,1992-06-21,1
875,119,4079750,1996-07-15,1996-07-16,1
876,119,4112343,2013-10-28,2013-11-06,1
877,119,4311629,1984-03-24,1984-03-25,1
878,119,40481087,2011-09-10,2011-09-17,1
879,120,316866,2011-11-25,2011-11-26,1
880,120,40481087,2009-04-08,2009-04-15,1
881,120,40481087,2009-12-20,2010-01-03,1
882,120,40481087,2012-07-28,2012-08-18,1
883,121,80502,2000-11-04,2000-11-05,1
884,121,316866,1939-05-06,1939-05-07,1
885,121,381316,1979-07-07,1979-07-08,1
886,121,432867,1985-05-25,1985-05-26,1
887,121,439777,2004-09-11,2004-09-12,1
888,121,4278672,2010-03-17,2010-04-16,1
889,121,4311629,1948-08-21,1948-08-22,1
890,121,40480160,2010-03-17,2010-04-16,1
891,121,40481087,2011-12-05,2011-12-12,1
892,121,40481087,2016-05-25,2016-06-01,1
893,122,0,2009-06-05,2009-06-06,1
894,122,137613,2013-01-10,2013-02-07,1
895,122,199076,2012-06-29,2012-06-30,1
896,122,260139,2014-02-16,2014-03-02,1
897,122,4078393,2010-05-07,2010-05-08,1
898,122,4112343,2009-05-31,2009-06-08,1
899,122,4112343,2011-11-28,2011-12-08,1
900,122,4217975,2010-05-07,2010-06-04,1
901,122,4217975,2012-06-29,2013-02-07,1
902,122,4217975,2014-06-13,2014-06-27,1
903,122,40481087,2013-01-28,2013-02-04,1
904,122,40481087,2014-12-01,2014-12-08,1
905,122,40481087,2016-06-08,2016-06-29,1
906,125,81151,2015-02-21,2015-03-07,1
907,125,257012,2013-05-29,2013-05-30,1
908,125,260139,2013-12-01,2013-12-08,1
909,125,260139,2018-07-19,2018-07-26,1
910,125,261325,1990-09-24,1990-09-25,1
911,125,316866,1977-09-05,1977-09-06,1
912,125,4078393,1988-10-03,1988-10-04,1
913,125,4155034,2017-01-25,2017-02-08,1
914,125,4278672,2013-12-28,2014-02-26,1
915,125,4283893,2013-05-15,2013-10-02,1
916,125,4311629,1984-09-17,1984-09-18,1
917,126,260139,2015-01-20,2015-02-03,1
918,126,4051466,2012-10-28,2012-10-29,1
919,126,4059173,2011-09-12,2011-11-11,1
920,126,4218389,2010-10-12,2010-11-16,1
921,126,4280726,2010-10-29,2010-10-30,1
922,126,40481087,2009-12-24,2010-01-14,1
923,126,40481087,2010-03-21,2010-04-11,1
924,128,137613,2014-12-01,2014-12-22,1
925,128,316866,2006-09-11,2006-09-12,1
926,128,4217975,2009-08-31,2009-09-14,1
927,128,4217975,2014-05-19,2014-12-22,1
928,128,4217975,2015-09-21,2016-04-25,1
929,128,4311629,2010-09-20,2010-09-21,1
930,129,0,2014-08-15,2014-08-16,1
931,129,137613,2014-07-18,2014-08-01,1
932,129,439777,2005-06-05,2005-06-06,1
933,129,4113008,2016-07-15,2016-07-29,1
934,129,4217975,2012-12-28,2013-07-26,1
935,129,4217975,2014-01-03,2014-08-01,1
936,129,4217975,2017-01-13,2017-08-18,1
937,129,4217975,2017-12-29,2018-08-03,1
938,129,40481087,2011-12-31,2012-01-14,1
939,130,0,1983-03-08,1983-03-09,1
940,130,0,1998-12-01,1998-12-02,1
941,130,316866,1969-07-08,1969-07-09,1
942,130,4078393,1973-03-06,1973-03-07,1
943,132,257012,1988-06-05,1988-06-06,1
944,132,436096,1995-04-05,1995-04-06,1
945,132,4055754,1995-06-25,1995-06-26,1
946,132,4208104,2014-06-12,2014-06-13,1
947,132,4217975,2014-01-25,2014-08-30,1
948,132,40481087,2010-12-22,2011-01-05,1
949,132,40481087,2014-04-27,2014-05-11,1
950,132,43530652,1995-02-06,1995-02-07,1
951,133,4112343,2009-01-20,2009-02-02,1
952,133,4283893,2012-03-14,2012-04-18,1
953,133,40481087,2010-08-07,2010-08-14,1
954,133,40481087,2014-10-14,2014-11-04,1
955,133,40481087,2017-08-25,2017-09-08,1
956,133,40486433,1979-04-22,1979-04-23,1
957,134,28060,2015-09-27,2015-10-10,1
958,134,372328,2017-12-14,2018-10-27,1
959,134,4112343,2017-10-03,2017-10-10,1
960,134,40481087,2018-04-19,2018-05-03,1
961,135,40481087,2017-01-04,2017-01-25,1
962,136,0,1987-09-22,1987-09-23,1
963,136,199076,2011-08-16,2011-08-17,1
964,136,257012,1978-01-27,1978-01-28,1
965,136,260139,2014-07-31,2014-08-14,1
966,136,316866,1980-09-09,1980-09-10,1
967,136,4078393,2007-12-25,2007-12-26,1
968,136,4109685,2014-06-29,2014-07-13,1
969,136,4112343,2013-03-01,2013-03-14,1
970,136,4112343,2018-07-19,2018-07-29,1
971,136,4217975,2011-08-16,2012-03-13,1
972,136,4311629,1996-10-01,1996-10-02,1
973,136,40481087,2014-10-10,2014-10-31,1
974,138,201826,2005-08-11,2005-08-12,1
975,138,316866,1992-07-23,1992-07-24,1
976,138,436940,2009-10-15,2009-10-16,1
977,138,4112343,2010-07-26,2010-08-06,1
978,138,4120314,2008-08-14,2008-08-15,1
979,138,4214376,2009-10-15,2009-10-16,1
980,138,4217975,2009-11-19,2010-06-24,1
981,138,37016354,2013-08-08,2013-08-09,1
982,138,40481087,2009-10-14,2009-10-28,1
983,138,40481087,2016-10-28,2016-11-18,1
984,140,81151,2012-03-29,2012-05-03,1
985,141,0,2001-07-28,2001-07-29,1
986,141,4056621,2003-08-14,2003-08-15,1
987,141,4078393,1988-01-02,1988-01-03,1
988,141,4113008,2018-01-08,2018-01-22,1
989,141,40479422,2016-02-11,2016-04-18,1
990,141,40481087,2015-04-30,2015-05-14,1
991,142,201826,1987-08-27,1987-08-28,1
992,142,260139,2006-07-08,2006-07-15,1
993,142,260139,2007-03-14,2007-03-28,1
994,142,261325,1990-08-30,1990-08-31,1
995,142,436940,1990-08-30,1990-08-31,1
996,142,4079749,1998-05-24,1998-05-25,1
997,142,4120314,1990-08-30,1990-08-31,1
998,142,4180790,2011-08-02,2011-08-03,1
999,142,4214376,1990-08-30,1990-08-31,1
1000,142,4285898,2010-06-03,2010-06-04,1
1001,142,4311629,1982-12-02,1982-12-03,1
1002,142,37017023,2011-07-28,2011-07-29,1
1003,142,40481087,2008-10-17,2008-10-31,1
1004,143,199076,2012-12-24,2012-12-25,1
1005,143,316866,2007-01-15,2007-01-16,1
1006,143,372328,1992-10-29,1993-05-03,1
1007,143,372328,2018-12-18,2018-12-19,1
1008,143,4078393,2010-03-22,2010-03-23,1
1009,143,4217975,2009-06-22,2009-07-06,1
1010,143,4217975,2010-03-22,2010-03-29,1
1011,143,4217975,2012-02-27,2012-03-12,1
1012,143,4217975,2012-12-24,2013-07-29,1
1013,143,4217975,2013-12-09,2014-07-14,1
1014,143,4217975,2014-11-24,2014-12-15,1
1015,143,4217975,2015-03-16,2015-04-06,1
1016,143,40318618,2010-03-22,2010-03-29,1
1017,144,0,1984-07-23,1984-07-24,1
1018,144,0,2002-05-27,2002-05-28,1
1019,144,0,2006-05-10,2006-05-11,1
1020,144,28060,2000-08-22,2000-08-30,1
1021,144,201826,2008-06-09,2008-06-10,1
1022,144,260139,2005-10-22,2005-11-05,1
1023,144,316866,1980-07-14,1980-07-15,1
1024,144,380378,2006-05-10,2006-05-11,1
1025,144,4029498,2006-05-10,2006-05-11,1
1026,144,40481087,2002-11-23,2002-11-30,1
1027,145,28060,2015-08-20,2015-08-30,1
1028,145,260139,2016-02-15,2016-02-29,1
1029,145,372328,2013-12-25,2014-05-15,1
1030,145,4112343,2017-04-25,2017-05-06,1
1031,145,4112343,2017-07-08,2017-07-19,1
1032,145,40481087,2016-11-16,2016-11-23,1
1033,146,0,1990-07-01,1990-07-02,1
1034,146,81151,2009-07-15,2009-08-05,1
1035,146,260139,2011-02-26,2011-03-05,1
1036,146,321042,1990-07-01,1990-07-02,1
1037,146,4112343,2018-08-25,2018-09-06,1
1038,146,4217975,2009-08-30,2010-04-04,1
1039,146,4217975,2013-05-12,2013-11-24,1
1040,146,4217975,2017-02-19,2017-03-19,1
1041,146,4217975,2017-12-24,2018-01-14,1
1042,146,4217975,2018-05-13,2018-12-16,1
1043,147,0,1963-11-04,1963-11-05,1
1044,147,0,1982-01-04,1982-01-05,1
1045,147,258780,1993-11-01,1993-11-02,1
1046,147,4311629,1991-01-14,1991-01-15,1
1047,147,40481087,2013-07-31,2013-08-21,1
1048,148,28060,2010-10-04,2010-10-12,1
1049,148,28060,2011-01-11,2011-01-22,1
1050,148,4149245,2016-06-07,2016-08-13,1
1051,148,4294548,2015-05-12,2015-06-02,1
1052,148,4311629,2018-04-30,2018-05-01,1
1053,148,40481087,2010-04-18,2010-05-02,1
1054,149,0,1971-02-13,1971-02-14,1
1055,149,260139,2014-01-22,2014-02-05,1
1056,149,432867,2015-02-07,2015-02-08,1
1057,149,4112343,2011-08-20,2011-09-01,1
1058,149,4112343,2015-10-14,2015-10-24,1
1059,149,4285898,2011-12-30,2014-06-17,1
1060,149,37017023,2013-02-22,2014-06-17,1
1061,149,40481087,2012-04-27,2012-05-18,1
1062,149,40481087,2014-06-12,2014-06-19,1
1063,150,0,1967-08-07,1967-08-08,1
1064,150,0,1992-01-11,1992-01-12,1
1065,150,0,2006-09-23,2006-09-24,1
1066,150,28060,2016-09-23,2016-10-03,1
1067,150,133834,1961-05-02,1961-05-03,1
1068,150,260139,2018-02-01,2018-02-15,1
1069,150,260139,2018-03-19,2018-03-26,1
1070,150,380378,1967-08-07,1967-08-08,1
1071,150,432867,2012-01-07,2012-01-08,1
1072,150,4029498,1967-08-07,1967-08-08,1
1073,150,4048171,1963-08-15,1963-08-16,1
1074,150,4078393,2003-05-17,2003-05-18,1
1075,150,40481087,2013-06-13,2013-06-20,1
1076,151,260139,2012-03-06,2012-03-13,1
1077,151,316866,2015-06-12,2015-06-13,1
1078,151,4112343,2011-07-21,2011-07-28,1
1079,151,4112343,2013-04-21,2013-05-02,1
1080,151,4112343,2017-11-11,2017-11-18,1
1081,152,0,2009-03-04,2009-03-05,1
1082,152,260139,2012-10-07,2012-10-14,1
1083,152,260139,2015-08-09,2015-08-23,1
1084,152,439393,2010-12-15,2011-02-02,1
1085,152,4079750,2013-07-28,2013-07-29,1
1086,152,4112343,2015-07-05,2015-07-18,1
1087,152,4217975,2009-07-15,2010-02-17,1
1088,152,4217975,2010-06-30,2011-02-02,1
1089,152,4217975,2018-01-31,2018-08-15,1
1090,152,4296204,2016-05-28,2016-07-02,1
1091,152,40481087,2014-12-15,2014-12-22,1
1092,152,40481087,2018-11-09,2018-11-16,1
1093,153,260139,2010-02-10,2010-02-24,1
1094,153,4294548,2015-03-06,2015-03-20,1
1095,153,40481087,2009-03-07,2009-03-28,1
1096,154,0,1989-12-10,1989-12-11,1
1097,154,0,2013-03-03,2013-03-04,1
1098,154,321042,2013-03-03,2013-03-04,1
1099,154,4278672,2018-06-09,2018-08-08,1
1100,155,4112343,2011-01-19,2011-01-31,1
1101,155,4112343,2015-12-09,2015-12-22,1
1102,156,257012,2000-11-03,2000-11-04,1
1103,156,4278672,2013-09-21,2013-10-21,1
1104,156,40481087,2011-07-02,2011-07-16,1
1105,156,40481087,2014-10-04,2014-10-25,1
1106,156,40481087,2017-11-15,2017-11-29,1
1107,157,0,1982-11-25,1982-11-26,1
1108,157,260139,2017-08-06,2017-08-20,1
1109,157,381316,1994-08-11,1994-08-12,1
1110,157,4048171,1942-09-19,1942-09-20,1
1111,157,4112343,2010-06-03,2010-06-12,1
1112,157,4112343,2018-08-31,2018-09-12,1
1113,157,4218389,2009-09-17,2009-10-08,1
1114,158,0,1968-03-22,1968-03-23,1
1115,158,0,1985-05-10,1985-05-11,1
1116,158,260139,2012-12-27,2013-01-10,1
1117,158,439777,1990-07-10,1990-07-11,1
1118,158,4142905,2016-03-19,2016-06-17,1
1119,158,4237458,2015-01-24,2015-04-24,1
1120,158,40481087,2013-08-05,2013-08-12,1
1121,159,4112343,2012-06-17,2012-06-28,1
1122,159,4278672,2013-12-11,2014-01-10,1
1123,159,4294548,2018-01-10,2018-02-21,1
1124,160,0,2013-05-06,2013-05-07,1
1125,160,28060,2009-10-27,2009-11-06,1
1126,160,316866,2002-11-04,2002-11-05,1
1127,160,4217975,2011-01-03,2011-08-08,1
1128,160,4217975,2012-04-09,2012-10-22,1
1129,160,4217975,2013-06-24,2014-02-10,1
1130,160,4217975,2016-07-04,2017-02-06,1
1131,160,40481087,2013-03-21,2013-04-04,1
1132,160,40481087,2015-05-29,2015-06-12,1
1133,161,0,1938-11-21,1938-11-22,1
1134,161,0,1958-10-20,1958-10-21,1
1135,161,0,1978-05-01,1978-05-02,1
1136,161,260139,1971-03-14,1971-03-23,1
1137,161,260139,1975-03-14,1975-03-21,1
1138,161,260139,1976-11-12,1976-11-19,1
1139,161,260139,1978-03-16,1978-03-30,1
1140,161,313217,1968-11-11,1968-11-12,1
1141,161,316866,1928-11-05,1928-11-06,1
1142,161,317576,1966-10-31,1966-11-01,1
1143,161,432867,1961-10-02,1961-10-03,1
1144,161,4079750,1968-09-11,1968-09-12,1
1145,161,4285898,1975-09-23,1977-02-14,1
1146,161,4329847,1978-05-01,1978-05-02,1
1147,161,40479422,1977-02-25,1977-04-03,1
1148,161,40481087,1974-05-10,1974-05-24,1
1149,162,0,1981-04-03,1981-04-04,1
1150,162,0,1997-06-13,1997-06-14,1
1151,162,0,2000-07-21,2000-07-22,1
1152,162,257012,1967-07-20,1967-07-21,1
1153,162,260139,2012-07-12,2012-07-19,1
1154,162,316866,1971-09-24,1971-09-25,1
1155,162,321042,2000-07-21,2000-07-22,1
1156,162,4078393,2001-01-05,2001-01-06,1
1157,162,4112343,2014-08-04,2014-08-11,1
1158,162,4112343,2017-02-27,2017-03-11,1
1159,163,260139,2010-07-28,2010-08-04,1
1160,163,375671,2015-05-31,2015-06-30,1
1161,163,4084167,2009-07-31,2009-07-31,1
1162,163,4112343,2011-12-20,2012-01-01,1
1163,163,4112343,2015-04-17,2015-04-30,1
1164,163,4112343,2015-07-31,2015-08-08,1
1165,163,4134304,2013-02-10,2013-05-11,1
1166,163,40481087,2015-05-10,2015-05-17,1
1167,164,0,1936-10-26,1936-10-27,1
1168,164,0,1955-08-01,1955-08-02,1
1169,164,0,1999-01-25,1999-01-26,1
1170,164,260139,1990-01-08,1990-01-22,1
1171,164,316866,1926-10-11,1926-10-12,1
1172,164,317576,1993-02-01,1993-02-02,1
1173,164,432867,1959-02-16,1959-02-17,1
1174,164,4113008,1996-11-18,1996-12-09,1
1175,164,4155034,1998-09-30,1998-10-21,1
1176,164,4283893,1993-02-20,1993-03-20,1
1177,164,4329847,1999-01-25,1999-01-26,1
1178,164,40481087,1990-02-09,1990-03-02,1
1179,165,0,1986-08-14,1986-08-15,1
1180,165,260139,2015-10-14,2015-10-21,1
1181,165,432867,2002-09-12,2002-09-13,1
1182,165,438130,1989-08-17,1989-08-18,1
1183,165,439777,2010-10-08,2010-10-09,1
1184,165,4112343,2013-01-10,2013-01-22,1
1185,165,4229440,2018-10-06,2018-10-07,1
1186,166,0,1946-06-27,1946-06-28,1
1187,166,0,1963-09-16,1963-09-17,1
1188,166,0,1978-11-06,1978-11-07,1
1189,166,80502,2015-10-19,2015-10-20,1
1190,166,199076,1979-04-02,1979-04-03,1
1191,166,317576,2018-11-05,2018-11-06,1
1192,166,440448,1946-06-27,1946-06-28,1
1193,166,4078393,1978-11-27,1978-11-28,1
1194,166,4166224,1946-06-27,1946-06-28,1
1195,166,4285898,2011-08-16,2013-01-07,1
1196,166,4311629,1996-07-01,1996-07-02,1
1197,167,0,1999-01-15,1999-01-16,1
1198,167,0,2015-11-13,2015-11-14,1
1199,167,260139,2015-10-30,2015-11-13,1
1200,167,4112343,2017-01-23,2017-02-04,1
1201,167,4217975,2016-06-24,2016-07-15,1
1202,167,4217975,2018-07-20,2018-07-21,1
1203,167,40481087,2009-08-26,2009-09-16,1
1204,167,40481087,2010-05-19,2010-06-09,1
1205,167,40486433,1991-02-06,1991-02-07,1
1206,168,0,1991-08-14,1991-08-15,1
1207,168,0,1993-11-10,1993-11-11,1
1208,168,81151,1993-05-05,1993-05-26,1
1209,168,134438,1985-05-20,1989-10-26,1
1210,168,260139,1985-07-29,1985-08-12,1
1211,168,317576,1991-08-14,1991-08-15,1
1212,168,4329847,1993-11-10,1993-11-11,1
1213,168,40481087,1989-12-02,1989-12-23,1
1214,169,260139,2014-01-07,2014-01-14,1
1215,169,4112343,2012-08-15,2012-08-26,1
1216,169,40481087,2011-12-25,2012-01-08,1
1217,169,40481087,2016-05-24,2016-06-07,1
1218,170,257012,2010-10-20,2010-10-21,1
1219,170,260139,2014-06-04,2014-06-18,1
1220,170,316866,1991-07-17,1991-07-18,1
1221,170,4112343,2010-06-09,2010-06-20,1
1222,170,4283893,2010-09-29,2010-12-22,1
1223,170,4311629,2004-08-04,2004-08-05,1
1224,170,40481087,2015-03-09,2015-03-16,1
1225,170,40481087,2015-05-22,2015-05-29,1
1226,171,4311629,2005-10-24,2005-10-25,1
1227,171,40481087,2010-12-15,2010-12-22,1
1228,171,40481087,2015-07-04,2015-07-11,1
1229,171,40481087,2017-05-07,2017-05-14,1
1230,172,40481087,2010-03-29,2010-04-19,1
1231,172,40481087,2011-06-22,2011-07-13,1
1232,173,0,1955-08-26,1955-08-27,1
1233,173,0,1999-06-18,1999-06-19,1
1234,173,80502,1983-09-23,1983-09-24,1
1235,173,257012,1966-02-12,1966-02-13,1
1236,173,316866,1931-05-15,1931-05-16,1
1237,173,317576,1984-09-28,1984-09-29,1
1238,173,378419,1993-02-19,1993-02-20,1
1239,173,381316,1992-09-11,1992-09-12,1
1240,173,432867,1976-08-13,1976-08-14,1
1241,173,4278672,1994-04-03,1994-07-02,1
1242,173,4283893,1994-01-03,1994-01-17,1
1243,173,4285898,1993-04-25,1994-05-20,1
1244,173,4329847,1999-06-18,1999-06-19,1
1245,173,40480160,1994-04-03,1994-07-02,1
1246,173,40481087,1993-08-23,1993-08-30,1
1247,173,40481087,1997-03-07,1997-03-28,1
1248,173,40481087,1999-04-24,1999-05-15,1
1249,174,0,2012-02-18,2012-02-19,1
1250,174,257012,2016-01-24,2016-01-25,1
1251,174,4078393,2015-04-11,2015-04-12,1
1252,174,4217975,2009-03-21,2009-10-24,1
1253,174,4217975,2011-09-17,2012-04-21,1
1254,174,4217975,2013-03-30,2013-11-02,1
1255,174,4217975,2015-04-11,2015-04-18,1
1256,174,4217975,2017-04-08,2017-11-11,1
1257,174,4294548,2015-12-27,2016-03-20,1
1258,174,40318618,2015-04-11,2015-04-18,1
1259,174,40481087,2010-02-04,2010-02-18,1
1260,175,0,1927-07-18,1927-07-19,1
1261,175,0,1944-04-17,1944-04-18,1
1262,175,80502,1988-09-05,1988-09-06,1
1263,175,378419,1987-02-02,1987-02-03,1
1264,175,4078393,1941-07-07,1941-07-08,1
1265,175,4311629,1958-07-14,1958-07-15,1
1266,175,40481087,1998-10-30,1998-11-20,1
1267,176,0,2013-09-03,2013-09-04,1
1268,176,28060,2011-08-17,2011-08-25,1
1269,176,28060,2014-08-25,2014-09-03,1
1270,176,316866,1989-11-28,1989-11-29,1
1271,176,4112343,2012-12-19,2012-12-31,1
1272,176,4294548,2011-03-06,2011-03-20,1
1273,176,40481087,2018-12-13,2019-01-03,1
1274,177,81151,2011-03-13,2011-04-03,1
1275,179,0,2018-03-20,2018-03-21,1
1276,179,134438,2015-09-29,2016-06-25,1
1277,179,260139,2010-05-10,2010-05-17,1
1278,179,260139,2013-08-05,2013-08-19,1
1279,179,4112343,2018-02-04,2018-02-11,1
1280,179,4156265,2017-01-24,2017-02-07,1
1281,179,40481087,2014-05-28,2014-06-11,1
1282,179,40481087,2015-03-16,2015-03-23,1
1283,180,0,1939-10-30,1939-10-31,1
1284,180,0,1956-09-10,1956-09-11,1
1285,180,196456,1982-07-31,1982-07-31,1
1286,180,198809,1982-07-31,1982-07-31,1
1287,180,255848,1990-06-27,1990-06-28,1
1288,180,257012,1911-01-30,1911-01-31,1
1289,180,260139,1989-08-22,1989-08-29,1
1290,180,378419,1984-01-30,1984-01-31,1
1291,180,432867,1954-09-06,1954-09-07,1
1292,180,4112343,1990-06-03,1990-06-14,1
1293,181,260139,2012-07-02,2012-07-09,1
1294,181,260139,2015-02-06,2015-02-21,1
1295,181,4112343,2013-04-11,2013-04-24,1
1296,181,4311629,2018-02-28,2018-03-01,1
1297,181,40481087,2018-10-16,2018-11-06,1
1298,182,372328,2008-07-14,2009-06-12,1
1299,182,378001,2016-12-08,2017-02-06,1
1300,182,4294548,2016-11-21,2016-12-12,1
1301,182,40481087,2009-06-16,2009-06-23,1
1302,183,260139,2017-10-16,2017-10-30,1
1303,183,316866,2013-01-05,2013-01-06,1
1304,183,4112343,2009-05-30,2009-06-06,1
1305,183,4112343,2010-03-04,2010-03-14,1
1306,183,4152936,2009-03-21,2009-04-11,1
1307,184,372328,2016-10-25,2016-11-08,1
1308,184,372328,2018-08-30,2018-11-09,1
1309,185,133834,2001-08-29,2001-08-30,1
1310,185,316866,2017-01-29,2017-01-30,1
1311,185,378001,2012-03-18,2012-04-17,1
1312,185,440086,2007-12-04,2016-12-11,1
1313,185,4048171,2000-12-12,2017-12-10,1
1314,185,4051466,2002-12-12,2018-03-25,1
1315,185,4084167,2014-02-19,2014-02-19,1
1316,185,4109685,2013-03-13,2013-04-03,1
1317,185,4112343,2010-09-30,2010-10-09,1
1318,185,4217975,2016-06-12,2017-01-08,1
1319,186,0,2006-06-13,2006-06-14,1
1320,186,257012,1981-12-23,1981-12-24,1
1321,186,378001,2017-05-27,2017-06-26,1
1322,186,440448,2006-06-13,2006-06-14,1
1323,186,4112343,2017-08-26,2017-09-08,1
1324,186,4166224,2006-06-13,2006-06-14,1
1325,186,4285898,2011-06-23,2012-06-17,1
1326,186,4311629,1988-01-14,1988-01-15,1
1327,186,40481087,2015-07-21,2015-07-28,1
1328,187,201826,2017-10-08,2017-10-09,1
1329,187,316866,2017-10-08,2017-10-09,1
1330,187,4112343,2009-08-19,2009-08-27,1
1331,187,40481087,2014-04-05,2014-04-12,1
1332,188,0,1993-09-20,1993-09-21,1
1333,188,260139,1991-11-10,1991-11-24,1
1334,188,317576,1986-08-11,1986-08-12,1
1335,188,4079750,1985-06-17,1985-06-18,1
1336,188,4112343,1989-06-27,1989-07-10,1
1337,188,4112343,1991-05-05,1991-05-14,1
1338,188,4112343,1992-06-11,1992-06-19,1
1339,188,4311629,1947-12-29,1947-12-30,1
1340,188,4329847,1993-09-20,1993-09-21,1
1341,188,40481087,1987-02-03,1987-02-10,1
1342,188,40481087,1991-01-25,1991-02-08,1
1343,188,40481087,1991-03-17,1991-03-24,1
1344,189,0,1963-02-12,1963-02-13,1
1345,189,381316,2017-08-13,2017-08-14,1
1346,189,432867,1992-03-29,1992-03-30,1
1347,189,440448,1963-02-12,1963-02-13,1
1348,189,4112343,2009-05-26,2009-06-06,1
1349,189,4112343,2016-11-27,2016-12-09,1
1350,189,4134304,2013-02-17,2013-04-18,1
1351,189,4166224,1963-02-12,1963-02-13,1
1352,189,4311629,1975-08-17,1975-08-18,1
1353,189,40481087,2009-11-19,2009-12-10,1
1354,189,40481087,2013-11-25,2013-12-16,1
1355,189,40481087,2017-04-05,2017-04-12,1
1356,190,0,2005-11-16,2005-11-17,1
1357,190,195588,2014-11-26,2014-12-27,1
1358,190,4078393,2006-07-26,2006-07-27,1
1359,190,4283893,2012-11-24,2012-12-22,1
1360,190,40481087,2009-10-23,2009-11-06,1
1361,190,40481087,2010-10-10,2010-10-31,1
1362,191,28060,2016-01-09,2016-01-22,1
1363,191,78272,2012-07-24,2012-08-07,1
1364,191,40481087,2010-12-11,2011-01-01,1
1365,191,40481087,2012-01-05,2012-01-19,1
1366,191,40481087,2015-07-10,2015-07-17,1
1367,192,0,1968-02-08,1968-02-09,1
1368,192,0,1986-03-17,1986-03-18,1
1369,192,28060,2018-06-17,2018-06-26,1
1370,192,257012,1958-12-06,1958-12-07,1
1371,192,380378,1968-02-08,1968-02-09,1
1372,192,4029498,1968-02-08,1968-02-09,1
1373,192,4079749,2005-01-29,2005-01-30,1
1374,192,4156265,2018-08-22,2018-09-05,1
1375,192,4311629,1989-03-20,1989-03-21,1
1376,193,133834,2003-12-03,2015-06-10,1
1377,193,257012,2010-07-10,2010-08-07,1
1378,193,4084167,2009-08-26,2009-08-26,1
1379,193,4112343,2012-07-12,2012-07-23,1
1380,193,4294548,2010-05-22,2010-08-07,1
1381,193,40481087,2010-10-12,2010-11-02,1
1382,194,0,2014-04-06,2014-04-07,1
1383,194,28060,2004-06-11,2004-06-23,1
1384,194,192279,1983-11-13,1983-11-14,1
1385,194,201826,1982-03-21,1982-03-22,1
1386,194,260139,2010-04-30,2010-05-14,1
1387,194,260139,2011-11-22,2011-12-06,1
1388,194,317576,2007-09-09,2007-09-10,1
1389,194,432867,1991-05-05,1991-05-06,1
1390,194,436096,1990-10-14,1990-10-15,1
1391,194,436940,1986-11-16,1986-11-17,1
1392,194,443614,1983-11-13,1983-11-14,1
1393,194,4055754,1990-02-06,1990-02-07,1
1394,194,4079749,1998-02-28,1998-03-01,1
1395,194,4120314,1983-11-13,1983-11-14,1
1396,194,4208104,2000-11-29,2000-11-30,1
1397,194,4329847,2014-04-06,2014-04-07,1
1398,194,40481087,2005-11-28,2005-12-12,1
1399,194,43530652,1990-11-20,1990-11-21,1
1400,195,436096,1997-07-10,1997-07-11,1
1401,195,439777,2001-06-02,2001-06-03,1
1402,195,4055754,1997-08-16,1997-08-17,1
1403,195,4208104,2015-04-28,2015-04-29,1
1404,195,4278672,2018-03-15,2018-06-13,1
1405,195,4311629,2005-07-05,2005-07-06,1
1406,195,40481087,2016-08-28,2016-09-11,1
1407,195,40481087,2018-12-05,2018-12-12,1
1408,195,43530652,1998-02-08,1998-02-09,1
1409,197,137613,2013-07-22,2013-08-12,1
1410,197,257012,2014-01-12,2014-01-13,1
1411,197,260139,2016-09-07,2016-09-14,1
1412,197,4078393,2015-06-22,2015-06-23,1
1413,197,4217975,2013-01-07,2013-08-12,1
1414,197,4217975,2014-12-15,2015-02-23,1
1415,197,4217975,2015-06-22,2015-07-06,1
1416,197,4217975,2017-11-06,2018-06-04,1
1417,197,4294548,2013-10-27,2014-01-19,1
1418,197,40318618,2015-06-22,2015-07-06,1
1419,198,0,1987-06-22,1987-06-23,1
1420,198,0,2005-07-25,2005-07-26,1
1421,198,192279,2011-11-28,2011-11-29,1
1422,198,201826,2007-08-06,2007-08-07,1
1423,198,316866,1974-06-03,1974-06-04,1
1424,198,436940,2008-08-11,2008-08-12,1
1425,198,443614,2011-11-28,2011-11-29,1
1426,198,4043241,2015-04-20,2015-04-21,1
1427,198,4112343,2013-06-27,2013-07-10,1
1428,198,4120314,2008-08-11,2008-08-12,1
1429,198,4214376,2008-08-11,2008-08-12,1
1430,198,4226121,2010-08-23,2010-08-24,1
1431,199,0,1998-03-20,1998-03-21,1
1432,199,4112343,2012-01-07,2012-01-15,1
1433,199,4152936,2018-02-20,2018-03-14,1
1434,199,4218389,2009-07-03,2009-08-07,1
1435,199,4285898,2011-03-09,2012-07-02,1
1436,199,40481087,2013-07-14,2013-07-28,1
1437,199,40481087,2014-03-02,2014-03-17,1
1438,200,0,1999-08-23,1999-08-24,1
1439,200,0,2012-02-27,2012-02-28,1
1440,200,28060,2017-07-14,2017-07-22,1
1441,200,4079749,2002-02-06,2002-02-07,1
1442,200,4218389,2011-01-02,2011-01-23,1
1443,200,4283893,2011-06-28,2011-07-12,1
1444,200,40481087,2014-06-04,2014-06-25,1
1445,201,0,2003-12-22,2003-12-23,1
1446,201,4296204,2011-04-03,2011-04-17,1
1447,201,4311629,2011-12-12,2011-12-13,1
1448,201,40481087,2017-01-16,2017-02-06,1
1449,202,0,2011-04-29,2011-04-30,1
1450,202,260139,2011-10-08,2011-10-22,1
1451,202,4112343,2016-06-17,2016-06-27,1
1452,203,0,1972-09-29,1972-09-30,1
1453,203,0,1992-11-27,1992-11-28,1
1454,203,257012,1979-09-29,1979-09-30,1
1455,203,4134304,2018-07-01,2018-09-29,1
1456,203,4311629,1995-12-01,1995-12-02,1
1457,204,28060,2017-04-20,2017-04-29,1
1458,204,78272,2017-09-08,2017-10-13,1
1459,204,4112343,2013-01-26,2013-02-07,1
1460,204,4112343,2017-07-31,2017-08-10,1
1461,204,4218389,2010-02-12,2010-03-19,1
1462,204,40481087,2010-07-20,2010-08-03,1
1463,204,40481087,2011-09-05,2011-09-26,1
1464,205,0,2009-12-12,2009-12-13,1
1465,205,201826,2012-12-15,2012-12-16,1
1466,205,316866,2012-12-15,2012-12-16,1
1467,205,436096,1990-05-25,1990-05-26,1
1468,205,436940,2014-12-20,2014-12-21,1
1469,205,4055754,1990-02-05,1990-02-06,1
1470,205,4112343,2016-07-28,2016-08-04,1
1471,205,4120314,2014-12-20,2014-12-21,1
1472,205,4146173,2016-05-04,2016-06-03,1
1473,205,4208104,1995-06-27,1995-06-28,1
1474,205,4214376,2014-12-20,2014-12-21,1
1475,205,40481087,2009-12-06,2009-12-13,1
1476,205,43530652,1990-07-29,1990-07-30,1
1477,206,80502,2015-11-15,2015-11-16,1
1478,206,195588,2011-05-19,2011-06-29,1
1479,206,260139,2017-09-05,2017-09-12,1
1480,206,316866,1973-05-27,1973-05-28,1
1481,206,4283893,2011-01-02,2011-01-23,1
1482,206,4311629,1975-07-13,1975-07-14,1
1483,206,40481087,2015-10-04,2015-10-25,1
1484,207,4112343,2012-04-01,2012-04-13,1
1485,207,40481087,2009-07-08,2009-07-29,1
1486,208,0,2001-06-22,2001-06-23,1
1487,208,378001,2010-08-30,2010-09-29,1
1488,208,4078393,1987-12-04,1987-12-05,1
1489,208,4112343,2015-10-25,2015-11-07,1
1490,209,0,1981-11-03,1981-11-04,1
1491,209,81151,2015-02-07,2015-02-28,1
1492,209,201826,1996-05-21,1996-05-22,1
1493,209,316866,1989-05-09,1989-05-10,1
1494,209,436940,1999-05-25,1999-05-26,1
1495,209,4112343,2009-01-15,2009-01-28,1
1496,209,4116491,2009-02-20,2009-04-06,1
1497,209,4116491,2011-04-06,2011-05-27,1
1498,209,4120314,1999-05-25,1999-05-26,1
1499,209,4214376,1999-05-25,1999-05-26,1
1500,209,4296204,2018-08-11,2018-09-01,1
1501,209,37016354,2005-05-31,2005-06-01,1
1502,209,40481087,2015-07-31,2015-08-07,1
1503,210,0,1984-12-04,1984-12-05,1
1504,210,75036,1997-11-15,1997-11-16,1
1505,210,80502,2014-11-18,2014-11-19,1
1506,210,257012,1970-12-10,1970-12-11,1
1507,210,261325,1984-11-28,1984-11-29,1
1508,210,313217,1997-12-16,1997-12-17,1
1509,210,4112343,2010-10-21,2010-10-29,1
1510,211,0,2012-06-12,2012-06-13,1
1511,211,4112343,2012-06-20,2012-06-27,1
1512,211,4311629,2017-05-30,2017-05-31,1
1513,212,0,2013-05-23,2013-05-24,1
1514,212,260139,2013-05-11,2013-05-25,1
1515,212,4112343,2018-10-27,2018-11-09,1
1516,212,4217975,2009-10-15,2009-11-05,1
1517,212,4217975,2010-02-04,2010-09-09,1
1518,212,4217975,2011-10-20,2012-05-03,1
1519,212,4217975,2012-11-08,2013-06-20,1
1520,212,4217975,2017-04-06,2017-11-23,1
1521,213,0,2001-05-20,2001-05-21,1
1522,213,75036,2007-04-28,2007-04-29,1
1523,213,4078393,1987-07-19,1987-07-20,1
1524,213,4112343,2011-09-26,2011-10-08,1
1525,213,4283893,2009-02-10,2009-03-10,1
1526,213,4311629,2012-05-27,2012-05-28,1
1527,213,40481087,2014-07-20,2014-08-03,1
1528,214,78272,2011-06-09,2011-06-23,1
1529,214,199076,1973-07-23,1973-07-24,1
1530,214,257012,1951-10-28,1951-10-29,1
1531,214,260139,2014-08-19,2014-08-26,1
1532,214,4078393,1969-02-17,1969-02-18,1
1533,214,4079750,1999-12-04,1999-12-05,1
1534,214,4311629,1971-02-22,1971-02-23,1
1535,215,0,1992-08-14,1992-08-15,1
1536,215,261325,2000-12-01,2000-12-02,1
1537,215,4280726,1956-07-15,1956-07-16,1
1538,215,40481087,2002-10-04,2002-10-25,1
1539,216,0,1973-02-23,1973-02-24,1
1540,216,0,2004-06-27,2004-06-28,1
1541,216,257012,2013-10-21,2013-10-22,1
1542,216,440448,1973-02-23,1973-02-24,1
1543,216,4112343,2016-09-29,2016-10-10,1
1544,216,4166224,1973-02-23,1973-02-24,1
1545,216,4283893,2013-09-30,2013-11-04,1
1546,217,260139,2013-06-15,2013-06-22,1
1547,217,316866,2014-06-26,2014-06-27,1
1548,217,439777,2017-08-11,2017-08-12,1
1549,217,4112343,2017-11-22,2017-11-29,1
1550,217,4156265,2011-01-07,2011-01-28,1
1551,217,4217975,2019-01-03,2019-01-04,1
1552,217,40481087,2018-10-19,2018-11-02,1
1553,218,0,2011-04-09,2011-04-10,1
1554,218,28060,2012-09-11,2012-09-19,1
1555,218,439393,2013-04-27,2013-06-08,1
1556,218,439393,2018-02-24,2018-04-14,1
1557,218,4078393,2012-06-23,2012-06-24,1
1558,218,4217975,2007-02-24,2007-09-29,1
1559,218,4217975,2012-06-23,2012-06-30,1
1560,218,4217975,2012-11-10,2013-06-08,1
1561,218,4217975,2013-10-19,2013-11-16,1
1562,218,4217975,2017-09-09,2018-04-14,1
1563,218,4217975,2018-10-20,2018-10-21,1
1564,218,40318618,2012-06-23,2012-06-30,1
1565,219,0,1997-07-28,1997-07-29,1
1566,219,0,2015-05-18,2015-05-19,1
1567,219,439393,2013-10-21,2013-12-09,1
1568,219,439777,1989-07-13,1989-07-14,1
1569,219,4078393,2012-06-04,2012-06-05,1
1570,219,4112343,2012-06-15,2012-06-26,1
1571,219,4217975,2010-11-01,2011-06-20,1
1572,219,4217975,2012-06-04,2012-06-11,1
1573,219,4217975,2013-05-06,2013-12-09,1
1574,219,4217975,2015-03-30,2015-11-02,1
1575,219,4217975,2017-06-19,2018-01-29,1
1576,219,4262136,2012-06-04,2012-06-11,1
1577,220,0,1973-05-28,1973-05-29,1
1578,220,260139,2015-03-11,2015-03-18,1
1579,220,260139,2015-05-21,2015-05-28,1
1580,220,4055754,2005-02-09,2005-02-10,1
1581,220,4078393,1980-08-25,1980-08-26,1
1582,220,4112343,2011-12-21,2011-12-29,1
1583,220,4112343,2013-07-24,2013-08-04,1
1584,220,4285898,2008-08-08,2009-08-03,1
1585,220,4311629,1986-09-01,1986-09-02,1
1586,221,81151,2014-10-11,2014-11-15,1
1587,221,133834,2000-06-03,2000-06-04,1
1588,221,316866,2016-01-16,2016-01-17,1
1589,221,40481087,2015-01-07,2015-01-21,1
1590,221,40486433,2002-07-18,2002-07-19,1
1591,222,0,1996-01-23,1996-01-24,1
1592,222,257012,1967-05-03,1967-05-04,1
1593,222,313217,2014-06-17,2014-06-18,1
1594,222,432867,2001-06-05,2001-06-06,1
1595,222,40481087,2016-11-26,2016-12-17,1
1596,223,0,1982-05-02,1982-05-03,1
1597,223,257012,1950-08-19,1950-08-20,1
1598,223,432867,2009-11-08,2009-11-09,1
1599,223,4311629,1999-09-19,1999-09-20,1
1600,223,40481087,2009-11-28,2009-12-19,1
1601,223,40481087,2013-04-09,2013-04-30,1
1602,223,40481087,2015-01-27,2015-02-17,1
1603,224,4112343,2012-05-29,2012-06-05,1
1604,224,40479768,2018-08-04,2018-10-10,1
1605,224,40481087,2015-02-02,2015-02-23,1
1606,225,0,2009-01-23,2009-01-24,1
1607,225,316866,1987-08-07,1987-08-08,1
1608,225,40481087,2012-10-15,2012-10-29,1
1609,225,40481087,2016-10-16,2016-11-06,1
1610,225,40481087,2017-09-10,2017-09-17,1
1611,225,40481087,2017-10-24,2017-11-14,1
1612,226,0,1982-12-23,1982-12-24,1
1613,226,0,2000-12-14,2000-12-15,1
1614,226,316866,1993-03-11,1993-03-12,1
1615,226,4112343,2011-01-14,2011-01-25,1
1616,226,40481087,2011-02-05,2011-02-12,1
1617,226,40481087,2011-07-21,2011-08-04,1
1618,226,40481087,2014-01-27,2014-02-17,1
1619,227,4094814,2017-07-24,2017-10-22,1
1620,227,4311629,2015-01-23,2015-01-24,1
1621,227,40481087,2015-04-25,2015-05-16,1
1622,227,40481087,2018-01-06,2018-01-20,1
1623,228,0,1984-04-25,1984-04-26,1
1624,228,200970,2003-05-08,2003-05-09,1
1625,228,257012,1986-07-11,1986-07-12,1
1626,228,432867,1986-04-30,1986-05-01,1
1627,228,4079749,1992-04-02,1992-04-03,1
1628,228,4112343,2010-01-28,2010-02-07,1
1629,228,4129902,2003-05-08,2003-05-09,1
1630,228,4230399,2011-12-26,2012-02-24,1
1631,228,4285898,2012-04-10,2014-04-30,1
1632,228,37017023,2013-05-05,2014-04-30,1
1633,228,40481087,2016-05-26,2016-06-09,1
1634,229,260139,2009-11-12,2009-11-26,1
1635,230,0,2013-10-23,2013-10-24,1
1636,230,28060,2014-01-10,2014-01-23,1
1637,230,257012,2015-02-24,2015-02-25,1
1638,230,260139,2014-07-07,2014-07-14,1
1639,230,4112343,2018-07-04,2018-07-11,1
1640,230,4283893,2015-02-03,2015-03-10,1
1641,231,0,1994-02-10,1994-02-11,1
1642,231,0,2010-08-19,2010-08-20,1
1643,231,133834,1964-12-12,1964-12-13,1
1644,231,260139,2014-12-24,2014-12-31,1
1645,231,4078393,2012-10-25,2012-10-26,1
1646,231,4112343,2014-07-25,2014-08-04,1
1647,231,4116491,2014-10-24,2014-12-07,1
1648,231,4116491,2015-12-07,2016-01-17,1
1649,231,4217975,2012-10-25,2012-11-01,1
1650,231,4262136,2012-10-25,2012-11-01,1
1651,231,40486433,1969-11-11,1969-11-12,1
1652,232,0,1999-07-14,1999-07-15,1
1653,232,257012,2016-09-07,2016-09-08,1
1654,232,4079749,2009-09-26,2009-09-27,1
1655,232,4283893,2016-07-27,2016-10-12,1
1656,232,40481087,2017-12-10,2017-12-17,1
1657,233,0,1998-04-24,1998-04-25,1
1658,233,0,2011-04-24,2011-04-25,1
1659,233,316866,1980-05-09,1980-05-10,1
1660,233,432867,2003-05-02,2003-05-03,1
1661,233,440448,2011-04-24,2011-04-25,1
1662,233,4285898,2011-05-06,2012-05-30,1
1663,233,4311629,2009-05-15,2009-05-16,1
1664,233,40481087,2011-05-08,2011-05-15,1
1665,233,40481087,2013-09-10,2013-09-17,1
1666,234,0,1996-02-11,1996-02-12,1
1667,234,260139,2012-01-20,2012-02-03,1
1668,234,316866,1975-05-18,1975-05-19,1
1669,235,0,1985-12-16,1985-12-17,1
1670,235,81151,2018-11-07,2018-12-12,1
1671,235,257012,2011-11-28,2011-11-29,1
1672,235,260139,2013-04-29,2013-05-06,1
1673,235,4056621,1986-05-02,1986-05-03,1
1674,235,4283893,2014-01-27,2014-04-21,1
1675,235,4294548,2011-10-03,2012-01-30,1
1676,235,4311629,2001-03-26,2001-03-27,1
1677,236,0,2012-12-02,2012-12-03,1
1678,236,436096,2002-12-23,2002-12-24,1
1679,236,4055754,2002-05-25,2002-05-26,1
1680,236,4078393,2006-11-05,2006-11-06,1
1681,236,4112343,2014-11-05,2014-11-15,1
1682,236,4208104,2013-04-12,2013-04-13,1
1683,236,4217975,2011-01-02,2011-08-01,1
1684,236,4217975,2012-03-04,2012-05-14,1
1685,236,4217975,2012-08-20,2013-04-01,1
1686,236,4217975,2015-09-07,2015-09-21,1
1687,236,4217975,2015-12-20,2016-01-10,1
1688,236,4217975,2016-05-16,2016-12-25,1
1689,236,40318618,2015-09-07,2015-09-21,1
1690,236,43530652,2001-12-29,2001-12-30,1
1691,237,81151,2009-12-07,2009-12-28,1
1692,237,4112343,2009-02-20,2009-02-28,1
1693,237,4311629,2000-01-11,2000-01-12,1
1694,237,40481087,2013-02-04,2013-02-18,1
1695,237,40481087,2018-01-31,2018-02-21,1
1696,238,0,2005-05-12,2005-05-13,1
1697,238,4217975,2012-07-05,2012-08-02,1
1698,238,4217975,2017-10-26,2018-05-31,1
1699,239,78272,2013-01-10,2013-01-24,1
1700,239,257012,2000-08-07,2000-08-08,1
1701,239,316866,2015-09-13,2015-09-14,1
1702,239,4112343,2017-07-02,2017-07-09,1
1703,239,4113008,2013-11-20,2013-12-11,1
1704,240,0,1995-08-20,1995-08-21,1
1705,240,81151,2005-01-01,2005-02-05,1
1706,240,316866,1975-03-09,1975-03-10,1
1707,240,317576,1994-04-03,1994-04-04,1
1708,240,4112343,2005-12-07,2005-12-20,1
1709,240,4134304,2002-11-13,2003-01-12,1
1710,240,4311629,1975-03-09,1975-03-10,1
1711,240,4329847,1995-08-20,1995-08-21,1
1712,241,0,1989-03-12,1989-03-13,1
1713,241,199076,2001-02-18,2001-02-19,1
1714,241,316866,1982-02-28,1982-03-01,1
1715,241,4078393,2000-10-22,2000-10-23,1
1716,241,4217975,2008-09-14,2009-04-26,1
1717,241,4217975,2013-02-24,2013-03-10,1
1718,241,4262136,2013-02-24,2013-03-10,1
1719,241,4311629,2003-05-25,2003-05-26,1
1720,241,40481087,2013-08-01,2013-08-15,1
1721,242,260139,2009-11-03,2009-11-10,1
1722,242,432867,2008-12-12,2008-12-13,1
1723,242,4112343,2014-01-01,2014-01-14,1
1724,242,4112343,2014-08-15,2014-08-28,1
1725,242,4285898,2012-10-06,2013-10-01,1
1726,242,4311629,1981-12-25,1981-12-26,1
1727,243,78272,2011-08-22,2011-09-05,1
1728,243,4112343,2011-06-17,2011-06-28,1
1729,243,40481087,2017-07-06,2017-07-20,1
1730,243,40486433,1994-06-28,1994-06-29,1
1731,244,260139,2018-06-25,2018-07-09,1
1732,244,372328,2014-12-12,2015-03-25,1
1733,244,4112343,2016-02-09,2016-02-19,1
1734,245,0,1987-07-18,1987-07-19,1
1735,245,195588,2009-07-12,2009-09-03,1
1736,245,260139,2010-07-18,2010-08-01,1
1737,245,4029498,1987-07-18,1987-07-19,1
1738,245,4078393,2005-09-05,2005-09-06,1
1739,245,4112343,2011-02-27,2011-03-07,1
1740,245,4112343,2013-04-27,2013-05-04,1
1741,245,40481087,2016-12-17,2016-12-31,1
1742,246,260139,2014-06-28,2014-07-12,1
1743,246,260139,2017-12-02,2017-12-09,1
1744,246,4230399,2012-07-25,2012-09-23,1
1745,247,0,1991-04-19,1991-04-20,1
1746,247,0,2011-02-25,2011-02-26,1
1747,247,40481087,2014-04-13,2014-04-27,1
1748,248,4112343,2014-06-09,2014-06-20,1
1749,248,4217975,2018-07-05,2018-08-02,1
1750,249,133834,2010-06-21,2010-06-22,1
1751,249,372328,2011-08-08,2012-07-12,1
1752,249,4084167,2011-02-09,2011-02-09,1
1753,249,4280726,2008-09-14,2008-09-15,1
1754,249,40481087,2010-06-20,2010-07-11,1
1755,249,40481087,2014-10-24,2014-10-31,1
1756,250,0,1987-02-25,1987-02-26,1
1757,250,0,1992-04-29,1992-04-30,1
1758,250,79740,2008-06-21,2009-07-01,1
1759,250,257012,1964-10-08,1964-10-09,1
1760,250,438130,1984-02-22,1984-02-23,1
1761,250,4285898,2007-04-23,2007-04-24,1
1762,250,4311629,2006-05-17,2006-05-18,1
1763,250,37017023,2008-06-16,2008-06-17,1
1764,250,40481087,2010-12-18,2011-01-08,1
1765,250,40481087,2012-01-12,2012-01-19,1
1766,251,133834,2007-02-11,2007-02-12,1
1767,251,260139,2011-04-15,2011-04-29,1
1768,251,4048171,2007-05-02,2007-05-03,1
1769,251,4051466,2006-05-02,2006-05-03,1
1770,251,4296205,2010-11-15,2010-12-06,1
1771,251,40481087,2011-02-21,2011-03-07,1
1772,251,40481087,2012-06-08,2012-06-15,1
1773,251,40481087,2014-09-12,2014-09-26,1
1774,251,40481087,2015-12-29,2016-01-12,1
1775,252,0,1988-04-17,1988-04-18,1
1776,252,0,2002-05-19,2002-05-20,1
1777,252,260139,2018-12-17,2018-12-24,1
1778,252,4078393,1987-07-12,1987-07-13,1
1779,252,4112343,2015-07-08,2015-07-20,1
1780,252,4311629,2010-01-17,2010-01-18,1
1781,252,40481087,2010-02-12,2010-03-05,1
1782,253,0,1965-02-15,1965-02-16,1
1783,253,0,1979-07-02,1979-07-03,1
1784,253,75036,1977-06-19,1977-06-20,1
1785,253,200970,2006-03-07,2006-03-08,1
1786,253,257012,1988-04-23,1988-04-24,1
1787,253,260139,2017-11-05,2017-11-12,1
1788,253,4059173,2013-10-27,2014-01-25,1
1789,253,4129902,2006-03-07,2006-03-08,1
1790,253,4237458,2014-12-21,2015-02-19,1
1791,253,4283893,2017-05-26,2017-10-06,1
1792,253,4311629,1973-06-25,1973-06-26,1
1793,253,40481087,2013-08-02,2013-08-09,1
1794,254,0,2014-04-29,2014-04-30,1
1795,254,4078393,2006-03-07,2006-03-08,1
1796,254,4112343,2015-04-12,2015-04-19,1
1797,254,4217975,2013-03-12,2013-10-15,1
1798,254,40481087,2009-08-21,2009-09-04,1
1799,254,40481087,2014-05-20,2014-06-10,1
1800,255,81151,2005-04-25,2005-05-16,1
1801,255,257012,1976-06-17,1976-06-18,1
1802,255,260139,2005-04-14,2005-04-28,1
1803,255,261325,2012-11-25,2012-11-26,1
1804,255,316866,1976-07-04,1976-07-05,1
1805,255,4112343,2004-06-06,2004-06-14,1
1806,255,4112343,2007-03-04,2007-03-15,1
1807,255,4278672,2003-01-06,2003-03-07,1
1808,255,4311629,1983-07-17,1983-07-18,1
1809,256,81151,2013-05-04,2013-06-01,1
1810,256,81151,2017-02-10,2017-03-17,1
1811,256,372328,2012-09-06,2012-12-17,1
1812,256,4051466,2014-04-16,2014-04-17,1
1813,256,4112343,2013-05-06,2013-05-18,1
1814,256,40481087,2018-09-12,2018-10-03,1
1815,256,40486433,2016-04-15,2016-04-16,1
1816,257,0,2005-02-20,2005-02-21,1
1817,257,257012,1989-10-29,1989-10-30,1
1818,257,4112343,2018-09-11,2018-09-19,1
1819,257,4217975,2016-02-21,2016-09-25,1
1820,258,0,2011-05-28,2011-05-29,1
1821,258,0,2012-10-21,2012-10-22,1
1822,258,28060,2011-09-13,2011-09-25,1
1823,258,81151,2010-09-06,2010-10-04,1
1824,258,439393,2011-06-18,2011-08-13,1
1825,258,440448,2012-10-21,2012-10-22,1
1826,258,4152936,2018-04-25,2018-05-09,1
1827,258,4217975,2011-01-01,2011-08-13,1
1828,258,40481087,2015-01-01,2015-01-08,1
1829,259,378001,2016-07-20,2016-09-18,1
1830,259,4237458,2017-08-14,2017-09-13,1
1831,260,316866,1984-05-19,1984-05-20,1
1832,260,4311629,2001-02-24,2001-02-25,1
1833,260,40481087,2011-07-21,2011-08-11,1
1834,260,40481087,2018-12-08,2018-12-29,1
1835,261,137613,2017-07-27,2017-08-31,1
1836,261,201826,1998-01-15,1998-01-16,1
1837,261,316866,1991-01-03,1991-01-04,1
1838,261,436940,2004-01-22,2004-01-23,1
1839,261,4120314,2001-01-18,2001-01-19,1
1840,261,4214376,2004-01-22,2004-01-23,1
1841,261,4217975,2009-01-01,2009-08-06,1
1842,261,4217975,2017-01-12,2017-08-31,1
1843,261,4226121,2004-01-22,2004-01-23,1
1844,261,37016354,2004-01-22,2004-01-23,1
1845,261,40481087,2009-02-02,2009-02-09,1
1846,261,43530656,2012-09-20,2012-09-21,1
1847,262,0,2005-11-05,2005-11-06,1
1848,262,192279,2018-03-31,2018-04-01,1
1849,262,201826,2017-07-15,2017-07-16,1
1850,262,316866,1989-10-14,1989-10-15,1
1851,262,436940,2018-03-31,2018-04-01,1
1852,262,443614,2018-03-31,2018-04-01,1
1853,262,4120314,2018-03-31,2018-04-01,1
1854,262,4214376,2018-03-31,2018-04-01,1
1855,262,4218389,2011-11-23,2011-12-21,1
1856,262,40481087,2013-11-18,2013-11-25,1
1857,262,40481087,2016-10-19,2016-11-02,1
1858,263,0,1990-04-23,1990-04-24,1
1859,263,0,2004-06-29,2004-06-30,1
1860,263,0,2019-01-08,2019-01-09,1
1861,263,257012,2015-02-23,2015-02-24,1
1862,263,260139,2012-12-24,2013-01-07,1
1863,263,316866,1997-06-17,1997-06-18,1
1864,263,440448,1990-04-23,1990-04-24,1
1865,263,4112343,2014-04-24,2014-05-03,1
1866,263,4152936,2018-05-11,2018-05-25,1
1867,263,4217975,2009-06-23,2009-07-14,1
1868,263,4217975,2010-02-09,2010-03-02,1
1869,263,4283893,2014-12-01,2015-04-13,1
1870,264,0,1982-05-18,1982-05-19,1
1871,264,0,1998-09-15,1998-09-16,1
1872,264,316866,1975-05-06,1975-05-07,1
1873,264,432867,2000-09-19,2000-09-20,1
1874,264,4285898,2016-12-02,2018-03-27,1
1875,264,40481087,2012-02-09,2012-02-23,1
1876,264,40481087,2015-01-17,2015-01-24,1
1877,266,0,1994-10-23,1994-10-24,1
1878,266,257012,1982-10-03,1982-10-04,1
1879,266,260139,2016-09-02,2016-09-16,1
1880,266,4296205,2012-09-08,2012-10-06,1
1881,266,40481087,2017-09-08,2017-09-29,1
1882,267,0,1989-04-25,1989-04-26,1
1883,267,0,2007-01-23,2007-01-24,1
1884,267,432867,2009-01-27,2009-01-28,1
1885,267,4112343,2009-03-14,2009-03-22,1
1886,267,4112343,2014-08-26,2014-09-06,1
1887,267,4112343,2014-10-07,2014-10-15,1
1888,267,4134304,2012-01-31,2012-03-31,1
1889,267,40481087,2012-01-03,2012-01-17,1
1890,268,0,2010-02-03,2010-02-04,1
1891,268,28060,2016-07-28,2016-08-04,1
1892,268,81151,2012-02-14,2012-03-20,1
1893,268,260139,2015-04-10,2015-04-24,1
1894,268,316866,2000-01-19,2000-01-20,1
1895,268,4218389,2016-01-29,2016-03-04,1
1896,268,40481087,2011-08-25,2011-09-08,1
1897,269,28060,2012-10-03,2012-10-12,1
1898,269,316866,2013-09-27,2013-09-28,1
1899,269,4079750,2014-02-03,2014-02-04,1
1900,269,4112343,2015-09-30,2015-10-08,1
1901,269,4116491,2013-06-11,2013-07-23,1
1902,269,4217975,2015-11-13,2015-11-27,1
1903,269,4217975,2016-08-05,2017-03-10,1
1904,269,40481087,2012-10-22,2012-10-29,1
1905,270,0,1941-11-22,1941-11-23,1
1906,270,0,1988-05-14,1988-05-15,1
1907,270,200970,1997-01-19,1997-01-20,1
1908,270,321042,1941-11-22,1941-11-23,1
1909,270,432867,1976-04-03,1976-04-04,1
1910,270,436096,1992-02-25,1992-02-26,1
1911,270,4055754,1990-04-13,1990-04-14,1
1912,270,4059173,2010-07-04,2010-08-03,1
1913,270,4129902,1997-01-19,1997-01-20,1
1914,270,4155034,2011-06-29,2011-07-20,1
1915,270,4208104,2011-10-03,2011-10-04,1
1916,270,4311629,1976-04-03,1976-04-04,1
1917,270,40481087,2016-03-28,2016-04-04,1
1918,270,40481087,2017-10-01,2017-10-15,1
1919,270,43530652,1990-07-10,1990-07-11,1
1920,271,0,2015-04-03,2015-04-04,1
1921,271,260139,2015-09-21,2015-09-28,1
1922,271,4112343,2009-01-12,2009-01-19,1
1923,271,4112343,2017-11-06,2017-11-19,1
1924,271,4112343,2018-03-20,2018-04-02,1
1925,271,4217975,2009-09-11,2010-04-16,1
1926,271,4217975,2013-11-01,2014-06-13,1
1927,271,4237458,2009-01-17,2009-04-17,1
1928,271,40481087,2012-07-26,2012-08-16,1
1929,272,0,2006-10-04,2006-10-05,1
1930,272,260139,2001-07-20,2001-07-27,1
1931,272,260139,2002-05-24,2002-06-07,1
1932,272,316866,2000-09-20,2000-09-21,1
1933,272,317576,1995-08-23,1995-08-24,1
1934,272,4112343,2002-12-10,2002-12-20,1
1935,272,4329847,2006-10-04,2006-10-05,1
1936,273,0,1972-11-24,1972-11-25,1
1937,273,80502,2004-12-03,2004-12-04,1
1938,273,81151,2013-10-08,2013-11-11,1
1939,273,432867,1988-11-25,1988-11-26,1
1940,273,4112343,2016-01-16,2016-01-29,1
1941,273,4208104,1994-01-21,1994-01-22,1
1942,273,4285898,2015-12-01,2017-04-25,1
1943,273,4311629,1988-11-25,1988-11-26,1
1944,273,43530652,1990-04-06,1990-04-07,1
1945,274,0,1988-11-12,1988-11-13,1
1946,274,0,2004-12-04,2004-12-05,1
1947,274,80502,2017-02-04,2017-02-05,1
1948,274,257012,1983-11-12,1983-11-13,1
1949,274,436096,1997-01-29,1997-01-30,1
1950,274,4078393,2002-03-23,2002-03-24,1
1951,274,4112343,2012-03-15,2012-03-23,1
1952,274,4156265,2009-11-29,2009-12-13,1
1953,274,40481087,2009-01-24,2009-01-31,1
1954,275,0,1977-11-21,1977-11-22,1
1955,275,257012,1985-09-30,1985-10-01,1
1956,275,260139,2010-10-10,2010-10-24,1
1957,275,316866,1975-07-19,1975-07-20,1
1958,275,440448,1977-11-21,1977-11-22,1
1959,275,4112343,2011-07-04,2011-07-14,1
1960,275,4294548,2016-03-19,2016-04-30,1
1961,275,4311629,1975-07-19,1975-07-20,1
1962,276,0,1936-02-10,1936-02-11,1
1963,276,0,1955-11-07,1955-11-08,1
1964,276,0,1987-04-27,1987-04-28,1
1965,276,316866,1929-01-28,1929-01-29,1
1966,276,317576,1977-05-16,1977-05-17,1
1967,276,321042,1987-04-27,1987-04-28,1
1968,276,381316,1985-10-07,1985-10-08,1
1969,276,4112343,1983-09-11,1983-09-20,1
1970,276,4285898,1980-09-21,1981-12-15,1
1971,276,4311629,1962-11-12,1962-11-13,1
1972,276,40481087,1981-06-16,1981-06-23,1
1973,276,40481087,1986-07-03,1986-07-24,1
1974,277,4048171,2004-01-23,2004-01-24,1
1975,277,4051466,2003-01-23,2003-01-24,1
1976,277,4218389,2012-09-10,2012-10-08,1
1977,277,40481087,2009-08-11,2009-08-25,1
1978,278,0,1982-09-04,1982-09-05,1
1979,278,0,1999-07-24,1999-07-25,1
1980,278,432867,1999-07-24,1999-07-25,1
1981,278,4112343,2015-07-29,2015-08-06,1
1982,278,40481087,2009-09-26,2009-10-10,1
1983,278,40481087,2011-01-08,2011-01-29,1
1984,278,40481087,2012-07-01,2012-07-15,1
1985,278,40481087,2014-03-13,2014-04-03,1
1986,278,40481087,2015-12-01,2015-12-15,1
1987,279,4112343,2017-05-05,2017-05-15,1
1988,280,260139,2013-07-14,2013-07-21,1
1989,280,260139,2017-10-29,2017-11-05,1
1990,280,40481087,2011-05-31,2011-06-21,1
1991,281,260139,2015-01-09,2015-01-23,1
1992,281,4112343,2015-05-10,2015-05-21,1
1993,282,0,1954-01-11,1954-01-12,1
1994,282,432867,1997-01-13,1997-01-14,1
1995,282,4029498,1954-01-11,1954-01-12,1
1996,282,4146173,2010-08-22,2010-10-21,1
1997,282,4311629,1969-06-16,1969-06-17,1
1998,283,28060,2010-10-30,2010-11-08,1
1999,283,80502,2016-12-22,2016-12-23,1
2000,283,432867,2011-11-24,2011-11-25,1
2001,283,4055754,1990-05-26,1990-05-27,1
2002,283,4078393,1982-02-25,1982-02-26,1
2003,283,4208104,1990-05-12,1990-05-13,1
2004,283,4294548,2015-03-26,2015-04-09,1
2005,283,4311629,1977-01-06,1977-01-07,1
2006,283,40481087,2014-04-01,2014-04-22,1
2007,283,40481087,2015-07-14,2015-07-28,1
2008,284,440086,2016-02-04,2018-10-11,1
2009,284,4048695,2012-08-27,2012-09-27,1
2010,284,4112343,2017-07-21,2017-08-01,1
2011,284,40481087,2011-06-10,2011-06-24,1
2012,284,40481087,2016-08-02,2016-08-16,1
2013,284,40481087,2017-05-19,2017-06-02,1
2014,284,40481087,2018-04-07,2018-04-14,1
2015,285,0,1985-10-14,1985-10-15,1
2016,285,0,2004-08-23,2004-08-24,1
2017,285,260139,2015-12-25,2016-01-08,1
2018,285,4078393,2004-10-11,2004-10-12,1
2019,285,4079749,2007-07-28,2007-07-29,1
2020,285,4311629,2012-08-20,2012-08-21,1
2021,285,40479422,2013-01-18,2013-02-24,1
2022,286,0,1997-04-16,1997-04-17,1
2023,286,0,2012-05-02,2012-05-03,1
2024,286,28060,2012-06-11,2012-06-22,1
2025,286,4078393,2003-09-03,2003-09-04,1
2026,286,4112343,2014-11-11,2014-11-20,1
2027,286,4217975,1992-05-06,1992-11-18,1
2028,286,4217975,1999-02-10,1999-09-15,1
2029,286,4217975,2003-09-03,2003-09-17,1
2030,286,4217975,2008-03-19,2008-10-29,1
2031,286,4217975,2011-08-17,2011-09-07,1
2032,286,4217975,2018-08-22,2018-08-23,1
2033,287,192279,1987-03-19,1987-03-20,1
2034,287,201826,1982-03-11,1982-03-12,1
2035,287,260139,2011-10-25,2011-11-01,1
2036,287,316866,1982-03-11,1982-03-12,1
2037,287,432867,2014-01-09,2014-01-10,1
2038,287,436940,1985-03-14,1985-03-15,1
2039,287,443614,1987-03-19,1987-03-20,1
2040,287,4120314,1985-03-14,1985-03-15,1
2041,287,4146173,2009-07-23,2009-09-21,1
2042,287,4214376,1987-12-24,1987-12-25,1
2043,287,4311629,1987-12-24,1987-12-25,1
2044,287,40481087,2017-10-29,2017-11-05,1
2045,288,257012,1978-06-01,1978-06-02,1
2046,288,4112343,2017-10-29,2017-11-11,1
2047,288,4237458,2009-11-18,2010-01-17,1
2048,288,4311629,2010-04-07,2010-04-08,1
2049,288,40481087,2010-04-24,2010-05-08,1
2050,288,40481087,2013-03-30,2013-04-20,1
2051,289,81151,2014-10-23,2014-11-06,1
2052,289,372328,2014-04-26,2014-10-10,1
2053,289,372328,2018-02-21,2018-10-19,1
2054,289,40481087,2015-06-26,2015-07-10,1
2055,289,40481087,2016-09-07,2016-09-21,1
2056,290,0,1976-08-26,1976-08-27,1
2057,290,4112343,2012-03-06,2012-03-17,1
2058,291,4112343,2018-03-25,2018-04-05,1
2059,291,40481087,2011-06-30,2011-07-21,1
2060,291,40481087,2011-09-26,2011-10-10,1
2061,291,40481087,2016-02-23,2016-03-15,1
2062,292,0,1983-03-04,1983-03-05,1
2063,292,81151,2017-01-25,2017-02-22,1
2064,292,260139,2010-02-16,2010-03-02,1
2065,292,316866,1970-02-13,1970-02-14,1
2066,292,317576,2013-03-15,2013-03-16,1
2067,292,4112343,2013-11-03,2013-11-16,1
2068,293,0,2012-10-26,2012-10-27,1
2069,293,316866,2000-05-19,2000-05-20,1
2070,293,375671,2014-05-22,2014-06-21,1
2071,293,4078393,2010-07-23,2010-07-24,1
2072,293,4217975,2009-02-12,2009-09-18,1
2073,293,4217975,2010-07-23,2010-07-30,1
2074,293,4217975,2010-12-23,2011-07-08,1
2075,293,4217975,2012-11-15,2013-06-28,1
2076,293,40318618,2010-07-23,2010-07-30,1
2077,294,0,2012-04-28,2012-04-29,1
2078,294,316866,1976-12-26,1976-12-27,1
2079,294,440448,2012-04-28,2012-04-29,1
2080,294,4166224,2012-04-28,2012-04-29,1
2081,295,372328,2018-06-10,2018-06-24,1
2082,295,40481087,2018-01-17,2018-01-24,1
2083,296,0,2015-06-13,2015-06-14,1
2084,296,28060,2012-01-12,2012-01-20,1
2085,296,81151,2006-06-26,2006-07-31,1
2086,296,317576,2011-05-28,2011-05-29,1
2087,296,4048171,2002-09-02,2002-09-03,1
2088,296,4112343,2007-04-24,2007-05-05,1
2089,296,4294548,2013-12-23,2014-01-13,1
2090,296,4329847,2015-06-13,2015-06-14,1
2091,297,4109685,2014-08-26,2014-09-16,1
2092,297,4112343,2015-06-06,2015-06-19,1
2093,297,4311629,1997-10-23,1997-10-24,1
2094,298,0,2003-02-10,2003-02-11,1
2095,298,0,2007-03-28,2007-03-29,1
2096,298,316866,1975-06-02,1975-06-03,1
2097,298,440448,2007-03-28,2007-03-29,1
2098,298,4078393,2003-11-24,2003-11-25,1
2099,298,4112343,2011-02-06,2011-02-19,1
2100,298,4112343,2017-03-23,2017-03-30,1
2101,298,4285898,2012-04-07,2013-04-02,1
2102,299,192279,2008-03-29,2008-03-30,1
2103,299,201826,2003-05-24,2003-05-25,1
2104,299,316866,2003-05-24,2003-05-25,1
2105,299,436940,2008-03-29,2008-03-30,1
2106,299,443601,2008-03-29,2008-03-30,1
2107,299,4120314,2006-05-27,2006-05-28,1
2108,299,4311629,2000-05-20,2000-05-21,1
2109,299,40481087,2012-11-08,2012-11-29,1
2110,299,40481087,2013-10-02,2013-10-23,1
2111,299,45769905,2008-03-29,2008-03-30,1
2112,300,0,2005-02-27,2005-02-28,1
2113,300,81151,2009-01-18,2009-02-15,1
2114,300,257012,1978-02-18,1978-02-19,1
2115,300,316866,1993-08-08,1993-08-09,1
2116,300,4112343,2015-09-25,2015-10-05,1
2117,300,4217975,2009-09-06,2010-04-11,1
2118,300,4217975,2012-09-30,2013-05-19,1
2119,300,4283893,2016-04-04,2016-05-09,1
2120,300,40481087,2010-12-09,2010-12-30,1
2121,300,40481087,2014-05-19,2014-06-09,1
2122,300,40481087,2018-11-03,2018-11-17,1
2123,301,75036,1995-05-22,1995-05-23,1
2124,301,432867,2011-07-12,2011-07-13,1
2125,301,4078393,2002-06-04,2002-06-05,1
2126,301,4311629,1982-08-10,1982-08-11,1
2127,301,40481087,2012-11-17,2012-12-08,1
2128,301,40481087,2014-07-07,2014-07-28,1
2129,302,260139,2011-11-09,2011-11-23,1
2130,302,372328,2011-01-27,2011-11-15,1
2131,302,375671,2010-12-04,2011-01-03,1
2132,303,0,1998-04-16,1998-04-17,1
2133,303,28060,2015-11-23,2015-12-02,1
2134,303,133834,1997-09-18,2015-04-17,1
2135,303,137613,2018-12-31,2019-01-01,1
2136,303,372328,2011-10-28,2012-07-30,1
2137,303,436096,2011-05-18,2011-05-19,1
2138,303,440448,1998-04-16,1998-04-17,1
2139,303,4051466,2001-04-20,2016-07-31,1
2140,303,4055754,2011-09-29,2011-09-30,1
2141,303,4113008,2016-02-23,2016-03-08,1
2142,303,4152936,2018-01-27,2018-02-10,1
2143,303,4208104,2012-10-19,2012-10-20,1
2144,303,4217975,2016-06-20,2017-02-06,1
2145,303,4217975,2017-06-26,2017-07-17,1
2146,303,4217975,2017-10-16,2017-10-30,1
2147,303,4217975,2018-06-18,2018-06-19,1
2148,303,40481087,2011-07-05,2011-07-26,1
2149,303,40486433,1999-04-21,1999-04-22,1
2150,303,43530652,2012-02-22,2012-02-23,1
2151,304,0,1993-06-11,1993-06-12,1
2152,304,260139,2010-12-18,2010-12-25,1
2153,304,380378,1993-06-11,1993-06-12,1
2154,304,439393,2019-01-04,2019-01-05,1
2155,304,4029498,1993-06-11,1993-06-12,1
2156,304,4112343,2012-09-18,2012-09-30,1
2157,304,4217975,2010-03-12,2010-10-08,1
2158,304,4217975,2018-07-20,2018-07-21,1
2159,304,40481087,2010-04-05,2010-04-12,1
2160,304,40481087,2010-10-14,2010-11-04,1
2161,304,40481087,2011-12-08,2011-12-29,1
2162,305,201826,2009-07-08,2009-07-09,1
2163,305,257012,2003-09-07,2003-09-08,1
2164,305,260139,2014-08-08,2014-08-22,1
2165,305,260139,2015-11-16,2015-11-30,1
2166,305,260139,2017-03-31,2017-04-07,1
2167,305,436940,2011-07-13,2011-07-14,1
2168,305,4120314,2011-07-13,2011-07-14,1
2169,305,4208104,2016-01-14,2016-01-15,1
2170,305,4214376,2011-07-13,2011-07-14,1
2171,305,4218389,2015-08-27,2015-10-01,1
2172,305,4226121,2011-07-13,2011-07-14,1
2173,305,4237458,2011-05-20,2011-08-18,1
2174,306,260139,2018-01-31,2018-02-14,1
2175,306,440086,2018-01-30,2018-08-08,1
2176,306,4048171,2010-02-08,2010-02-09,1
2177,306,4051466,2008-02-09,2008-02-10,1
2178,306,4112343,2014-06-24,2014-07-06,1
2179,306,4112343,2016-09-25,2016-10-08,1
2180,306,4113008,2009-10-15,2009-10-29,1
2181,306,4294548,2009-04-12,2009-05-03,1
2182,306,40481087,2015-06-08,2015-06-15,1
2183,307,0,2012-05-06,2012-05-07,1
2184,307,0,2015-03-22,2015-03-23,1
2185,307,317576,1980-10-05,1980-10-06,1
2186,307,4113008,2009-07-17,2009-08-07,1
2187,307,4280726,1978-11-07,1978-11-08,1
2188,307,4329847,2015-03-22,2015-03-23,1
2189,307,40481087,2005-09-26,2005-10-17,1
2190,307,40481087,2008-01-13,2008-01-27,1
2191,307,40481087,2009-04-26,2009-05-03,1
2192,308,0,1936-03-13,1936-03-14,1
2193,308,0,1950-12-08,1950-12-09,1
2194,308,80502,1971-01-29,1971-01-30,1
2195,308,313217,1995-06-16,1995-06-17,1
2196,308,381316,2002-01-11,2002-01-12,1
2197,308,4078393,1926-03-12,1926-03-13,1
2198,308,4112343,2010-03-22,2010-03-31,1
2199,308,4112343,2018-09-18,2018-09-28,1
2200,308,4285898,1975-11-29,1975-11-30,1
2201,308,37017023,1977-03-23,1977-03-24,1
2202,309,137613,2010-11-01,2010-11-22,1
2203,309,4078393,1988-03-28,1988-03-29,1
2204,309,4217975,2010-04-19,2010-11-22,1
2205,309,4311629,1995-10-09,1995-10-10,1
2206,310,255848,1992-07-29,1992-07-30,1
2207,310,313217,1964-10-19,1964-10-20,1
2208,310,378419,1986-09-29,1986-09-30,1
2209,310,4311629,1935-03-18,1935-03-19,1
2210,310,40481087,1983-11-03,1983-11-17,1
2211,311,0,2003-06-29,2003-06-30,1
2212,311,198199,2015-09-02,2015-10-24,1
2213,311,4078393,2000-06-11,2000-06-12,1
2214,311,4079750,2013-09-02,2013-09-03,1
2215,311,4217975,2012-04-01,2012-11-04,1
2216,311,4217975,2014-09-14,2015-04-26,1
2217,311,4283893,2011-09-25,2011-10-23,1
2218,311,4296204,2011-04-11,2011-05-16,1
2219,311,4311629,2013-07-14,2013-07-15,1
2220,311,40481087,2011-06-13,2011-06-20,1
2221,311,40481087,2012-05-27,2012-06-03,1
2222,312,0,2000-01-18,2000-01-19,1
2223,312,0,2015-09-08,2015-09-09,1
2224,312,78272,2011-04-18,2011-05-02,1
2225,312,133834,1972-06-08,1972-06-09,1
2226,312,257012,2016-02-01,2016-02-02,1
2227,312,378001,2014-03-17,2014-04-16,1
2228,312,4078393,1996-03-05,1996-03-06,1
2229,312,4079750,2013-09-24,2013-09-25,1
2230,312,4116491,2015-09-24,2015-11-03,1
2231,312,4217975,2010-11-23,2011-06-28,1
2232,312,4217975,2012-02-28,2012-03-13,1
2233,312,4283893,2016-01-18,2016-03-21,1
2234,312,40318618,2012-02-28,2012-03-13,1
2235,312,40481087,2015-09-06,2015-09-13,1
2236,312,40486433,1974-10-11,1974-10-12,1
2237,313,0,2001-12-26,2001-12-27,1
2238,313,28060,2015-04-02,2015-04-10,1
2239,313,257012,1993-07-23,1993-07-24,1
2240,313,4112343,2010-05-13,2010-05-25,1
2241,313,40481087,2009-10-14,2009-10-28,1
2242,313,40481087,2011-07-27,2011-08-10,1
2243,314,316866,2008-08-15,2008-08-16,1
2244,314,4112343,2011-09-12,2011-09-24,1
2245,314,4155034,2009-05-16,2009-06-06,1
2246,315,0,2018-03-22,2018-03-23,1
2247,315,78272,2018-09-09,2018-09-23,1
2248,315,316866,2014-05-22,2014-05-23,1
2249,315,317576,2003-03-20,2003-03-21,1
2250,315,4217975,2018-01-04,2018-07-19,1
2251,315,40481087,2013-02-19,2013-03-05,1
2252,315,40481087,2018-03-15,2018-03-29,1
2253,316,28060,2012-05-26,2012-06-02,1
2254,316,257012,1983-06-30,1983-07-01,1
2255,316,436096,1996-08-17,1996-08-18,1
2256,316,4055754,1995-10-09,1995-10-10,1
2257,316,4078393,1999-10-30,1999-10-31,1
2258,316,4208104,2004-08-13,2004-08-14,1
2259,316,4217975,2010-04-24,2010-11-20,1
2260,316,4294548,2015-12-26,2016-01-30,1
2261,316,40481087,2011-01-17,2011-01-24,1
2262,316,40481087,2012-03-25,2012-04-08,1
2263,316,40481087,2018-01-28,2018-02-11,1
2264,316,43530652,1995-12-15,1995-12-16,1
2265,317,372328,2016-11-12,2017-06-27,1
2266,318,28060,2011-04-29,2011-05-10,1
2267,318,81151,2012-04-12,2012-04-26,1
2268,318,40481087,2016-01-19,2016-02-02,1
2269,318,40481087,2016-06-06,2016-06-13,1
2270,319,192279,2015-12-23,2015-12-24,1
2271,319,201826,1991-02-13,1991-02-14,1
2272,319,257012,1984-01-19,1984-01-20,1
2273,319,260139,2011-03-04,2011-03-18,1
2274,319,316866,1981-01-28,1981-01-29,1
2275,319,436940,2002-12-11,2002-12-12,1
2276,319,443614,2015-12-23,2015-12-24,1
2277,319,4112343,2016-07-12,2016-07-22,1
2278,319,4120314,1994-02-16,1994-02-17,1
2279,319,4214376,2011-03-02,2011-03-03,1
2280,319,4311629,2011-03-02,2011-03-03,1
2281,320,0,2004-06-02,2004-06-03,1
2282,320,257012,1998-10-07,1998-10-08,1
2283,320,260139,2009-11-24,2009-12-01,1
2284,320,316866,1983-06-01,1983-06-02,1
2285,320,436096,1991-04-14,1991-04-15,1
2286,320,4055754,1990-06-03,1990-06-04,1
2287,320,4208104,2003-05-25,2003-05-26,1
2288,320,40481087,2010-05-07,2010-05-14,1
2289,320,43530652,1991-06-27,1991-06-28,1
2290,321,0,2003-04-14,2003-04-15,1
2291,321,257012,1999-12-23,1999-12-24,1
2292,321,260139,2013-04-03,2013-04-17,1
2293,321,4079749,2014-01-25,2014-01-26,1
2294,321,4113008,2011-02-02,2011-02-16,1
2295,321,4294548,2009-01-17,2009-03-21,1
2296,321,40481087,2014-02-01,2014-02-22,1
2297,321,40481087,2018-08-09,2018-08-16,1
2298,322,260139,2011-06-16,2011-06-23,1
2299,322,432867,2018-10-09,2018-10-10,1
2300,322,4283893,2015-09-18,2016-01-29,1
2301,322,4311629,1993-12-14,1993-12-15,1
2302,322,40481087,2012-01-04,2012-01-18,1
2303,322,40481087,2013-02-17,2013-02-24,1
2304,323,260139,2016-04-24,2016-05-01,1
2305,323,4155034,2012-09-19,2012-10-10,1
2306,323,4217975,2018-12-03,2018-12-04,1
2307,323,4280726,1995-09-06,1995-09-07,1
2308,323,40481087,2010-07-17,2010-07-31,1
2309,324,0,2010-11-19,2010-11-20,1
2310,324,4109685,2014-11-13,2014-11-27,1
2311,324,4112343,2018-12-14,2018-12-26,1
2312,324,4311629,2012-11-23,2012-11-24,1
2313,324,40481087,2011-12-01,2011-12-15,1
2314,324,40481087,2017-08-20,2017-09-03,1
2315,324,40481087,2018-03-11,2018-03-18,1
2316,325,0,1939-02-20,1939-02-21,1
2317,325,0,1960-09-26,1960-09-27,1
2318,325,197500,1987-02-22,1988-11-08,1
2319,325,255848,1994-01-30,1994-01-31,1
2320,325,260139,1986-01-11,1986-01-18,1
2321,325,313217,1983-04-04,1983-04-05,1
2322,325,378419,1988-02-01,1988-02-02,1
2323,325,432867,1988-02-01,1988-02-02,1
2324,325,438130,1942-02-23,1942-02-24,1
2325,325,439777,1934-09-20,1934-09-21,1
2326,325,4112343,1985-02-01,1985-02-13,1
2327,325,4112343,1990-09-19,1990-09-27,1
2328,325,4285898,1980-09-21,1982-02-13,1
2329,325,4285898,1987-02-12,1987-02-13,1
2330,325,40481087,1985-08-03,1985-08-10,1
2331,325,40481087,1990-07-24,1990-07-31,1
2332,326,4311629,2003-04-01,2003-04-02,1
2333,326,40481087,2017-05-26,2017-06-02,1
2334,326,40481087,2018-01-06,2018-01-13,1
2335,327,28060,2014-12-19,2015-01-01,1
2336,327,260139,2015-01-06,2015-01-20,1
2337,327,4112343,2013-08-14,2013-08-25,1
2338,327,4112343,2018-10-13,2018-10-21,1
2339,327,4113008,2015-10-16,2015-11-06,1
2340,328,0,1951-02-02,1951-02-03,1
2341,328,0,1954-11-12,1954-11-13,1
2342,328,0,1968-04-18,1968-04-19,1
2343,328,201826,1956-11-16,1956-11-17,1
2344,328,260139,1962-06-23,1962-07-07,1
2345,328,380378,1968-04-18,1968-04-19,1
2346,328,436940,1958-11-21,1958-11-22,1
2347,328,4029498,1968-04-18,1968-04-19,1
2348,328,4112343,1964-12-25,1965-01-02,1
2349,328,4120314,1958-11-21,1958-11-22,1
2350,328,4156265,1960-08-14,1960-08-28,1
2351,328,4214376,1962-06-29,1962-06-30,1
2352,329,78272,2015-06-06,2015-06-20,1
2353,329,260139,2016-12-22,2016-12-29,1
2354,329,316866,2007-09-18,2007-09-19,1
2355,329,4311629,2014-09-30,2014-10-01,1
2356,330,260139,2016-11-21,2016-12-05,1
2357,330,4112343,2009-08-12,2009-08-19,1
2358,330,4146173,2016-04-19,2016-05-26,1
2359,331,0,2007-07-25,2007-07-26,1
2360,331,81151,2017-08-25,2017-09-15,1
2361,331,201826,2015-08-05,2015-08-06,1
2362,331,260139,2010-07-16,2010-07-23,1
2363,331,316866,2015-08-05,2015-08-06,1
2364,331,436940,2016-08-10,2016-08-11,1
2365,331,4112343,2013-09-11,2013-09-18,1
2366,331,4120314,2016-08-10,2016-08-11,1
2367,331,4214376,2016-08-10,2016-08-11,1
2368,331,4294548,2012-07-14,2012-09-15,1
2369,331,40481087,2012-11-20,2012-12-11,1
2370,333,0,1956-11-23,1956-11-24,1
2371,333,80502,2012-08-31,2012-09-01,1
2372,333,255848,2013-09-06,2013-09-07,1
2373,333,257012,2009-01-03,2009-01-04,1
2374,333,258780,1977-09-16,1977-09-17,1
2375,333,260139,2007-07-11,2007-07-25,1
2376,333,378419,2005-08-19,2005-08-20,1
2377,333,436096,1990-06-09,1990-06-10,1
2378,333,4055754,1990-03-06,1990-03-07,1
2379,333,4112343,2004-03-17,2004-03-28,1
2380,333,4208104,1996-02-15,1996-02-16,1
2381,333,4283893,2008-11-29,2009-06-13,1
2382,333,4311629,1973-08-24,1973-08-25,1
2383,333,40481087,2004-07-24,2004-08-14,1
2384,333,40481087,2010-08-12,2010-09-02,1
2385,333,43530652,1992-02-08,1992-02-09,1
2386,334,0,1989-09-19,1989-09-20,1
2387,334,192279,2011-01-18,2011-01-19,1
2388,334,201826,2007-05-29,2007-05-30,1
2389,334,260139,2012-03-04,2012-03-11,1
2390,334,316866,2007-05-29,2007-05-30,1
2391,334,432867,2015-12-15,2015-12-16,1
2392,334,436940,2009-06-02,2009-06-03,1
2393,334,443601,2013-01-29,2013-01-30,1
2394,334,443614,2011-01-18,2011-01-19,1
2395,334,4079750,2004-06-30,2004-07-01,1
2396,334,4112343,2017-02-05,2017-02-13,1
2397,334,4120314,2009-06-02,2009-06-03,1
2398,334,4155034,2015-11-16,2015-12-07,1
2399,334,4214376,2009-06-02,2009-06-03,1
2400,334,4311629,2013-01-29,2013-01-30,1
2401,334,40481087,2014-11-13,2014-12-04,1
2402,334,40481087,2016-08-01,2016-08-22,1
2403,334,40481087,2018-07-20,2018-08-03,1
2404,334,45769905,2013-01-29,2013-01-30,1
2405,335,0,2015-01-21,2015-01-22,1
2406,335,260139,2016-08-27,2016-09-03,1
2407,335,440448,2015-01-21,2015-01-22,1
2408,335,40481087,2008-12-30,2009-01-20,1
2409,335,40481087,2011-05-15,2011-05-29,1
2410,336,0,1994-11-10,1994-11-11,1
2411,336,0,2008-10-16,2008-10-17,1
2412,336,4079749,2014-09-24,2014-09-25,1
2413,336,40481087,2011-08-18,2011-08-25,1
2414,336,40481087,2012-03-27,2012-04-03,1
2415,336,40481087,2016-02-21,2016-03-13,1
2416,336,40481087,2016-07-18,2016-07-25,1
2417,337,0,2004-10-11,2004-10-12,1
2418,337,201826,2012-10-01,2012-10-02,1
2419,337,436940,2013-10-07,2013-10-08,1
2420,337,4120314,2013-10-07,2013-10-08,1
2421,337,4214376,2013-10-07,2013-10-08,1
2422,338,372328,2013-03-11,2013-04-27,1
2423,338,372328,2013-08-25,2013-10-26,1
2424,338,440086,2018-05-19,2018-05-20,1
2425,338,4112343,2013-01-11,2013-01-19,1
2426,338,4134304,2016-09-21,2016-10-21,1
2427,339,0,2014-03-18,2014-03-19,1
2428,339,321042,2014-03-18,2014-03-19,1
2429,340,0,2003-02-03,2003-02-04,1
2430,340,0,2004-03-19,2004-03-20,1
2431,340,257012,2014-12-16,2014-12-17,1
2432,340,260139,2010-01-19,2010-02-02,1
2433,340,260139,2015-01-08,2015-01-15,1
2434,340,316866,1984-07-20,1984-07-21,1
2435,340,440448,2003-02-03,2003-02-04,1
2436,340,4156265,2010-02-11,2010-02-25,1
2437,340,4283893,2014-11-25,2015-04-28,1
2438,340,40481087,2016-09-24,2016-10-08,1
2439,341,0,1951-11-05,1951-11-06,1
2440,341,257012,1997-08-15,1997-08-16,1
2441,341,317576,1991-03-04,1991-03-05,1
2442,341,381316,1986-10-27,1986-10-28,1
2443,341,4078393,1949-03-14,1949-03-15,1
2444,341,4084167,2009-08-19,2009-08-19,1
2445,341,4112343,2016-04-24,2016-05-07,1
2446,341,4113008,2016-09-08,2016-09-29,1
2447,341,40481087,2013-10-09,2013-10-23,1
2448,342,260139,2010-03-31,2010-04-07,1
2449,342,372328,2012-12-03,2013-04-27,1
2450,342,4112343,2013-11-26,2013-12-07,1
2451,342,4112343,2018-10-15,2018-10-26,1
2452,342,40481087,2010-10-27,2010-11-10,1
2453,342,40481087,2012-03-11,2012-03-18,1
2454,343,0,1989-11-18,1989-11-19,1
2455,343,0,2007-12-08,2007-12-09,1
2456,343,257012,1989-06-14,1989-06-15,1
2457,343,260139,2009-08-12,2009-08-19,1
2458,343,4078393,1994-05-28,1994-05-29,1
2459,343,4112343,2015-06-13,2015-06-21,1
2460,344,0,2008-11-27,2008-11-28,1
2461,344,316866,1990-04-26,1990-04-27,1
2462,344,4048171,1974-02-09,1974-02-10,1
2463,344,4078393,2007-02-22,2007-02-23,1
2464,344,4112343,2009-11-20,2009-11-28,1
2465,344,4311629,2017-12-14,2017-12-15,1
2466,345,0,2013-03-16,2013-03-17,1
2467,345,4078393,1986-03-01,1986-03-02,1
2468,345,4112343,2011-03-23,2011-03-30,1
2469,345,40481087,2009-05-09,2009-05-30,1
2470,345,40481087,2011-09-25,2011-10-09,1
2471,345,40481087,2015-09-23,2015-10-07,1
2472,346,28060,2017-12-20,2017-12-30,1
2473,346,28060,2018-05-03,2018-05-13,1
2474,346,260139,2018-03-21,2018-03-28,1
2475,347,0,1968-04-09,1968-04-10,1
2476,347,0,1984-11-12,1984-11-13,1
2477,347,257012,1958-07-24,1958-07-25,1
2478,347,317576,2017-08-14,2017-08-15,1
2479,347,440448,1968-04-09,1968-04-10,1
2480,347,4078393,2002-08-19,2002-08-20,1
2481,347,4311629,1987-11-16,1987-11-17,1
2482,347,40481087,2013-01-12,2013-01-19,1
2483,347,40481087,2014-10-18,2014-11-01,1
2484,347,40481087,2015-07-06,2015-07-20,1
2485,348,4112343,2015-05-17,2015-05-28,1
2486,349,196456,2015-03-18,2015-03-19,1
2487,349,198809,2015-03-18,2015-03-19,1
2488,349,4112343,2011-10-30,2011-11-10,1
2489,349,4112343,2013-02-04,2013-02-11,1
2490,350,0,2014-05-31,2014-06-01,1
2491,350,316866,1995-05-06,1995-05-07,1
2492,350,436096,1991-04-15,1991-04-16,1
2493,350,4055754,1992-01-07,1992-01-08,1
2494,350,4208104,2008-05-03,2008-05-04,1
2495,350,43530652,1991-06-05,1991-06-06,1
2496,351,0,1991-09-26,1991-09-27,1
2497,351,4078393,1997-10-09,1997-10-10,1
2498,351,4217975,2009-05-21,2009-07-30,1
2499,351,4217975,2013-10-03,2014-05-15,1
2500,351,4280726,1980-12-30,1980-12-31,1
2501,351,4296204,2010-01-30,2010-02-20,1
2502,351,4311629,2001-10-25,2001-10-26,1
2503,352,372328,2017-01-12,2017-04-26,1
2504,352,372328,2018-04-21,2018-07-25,1
2505,353,0,2001-06-18,2001-06-19,1
2506,353,260139,2015-11-27,2015-12-11,1
2507,353,260139,2018-01-30,2018-02-13,1
2508,353,4112343,2010-05-07,2010-05-17,1
2509,353,4311629,2004-06-21,2004-06-22,1
2510,353,40481087,2015-10-09,2015-10-23,1
2511,353,40481087,2017-12-18,2018-01-08,1
2512,353,40486433,1983-04-22,1983-04-23,1
2513,354,0,2006-03-10,2006-03-11,1
2514,354,4056621,2017-11-14,2017-11-15,1
2515,354,4112343,2012-01-14,2012-01-21,1
2516,354,4116491,2014-07-10,2014-09-02,1
2517,354,4116491,2017-09-01,2017-12-24,2
2518,354,4217975,2008-12-19,2009-07-31,1
2519,354,4217975,2010-11-26,2010-12-24,1
2520,354,4217975,2013-02-22,2013-09-27,1
2521,354,4217975,2015-03-13,2015-10-16,1
2522,354,40481087,2010-03-23,2010-03-30,1
2523,355,257012,2010-03-22,2010-03-23,1
2524,355,375671,2018-12-17,2018-12-18,1
2525,355,440086,2009-11-14,2009-11-15,1
2526,355,4048171,2005-11-22,2005-11-23,1
2527,355,4112343,2014-01-29,2014-02-09,1
2528,355,4112343,2018-07-20,2018-07-30,1
2529,355,4294548,2010-02-22,2010-05-24,1
2530,355,40481087,2005-02-05,2005-02-12,1
2531,355,40481087,2014-05-08,2014-05-15,1
2532,355,40481087,2018-12-27,2018-12-28,1
2533,356,0,1957-09-08,1957-09-09,1
2534,356,0,1959-04-19,1959-04-20,1
2535,356,80502,2015-01-11,2015-01-12,1
2536,356,200970,1989-12-04,1989-12-05,1
2537,356,257012,1931-01-10,1931-01-11,1
2538,356,260139,2010-07-11,2010-07-18,1
2539,356,260139,2016-11-19,2016-11-26,1
2540,356,313217,1980-10-19,1980-10-20,1
2541,356,436096,1990-02-06,1990-02-07,1
2542,356,440448,1957-09-08,1957-09-09,1
2543,356,4055754,1991-02-09,1991-02-10,1
2544,356,4129902,1989-12-04,1989-12-05,1
2545,356,4134304,2012-04-16,2012-07-15,1
2546,356,4156265,2015-05-31,2015-06-21,1
2547,356,4166224,1957-09-08,1957-09-09,1
2548,356,4208104,2012-06-04,2012-06-05,1
2549,356,4311629,1966-09-25,1966-09-26,1
2550,356,40481087,2015-08-12,2015-09-02,1
2551,356,43530652,1991-03-18,1991-03-19,1
2552,357,257012,2016-02-06,2016-02-07,1
2553,357,378001,2015-04-30,2015-06-29,1
2554,357,4152936,2009-05-10,2009-05-31,1
2555,357,4217975,2011-04-23,2011-11-26,1
2556,357,4283893,2015-12-19,2016-02-13,1
2557,357,4283893,2016-09-17,2016-12-10,1
2558,357,4294548,2015-03-08,2015-03-15,1
2559,357,4311629,1998-10-31,1998-11-01,1
2560,358,0,1999-11-05,1999-11-06,1
2561,358,0,2015-02-20,2015-02-21,1
2562,358,81151,2016-11-19,2016-12-24,1
2563,358,199076,2004-11-05,2004-11-06,1
2564,358,316866,1986-10-17,1986-10-18,1
2565,358,4078393,1994-04-01,1994-04-02,1
2566,358,4112343,2017-01-03,2017-01-12,1
2567,358,4311629,2018-03-16,2018-03-17,1
2568,358,40481087,2009-02-06,2009-02-20,1
2569,358,40481087,2016-04-21,2016-04-28,1
2570,358,40481087,2016-12-03,2016-12-10,1
2571,359,0,2007-10-25,2007-10-26,1
2572,359,28060,2016-05-04,2016-05-12,1
2573,359,261325,1991-09-19,1991-09-20,1
2574,359,4112343,2010-06-24,2010-07-02,1
2575,359,4296205,2014-06-12,2014-07-17,1
2576,359,40481087,2010-09-27,2010-10-18,1
2577,359,40481087,2015-03-05,2015-03-26,1
2578,359,40481087,2017-02-18,2017-03-04,1
2579,359,40481087,2018-12-01,2018-12-08,1
2580,360,260139,2009-12-02,2009-12-16,1
2581,360,40481087,2013-11-24,2013-12-08,1
2582,360,40481087,2017-05-28,2017-06-11,1
2583,360,40486433,1999-02-08,2014-02-06,1
2584,361,4109685,2010-04-28,2010-05-12,1
2585,361,4112343,2017-05-20,2017-05-30,1
2586,361,4218389,2016-06-09,2016-06-30,1
2587,361,40481087,2010-09-14,2010-10-05,1
2588,361,40481087,2016-11-08,2016-11-29,1
2589,362,257012,1996-12-23,1996-12-24,1
2590,362,260139,2010-06-06,2010-06-20,1
2591,362,260139,2014-05-15,2014-05-22,1
2592,363,372328,2017-01-16,2017-04-01,1
2593,363,372328,2018-09-23,2018-09-24,1
2594,363,40481087,2016-09-27,2016-10-18,1
2595,364,0,2017-04-12,2017-04-13,1
2596,364,260139,2017-10-03,2017-10-10,1
2597,364,316866,1989-05-24,1989-05-25,1
2598,364,321042,2017-04-12,2017-04-13,1
2599,364,4311629,2002-06-12,2002-06-13,1
2600,365,378001,2004-02-06,2004-03-07,1
2601,365,378001,2018-11-19,2018-11-20,1
2602,365,40481087,2015-01-12,2015-02-02,1
2603,366,0,2005-09-09,2005-09-10,1
2604,366,195588,2015-08-15,2015-09-28,1
2605,366,316866,2012-08-17,2012-08-18,1
2606,366,4134304,2014-12-12,2015-02-10,1
2607,366,4217975,2011-04-01,2011-10-14,1
2608,366,40481087,2016-11-13,2016-12-04,1
2609,367,372328,2009-09-10,2009-11-17,1
2610,367,40481087,2018-09-13,2018-09-20,1
2611,368,316866,1988-02-14,1988-02-15,1
2612,368,381316,2002-04-07,2002-04-08,1
2613,368,4112343,2011-03-29,2011-04-09,1
2614,368,4116491,2009-03-15,2009-05-02,1
2615,368,4311629,2000-01-02,2000-01-03,1
2616,368,40481087,2009-04-05,2009-04-26,1
2617,368,40481087,2018-11-13,2018-11-27,1
2618,369,0,2011-05-26,2011-05-27,1
2619,369,260139,2009-08-08,2009-08-22,1
2620,369,260139,2011-09-24,2011-10-01,1
2621,369,260139,2014-12-15,2014-12-22,1
2622,369,316866,1998-05-07,1998-05-08,1
2623,369,317009,2014-01-29,2014-01-30,1
2624,369,4112343,2016-06-30,2016-07-10,1
2625,369,4280726,1982-02-06,1982-02-07,1
2626,369,40481087,2018-06-26,2018-07-17,1
2627,370,28060,2016-07-06,2016-07-16,1
2628,370,4217975,2017-07-21,2018-03-02,1
2629,370,4217975,2018-08-31,2018-09-01,1
2630,371,260139,2015-01-23,2015-01-30,1
2631,371,260139,2018-04-15,2018-04-22,1
2632,371,316866,2003-08-16,2003-08-17,1
2633,371,4112343,2009-06-11,2009-06-18,1
2634,371,4217975,2011-05-07,2011-05-28,1
2635,371,4217975,2015-12-26,2016-01-16,1
2636,371,40481087,2010-12-24,2011-01-14,1
2637,372,0,1999-08-18,1999-08-19,1
2638,372,0,2016-10-12,2016-10-13,1
2639,372,4112343,2016-11-05,2016-11-17,1
2640,372,4294548,2014-10-27,2014-11-24,1
2641,372,40481087,2011-09-14,2011-10-05,1
2642,373,0,1995-10-29,1995-10-30,1
2643,373,257012,2014-02-16,2014-02-17,1
2644,373,4112343,2011-01-09,2011-01-22,1
2645,373,4294548,2013-10-13,2014-05-04,1
2646,373,4311629,2010-07-18,2010-07-19,1
2647,373,40481087,2010-08-04,2010-08-25,1
2648,374,260139,2015-01-26,2015-02-02,1
2649,374,4109685,2018-08-07,2018-08-21,1
2650,374,40481087,2018-04-16,2018-04-23,1
2651,375,0,2012-08-27,2012-08-28,1
2652,375,28060,2010-03-26,2010-04-07,1
2653,375,260139,2011-01-31,2011-02-14,1
2654,375,260139,2016-10-16,2016-10-30,1
2655,375,4029498,2012-08-27,2012-08-28,1
2656,375,40481087,2014-10-06,2014-10-27,1
2657,375,40481087,2016-02-26,2016-03-04,1
2658,376,260139,2015-11-29,2015-12-06,1
2659,376,372328,2017-07-19,2017-09-01,1
2660,376,375671,2018-06-14,2018-07-14,1
2661,376,40481087,2015-05-06,2015-05-20,1
2662,377,0,1942-06-09,1942-06-10,1
2663,377,0,1947-07-08,1947-07-09,1
2664,377,257012,1951-07-03,1951-07-04,1
2665,377,378001,2014-10-18,2014-12-17,1
2666,377,436096,1990-07-31,1990-08-01,1
2667,377,4078393,1966-11-08,1966-11-09,1
2668,377,4311629,1963-01-08,1963-01-09,1
2669,377,40481087,2009-10-31,2009-11-07,1
2670,377,40481087,2011-10-07,2011-10-21,1
2671,378,0,2004-12-10,2004-12-11,1
2672,378,201826,2012-10-12,2012-10-13,1
2673,378,260139,2015-01-17,2015-01-24,1
2674,378,436940,2014-10-17,2014-10-18,1
2675,378,4120314,2014-10-17,2014-10-18,1
2676,378,4214376,2014-10-17,2014-10-18,1
2677,378,4311629,2007-12-14,2007-12-15,1
2678,379,0,1935-05-30,1935-05-31,1
2679,379,0,1955-04-28,1955-04-29,1
2680,379,200970,1979-04-19,1979-04-20,1
2681,379,255848,2008-03-20,2008-03-21,1
2682,379,378419,2001-11-22,2001-11-23,1
2683,379,4129902,1979-04-19,1979-04-20,1
2684,379,4155034,2008-02-10,2008-02-24,1
2685,379,40481087,2004-10-03,2004-10-17,1
2686,380,0,1982-07-31,1982-08-01,1
2687,380,78272,1983-03-18,1983-04-15,1
2688,380,372328,1981-04-27,1981-07-09,1
2689,380,4029498,1982-07-31,1982-08-01,1
2690,380,4112343,1986-08-03,1986-08-10,1
2691,381,372328,2018-05-17,2018-05-31,1
2692,381,40481087,2017-10-25,2017-11-15,1
2693,381,40481087,2018-05-20,2018-05-27,1
2694,382,257012,2015-07-29,2015-07-30,1
2695,382,260139,2009-03-06,2009-03-13,1
2696,382,4112343,2010-04-01,2010-04-09,1
2697,382,4112343,2010-08-08,2010-08-18,1
2698,382,4112343,2011-08-17,2011-08-29,1
2699,382,4134304,2015-07-01,2015-07-31,1
2700,382,4283893,2015-07-01,2015-08-19,1
2701,382,4294548,2012-09-22,2012-10-06,1
2702,382,40481087,2018-01-14,2018-02-04,1
2703,383,133834,1986-09-13,1986-09-14,1
2704,383,137613,2017-05-16,2017-06-06,1
2705,383,4048171,1989-07-14,1989-07-15,1
2706,383,4142905,2016-05-01,2016-06-30,1
2707,383,4217975,2014-11-04,2015-01-13,1
2708,383,4217975,2016-11-01,2017-06-06,1
2709,383,4311629,2014-09-16,2014-09-17,1
2710,384,133834,1998-09-27,2015-01-01,1
2711,384,260139,2013-05-27,2013-06-04,1
2712,384,316866,2015-06-03,2015-06-04,1
2713,384,4051466,1999-06-04,2016-09-09,1
2714,384,4217975,2017-08-09,2017-10-11,1
2715,384,40486433,2000-06-03,2000-06-04,1
2716,385,260139,2016-10-01,2016-10-08,1
2717,385,40481087,2014-01-08,2014-01-15,1
2718,385,40481087,2015-12-15,2015-12-22,1
2719,386,0,1970-03-21,1970-03-22,1
2720,386,0,1985-08-10,1985-08-11,1
2721,386,432867,1985-08-10,1985-08-11,1
2722,386,4078393,1973-03-24,1973-03-25,1
2723,386,4112343,2012-05-24,2012-06-01,1
2724,387,0,1958-10-17,1958-10-18,1
2725,387,200970,1983-02-12,1983-02-13,1
2726,387,257012,1983-12-23,1983-12-24,1
2727,387,317576,1993-08-27,1993-08-28,1
2728,387,381316,2015-12-04,2015-12-05,1
2729,387,4129902,1983-02-12,1983-02-13,1
2730,387,4285898,1973-04-30,1974-08-23,1
2731,387,4285898,1979-08-22,1979-08-23,1
2732,387,37017023,1980-09-15,1980-09-16,1
2733,388,372328,2013-07-02,2013-11-18,1
2734,388,4051466,2015-06-19,2015-06-20,1
2735,388,4084167,2013-08-31,2013-08-31,1
2736,388,40486433,2013-06-19,2013-06-20,1
2737,389,133834,2014-09-18,2014-09-19,1
2738,389,372328,2015-02-08,2015-03-29,1
2739,389,4048171,2016-10-27,2016-10-28,1
2740,389,4112343,2014-11-12,2014-11-19,1
2741,389,40481087,2018-01-31,2018-02-14,1
2742,390,137613,2013-07-11,2013-08-01,1
2743,390,316866,2001-09-27,2001-09-28,1
2744,390,4078393,2012-06-07,2012-06-08,1
2745,390,4217975,2012-06-07,2012-06-14,1
2746,390,4217975,2012-12-27,2013-08-01,1
2747,390,4217975,2013-12-19,2014-07-24,1
2748,390,40318618,2012-06-07,2012-06-14,1
2749,391,316866,2000-02-19,2000-02-20,1
2750,391,436096,1995-11-08,1995-11-09,1
2751,391,4055754,1996-10-23,1996-10-24,1
2752,391,4078393,2011-01-15,2011-01-16,1
2753,391,4152936,2010-11-23,2010-12-07,1
2754,391,4208104,1998-03-24,1998-03-25,1
2755,391,4217975,2004-04-03,2004-04-24,1
2756,391,4217975,2011-01-15,2011-01-22,1
2757,391,4217975,2011-10-22,2012-05-19,1
2758,391,4217975,2016-02-06,2016-02-27,1
2759,391,4217975,2017-01-07,2017-03-18,1
2760,391,4217975,2017-06-24,2017-06-25,1
2761,391,4311629,2005-01-01,2005-01-02,1
2762,391,40318618,2011-01-15,2011-01-22,1
2763,391,40481087,2008-10-23,2008-11-13,1
2764,391,40481087,2016-10-11,2016-11-01,1
2765,391,43530652,1996-02-02,1996-02-03,1
2766,392,260139,2013-09-13,2013-09-27,1
2767,392,316866,1996-02-08,1996-02-09,1
2768,392,4112343,2016-06-25,2016-07-08,1
2769,392,4112343,2017-03-08,2017-03-21,1
2770,392,4283893,2011-05-24,2011-07-19,1
2771,392,4296204,2010-01-09,2010-01-23,1
2772,392,4311629,2003-02-20,2003-02-21,1
2773,392,40481087,2013-06-14,2013-07-05,1
2774,392,40481087,2016-04-29,2016-05-06,1
2775,393,316866,1952-03-01,1952-03-02,1
2776,393,381316,2000-10-21,2000-10-22,1
2777,393,4079749,1974-12-27,1974-12-28,1
2778,393,4229440,1987-12-24,1987-12-25,1
2779,393,4311629,1960-11-19,1960-11-20,1
2780,394,0,2013-02-04,2013-02-05,1
2781,394,378001,2015-09-12,2015-11-11,1
2782,394,436096,1996-05-14,1996-05-15,1
2783,394,439393,2015-08-31,2015-10-26,1
2784,394,4055754,1995-10-25,1995-10-26,1
2785,394,4112343,2011-04-09,2011-04-16,1
2786,394,4116491,2012-09-13,2012-10-24,1
2787,394,4156265,2013-10-08,2013-10-22,1
2788,394,4208104,1996-01-10,1996-01-11,1
2789,394,4217975,2009-04-13,2009-10-26,1
2790,394,4217975,2014-10-27,2014-11-10,1
2791,394,4217975,2015-03-16,2015-10-26,1
2792,394,4217975,2016-05-09,2016-12-05,1
2793,394,40481087,2011-03-02,2011-03-23,1
2794,394,43530652,1996-03-08,1996-03-09,1
2795,395,28060,2016-10-26,2016-11-06,1
2796,395,81151,2016-07-24,2016-08-21,1
2797,395,260139,2011-04-08,2011-04-22,1
2798,395,40481087,2018-09-17,2018-09-24,1
2799,396,0,1978-03-16,1978-03-17,1
2800,396,28060,2015-03-12,2015-03-19,1
2801,396,316866,1963-12-19,1963-12-20,1
2802,396,375671,2018-02-12,2018-03-15,1
2803,397,0,1952-04-09,1952-04-10,1
2804,397,0,1972-05-10,1972-05-11,1
2805,397,28060,2009-07-17,2009-07-29,1
2806,397,257012,2014-08-27,2014-08-28,1
2807,397,313217,1997-09-17,1997-09-18,1
2808,397,4079750,1986-06-28,1986-06-29,1
2809,397,4109685,2017-11-07,2017-11-28,1
2810,397,4134304,2016-11-12,2016-12-12,1
2811,397,4155034,2014-04-13,2014-04-27,1
2812,397,4208104,1993-12-22,1993-12-23,1
2813,397,4294548,2014-07-30,2014-12-10,1
2814,397,40481087,2011-05-05,2011-05-12,1
2815,398,0,2016-01-29,2016-01-30,1
2816,398,260139,2012-06-26,2012-07-03,1
2817,398,4112343,2018-07-22,2018-08-04,1
2818,398,40481087,2013-01-19,2013-02-09,1
2819,398,40481087,2018-07-20,2018-07-27,1
2820,399,0,2013-10-18,2013-10-19,1
2821,399,257012,2010-07-01,2010-07-02,1
2822,399,439777,2009-01-24,2009-01-25,1
2823,399,4283893,2010-04-08,2010-11-04,1
2824,399,40481087,2011-07-08,2011-07-29,1
2825,399,40481087,2017-01-05,2017-01-19,1
2826,400,0,1991-11-20,1991-11-21,1
2827,400,0,2012-04-25,2012-04-26,1
2828,400,257012,2000-07-21,2000-07-22,1
2829,400,260139,2011-06-17,2011-06-24,1
2830,400,321042,2012-04-25,2012-04-26,1
2831,400,4311629,2002-05-08,2002-05-09,1
2832,400,40481087,2009-05-02,2009-05-23,1
2833,401,444094,2009-08-19,2009-10-18,1
2834,401,4111608,2009-08-19,2009-10-18,1
2835,402,257012,1997-12-07,1997-12-08,1
2836,402,260139,2010-11-29,2010-12-13,1
2837,402,4078393,1996-03-20,1996-03-21,1
2838,402,4079750,2013-04-08,2013-04-09,1
2839,402,4112343,2015-10-10,2015-10-23,1
2840,402,4146173,2011-05-22,2011-06-21,1
2841,402,4294548,2009-04-18,2009-10-31,1
2842,402,4294548,2015-10-08,2016-09-08,1
2843,402,4311629,1995-04-05,1995-04-06,1
2844,403,0,1991-07-20,1991-07-21,1
2845,403,381316,1999-10-02,1999-10-03,1
2846,403,432867,1998-09-19,1998-09-20,1
2847,403,4079750,2005-02-04,2005-02-05,1
2848,403,4218389,2016-04-03,2016-04-24,1
2849,403,40481087,2011-04-08,2011-04-22,1
2850,403,40481087,2016-01-05,2016-01-26,1
2851,404,257012,2006-06-12,2006-06-13,1
2852,404,378001,2014-11-02,2014-12-02,1
2853,404,4078393,2016-12-10,2016-12-11,1
2854,404,4217975,2012-10-20,2013-05-18,1
2855,404,4217975,2014-03-22,2014-11-01,1
2856,404,4217975,2016-12-10,2017-01-07,1
2857,404,40481087,2009-12-22,2009-12-29,1
2858,404,40481087,2017-02-25,2017-03-04,1
2859,405,0,2006-06-08,2006-06-09,1
2860,405,440448,2006-06-08,2006-06-09,1
2861,405,4112343,2009-08-06,2009-08-16,1
2862,405,4112343,2016-09-09,2016-09-17,1
2863,405,4166224,2006-06-08,2006-06-09,1
2864,405,40481087,2015-05-04,2015-05-18,1
2865,406,40481087,2014-08-03,2014-08-24,1
2866,407,260139,2009-08-08,2009-08-15,1
2867,407,260139,2012-08-31,2012-09-07,1
2868,407,317576,1992-01-17,1992-01-18,1
2869,407,4112343,2016-07-10,2016-07-18,1
2870,407,4113008,2013-01-27,2013-02-17,1
2871,407,4311629,1985-01-04,1985-01-05,1
2872,408,372328,2011-11-08,2012-01-15,1
2873,408,372328,2013-03-10,2013-05-05,1
2874,408,372328,2014-04-30,2014-11-02,1
2875,408,372328,2018-03-16,2018-05-20,1
2876,408,378001,2018-05-05,2018-07-04,1
2877,408,40481087,2012-11-08,2012-11-29,1
2878,408,40481087,2013-05-04,2013-05-11,1
2879,409,257012,1998-08-10,1998-08-11,1
2880,409,260139,2011-05-16,2011-05-23,1
2881,409,4116491,2018-04-18,2018-06-05,1
2882,409,4217975,2008-12-06,2009-07-11,1
2883,409,4217975,2009-11-28,2010-07-03,1
2884,409,4217975,2011-03-05,2011-10-01,1
2885,409,4217975,2016-07-16,2016-08-13,1
2886,409,4311629,2008-05-03,2008-05-04,1
2887,409,40481087,2009-08-29,2009-09-12,1
2888,409,40481087,2014-03-27,2014-04-03,1
2889,409,40481087,2014-09-09,2014-09-23,1
2890,410,0,1952-09-27,1952-09-28,1
2891,410,0,1992-10-03,1992-10-04,1
2892,410,80502,2013-04-06,2013-04-07,1
2893,410,378001,2011-11-06,2011-12-06,1
2894,410,380378,1953-03-07,1953-03-08,1
2895,410,4029498,1952-09-27,1952-09-28,1
2896,410,4094814,2018-09-30,2018-11-29,1
2897,410,4285898,2013-11-19,2015-03-14,1
2898,411,316866,1996-10-31,1996-11-01,1
2899,411,40481087,2010-08-01,2010-08-15,1
2900,411,40481087,2015-05-30,2015-06-06,1
2901,412,0,2014-07-18,2014-07-19,1
2902,412,260139,2015-02-03,2015-02-17,1
2903,413,0,2013-08-02,2013-08-03,1
2904,413,316866,1985-09-06,1985-09-07,1
2905,413,432867,2018-07-20,2018-07-21,1
2906,413,40481087,2014-04-08,2014-04-29,1
2907,414,0,2008-11-25,2008-11-26,1
2908,414,260139,2015-05-06,2015-05-13,1
2909,414,316866,1990-10-09,1990-10-10,1
2910,414,4078393,2000-11-28,2000-11-29,1
2911,414,4132546,1987-07-11,1987-07-12,1
2912,414,40481087,2015-09-14,2015-09-28,1
2913,415,28060,2017-05-04,2017-05-17,1
2914,415,28060,2017-09-17,2017-09-26,1
2915,415,81151,2016-10-18,2016-11-22,1
2916,415,133834,2010-06-29,2010-06-30,1
2917,415,260139,2012-12-09,2012-12-23,1
2918,415,260139,2014-10-21,2014-10-28,1
2919,415,375671,2013-12-03,2014-01-02,1
2920,415,4051466,2012-02-29,2012-03-01,1
2921,415,4084167,2011-06-17,2011-06-17,1
2922,415,4112343,2014-06-04,2014-06-17,1
2923,415,40486433,2012-02-29,2012-03-01,1
2924,416,28060,2017-07-06,2017-07-16,1
2925,416,378001,2009-12-13,2010-01-12,1
2926,416,4152936,2014-11-17,2014-12-08,1
2927,416,40481087,2009-02-23,2009-03-02,1
2928,416,40481087,2018-09-19,2018-09-26,1
2929,417,0,1990-08-09,1990-08-10,1
2930,417,0,1994-09-01,1994-09-02,1
2931,417,257012,2013-09-22,2013-09-23,1
2932,417,378001,2009-07-21,2009-08-20,1
2933,417,4112343,2011-06-17,2011-06-25,1
2934,417,4283893,2013-08-11,2013-09-29,1
2935,418,372328,2015-04-27,2015-09-13,1
2936,419,28060,2018-06-29,2018-07-09,1
2937,419,260139,2011-12-21,2011-12-28,1
2938,419,260139,2017-08-08,2017-08-15,1
2939,419,316866,2015-01-22,2015-01-23,1
2940,419,440086,2010-07-08,2012-08-16,1
2941,419,4112343,2011-12-24,2012-01-01,1
2942,419,4217975,2013-09-19,2014-04-17,1
2943,419,40481087,2018-07-24,2018-07-31,1
2944,420,28060,2016-08-01,2016-08-11,1
2945,420,260139,2016-05-31,2016-06-07,1
2946,420,372328,2017-03-25,2017-06-08,1
2947,420,372328,2018-09-01,2018-12-06,1
2948,421,260139,2010-04-19,2010-05-03,1
2949,421,4134304,2009-06-17,2009-08-16,1
2950,421,4146173,2015-02-16,2015-03-18,1
2951,422,4112343,2009-05-24,2009-06-02,1
2952,422,4112343,2014-07-09,2014-07-21,1
2953,423,0,1987-08-02,1987-08-03,1
2954,423,436096,1990-03-08,1990-03-09,1
2955,423,4055754,1990-08-10,1990-08-11,1
2956,423,4208104,2015-08-04,2015-08-05,1
2957,423,4311629,1990-03-18,1990-03-19,1
2958,423,43530652,1991-05-04,1991-05-05,1
2959,424,78272,2017-10-02,2017-10-16,1
2960,424,4035415,2016-10-07,2016-12-06,1
2961,424,4112343,2015-11-02,2015-11-13,1
2962,424,4113008,2013-03-06,2013-03-27,1
2963,424,4217975,2009-12-11,2009-12-25,1
2964,424,4283893,2016-11-20,2016-12-11,1
2965,424,40481087,2010-09-06,2010-09-20,1
2966,424,40481087,2015-04-02,2015-04-23,1
2967,425,0,2018-10-15,2018-10-16,1
2968,425,28060,2010-10-27,2010-11-03,1
2969,425,260139,2014-09-22,2014-10-06,1
2970,425,4078393,2000-01-10,2000-01-11,1
2971,425,4112343,2009-07-17,2009-07-30,1
2972,425,4217975,2012-01-02,2012-08-06,1
2973,425,4217975,2012-12-17,2013-07-29,1
2974,425,40481087,2011-09-27,2011-10-04,1
2975,425,40481087,2012-03-08,2012-03-15,1
2976,426,0,2000-02-18,2000-02-19,1
2977,426,28060,2013-04-04,2013-04-13,1
2978,426,4078393,1988-04-15,1988-04-16,1
2979,426,4079750,2004-02-01,2004-02-02,1
2980,426,4109685,2017-01-23,2017-02-13,1
2981,426,4155034,2010-10-06,2010-10-27,1
2982,426,40481087,2015-07-05,2015-07-19,1
2983,427,4048171,1977-07-16,1977-07-17,1
2984,427,4078393,1999-11-08,1999-11-09,1
2985,427,4112343,2010-10-01,2010-10-09,1
2986,427,4217975,2010-01-04,2010-08-16,1
2987,427,4217975,2011-03-21,2011-10-03,1
2988,427,4217975,2012-08-27,2013-03-25,1
2989,427,4217975,2013-09-30,2013-10-07,1
2990,427,4217975,2014-01-06,2014-01-20,1
2991,427,4311629,2008-07-28,2008-07-29,1
2992,427,40318618,2013-09-30,2013-10-07,1
2993,427,40318618,2014-01-06,2014-01-20,1
2994,428,372328,2016-01-03,2016-03-17,1
2995,429,28060,2015-04-10,2015-04-21,1
2996,429,260139,2009-06-10,2009-06-24,1
2997,429,372328,2010-04-04,2010-07-17,1
2998,429,4112343,2016-01-17,2016-01-30,1
2999,429,4237458,2018-01-22,2018-03-23,1
3000,430,28060,1986-10-16,1986-10-26,1
3001,430,260139,1988-05-11,1988-05-18,1
3002,430,316866,1936-11-13,1936-11-14,1
3003,430,378419,1989-03-10,1989-03-11,1
3004,430,4078393,1944-11-24,1944-11-25,1
3005,430,4311629,1952-12-05,1952-12-06,1
3006,430,40481087,1989-11-06,1989-11-27,1
3007,430,40481087,1990-07-03,1990-07-17,1
3008,431,260139,2014-12-17,2014-12-24,1
3009,431,4230399,2016-11-06,2017-02-04,1
3010,431,40481087,2015-04-13,2015-05-04,1
3011,432,372328,2011-10-20,2011-11-03,1
3012,432,4051466,2012-12-05,2012-12-06,1
3013,433,0,2001-01-18,2001-01-19,1
3014,433,78272,2012-06-15,2012-07-13,1
3015,433,260139,2013-12-22,2014-01-05,1
3016,433,436096,1992-04-23,1992-04-24,1
3017,433,4112343,2018-05-29,2018-06-07,1
3018,433,40481087,2011-08-17,2011-09-07,1
3019,434,4109685,2012-08-21,2012-09-04,1
3020,434,4112343,2010-09-29,2010-10-08,1
3021,434,4112343,2015-01-17,2015-01-29,1
3022,434,40481087,2015-11-17,2015-12-01,1
3023,435,0,1981-11-20,1981-11-21,1
3024,435,0,2000-06-30,2000-07-01,1
3025,435,81151,2009-11-21,2009-12-26,1
3026,435,140673,2014-08-30,2014-08-31,1
3027,435,260139,2011-12-25,2012-01-01,1
3028,435,4078393,1975-07-11,1975-07-12,1
3029,435,4079750,2004-09-01,2004-09-02,1
3030,435,4285898,2011-09-08,2012-09-02,1
3031,435,40481087,2013-06-15,2013-06-22,1
3032,436,0,1975-06-23,1975-06-24,1
3033,436,317576,1969-12-08,1969-12-09,1
3034,436,4112343,1966-10-10,1966-10-18,1
3035,436,4112343,1974-02-11,1974-02-22,1
3036,436,4294548,1968-03-07,1968-03-28,1
3037,436,4329847,1975-06-23,1975-06-24,1
3038,437,40481087,2012-10-02,2012-10-16,1
3039,438,0,1967-10-16,1967-10-17,1
3040,438,0,1985-11-04,1985-11-05,1
3041,438,28060,2010-04-06,2010-04-16,1
3042,438,79740,2016-05-03,2017-06-16,1
3043,438,200970,2012-03-27,2012-03-28,1
3044,438,260139,2018-11-16,2018-11-30,1
3045,438,432867,2016-04-25,2016-04-26,1
3046,438,4129902,2012-03-27,2012-03-28,1
3047,438,4237458,2017-05-10,2017-07-09,1
3048,438,4285898,2003-08-16,2005-01-07,1
3049,438,4285898,2015-01-05,2015-01-06,1
3050,438,4311629,1994-08-22,1994-08-23,1
3051,438,37017023,2016-04-29,2016-04-30,1
3052,438,40481087,2017-11-04,2017-11-11,1
3053,439,260139,2016-03-23,2016-04-06,1
3054,439,4112343,2018-01-30,2018-02-12,1
3055,439,4112343,2018-04-17,2018-04-30,1
3056,439,4230399,2015-05-12,2015-07-11,1
3057,439,40481087,2011-10-04,2011-10-18,1
3058,440,378001,2009-11-10,2010-01-09,1
3059,440,4078393,2015-09-20,2015-09-21,1
3060,440,4112343,2010-11-22,2010-11-30,1
3061,440,4112343,2018-02-24,2018-03-03,1
3062,440,4217975,2011-11-27,2011-12-18,1
3063,440,4217975,2015-09-20,2015-10-04,1
3064,440,4217975,2016-04-17,2016-11-13,1
3065,440,4217975,2018-04-29,2018-07-08,1
3066,440,40318618,2015-09-20,2015-10-04,1
3067,440,40481087,2017-10-19,2017-10-26,1
3068,441,0,2008-09-20,2008-09-21,1
3069,441,78272,2016-01-12,2016-02-16,1
3070,441,316866,1991-01-19,1991-01-20,1
3071,441,4112343,2011-08-19,2011-08-29,1
3072,441,4156265,2009-05-27,2009-06-17,1
3073,441,4217975,2012-09-29,2013-04-27,1
3074,441,4311629,2011-09-24,2011-09-25,1
3075,441,40481087,2010-09-21,2010-10-12,1
3076,442,78272,2016-06-08,2016-06-22,1
3077,442,4112343,2015-08-15,2015-08-24,1
3078,442,4294548,2018-12-31,2019-01-01,1
3079,442,40481087,2018-07-04,2018-07-25,1
3080,443,0,2005-10-23,2005-10-24,1
3081,443,0,2016-08-07,2016-08-08,1
3082,443,316866,1985-08-25,1985-08-26,1
3083,443,380378,2016-08-07,2016-08-08,1
3084,443,4029498,2016-08-07,2016-08-08,1
3085,443,4078393,2009-04-12,2009-04-13,1
3086,443,4217975,2009-04-12,2009-04-19,1
3087,443,4217975,2013-02-24,2013-09-22,1
3088,443,4262136,2009-04-12,2009-04-19,1
3089,444,0,1982-04-07,1982-04-08,1
3090,444,0,1996-11-20,1996-11-21,1
3091,445,0,2004-05-27,2004-05-28,1
3092,445,4112343,2018-07-24,2018-08-06,1
3093,446,257012,2017-06-22,2017-06-23,1
3094,446,4112343,2013-11-18,2013-11-26,1
3095,446,4112343,2016-09-12,2016-09-25,1
3096,446,4283893,2017-04-13,2017-07-06,1
3097,446,4311629,2014-01-29,2014-01-30,1
3098,446,40481087,2012-03-13,2012-04-03,1
3099,448,316866,2013-11-21,2013-11-22,1
3100,448,372328,2008-08-30,2009-02-26,1
3101,448,4051466,1997-04-05,2014-07-07,1
3102,448,4218389,2009-03-16,2009-04-20,1
3103,448,4283893,2010-10-15,2010-11-12,1
3104,448,40481087,2012-11-06,2012-11-27,1
3105,448,40481087,2016-02-15,2016-02-29,1
3106,448,40486433,2000-04-04,2000-04-05,1
3107,449,0,1972-03-31,1972-04-01,1
3108,449,0,1990-08-10,1990-08-11,1
3109,449,201826,2001-08-31,2001-09-01,1
3110,449,436940,2003-08-22,2003-08-23,1
3111,449,439777,1971-08-17,1971-08-18,1
3112,449,4078393,1980-10-31,1980-11-01,1
3113,449,4120314,2003-08-22,2003-08-23,1
3114,449,4214376,2003-08-22,2003-08-23,1
3115,449,4294548,2017-09-30,2017-10-14,1
3116,449,40481087,2015-04-08,2015-04-15,1
3117,449,40481087,2015-09-20,2015-10-04,1
3118,450,0,1979-04-30,1979-05-01,1
3119,450,257012,1966-10-15,1966-10-16,1
3120,450,260139,2016-07-02,2016-07-16,1
3121,450,313217,2015-11-02,2015-11-03,1
3122,450,316866,1957-06-24,1957-06-25,1
3123,450,381316,2007-12-31,2008-01-01,1
3124,450,432867,1985-09-09,1985-09-10,1
3125,450,4112343,2014-09-07,2014-09-19,1
3126,451,257012,1995-05-20,1995-05-21,1
3127,451,260139,2013-04-17,2013-04-24,1
3128,451,316866,1973-04-22,1973-04-23,1
3129,451,4112343,2010-05-08,2010-05-19,1
3130,451,4112343,2017-02-12,2017-02-19,1
3131,451,4311629,1983-05-08,1983-05-09,1
3132,451,40481087,2015-09-23,2015-10-07,1
3133,451,40481087,2018-10-27,2018-11-17,1
3134,452,4078393,2016-10-14,2016-10-15,1
3135,452,4112343,2009-06-06,2009-06-15,1
3136,452,4217975,2009-05-08,2009-05-22,1
3137,452,4217975,2011-12-09,2012-02-17,1
3138,452,4217975,2016-10-14,2016-10-28,1
3139,452,4218389,2009-03-13,2009-04-03,1
3140,452,4262136,2016-10-14,2016-10-28,1
3141,452,4311629,2006-04-21,2006-04-22,1
3142,452,40481087,2009-06-29,2009-07-06,1
3143,452,40481087,2011-10-03,2011-10-24,1
3144,453,0,1971-06-10,1971-06-11,1
3145,453,81151,1970-03-23,1970-04-27,1
3146,453,201826,1940-08-15,1940-08-16,1
3147,453,260139,1971-04-22,1971-04-29,1
3148,453,316866,1933-08-03,1933-08-04,1
3149,453,317576,1970-09-10,1970-09-11,1
3150,453,436940,1943-08-19,1943-08-20,1
3151,453,4112343,1962-11-03,1962-11-12,1
3152,453,4120314,1943-08-19,1943-08-20,1
3153,453,4214376,1949-08-25,1949-08-26,1
3154,453,4311629,1933-08-03,1933-08-04,1
3155,453,4329847,1971-06-10,1971-06-11,1
3156,453,37016354,1943-08-19,1943-08-20,1
3157,453,40481087,1964-08-05,1964-08-19,1
3158,453,40481087,1969-10-29,1969-11-19,1
3159,454,372328,2015-08-05,2015-10-21,1
3160,454,40481087,2014-08-17,2014-08-24,1
3161,455,0,1945-11-17,1945-11-18,1
3162,455,0,1948-12-11,1948-12-12,1
3163,455,0,1968-10-26,1968-10-27,1
3164,455,28060,1986-03-25,1986-04-01,1
3165,455,260139,1981-01-31,1981-02-07,1
3166,455,313217,1978-04-08,1978-04-09,1
3167,455,316866,1938-11-26,1938-11-27,1
3168,455,317576,1936-11-14,1936-11-15,1
3169,455,438130,1948-12-11,1948-12-12,1
3170,455,4329847,1945-11-17,1945-11-18,1
3171,455,40481087,1979-01-15,1979-01-29,1
3172,455,40481087,1980-01-02,1980-01-23,1
3173,456,378001,2018-03-10,2018-05-09,1
3174,456,4280726,2004-03-20,2004-03-21,1
3175,456,40481087,2014-01-07,2014-01-28,1
3176,456,40481087,2014-05-06,2014-05-13,1
3177,456,40481087,2017-01-04,2017-01-18,1
3178,456,40481087,2018-06-17,2018-07-01,1
3179,457,0,1994-12-25,1994-12-26,1
3180,457,0,2013-10-27,2013-10-28,1
3181,457,258780,2011-10-23,2011-10-24,1
3182,457,4112343,2013-02-23,2013-03-07,1
3183,457,4311629,2017-11-12,2017-11-13,1
3184,457,40479768,2016-03-14,2016-05-20,1
3185,457,40481087,2015-08-07,2015-08-14,1
3186,458,81151,2015-06-08,2015-07-06,1
3187,458,378001,2011-12-26,2012-01-25,1
3188,458,4112343,2013-12-17,2013-12-30,1
3189,458,40481087,2011-09-05,2011-09-12,1
3190,458,40481087,2018-03-16,2018-03-30,1
3191,459,260139,2011-04-21,2011-05-05,1
3192,459,4051466,1993-11-13,2010-02-17,1
3193,459,4217975,2010-09-08,2011-04-13,1
3194,459,4217975,2012-09-12,2013-03-27,1
3195,459,4217975,2015-10-14,2016-05-11,1
3196,459,4217975,2017-05-31,2017-06-28,1
3197,459,40481087,2011-09-06,2011-09-20,1
3198,460,0,2008-03-10,2008-03-11,1
3199,460,260139,2016-11-07,2016-11-21,1
3200,460,40479768,2018-12-24,2018-12-25,1
3201,460,40481087,2014-01-30,2014-02-13,1
3202,461,0,1986-06-05,1986-06-06,1
3203,461,0,2017-10-12,2017-10-13,1
3204,461,197500,2008-01-04,2009-04-17,1
3205,461,257012,1956-03-28,1956-03-29,1
3206,461,313217,2017-05-18,2017-05-19,1
3207,461,321042,2017-10-12,2017-10-13,1
3208,461,381316,1985-09-05,1985-09-06,1
3209,461,4078393,1978-01-19,1978-01-20,1
3210,461,4285898,2007-12-28,2007-12-29,1
3211,461,40481087,2009-10-01,2009-10-15,1
3212,462,0,2000-09-07,2000-09-08,1
3213,462,260139,2018-03-23,2018-03-30,1
3214,462,381316,2017-12-21,2017-12-22,1
3215,462,4152936,2010-06-28,2010-07-12,1
3216,462,40481087,2018-08-09,2018-08-16,1
3217,463,0,1948-04-18,1948-04-19,1
3218,463,372328,1948-08-31,1948-09-23,1
3219,463,4029498,1948-04-18,1948-04-19,1
3220,463,4109685,1948-07-02,1948-07-16,1
3221,463,4156265,1949-06-11,1949-06-25,1
3222,463,4278672,1947-04-09,1947-06-08,1
3223,464,0,1973-08-04,1973-08-05,1
3224,464,260139,2018-05-01,2018-05-08,1
3225,464,440448,1973-08-04,1973-08-05,1
3226,464,4112343,2009-02-13,2009-02-25,1
3227,464,4166224,1973-08-04,1973-08-05,1
3228,464,4311629,1999-04-19,1999-04-20,1
3229,464,40481087,2009-12-18,2009-12-25,1
3230,464,40481087,2017-12-20,2018-01-03,1
3231,465,201826,2004-09-20,2004-09-21,1
3232,465,258780,2010-09-27,2010-09-28,1
3233,465,316866,2004-09-20,2004-09-21,1
3234,465,436940,2010-09-27,2010-09-28,1
3235,465,4112343,2013-01-12,2013-01-25,1
3236,465,4120314,2007-09-24,2007-09-25,1
3237,465,4214376,2010-09-27,2010-09-28,1
3238,465,4217975,2011-01-03,2011-01-24,1
3239,465,4311629,2001-09-17,2001-09-18,1
3240,465,40481087,2012-08-10,2012-08-17,1
3241,465,40481087,2014-09-11,2014-09-25,1
3242,466,0,1979-07-16,1979-07-17,1
3243,466,257012,1990-11-11,1990-11-12,1
3244,466,313217,2012-10-01,2012-10-02,1
3245,466,436096,1990-03-02,1990-03-03,1
3246,466,4055754,1990-04-22,1990-04-23,1
3247,466,4079750,1984-07-22,1984-07-23,1
3248,466,4208104,2005-02-28,2005-03-01,1
3249,466,4237458,2010-03-08,2010-04-07,1
3250,466,40481087,2012-11-02,2012-11-23,1
3251,466,40481087,2013-01-01,2013-01-22,1
3252,466,43530652,1990-08-30,1990-08-31,1
3253,467,260139,2011-02-09,2011-02-23,1
3254,467,316866,2009-04-22,2009-04-23,1
3255,467,4112343,2015-09-24,2015-10-07,1
3256,467,4217975,2016-06-01,2016-06-29,1
3257,468,0,1997-05-19,1997-05-20,1
3258,468,195588,2009-07-15,2009-08-16,1
3259,468,372328,2012-03-21,2013-08-19,1
3260,468,4112343,2016-07-22,2016-08-01,1
3261,468,4155034,2015-01-01,2015-01-22,1
3262,468,4218389,2013-03-07,2013-04-11,1
3263,468,4311629,2011-08-15,2011-08-16,1
3264,468,40481087,2018-04-27,2018-05-04,1
3265,469,28060,2016-04-25,2016-05-02,1
3266,469,372328,2015-03-01,2015-08-04,1
3267,469,4112343,2017-05-01,2017-05-12,1
3268,469,4142905,2013-08-08,2013-09-07,1
3269,470,4237458,2018-06-14,2018-08-13,1
3270,470,40481087,2011-08-28,2011-09-04,1
3271,470,40481087,2016-01-20,2016-01-27,1
3272,471,0,1978-11-05,1978-11-06,1
3273,471,0,1995-09-17,1995-09-18,1
3274,471,260139,2018-03-03,2018-03-10,1
3275,471,261325,1993-09-12,1993-09-13,1
3276,471,436096,1991-01-17,1991-01-18,1
3277,471,4055754,1990-06-23,1990-06-24,1
3278,471,4112343,2017-12-04,2017-12-15,1
3279,471,4208104,2008-11-20,2008-11-21,1
3280,471,4285898,2017-08-19,2017-08-20,1
3281,471,40481087,2013-01-25,2013-02-08,1
3282,471,43530652,1990-03-15,1990-03-16,1
3283,472,0,1980-07-28,1980-07-29,1
3284,472,436096,1990-03-23,1990-03-24,1
3285,472,4055754,1990-01-31,1990-02-01,1
3286,472,4078393,1978-01-16,1978-01-17,1
3287,472,4109685,2013-03-05,2013-03-26,1
3288,472,4155034,2010-05-06,2010-05-20,1
3289,472,4208104,2008-01-25,2008-01-26,1
3290,472,40481087,2014-03-23,2014-04-13,1
3291,472,40481087,2017-01-02,2017-01-09,1
3292,472,43530652,1990-07-31,1990-08-01,1
3293,473,0,2004-01-01,2004-01-02,1
3294,473,260139,2014-11-30,2014-12-07,1
3295,473,439777,2007-11-20,2007-11-21,1
3296,473,4078393,2009-04-30,2009-05-01,1
3297,473,4112343,2014-11-25,2014-12-07,1
3298,473,4116491,2013-11-18,2013-12-30,1
3299,473,4116491,2017-12-29,2018-02-17,1
3300,473,4217975,2009-04-30,2009-05-07,1
3301,473,4217975,2013-11-07,2013-12-05,1
3302,473,4217975,2015-03-19,2015-10-22,1
3303,473,4217975,2018-05-24,2018-06-14,1
3304,473,4262136,2009-04-30,2009-05-07,1
3305,473,4311629,2011-04-07,2011-04-08,1
3306,474,0,1993-12-28,1993-12-29,1
3307,474,372328,1994-12-23,1995-03-07,1
3308,474,380378,1993-12-28,1993-12-29,1
3309,474,4029498,1993-12-28,1993-12-29,1
3310,474,4109685,1994-10-24,1994-11-14,1
3311,475,0,2005-09-22,2005-09-23,1
3312,475,257012,1995-11-29,1995-11-30,1
3313,475,316866,1987-08-27,1987-08-28,1
3314,475,4078393,1992-08-06,1992-08-07,1
3315,475,4217975,2018-12-13,2018-12-20,1
3316,475,40318618,2018-12-13,2018-12-20,1
3317,475,40481087,2015-12-07,2015-12-21,1
3318,476,81151,2009-05-19,2009-06-09,1
3319,476,440086,2008-04-09,2017-04-17,1
3320,476,4112343,2010-12-11,2010-12-22,1
3321,476,4156265,2017-12-24,2018-01-14,1
3322,477,0,2001-03-22,2001-03-23,1
3323,477,28060,2010-12-04,2010-12-11,1
3324,477,28060,2015-03-24,2015-04-04,1
3325,477,260139,2012-12-29,2013-01-05,1
3326,477,4029498,2001-03-22,2001-03-23,1
3327,478,260139,2011-12-30,2012-01-06,1
3328,478,378001,2015-10-22,2015-12-21,1
3329,478,440086,2008-12-23,2010-08-17,1
3330,478,40481087,2012-04-30,2012-05-14,1
3331,478,40481087,2015-12-01,2015-12-22,1
3332,479,201826,2009-07-31,2009-08-01,1
3333,479,316866,2002-07-19,2002-07-20,1
3334,479,436940,2012-08-03,2012-08-04,1
3335,479,4048171,1987-07-13,1987-07-14,1
3336,479,4112343,2017-09-12,2017-09-25,1
3337,479,4120314,2012-08-03,2012-08-04,1
3338,479,4214376,2015-08-07,2015-08-08,1
3339,479,40481087,2016-03-12,2016-03-26,1
3340,480,28060,2012-12-29,2013-01-07,1
3341,480,40481087,2011-04-10,2011-05-01,1
3342,480,40481087,2013-08-24,2013-08-31,1
3343,481,260139,2016-11-19,2016-11-26,1
3344,481,4217975,2010-10-20,2011-05-25,1
3345,481,40481087,2010-02-17,2010-03-10,1
3346,482,0,1996-03-08,1996-03-09,1
3347,482,28060,2010-08-07,2010-08-16,1
3348,482,4134304,2017-03-26,2017-06-24,1
3349,482,4280726,1961-07-26,1961-07-27,1
3350,483,0,2012-12-12,2012-12-13,1
3351,483,81151,2014-07-28,2014-08-25,1
3352,483,316866,2002-11-27,2002-11-28,1
3353,483,4283893,2013-01-10,2013-02-28,1
3354,483,40481087,2011-08-22,2011-09-12,1
3355,483,40481087,2013-05-05,2013-05-26,1
3356,483,40481087,2016-03-19,2016-04-09,1
3357,484,260139,2010-02-05,2010-02-12,1
3358,484,378001,2011-02-25,2011-03-27,1
3359,484,4311629,1999-08-14,1999-08-15,1
3360,485,0,1983-02-21,1983-02-22,1
3361,485,432867,2004-04-26,2004-04-27,1
3362,485,4078393,1982-08-09,1982-08-10,1
3363,485,4116491,2012-12-06,2013-01-12,1
3364,485,4217975,2009-03-02,2009-09-28,1
3365,485,4218389,2012-12-03,2012-12-24,1
3366,485,4311629,1997-04-14,1997-04-15,1
3367,485,40481087,2017-06-13,2017-07-04,1
3368,486,134438,2008-08-15,2009-06-17,1
3369,486,4048171,1995-08-19,2009-08-17,1
3370,486,4112343,2009-08-09,2009-08-18,1
3371,486,4112343,2009-11-18,2009-11-25,1
3372,486,4217975,2012-01-02,2012-08-06,1
3373,486,4217975,2017-09-11,2018-04-09,1
3374,486,4217975,2018-09-24,2018-10-22,1
3375,486,40481087,2014-11-06,2014-11-20,1
3376,487,260139,2010-01-14,2010-01-21,1
3377,487,4112343,2017-05-02,2017-05-10,1
3378,487,4311629,2013-10-02,2013-10-03,1
3379,487,40481087,2014-06-10,2014-06-17,1
3380,487,40481087,2015-09-18,2015-10-02,1
3381,488,28060,2018-03-19,2018-03-28,1
3382,488,257012,1986-11-06,1986-11-07,1
3383,488,260139,2014-03-08,2014-03-16,1
3384,488,439393,2017-02-05,2017-04-10,1
3385,488,4112343,2015-11-13,2015-11-25,1
3386,488,4113008,2017-01-15,2017-01-29,1
3387,488,4217975,2012-12-09,2013-07-15,1
3388,488,4217975,2016-08-22,2017-04-10,1
3389,488,40481087,2015-03-07,2015-03-22,1
3390,489,4311629,2017-12-19,2017-12-20,1
3391,490,0,1972-09-12,1972-09-13,1
3392,490,260139,2010-12-05,2010-12-12,1
3393,490,4285898,2011-06-27,2012-09-19,1
3394,490,4311629,1978-09-19,1978-09-20,1
3395,490,40481087,2011-07-22,2011-07-29,1
3396,491,4112343,2012-04-10,2012-04-22,1
3397,491,4155034,2013-01-14,2013-02-04,1
3398,491,40481087,2016-04-29,2016-05-20,1
3399,492,0,2007-01-23,2007-01-24,1
3400,492,381316,2016-08-02,2016-08-03,1
3401,492,4146173,2010-01-24,2010-02-23,1
3402,493,0,1998-01-10,1998-01-11,1
3403,493,378001,2016-12-23,2017-01-22,1
3404,493,436096,1990-06-27,1990-06-28,1
3405,493,439777,1989-04-09,1989-04-10,1
3406,493,4055754,1990-12-16,1990-12-17,1
3407,493,4078393,2008-02-02,2008-02-03,1
3408,493,4112343,2011-08-13,2011-08-22,1
3409,493,4208104,2000-05-20,2000-05-21,1
3410,493,43530652,1990-05-23,1990-05-24,1
3411,494,372328,2017-08-17,2018-08-23,1
3412,494,4048171,2005-01-23,2005-01-24,1
3413,494,4051466,2004-01-24,2004-01-25,1
3414,494,4283893,2014-07-16,2014-08-06,1
3415,494,40481087,2009-06-14,2009-07-05,1
3416,494,40481087,2015-11-08,2015-11-29,1
3417,495,81151,2018-04-04,2018-04-25,1
3418,495,260139,2015-05-24,2015-05-31,1
3419,495,4112343,2012-03-20,2012-03-28,1
3420,495,4112343,2013-08-23,2013-08-30,1
3421,495,4296204,2016-05-16,2016-06-13,1
3422,495,40481087,2009-04-08,2009-04-15,1
3423,495,40481087,2013-06-28,2013-07-05,1
3424,496,0,1982-04-06,1982-04-07,1
3425,496,28060,2010-11-21,2010-11-28,1
3426,496,257012,1970-02-28,1970-03-01,1
3427,496,316866,1957-08-27,1957-08-28,1
3428,496,4078393,1975-02-11,1975-02-12,1
3429,496,4230399,2012-10-06,2013-01-04,1
3430,496,40481087,2009-02-26,2009-03-12,1
3431,496,40481087,2014-09-19,2014-10-03,1
3432,497,195588,2016-01-12,2016-02-12,1
3433,497,258780,2000-03-07,2000-03-08,1
3434,497,4217975,2009-03-17,2009-10-20,1
3435,497,4311629,1986-04-08,1986-04-09,1
3436,497,40481087,2010-11-11,2010-11-18,1
3437,498,260139,2017-12-02,2017-12-09,1
3438,498,40481087,2011-02-14,2011-03-07,1
3439,498,40481087,2011-10-11,2011-10-18,1
3440,499,0,2000-05-18,2000-05-19,1
3441,499,260139,2013-05-26,2013-06-02,1
3442,499,316866,1976-07-01,1976-07-02,1
3443,499,4296205,2010-09-05,2010-09-26,1
3444,500,201826,1991-11-05,1991-11-06,1
3445,500,316866,1987-10-27,1987-10-28,1
3446,500,436940,1994-11-08,1994-11-09,1
3447,500,439393,2014-02-25,2014-04-22,1
3448,500,4078393,1994-07-26,1994-07-27,1
3449,500,4120314,1994-11-08,1994-11-09,1
3450,500,4214376,2000-11-14,2000-11-15,1
3451,500,4217975,2013-09-10,2014-04-22,1
3452,500,4217975,2017-01-24,2017-01-31,1
3453,500,4262136,2017-01-24,2017-01-31,1
3454,500,40481087,2010-08-24,2010-08-31,1
3455,500,40481087,2016-11-04,2016-11-18,1
3456,501,0,2004-06-14,2004-06-15,1
3457,501,260139,2001-08-10,2001-08-17,1
3458,501,380378,2004-06-14,2004-06-15,1
3459,501,4029498,2004-06-14,2004-06-15,1
3460,501,4112343,1997-08-31,1997-09-12,1
3461,501,4112343,2002-09-17,2002-09-25,1
3462,501,4217975,2000-09-08,2000-09-22,1
3463,501,4217975,2001-01-19,2001-08-24,1
3464,501,4217975,2004-07-30,2004-07-31,1
3465,501,40481087,2004-01-24,2004-02-07,1
3466,502,28060,2017-04-23,2017-05-03,1
3467,502,137613,2018-06-21,2018-07-12,1
3468,502,260139,2016-09-14,2016-09-28,1
3469,502,375671,2013-10-25,2013-11-24,1
3470,502,4217975,2009-04-23,2009-11-26,1
3471,502,4217975,2014-06-19,2015-01-15,1
3472,502,4217975,2017-12-07,2018-07-12,1
3473,502,40481087,2010-10-22,2010-10-29,1
3474,502,40481087,2012-01-27,2012-02-03,1
3475,502,40481087,2014-11-27,2014-12-11,1
3476,502,40481087,2017-06-07,2017-06-28,1
3477,503,372328,2018-03-12,2018-09-19,1
3478,503,4112343,2012-12-10,2012-12-17,1
3479,503,4112343,2017-08-26,2017-09-05,1
3480,503,40481087,2014-08-22,2014-09-05,1
3481,504,81151,2013-07-16,2013-08-20,1
3482,504,81151,2015-07-11,2015-08-01,1
3483,504,260139,2011-04-30,2011-05-14,1
3484,504,372328,2011-01-28,2011-04-11,1
3485,504,372328,2012-07-04,2012-10-08,1
3486,504,40481087,2014-02-18,2014-03-04,1
3487,505,0,1974-05-09,1974-05-10,1
3488,505,0,1986-03-20,1986-03-21,1
3489,505,75036,2002-05-15,2002-05-16,1
3490,505,80502,2017-12-21,2017-12-22,1
3491,505,199076,1978-03-30,1978-03-31,1
3492,505,439777,1954-05-27,1954-05-28,1
3493,505,4078393,1977-08-11,1977-08-12,1
3494,505,4311629,2001-11-22,2001-11-23,1
3495,505,40481087,2009-01-02,2009-01-23,1
3496,505,40481087,2013-07-07,2013-07-28,1
3497,505,40481087,2018-04-09,2018-04-16,1
3498,506,0,2011-04-10,2011-04-11,1
3499,506,81151,2009-02-15,2009-03-01,1
3500,506,137613,2010-10-24,2010-11-28,1
3501,506,378001,2011-01-20,2011-02-19,1
3502,506,4112343,2011-03-28,2011-04-06,1
3503,506,4134304,2017-11-14,2018-02-12,1
3504,506,4217975,2009-01-04,2009-03-15,1
3505,506,4217975,2009-11-22,2009-12-20,1
3506,506,4217975,2010-04-11,2010-11-28,1
3507,506,4217975,2014-10-12,2015-05-24,1
3508,506,4217975,2016-01-17,2016-08-14,1
3509,506,40481087,2011-12-07,2011-12-28,1
3510,506,40481087,2012-04-05,2012-04-19,1
3511,506,40486433,1991-08-23,1991-08-24,1
3512,507,81151,2013-11-21,2013-12-12,1
3513,507,257012,2000-07-18,2000-07-19,1
3514,507,260139,2011-08-12,2011-08-19,1
3515,507,4113008,2011-05-15,2011-06-05,1
3516,507,40481087,2017-12-19,2018-01-09,1
3517,507,40481087,2018-08-15,2018-09-05,1
3518,508,75036,1995-10-30,1995-10-31,1
3519,508,80502,2001-01-09,2001-01-10,1
3520,508,260139,2014-02-23,2014-03-09,1
3521,508,260139,2016-09-01,2016-09-08,1
3522,508,260139,2016-11-08,2016-11-22,1
3523,508,4112343,2017-06-25,2017-07-05,1
3524,508,4311629,1980-11-18,1980-11-19,1
3525,508,40481087,2015-01-02,2015-01-16,1
3526,509,0,1979-06-28,1979-06-29,1
3527,509,0,1998-04-07,1998-04-08,1
3528,509,80502,2015-11-05,2015-11-06,1
3529,509,196456,2014-04-04,2014-04-04,1
3530,509,198809,2014-04-04,2014-04-04,1
3531,509,199076,1987-07-02,1987-07-03,1
3532,509,258780,1993-04-29,1993-04-30,1
3533,509,440448,1998-04-07,1998-04-08,1
3534,509,4078393,1984-09-27,1984-09-28,1
3535,509,4166224,1998-04-07,1998-04-08,1
3536,509,40481087,2016-06-07,2016-06-28,1
3537,510,0,2018-11-20,2018-11-21,1
3538,510,28060,2014-10-24,2014-11-01,1
3539,510,257012,2010-10-31,2010-11-01,1
3540,510,372328,2010-12-11,2011-09-13,1
3541,510,4294548,2010-09-19,2010-11-07,1
3542,510,40481087,2015-02-20,2015-03-13,1
3543,511,0,2004-06-21,2004-06-22,1
3544,511,81151,2011-10-27,2011-12-01,1
3545,511,81151,2017-02-02,2017-02-23,1
3546,511,4112343,2016-09-16,2016-09-24,1
3547,511,4112343,2016-11-27,2016-12-05,1
3548,512,0,1983-10-06,1983-10-07,1
3549,512,257012,1992-08-09,1992-08-10,1
3550,512,316866,2002-07-11,2002-07-12,1
3551,512,380378,1983-10-06,1983-10-07,1
3552,512,4029498,1983-10-06,1983-10-07,1
3553,512,4112343,2018-05-06,2018-05-14,1
3554,512,4217975,2011-01-13,2011-02-03,1
3555,512,4217975,2013-04-25,2013-11-28,1
3556,512,4278672,2014-03-27,2014-06-25,1
3557,512,4296205,2016-05-15,2016-05-29,1
3558,512,40481087,2011-02-13,2011-03-06,1
3559,513,317576,1975-01-18,1975-01-19,1
3560,513,4112343,2013-12-31,2014-01-10,1
3561,513,4311629,2003-04-26,2003-04-27,1
3562,513,40481087,2018-07-21,2018-08-11,1
3563,514,0,2014-03-17,2014-03-18,1
3564,514,133834,1971-11-30,1971-12-01,1
3565,514,317009,1993-03-29,1993-03-30,1
3566,514,432867,2012-03-12,2012-03-13,1
3567,514,439777,1998-03-21,1998-03-22,1
3568,514,4078393,2010-06-21,2010-06-22,1
3569,514,4155034,2018-08-19,2018-09-02,1
3570,514,4217975,2010-06-21,2010-07-12,1
3571,514,40481087,2015-11-30,2015-12-14,1
3572,516,260139,2015-02-05,2015-02-19,1
3573,516,260139,2018-08-15,2018-08-29,1
3574,516,4113008,2009-10-23,2009-11-13,1
3575,516,4134304,2016-10-07,2016-11-06,1
3576,516,40481087,2011-04-04,2011-04-25,1
3577,516,40481087,2018-12-21,2019-01-04,1
3578,518,0,1955-02-22,1955-02-23,1
3579,518,0,1963-03-08,1963-03-09,1
3580,518,0,2005-12-30,2005-12-31,1
3581,518,257012,1969-09-06,1969-09-07,1
3582,518,316866,1970-11-20,1970-11-21,1
3583,518,317576,1998-03-13,1998-03-14,1
3584,518,440448,1955-02-22,1955-02-23,1
3585,518,4078393,1995-04-14,1995-04-15,1
3586,518,4112343,2003-01-13,2003-01-25,1
3587,518,4311629,1977-12-02,1977-12-03,1
3588,518,4329847,2005-12-30,2005-12-31,1
3589,518,40481087,1997-06-03,1997-06-17,1
3590,519,316866,2012-06-27,2012-06-28,1
3591,519,4112343,2014-08-20,2014-08-31,1
3592,519,4217975,2017-05-31,2018-01-03,1
3593,520,0,1969-10-29,1969-10-30,1
3594,520,0,1985-12-04,1985-12-05,1
3595,520,260139,2017-10-29,2017-11-12,1
3596,520,316866,1972-11-15,1972-11-16,1
3597,520,4078393,1993-07-07,1993-07-08,1
3598,520,4311629,2002-07-03,2002-07-04,1
3599,520,40481087,2014-09-05,2014-09-26,1
3600,520,40481087,2015-06-29,2015-07-06,1
3601,520,40481087,2018-07-25,2018-08-15,1
3602,521,257012,1982-09-22,1982-09-23,1
3603,521,260139,2016-09-13,2016-09-27,1
3604,521,4021336,2007-04-06,2007-04-07,1
3605,521,4112343,2010-07-30,2010-08-08,1
3606,521,4296204,2015-09-06,2015-10-11,1
3607,521,4299128,2009-11-01,2009-12-06,1
3608,522,0,1970-10-29,1970-10-30,1
3609,522,0,1997-08-31,1997-09-01,1
3610,522,257012,1994-03-15,1994-03-16,1
3611,522,260139,2018-02-01,2018-02-15,1
3612,522,380378,1970-10-29,1970-10-30,1
3613,522,432867,2003-11-16,2003-11-17,1
3614,522,4029498,1970-10-29,1970-10-30,1
3615,522,4285898,2009-11-01,2011-01-25,1
3616,522,40481087,2016-06-08,2016-06-15,1
3617,523,192279,1978-05-26,1978-05-27,1
3618,523,201826,1970-02-13,1970-02-14,1
3619,523,257012,1952-01-26,1952-01-27,1
3620,523,260139,1997-09-04,1997-09-11,1
3621,523,261325,1992-12-25,1992-12-26,1
3622,523,432867,1986-05-16,1986-05-17,1
3623,523,436940,1973-02-16,1973-02-17,1
3624,523,443597,1990-12-14,1990-12-15,1
3625,523,443614,1978-05-26,1978-05-27,1
3626,523,4112343,1995-03-31,1995-04-12,1
3627,523,4113008,1991-11-02,1991-11-23,1
3628,523,4120314,1973-02-16,1973-02-17,1
3629,523,4214376,1978-05-26,1978-05-27,1
3630,523,4311629,1990-12-14,1990-12-15,1
3631,523,40481087,1990-11-24,1990-12-15,1
3632,523,45757499,1990-12-14,1990-12-15,1
3633,523,45769905,1990-12-14,1990-12-15,1
3634,524,0,1977-02-12,1977-02-13,1
3635,524,80502,2014-02-28,2014-03-01,1
3636,524,192279,1977-04-01,1977-04-02,1
3637,524,200970,2000-12-01,2000-12-02,1
3638,524,201826,1973-07-06,1973-07-07,1
3639,524,381316,2015-05-22,2015-05-23,1
3640,524,432867,1981-02-11,1981-02-12,1
3641,524,436940,1977-04-01,1977-04-02,1
3642,524,443614,1977-04-01,1977-04-02,1
3643,524,4029498,1977-02-12,1977-02-13,1
3644,524,4079749,1976-02-13,1976-02-14,1
3645,524,4112343,2014-08-13,2014-08-26,1
3646,524,4120314,1975-07-11,1975-07-12,1
3647,524,4129902,2000-12-01,2000-12-02,1
3648,524,4214376,1977-07-29,1977-07-30,1
3649,524,4218389,2017-10-06,2017-11-03,1
3650,524,4285898,2014-02-16,2015-04-18,1
3651,524,4311629,1977-07-29,1977-07-30,1
3652,524,37016354,1973-07-06,1973-07-07,1
3653,524,40481087,2010-07-17,2010-07-24,1
3654,525,81151,2013-01-02,2013-01-23,1
3655,525,133834,2011-12-16,2011-12-17,1
3656,525,260139,2012-10-06,2012-10-20,1
3657,525,260139,2018-05-24,2018-05-31,1
3658,525,4059173,2015-01-13,2015-02-12,1
3659,525,4084167,2012-07-06,2012-07-06,1
3660,525,4280726,2015-12-15,2015-12-16,1
3661,525,40481087,2018-05-12,2018-06-02,1
3662,526,372328,2016-06-17,2016-09-28,1
3663,527,0,2005-05-05,2005-05-06,1
3664,527,81151,2015-03-10,2015-03-24,1
3665,527,381316,1990-12-13,1990-12-14,1
3666,527,439393,2015-04-16,2015-05-28,1
3667,527,4113008,2014-04-30,2014-05-14,1
3668,527,4217975,2014-10-30,2015-05-28,1
3669,527,40481087,2011-03-14,2011-04-04,1
3670,527,40481087,2016-11-12,2016-11-19,1
3671,528,0,1981-12-24,1981-12-25,1
3672,528,192279,2010-05-27,2010-05-28,1
3673,528,201826,1984-12-27,1984-12-28,1
3674,528,316866,1984-12-27,1984-12-28,1
3675,528,432867,1987-01-01,1987-01-02,1
3676,528,436940,1987-01-01,1987-01-02,1
3677,528,443614,2010-05-27,2010-05-28,1
3678,528,4109685,2012-02-18,2012-03-03,1
3679,528,4120314,1987-01-01,1987-01-02,1
3680,528,4214376,1987-01-01,1987-01-02,1
3681,528,37016354,1984-12-27,1984-12-28,1
3682,528,40481087,2010-03-25,2010-04-01,1
3683,529,0,1966-07-14,1966-07-15,1
3684,529,255848,2016-05-21,2016-05-22,1
3685,529,257012,1977-01-28,1977-01-29,1
3686,529,260139,2007-08-13,2007-08-27,1
3687,529,261325,1957-07-04,1957-07-05,1
3688,529,313217,2012-08-09,2012-08-10,1
3689,529,378419,2003-08-28,2003-08-29,1
3690,529,439777,1975-11-26,1975-11-27,1
3691,529,4078393,1965-09-30,1965-10-01,1
3692,529,4112343,1949-03-24,1949-04-06,1
3693,529,4112343,1960-12-06,1960-12-15,1
3694,529,4112343,1965-08-22,1965-09-01,1
3695,529,4112343,1983-11-29,1983-12-08,1
3696,529,4112343,1986-03-01,1986-03-14,1
3697,529,4112343,2013-04-25,2013-05-08,1
3698,529,4112343,2016-05-25,2016-05-26,1
3699,529,4134304,2013-02-19,2013-05-20,1
3700,529,4208104,2000-07-10,2000-07-11,1
3701,529,4311629,1976-12-16,1976-12-17,1
3702,529,40481087,2008-05-24,2008-05-31,1
3703,529,40481087,2013-07-09,2013-07-16,1
3704,530,0,2006-08-24,2006-08-25,1
3705,530,260139,2018-03-17,2018-03-31,1
3706,530,316866,2005-08-18,2005-08-19,1
3707,530,378001,2015-04-19,2015-06-18,1
3708,530,4112343,2018-04-27,2018-05-10,1
3709,530,4146173,2013-02-28,2013-03-30,1
3710,530,4155034,2010-01-31,2010-02-14,1
3711,530,4311629,2018-04-05,2018-04-06,1
3712,530,40481087,2017-10-26,2017-11-16,1
3713,530,40486433,1990-03-04,1990-03-05,1
3714,531,81151,2012-02-17,2012-03-16,1
3715,531,260139,2013-01-06,2013-01-20,1
3716,531,316866,2010-12-07,2010-12-08,1
3717,531,4051466,1994-02-03,2011-05-06,1
3718,531,4112343,2014-02-05,2014-02-16,1
3719,531,4283893,2017-06-02,2017-06-30,1
3720,532,0,1989-07-14,1989-07-15,1
3721,532,0,2001-07-25,2001-07-26,1
3722,532,257012,1991-09-10,1991-09-11,1
3723,532,260139,2011-02-28,2011-03-09,1
3724,532,440448,1989-07-14,1989-07-15,1
3725,532,4112343,2010-08-27,2010-09-06,1
3726,532,4112343,2014-05-21,2014-06-03,1
3727,532,4283893,2012-11-07,2013-01-09,1
3728,532,40481087,2014-08-08,2014-08-15,1
3729,533,260139,2018-05-08,2018-05-22,1
3730,533,372328,2014-04-27,2014-07-08,1
3731,534,0,1998-07-16,1998-07-17,1
3732,534,257012,1981-11-11,1981-11-12,1
3733,534,4116491,2018-04-21,2018-05-25,1
3734,534,4311629,2007-05-24,2007-05-25,1
3735,534,40481087,2018-10-12,2018-10-19,1
3736,535,0,1978-09-18,1978-09-19,1
3737,535,0,2015-07-09,2015-07-10,1
3738,535,201826,1995-11-30,1995-12-01,1
3739,535,260139,2006-01-05,2006-01-12,1
3740,535,316866,1995-11-30,1995-12-01,1
3741,535,317576,1995-11-30,1995-12-01,1
3742,535,380378,1978-09-18,1978-09-19,1
3743,535,436940,1998-12-03,1998-12-04,1
3744,535,4029498,1978-09-18,1978-09-19,1
3745,535,4120314,1998-12-03,1998-12-04,1
3746,535,4132546,1983-12-01,1983-12-02,1
3747,535,4214376,1998-12-03,1998-12-04,1
3748,535,4226121,2001-12-06,2001-12-07,1
3749,535,4329847,2015-07-09,2015-07-10,1
3750,535,43530656,2004-12-09,2004-12-10,1
3751,536,28060,2018-04-12,2018-04-24,1
3752,536,316866,2017-07-04,2017-07-05,1
3753,537,0,1992-02-21,1992-02-22,1
3754,537,192279,2004-03-05,2004-03-06,1
3755,537,201826,1995-02-24,1995-02-25,1
3756,537,436940,1998-02-27,1998-02-28,1
3757,537,443614,2004-03-05,2004-03-06,1
3758,537,4078393,2012-12-28,2012-12-29,1
3759,537,4112343,2014-05-26,2014-06-04,1
3760,537,4120314,1998-02-27,1998-02-28,1
3761,537,4214376,1998-02-27,1998-02-28,1
3762,537,4217975,2012-12-28,2013-01-04,1
3763,537,4311629,2010-11-05,2010-11-06,1
3764,537,37016354,2010-11-05,2010-11-06,1
3765,537,40318618,2012-12-28,2013-01-04,1
3766,538,40481087,2011-03-31,2011-04-21,1
3767,538,40481087,2014-04-10,2014-05-01,1
3768,538,40481087,2014-06-06,2014-06-20,1
3769,539,4059173,2016-07-18,2016-08-17,1
3770,539,40486433,2014-10-14,2014-10-15,1
3771,540,0,1969-08-06,1969-08-07,1
3772,540,201826,1980-11-19,1980-11-20,1
3773,540,257012,1944-12-15,1944-12-16,1
3774,540,260139,2014-10-02,2014-10-09,1
3775,540,313217,2003-06-11,2003-06-12,1
3776,540,316866,1953-07-15,1953-07-16,1
3777,540,378419,2016-06-01,2016-06-02,1
3778,540,381316,2016-04-20,2016-04-21,1
3779,540,436940,1982-11-24,1982-11-25,1
3780,540,4079749,1974-10-21,1974-10-22,1
3781,540,4120314,1982-11-24,1982-11-25,1
3782,540,4134304,2012-08-13,2012-11-11,1
3783,540,4214376,1984-10-31,1984-11-01,1
3784,540,4226121,1997-04-02,1997-04-03,1
3785,540,4237458,2011-08-19,2011-09-18,1
3786,540,4311629,2010-07-21,2010-07-22,1
3787,540,37016354,1984-10-31,1984-11-01,1
3788,540,40481087,2017-11-22,2017-12-13,1
3789,540,40481087,2018-12-15,2018-12-22,1
3790,540,43530656,2002-06-05,2002-06-06,1
3791,541,133834,2008-08-06,2008-08-07,1
3792,541,4051466,2010-11-14,2010-11-15,1
3793,541,4278672,2009-08-24,2009-10-23,1
3794,541,40481087,2015-09-28,2015-10-05,1
3795,541,40486433,2011-11-14,2011-11-15,1
3796,542,0,2018-04-21,2018-04-22,1
3797,542,28060,2016-10-18,2016-10-26,1
3798,542,260139,2010-10-10,2010-10-17,1
3799,542,260139,2017-05-15,2017-05-29,1
3800,542,261325,2009-10-10,2009-10-11,1
3801,542,316866,1996-09-21,1996-09-22,1
3802,542,321042,2018-04-21,2018-04-22,1
3803,542,439777,2014-07-20,2014-07-21,1
3804,542,4311629,2013-10-26,2013-10-27,1
3805,542,40481087,2013-08-19,2013-08-26,1
3806,543,0,1992-10-08,1992-10-09,1
3807,543,192279,2016-07-07,2016-07-08,1
3808,543,201826,1997-12-18,1997-12-19,1
3809,543,258780,2004-01-01,2004-01-02,1
3810,543,260139,2015-10-15,2015-10-29,1
3811,543,316866,1997-12-18,1997-12-19,1
3812,543,432867,2014-02-27,2014-02-28,1
3813,543,436940,1999-12-23,1999-12-24,1
3814,543,443614,2016-07-07,2016-07-08,1
3815,543,4078393,1995-09-14,1995-09-15,1
3816,543,4112343,2009-10-22,2009-11-04,1
3817,543,4120314,1999-12-23,1999-12-24,1
3818,543,4214376,1999-12-23,1999-12-24,1
3819,543,4285898,2012-12-11,2014-04-05,1
3820,543,37016354,2006-01-05,2006-01-06,1
3821,543,40481087,2009-10-25,2009-11-15,1
3822,543,40481087,2010-01-23,2010-01-30,1
3823,543,40481087,2014-07-13,2014-07-20,1
3824,544,0,2010-03-14,2010-03-15,1
3825,544,28060,2014-02-14,2014-02-23,1
3826,544,40481087,2013-06-11,2013-07-02,1
3827,544,40481087,2018-04-16,2018-04-30,1
3828,545,28060,2017-07-30,2017-08-11,1
3829,545,372328,2013-09-18,2013-12-10,1
3830,545,372328,2016-05-28,2016-06-21,1
3831,545,40481087,2013-10-26,2013-11-16,1
3832,546,372328,2009-02-26,2009-05-02,1
3833,546,372328,2011-07-21,2011-11-05,1
3834,546,372328,2013-02-27,2013-11-16,1
3835,546,4112343,2010-01-12,2010-01-21,1
3836,546,4155034,2015-11-08,2015-11-29,1
3837,547,0,1988-01-21,1988-01-22,1
3838,547,80502,2016-06-30,2016-07-01,1
3839,547,432867,2000-05-18,2000-05-19,1
3840,547,4112343,2013-01-02,2013-01-13,1
3841,547,4218389,2014-11-16,2014-12-21,1
3842,547,4311629,2007-05-10,2007-05-11,1
3843,547,40481087,2011-12-16,2011-12-23,1
3844,547,40481087,2013-08-21,2013-08-28,1
3845,547,43530652,2015-10-20,2015-10-21,1
3846,548,195588,2017-06-13,2017-08-02,1
3847,548,201826,1989-05-02,1989-05-03,1
3848,548,260139,2013-07-03,2013-07-10,1
3849,548,260139,2018-04-06,2018-04-13,1
3850,548,317576,2013-04-16,2013-04-17,1
3851,548,432867,2015-04-21,2015-04-22,1
3852,548,436940,1992-05-05,1992-05-06,1
3853,548,4055754,1999-09-03,1999-09-04,1
3854,548,4078393,1987-10-20,1987-10-21,1
3855,548,4112343,2016-07-26,2016-08-07,1
3856,548,4116491,2009-02-17,2009-04-03,1
3857,548,4116491,2011-04-03,2011-05-09,1
3858,548,4116491,2013-05-08,2013-06-14,1
3859,548,4120314,1992-05-05,1992-05-06,1
3860,548,4180790,2009-02-25,2011-05-16,1
3861,548,4214376,2001-05-15,2001-05-16,1
3862,548,4217975,2012-02-14,2012-09-18,1
3863,548,4226121,1995-05-09,1995-05-10,1
3864,548,4245614,2009-02-17,2009-02-18,1
3865,548,4341247,2009-02-17,2009-02-18,1
3866,548,37016354,2001-05-15,2001-05-16,1
3867,548,43530656,2004-05-18,2004-05-19,1
3868,548,45763582,2004-05-18,2004-05-19,1
3869,549,78272,2017-05-03,2017-05-31,1
3870,549,260139,2013-11-29,2013-12-13,1
3871,549,316866,2004-04-21,2004-04-22,1
3872,549,436096,2001-05-24,2001-05-25,1
3873,551,0,2013-02-24,2013-02-25,1
3874,551,4218389,2015-12-17,2016-01-07,1
3875,551,40486433,1979-04-17,1979-04-18,1
3876,551,43530652,2017-05-27,2017-05-28,1
3877,552,0,2000-06-30,2000-07-01,1
3878,552,260139,2012-12-11,2012-12-18,1
3879,552,260139,2014-11-10,2014-11-24,1
3880,552,381316,2012-09-07,2012-09-08,1
3881,552,439393,2009-03-27,2009-05-08,1
3882,552,4112343,2013-05-14,2013-05-21,1
3883,552,4217975,2008-10-10,2009-05-08,1
3884,553,0,1994-05-31,1994-06-01,1
3885,553,257012,2014-05-29,2014-05-30,1
3886,553,260139,2018-01-26,2018-02-02,1
3887,553,4078393,1999-04-20,1999-04-21,1
3888,553,4283893,2014-05-01,2014-06-05,1
3889,553,4311629,2004-03-09,2004-03-10,1
3890,553,40481087,2012-09-14,2012-10-05,1
3891,553,40481087,2013-12-06,2013-12-27,1
3892,553,40481087,2015-09-04,2015-09-25,1
3893,554,0,1978-10-23,1978-10-24,1
3894,554,0,1987-06-29,1987-06-30,1
3895,554,0,2002-08-05,2002-08-06,1
3896,554,321042,1978-10-23,1978-10-24,1
3897,554,4078393,2001-07-23,2001-07-24,1
3898,554,4112343,2009-09-25,2009-10-08,1
3899,554,4218389,2015-07-15,2015-08-12,1
3900,554,4294548,2012-12-22,2013-01-05,1
3901,554,40481087,2011-11-01,2011-11-21,1
3902,554,40481087,2015-07-03,2015-07-24,1
3903,555,28060,2012-07-06,2012-07-13,1
3904,555,260139,2009-06-23,2009-07-07,1
3905,555,260139,2012-01-20,2012-02-03,1
3906,555,372328,2011-01-12,2011-01-26,1
3907,555,4112343,2018-02-14,2018-02-25,1
3908,555,40481087,2016-01-22,2016-02-12,1
3909,556,0,1979-10-25,1979-10-26,1
3910,556,316866,1962-05-10,1962-05-11,1
3911,556,381316,2005-10-13,2005-10-14,1
3912,556,4078393,1976-02-26,1976-02-27,1
3913,556,4311629,1990-11-15,1990-11-16,1
3914,557,0,2007-11-14,2007-11-15,1
3915,557,440448,2007-11-14,2007-11-15,1
3916,557,4112343,2012-08-02,2012-08-14,1
3917,557,4112343,2013-09-10,2013-09-23,1
3918,557,40481087,2016-10-09,2016-10-30,1
3919,557,40481087,2017-03-06,2017-03-20,1
3920,558,0,2018-06-16,2018-06-17,1
3921,558,440086,2014-04-19,2016-01-02,1
3922,559,372328,1977-09-21,1977-11-03,1
3923,559,372328,1981-07-15,1981-11-05,1
3924,559,4051466,1979-12-02,1979-12-03,1
3925,559,4094814,1987-08-30,1987-08-31,1
3926,559,4112343,1978-12-16,1978-12-28,1
3927,559,4112343,1986-08-22,1986-08-30,1
3928,559,4278672,1981-01-03,1981-04-03,1
3929,560,0,2016-10-21,2016-10-22,1
3930,560,316866,1991-01-18,1991-01-19,1
3931,560,4112343,2018-02-15,2018-02-24,1
3932,560,40481087,2012-10-08,2012-10-22,1
3933,560,40481087,2015-10-15,2015-10-22,1
3934,561,80502,2009-09-28,2009-09-29,1
3935,561,81151,2013-06-06,2013-06-27,1
3936,561,257012,1929-08-28,1929-08-29,1
3937,561,260139,2009-01-01,2009-01-08,1
3938,561,260139,2012-12-12,2012-12-26,1
3939,561,260139,2016-10-07,2016-10-21,1
3940,561,378419,2008-09-22,2008-09-23,1
3941,561,381316,2001-02-19,2001-02-20,1
3942,561,432867,2002-08-19,2002-08-20,1
3943,561,4055754,2003-03-08,2003-03-09,1
3944,561,4112343,2011-08-03,2011-08-14,1
3945,561,4156265,2011-07-03,2011-07-17,1
3946,561,4283893,2015-01-01,2015-10-29,1
3947,561,4311629,1973-03-26,1973-03-27,1
3948,562,0,1988-08-28,1988-08-29,1
3949,562,0,2005-05-15,2005-05-16,1
3950,562,260139,2012-02-15,2012-02-29,1
3951,562,313217,2007-04-22,2007-04-23,1
3952,562,4112343,2016-03-28,2016-04-05,1
3953,563,28060,2014-11-24,2014-12-06,1
3954,563,257012,2011-12-28,2011-12-29,1
3955,563,316866,1998-07-01,1998-07-02,1
3956,563,4283893,2011-10-26,2012-03-14,1
3957,564,257012,1973-04-27,1973-04-28,1
3958,564,260139,2017-02-10,2017-02-24,1
3959,564,316866,1987-06-01,1987-06-02,1
3960,564,378001,2015-03-27,2015-04-26,1
3961,564,4280726,1971-04-28,1971-04-29,1
3962,564,4311629,2005-05-16,2005-05-17,1
3963,565,0,2006-11-08,2006-11-09,1
3964,565,0,2017-11-16,2017-11-17,1
3965,565,260139,2010-07-24,2010-07-31,1
3966,565,4029498,2017-11-16,2017-11-17,1
3967,565,40481087,2013-07-29,2013-08-05,1
3968,566,28060,2009-12-26,2010-01-06,1
3969,566,257012,1950-04-26,1950-04-27,1
3970,566,432867,2012-02-15,2012-02-16,1
3971,566,4112343,2011-10-02,2011-10-09,1
3972,566,4294548,2015-04-17,2015-09-11,1
3973,566,4311629,1959-10-28,1959-10-29,1
3974,567,78272,2010-06-28,2010-07-26,1
3975,567,81151,2015-01-01,2015-02-05,1
3976,567,195588,2015-12-18,2016-01-23,1
3977,567,316866,1977-02-10,1977-02-11,1
3978,567,4311629,2005-01-06,2005-01-07,1
3979,568,199076,2013-11-24,2013-11-25,1
3980,568,260139,2017-10-15,2017-10-29,1
3981,568,439393,2014-05-11,2014-06-29,1
3982,568,4078393,2013-07-14,2013-07-15,1
3983,568,4112343,2016-03-25,2016-04-04,1
3984,568,4217975,2011-02-06,2011-09-11,1
3985,568,4217975,2012-03-25,2012-11-11,1
3986,568,4217975,2013-07-14,2013-07-28,1
3987,568,4217975,2013-11-24,2014-06-29,1
3988,569,0,2013-04-26,2013-04-27,1
3989,569,440448,2013-04-26,2013-04-27,1
3990,569,40481087,2011-08-03,2011-08-10,1
3991,569,40481087,2018-07-09,2018-07-30,1
3992,570,28060,2010-11-01,2010-11-13,1
3993,570,4112343,2013-03-06,2013-03-18,1
3994,570,4112343,2017-05-30,2017-06-09,1
3995,570,4237458,2012-03-21,2012-06-19,1
3996,570,40481087,2012-10-25,2012-11-01,1
3997,570,40481087,2013-03-09,2013-03-30,1
3998,571,78272,2017-07-09,2017-08-06,1
3999,571,440086,2010-07-11,2015-02-01,1
4000,571,4112343,2009-01-24,2009-02-03,1
4001,571,4112343,2010-06-30,2010-07-09,1
4002,571,4112343,2015-07-16,2015-07-26,1
4003,572,378001,2009-03-04,2009-04-03,1
4004,572,4311629,2010-12-25,2010-12-26,1
4005,572,40481087,2016-01-23,2016-01-30,1
4006,573,260139,2015-05-16,2015-05-23,1
4007,573,4278672,2018-03-13,2018-05-12,1
4008,573,4311629,2009-01-18,2009-01-19,1
4009,573,40481087,2011-05-10,2011-05-31,1
4010,573,40481087,2013-08-24,2013-09-14,1
4011,574,0,1990-03-14,1990-03-15,1
4012,574,257012,1976-08-13,1976-08-14,1
4013,574,317576,1963-11-27,1963-11-28,1
4014,574,4078393,1980-08-06,1980-08-07,1
4015,574,4283893,2011-04-17,2011-11-20,1
4016,574,40481087,2015-09-06,2015-09-13,1
4017,575,0,1987-10-08,1987-10-09,1
4018,575,81151,1992-12-08,1993-01-12,1
4019,575,257012,1967-05-06,1967-05-07,1
4020,575,258780,1987-10-08,1987-10-09,1
4021,575,260139,1992-04-15,1992-04-29,1
4022,575,4217975,1987-10-29,1988-06-02,1
4023,576,0,2002-09-12,2002-09-13,1
4024,576,0,2018-06-07,2018-06-08,1
4025,576,81151,2014-06-02,2014-07-07,1
4026,576,260139,2014-05-10,2014-05-24,1
4027,576,436096,1990-02-03,1990-02-04,1
4028,576,4055754,1990-04-25,1990-04-26,1
4029,576,4112343,2009-10-22,2009-10-31,1
4030,576,4116491,2012-10-06,2012-12-04,1
4031,576,4208104,2004-07-31,2004-08-01,1
4032,576,4230399,2017-06-21,2017-08-20,1
4033,576,43530652,1990-11-03,1990-11-04,1
4034,577,4059173,2014-09-21,2014-11-20,1
4035,577,4112343,2011-11-05,2011-11-15,1
4036,577,4112343,2016-11-22,2016-12-05,1
4037,577,4218389,2017-11-04,2017-11-25,1
4038,578,28060,2017-09-03,2017-09-11,1
4039,578,4048171,2018-11-10,2018-11-11,1
4040,579,0,1972-01-01,1972-01-02,1
4041,579,0,1993-01-09,1993-01-10,1
4042,579,0,2001-06-14,2001-06-15,1
4043,579,4078393,1992-12-12,1992-12-13,1
4044,579,4112343,1996-12-17,1996-12-27,1
4045,579,4112343,2001-02-08,2001-02-20,1
4046,579,4208104,1992-01-20,1992-01-21,1
4047,579,4217975,1992-12-12,1992-12-19,1
4048,579,40318618,1992-12-12,1992-12-19,1
4049,579,40481087,1994-07-20,1994-07-27,1
4050,579,40481087,1999-06-06,1999-06-13,1
4051,579,40481087,2001-03-09,2001-03-30,1
4052,580,372328,2011-02-21,2011-04-05,1
4053,580,4084167,2010-12-23,2010-12-23,1
4054,580,40481087,2013-06-17,2013-07-01,1
4055,580,40481087,2013-08-09,2013-08-16,1
4056,580,40486433,2013-05-03,2013-05-04,1
4057,581,258780,2012-10-30,2012-10-31,1
4058,581,4078393,2018-11-13,2018-11-14,1
4059,581,4112343,2014-03-28,2014-04-07,1
4060,581,4112343,2015-05-05,2015-05-17,1
4061,581,4217975,2013-10-08,2014-05-13,1
4062,581,4217975,2016-08-23,2017-03-28,1
4063,581,4217975,2018-11-13,2018-11-27,1
4064,581,4311629,2009-02-10,2009-02-11,1
4065,581,40318618,2018-11-13,2018-11-27,1
4066,581,40481087,2009-10-21,2009-11-11,1
4067,582,260139,2011-07-14,2011-07-28,1
4068,582,4156265,2015-05-20,2015-06-10,1
4069,582,4311629,2014-07-26,2014-07-27,1
4070,582,40481087,2016-01-04,2016-01-25,1
4071,583,0,2006-12-03,2006-12-04,1
4072,583,260139,2014-02-21,2014-02-28,1
4073,583,260139,2018-04-09,2018-04-16,1
4074,583,316866,1987-11-08,1987-11-09,1
4075,583,4112343,2017-07-04,2017-07-12,1
4076,584,4112343,2014-08-12,2014-08-25,1
4077,584,4155034,2017-09-21,2017-10-12,1
4078,585,0,1960-10-31,1960-11-01,1
4079,585,78272,2015-07-11,2015-08-01,1
4080,585,78272,2017-05-22,2017-06-12,1
4081,585,257012,2018-07-19,2018-07-20,1
4082,585,260139,2015-12-07,2015-12-14,1
4083,585,260139,2017-11-30,2017-12-14,1
4084,585,316866,1968-12-16,1968-12-17,1
4085,585,436096,1993-09-01,1993-09-02,1
4086,585,4112343,2012-02-16,2012-02-23,1
4087,585,4283893,2018-04-26,2018-09-06,1
4088,585,4311629,1972-12-25,1972-12-26,1
4089,585,40481087,2010-04-29,2010-05-06,1
4090,585,40481087,2013-11-21,2013-12-12,1
4091,586,0,2005-05-07,2005-05-08,1
4092,586,316866,1989-05-13,1989-05-14,1
4093,587,260139,2009-06-09,2009-06-16,1
4094,587,432867,2012-04-21,2012-04-22,1
4095,587,4294548,2012-10-01,2012-10-15,1
4096,587,4311629,1995-07-01,1995-07-02,1
4097,588,4278672,2013-03-15,2013-06-13,1
4098,588,40481087,2012-08-23,2012-09-13,1
4099,589,0,2006-12-09,2006-12-10,1
4100,589,436096,1999-06-14,1999-06-15,1
4101,589,4029498,2006-12-09,2006-12-10,1
4102,589,4035415,2012-03-13,2012-05-12,1
4103,589,4055754,1999-04-17,1999-04-18,1
4104,589,4112343,2018-12-08,2018-12-16,1
4105,589,4208104,2006-01-09,2006-01-10,1
4106,589,4311629,2004-08-06,2004-08-07,1
4107,589,43530652,2001-02-23,2001-02-24,1
4108,590,78272,2017-07-01,2017-07-29,1
4109,590,260139,2013-03-25,2013-04-01,1
4110,590,378001,2011-11-30,2011-12-30,1
4111,590,4112343,2016-08-07,2016-08-19,1
4112,590,40481087,2014-10-08,2014-10-15,1
4113,590,40481087,2015-05-19,2015-06-02,1
4114,591,0,1993-02-04,1993-02-05,1
4115,591,257012,1956-10-18,1956-10-19,1
4116,591,260139,2010-06-19,2010-07-03,1
4117,591,260139,2014-02-24,2014-03-10,1
4118,591,313217,1995-02-09,1995-02-10,1
4119,591,316866,1967-03-16,1967-03-17,1
4120,591,4109685,2012-02-24,2012-03-09,1
4121,591,4311629,1997-02-13,1997-02-14,1
4122,591,40481087,2014-06-01,2014-06-15,1
4123,592,257012,2002-06-01,2002-06-02,1
4124,592,316866,1996-09-08,1996-09-09,1
4125,592,4112343,2016-03-25,2016-04-05,1
4126,592,4311629,1997-09-14,1997-09-15,1
4127,593,0,1992-01-04,1992-01-05,1
4128,593,0,2006-08-19,2006-08-20,1
4129,593,316866,1980-11-08,1980-11-09,1
4130,593,321042,1992-01-04,1992-01-05,1
4131,593,4285898,2017-09-14,2018-10-09,1
4132,593,4311629,2008-08-23,2008-08-24,1
4133,593,40481087,2018-07-29,2018-08-05,1
4134,593,43530652,2016-08-17,2016-08-18,1
4135,594,0,1987-01-22,1987-01-23,1
4136,594,257012,1962-11-27,1962-11-28,1
4137,594,4230399,2017-10-11,2017-12-10,1
4138,594,4285898,2013-06-21,2014-10-14,1
4139,594,40481087,2015-06-15,2015-06-22,1
4140,595,0,1985-02-15,1985-02-16,1
4141,595,199076,2011-02-04,2011-02-05,1
4142,595,258780,2007-12-21,2007-12-22,1
4143,595,316866,1981-02-06,1981-02-07,1
4144,595,4078393,2009-01-16,2009-01-17,1
4145,595,4112343,2017-11-10,2017-11-21,1
4146,595,4152936,2010-12-12,2011-01-02,1
4147,595,4217975,2009-01-16,2009-02-06,1
4148,595,4217975,2011-02-04,2011-02-18,1
4149,595,4218389,2017-12-26,2018-01-16,1
4150,595,4311629,2003-01-24,2003-01-25,1
4151,595,40318618,2011-02-04,2011-02-18,1
4152,596,260139,2014-07-15,2014-07-22,1
4153,596,4311629,1996-11-09,1996-11-10,1
4154,597,436096,2004-05-04,2004-05-05,1
4155,597,4055754,2004-12-26,2004-12-27,1
4156,597,4112343,2012-12-05,2012-12-15,1
4157,597,4208104,2007-04-21,2007-04-22,1
4158,597,4311629,2012-12-09,2012-12-10,1
4159,597,40481087,1995-08-12,1995-09-02,1
4160,597,40481087,2017-04-17,2017-05-01,1
4161,597,40481087,2018-12-29,2018-12-30,1
4162,597,43530652,2005-08-31,2005-09-01,1
4163,598,0,1952-05-28,1952-05-29,1
4164,598,257012,1985-12-06,1985-12-07,1
4165,598,375671,2012-12-22,2013-01-21,1
4166,598,4112343,2012-04-29,2012-05-09,1
4167,598,4311629,1972-01-26,1972-01-27,1
4168,599,0,1959-07-03,1959-07-04,1
4169,599,0,1984-02-24,1984-02-25,1
4170,599,200970,2005-10-22,2005-10-23,1
4171,599,4059173,2002-12-19,2003-03-19,1
4172,599,4059173,2007-11-23,2008-01-22,1
4173,599,4129902,2005-10-22,2005-10-23,1
4174,599,4311629,1962-07-06,1962-07-07,1
4175,600,4217975,2018-05-01,2018-12-04,1
4176,600,40481087,2009-11-04,2009-11-18,1
4177,601,0,1993-12-16,1993-12-17,1
4178,601,316866,1977-11-24,1977-11-25,1
4179,601,4078393,2006-09-07,2006-09-08,1
4180,601,4217975,2010-10-14,2010-10-28,1
4181,601,4311629,2007-10-25,2007-10-26,1
4182,601,40318618,2010-10-14,2010-10-28,1
4183,601,40481087,2014-11-20,2014-12-11,1
4184,601,40481087,2017-03-09,2017-03-30,1
4185,602,260139,2017-11-26,2017-12-10,1
4186,602,372328,2009-12-07,2010-05-01,1
4187,602,4278672,2016-03-05,2016-05-04,1
4188,603,260139,2012-12-28,2013-01-04,1
4189,603,317576,2008-02-21,2008-02-22,1
4190,603,378001,2010-04-16,2010-06-15,1
4191,603,381316,2016-07-14,2016-07-15,1
4192,603,4079750,1985-03-10,1985-03-11,1
4193,603,4112343,2007-02-08,2007-02-20,1
4194,603,4134304,2014-04-16,2014-06-15,1
4195,603,4218389,2012-05-05,2012-05-26,1
4196,603,4311629,1972-09-21,1972-09-22,1
4197,603,40481087,2007-09-25,2007-10-09,1
4198,603,40481087,2012-12-17,2013-01-07,1
4199,604,0,1992-07-12,1992-07-13,1
4200,604,0,2008-11-23,2008-11-24,1
4201,604,137613,2010-08-22,2010-09-19,1
4202,604,257012,1976-05-23,1976-05-24,1
4203,604,260139,2018-11-20,2018-12-04,1
4204,604,316866,1993-07-18,1993-07-19,1
4205,604,4112343,2012-02-08,2012-02-17,1
4206,604,4217975,2010-02-07,2010-09-19,1
4207,604,40481087,2011-03-11,2011-03-18,1
4208,604,40481087,2014-08-06,2014-08-13,1
4209,605,0,1978-07-16,1978-07-17,1
4210,605,78272,1977-01-15,1977-02-19,1
4211,605,317576,1977-07-03,1977-07-04,1
4212,605,372328,1975-07-25,1975-10-05,1
4213,605,4283893,1978-07-11,1978-07-12,1
4214,605,4329847,1978-07-16,1978-07-17,1
4215,605,40481087,1976-07-25,1976-08-15,1
4216,606,0,2003-07-27,2003-07-28,1
4217,606,260139,2011-09-02,2011-09-16,1
4218,606,316866,1984-07-01,1984-07-02,1
4219,606,4113008,2018-07-16,2018-07-30,1
4220,606,40481087,2013-10-29,2013-11-19,1
4221,606,40481087,2014-10-20,2014-11-10,1
4222,607,0,1980-10-10,1980-10-11,1
4223,607,81151,2014-08-15,2014-08-29,1
4224,607,260139,2018-01-01,2018-01-15,1
4225,607,316866,1978-09-15,1978-09-16,1
4226,607,321042,1980-10-10,1980-10-11,1
4227,607,4278672,2012-09-24,2012-12-23,1
4228,607,4285898,2010-07-09,2011-09-02,1
4229,607,4311629,1988-09-30,1988-10-01,1
4230,608,0,1980-10-02,1980-10-03,1
4231,608,80502,2018-12-27,2018-12-28,1
4232,608,260139,2017-12-15,2017-12-22,1
4233,608,313217,1997-08-07,1997-08-08,1
4234,608,432867,1999-09-09,1999-09-10,1
4235,608,4079750,1989-08-26,1989-08-27,1
4236,608,4134304,2011-08-26,2011-11-24,1
4237,608,40481087,2017-06-12,2017-06-26,1
4238,609,81151,2011-10-02,2011-10-16,1
4239,609,4112343,2014-03-06,2014-03-18,1
4240,609,40481087,2012-09-02,2012-09-09,1
4241,610,0,1947-07-28,1947-07-29,1
4242,610,257012,1912-06-04,1912-06-05,1
4243,610,260139,1991-03-31,1991-04-14,1
4244,610,316866,1927-07-11,1927-07-12,1
4245,610,317576,1953-08-10,1953-08-11,1
4246,610,378419,1991-04-22,1991-04-23,1
4247,610,440674,1935-08-11,1935-08-12,1
4248,610,4078393,1943-01-11,1943-01-12,1
4249,611,28060,2014-05-16,2014-05-23,1
4250,611,257012,2008-09-22,2008-09-23,1
4251,611,260139,2016-06-01,2016-06-08,1
4252,611,432867,2017-08-06,2017-08-07,1
4253,611,4079750,2008-07-08,2008-07-09,1
4254,611,4311629,2005-09-25,2005-09-26,1
4255,612,0,2008-09-19,2008-09-20,1
4256,612,316866,1993-09-03,1993-09-04,1
4257,612,4311629,2016-09-16,2016-09-17,1
4258,612,40481087,2016-01-05,2016-01-26,1
4259,613,0,2001-09-13,2001-09-14,1
4260,613,0,2014-06-12,2014-06-13,1
4261,613,260139,2014-05-31,2014-06-14,1
4262,613,316866,2002-06-13,2002-06-14,1
4263,613,321042,2001-09-13,2001-09-14,1
4264,613,4079750,2018-07-19,2018-07-20,1
4265,613,4112343,2017-09-03,2017-09-15,1
4266,613,4217975,2012-11-08,2013-05-23,1
4267,613,4217975,2015-07-30,2016-02-25,1
4268,613,4217975,2018-09-13,2018-09-14,1
4269,613,4218389,2015-10-04,2015-11-01,1
4270,614,0,2009-08-21,2009-08-22,1
4271,614,81151,2017-09-21,2017-10-05,1
4272,614,257012,1984-04-22,1984-04-23,1
4273,614,375671,2010-05-31,2010-07-30,1
4274,614,4112343,2015-08-08,2015-08-21,1
4275,614,40481087,2016-03-19,2016-04-02,1
4276,615,4112343,2011-04-13,2011-04-25,1
4277,615,40481087,2012-12-20,2013-01-10,1
4278,616,0,1976-03-28,1976-03-29,1
4279,616,0,1995-03-19,1995-03-20,1
4280,616,4155034,2015-09-15,2015-09-29,1
4281,616,40481087,2011-08-15,2011-09-05,1
4282,616,40481087,2013-10-31,2013-11-14,1
4283,616,40481087,2017-10-01,2017-10-08,1
4284,617,0,1998-09-13,1998-09-14,1
4285,617,78272,2012-05-12,2012-05-26,1
4286,617,78272,2016-11-01,2016-12-06,1
4287,617,316866,1975-03-02,1975-03-03,1
4288,617,432867,1998-09-13,1998-09-14,1
4289,617,4112343,2015-05-11,2015-05-24,1
4290,617,40481087,2015-04-10,2015-05-01,1
4291,617,40481087,2018-04-24,2018-05-15,1
4292,618,0,1985-11-24,1985-11-25,1
4293,618,0,2002-05-30,2002-05-31,1
4294,618,257012,2004-10-09,2004-10-10,1
4295,618,260139,2010-01-25,2010-02-08,1
4296,618,440448,1985-11-24,1985-11-25,1
4297,619,378001,2017-10-31,2017-12-30,1
4298,619,4116491,2011-09-28,2011-11-03,1
4299,619,4217975,2010-03-23,2010-11-09,1
4300,619,4311629,2006-12-19,2006-12-20,1
4301,619,40481087,2009-08-25,2009-09-01,1
4302,620,0,1994-08-16,1994-08-17,1
4303,620,0,2015-09-22,2015-09-23,1
4304,620,0,2017-04-18,2017-04-19,1
4305,620,317576,2015-09-22,2015-09-23,1
4306,620,439777,2000-07-19,2000-07-20,1
4307,620,4078393,2002-06-04,2002-06-05,1
4308,620,4217975,2001-05-15,2001-05-29,1
4309,620,4217975,2002-06-04,2002-06-11,1
4310,620,4217975,2005-11-15,2005-11-29,1
4311,620,4217975,2008-09-16,2008-09-30,1
4312,620,4217975,2009-01-20,2009-02-03,1
4313,620,4217975,2009-06-02,2009-12-29,1
4314,620,4217975,2011-05-31,2012-01-03,1
4315,620,4217975,2013-08-06,2014-03-11,1
4316,620,4217975,2016-11-01,2016-11-02,1
4317,620,4262136,2008-09-16,2008-09-30,1
4318,620,4329847,2017-04-18,2017-04-19,1
4319,621,0,1948-03-17,1948-03-18,1
4320,621,0,1950-03-29,1950-03-30,1
4321,621,0,1985-03-23,1985-03-24,1
4322,621,257012,2005-11-27,2005-11-28,1
4323,621,378419,2014-03-19,2014-03-20,1
4324,621,440448,1985-03-23,1985-03-24,1
4325,621,4166224,1985-03-23,1985-03-24,1
4326,621,4311629,1990-04-25,1990-04-26,1
4327,621,40481087,2015-05-20,2015-06-03,1
4328,622,257012,1994-04-18,1994-04-19,1
4329,622,260139,2009-06-24,2009-07-08,1
4330,622,316866,2006-04-08,2006-04-09,1
4331,622,4156265,2018-03-05,2018-03-26,1
4332,622,40481087,2013-03-08,2013-03-22,1
4333,622,40481087,2013-11-26,2013-12-03,1
4334,622,40481087,2014-04-10,2014-04-17,1
4335,622,40481087,2014-06-23,2014-06-30,1
4336,622,40481087,2016-03-30,2016-04-20,1
4337,623,0,1977-10-24,1977-10-25,1
4338,623,257012,2013-07-27,2013-07-28,1
4339,623,316866,1982-11-22,1982-11-23,1
4340,623,381316,2004-03-15,2004-03-16,1
4341,623,4078393,1997-02-03,1997-02-04,1
4342,623,4283893,2013-06-22,2013-10-19,1
4343,623,4311629,1986-12-01,1986-12-02,1
4344,623,40481087,2015-06-19,2015-07-10,1
4345,624,378001,2009-09-03,2009-10-03,1
4346,624,4109685,2018-07-18,2018-08-01,1
4347,624,4112343,2014-01-19,2014-01-29,1
4348,624,4237458,2010-10-28,2010-11-27,1
4349,624,40481087,2018-08-01,2018-08-08,1
4350,625,0,2001-10-09,2001-10-10,1
4351,625,260139,2015-07-29,2015-08-12,1
4352,625,436096,1990-03-08,1990-03-09,1
4353,625,4078393,1992-12-29,1992-12-30,1
4354,626,0,1947-04-16,1947-04-17,1
4355,626,0,1970-02-28,1970-03-01,1
4356,626,0,2016-06-11,2016-06-12,1
4357,626,80502,2006-04-22,2006-04-23,1
4358,626,199076,1985-08-24,1985-08-25,1
4359,626,316866,1954-06-12,1954-06-13,1
4360,626,317576,2010-11-13,2010-11-14,1
4361,626,380378,1947-04-16,1947-04-17,1
4362,626,4029498,1947-04-16,1947-04-17,1
4363,626,4048171,1939-04-25,1939-04-26,1
4364,626,4078393,1984-05-05,1984-05-06,1
4365,626,4079749,1979-04-08,1979-04-09,1
4366,626,4112343,2011-05-01,2011-05-14,1
4367,626,4278672,2010-07-17,2010-08-16,1
4368,626,4329847,2016-06-11,2016-06-12,1
4369,626,40480160,2010-07-17,2010-08-16,1
4370,626,40481087,2014-08-08,2014-08-29,1
4371,626,40481087,2014-12-02,2014-12-09,1
4372,627,0,1926-02-21,1926-02-22,1
4373,627,260139,2001-01-21,2001-02-04,1
4374,627,316866,1929-03-22,1929-03-23,1
4375,627,378419,1994-02-25,1994-02-26,1
4376,627,381316,1989-09-08,1989-09-09,1
4377,627,432867,1959-03-20,1959-03-21,1
4378,627,440448,1926-02-21,1926-02-22,1
4379,627,4166224,1926-02-21,1926-02-22,1
4380,627,4285898,1981-02-19,1981-02-20,1
4381,627,4294548,2002-07-29,2002-08-12,1
4382,627,4311629,1945-09-28,1945-09-29,1
4383,627,37017023,1982-05-15,1982-05-16,1
4384,627,40481087,1993-02-05,1993-02-26,1
4385,627,40481087,1995-07-23,1995-07-30,1
4386,628,4146173,2018-01-23,2018-03-31,1
4387,629,201826,2014-10-15,2014-10-16,1
4388,629,260139,2011-10-04,2011-10-18,1
4389,629,316866,2014-10-15,2014-10-16,1
4390,629,439777,2006-06-15,2006-06-16,1
4391,629,4078393,2009-02-18,2009-02-19,1
4392,629,4112343,2016-03-28,2016-04-04,1
4393,629,4120314,2017-10-18,2017-10-19,1
4394,629,4217975,2009-02-18,2009-03-04,1
4395,629,4217975,2014-04-30,2014-05-14,1
4396,629,40318618,2009-02-18,2009-03-04,1
4397,629,40481087,2011-04-23,2011-04-30,1
4398,629,40481087,2017-05-05,2017-05-12,1
4399,630,0,1990-05-05,1990-05-06,1
4400,630,0,2006-03-18,2006-03-19,1
4401,630,0,2008-08-13,2008-08-14,1
4402,630,257012,1974-02-18,1974-02-19,1
4403,630,260139,2004-03-04,2004-03-18,1
4404,631,28060,2010-10-08,2010-10-19,1
4405,631,78272,2016-08-22,2016-09-19,1
4406,631,372328,2009-06-14,2010-04-13,1
4407,631,4109685,2017-08-15,2017-09-05,1
4408,631,4112343,2012-02-13,2012-02-22,1
4409,631,4112343,2017-06-27,2017-07-04,1
4410,631,4112343,2017-08-07,2017-08-17,1
4411,631,4142905,2012-09-12,2012-11-11,1
4412,631,40481087,2010-07-30,2010-08-13,1
4413,632,0,2001-10-05,2001-10-06,1
4414,632,0,2010-07-13,2010-07-14,1
4415,632,260139,2018-12-11,2018-12-25,1
4416,632,378001,2015-12-15,2016-01-14,1
4417,632,432867,2012-10-16,2012-10-17,1
4418,632,440448,2001-10-05,2001-10-06,1
4419,632,4078393,1995-01-24,1995-01-25,1
4420,634,28060,2012-10-23,2012-11-02,1
4421,634,257012,1970-06-28,1970-06-29,1
4422,634,436096,1990-04-06,1990-04-07,1
4423,634,4055754,1991-01-06,1991-01-07,1
4424,634,4311629,1988-05-07,1988-05-08,1
4425,634,40481087,2010-03-01,2010-03-22,1
4426,634,43530652,1990-06-12,1990-06-13,1
4427,635,0,1988-08-10,1988-08-11,1
4428,635,80502,2008-10-01,2008-10-02,1
4429,635,257012,2004-03-27,2004-03-28,1
4430,635,260139,2012-06-03,2012-06-10,1
4431,635,260139,2017-09-29,2017-10-06,1
4432,635,436096,2003-03-31,2003-04-01,1
4433,635,4078393,1983-01-26,1983-01-27,1
4434,635,4230399,2018-06-28,2018-08-27,1
4435,635,4285898,2018-07-31,2018-08-01,1
4436,635,4311629,1996-08-28,1996-08-29,1
4437,635,40480160,2018-06-28,2018-08-27,1
4438,635,40481087,2009-09-17,2009-10-01,1
4439,635,40481087,2011-12-26,2012-01-09,1
4440,635,40481087,2016-03-27,2016-04-03,1
4441,636,137613,2017-08-01,2017-08-22,1
4442,636,257012,2015-12-20,2015-12-21,1
4443,636,260139,2011-05-05,2011-05-12,1
4444,636,316866,2005-03-01,2005-03-02,1
4445,636,4112343,2018-11-25,2018-12-06,1
4446,636,4217975,2012-01-17,2012-08-21,1
4447,636,4217975,2015-11-24,2015-12-15,1
4448,636,4217975,2017-01-17,2017-08-22,1
4449,636,4217975,2018-02-27,2018-10-02,1
4450,636,4294548,2015-11-08,2016-03-20,1
4451,637,0,1977-02-13,1977-02-14,1
4452,637,75036,1986-10-14,1986-10-15,1
4453,637,79740,2009-11-18,2012-03-22,1
4454,637,257012,1948-12-23,1948-12-24,1
4455,637,4285898,1992-10-25,1993-11-19,1
4456,637,4285898,2003-11-17,2004-11-11,1
4457,637,4285898,2009-11-10,2009-11-11,1
4458,637,4311629,1983-06-26,1983-06-27,1
4459,637,40481087,2013-03-10,2013-03-24,1
4460,638,0,1934-04-30,1934-05-01,1
4461,638,0,1948-08-09,1948-08-10,1
4462,638,0,1949-03-14,1949-03-15,1
4463,638,0,1986-05-19,1986-05-20,1
4464,638,80502,1968-10-14,1968-10-15,1
4465,638,317576,1980-12-22,1980-12-23,1
4466,638,321042,1986-05-19,1986-05-20,1
4467,638,439777,1936-08-10,1936-08-11,1
4468,638,440448,1948-08-09,1948-08-10,1
4469,638,4078393,1932-12-26,1932-12-27,1
4470,638,4112343,1979-10-09,1979-10-18,1
4471,638,4112343,1983-10-31,1983-11-13,1
4472,638,4166224,1948-08-09,1948-08-10,1
4473,638,4229440,1976-07-31,1976-08-01,1
4474,638,40481087,1981-06-06,1981-06-13,1
4475,638,40481087,1981-07-20,1981-08-03,1
4476,638,40481087,1982-07-04,1982-07-25,1
4477,638,40481087,1984-10-18,1984-11-08,1
4478,639,372328,2016-09-23,2018-10-09,1
4479,639,40481087,2010-10-18,2010-11-08,1
4480,640,0,2008-03-05,2008-03-06,1
4481,640,81151,2009-03-04,2009-03-18,1
4482,640,257012,1991-06-04,1991-06-05,1
4483,640,260139,2013-11-18,2013-11-25,1
4484,640,436096,1990-03-25,1990-03-26,1
4485,640,4055754,1990-02-02,1990-02-03,1
4486,640,4112343,2017-08-21,2017-08-31,1
4487,640,4208104,1997-09-08,1997-09-09,1
4488,640,4218389,2012-02-01,2012-03-07,1
4489,640,4280726,1975-05-23,1975-05-24,1
4490,640,43530652,1990-12-16,1990-12-17,1
4491,641,0,1956-02-10,1956-02-11,1
4492,641,0,1971-07-02,1971-07-03,1
4493,641,257012,1949-10-10,1949-10-11,1
4494,641,260139,2017-07-11,2017-07-25,1
4495,641,4078393,1946-03-01,1946-03-02,1
4496,641,40481087,2015-06-20,2015-07-04,1
4497,642,0,1977-11-17,1977-11-18,1
4498,642,0,1993-06-17,1993-06-18,1
4499,642,260139,2013-11-11,2013-11-25,1
4500,642,260139,2015-11-15,2015-11-29,1
4501,642,378419,2014-08-21,2014-08-22,1
4502,642,4055754,2003-05-01,2003-05-02,1
4503,642,4112343,2014-05-21,2014-05-30,1
4504,642,4285898,2004-03-14,2004-03-15,1
4505,642,40481087,2009-11-26,2009-12-10,1
4506,642,40481087,2017-07-09,2017-07-30,1
4507,642,40481087,2017-09-05,2017-09-26,1
4508,643,0,1982-09-23,1982-09-24,1
4509,643,4180790,1993-09-01,1993-09-02,1
4510,643,4245614,1993-08-25,1993-08-26,1
4511,643,4341247,1993-08-25,1993-08-26,1
4512,643,40481087,1991-05-18,1991-06-01,1
4513,644,260139,2014-03-28,2014-04-04,1
4514,644,316866,2002-09-25,2002-09-26,1
4515,644,375671,2012-05-11,2012-07-10,1
4516,644,4059173,2015-12-22,2016-02-20,1
4517,644,4078393,2010-09-01,2010-09-02,1
4518,644,4217975,2009-10-07,2010-04-21,1
4519,644,4217975,2010-09-01,2010-09-08,1
4520,644,4311629,2002-09-25,2002-09-26,1
4521,644,40318618,2010-09-01,2010-09-08,1
4522,645,75036,1961-11-19,1961-11-20,1
4523,645,80502,1971-01-29,1971-01-30,1
4524,645,255848,1996-06-18,1996-06-19,1
4525,645,257012,1970-03-31,1970-04-01,1
4526,645,260139,1987-02-03,1987-02-10,1
4527,645,378419,1987-09-04,1987-09-05,1
4528,645,381316,1992-09-25,1992-09-26,1
4529,645,4078393,1935-05-31,1935-06-01,1
4530,645,4285898,1990-11-25,1992-04-18,1
4531,645,4311629,1948-01-02,1948-01-03,1
4532,646,28060,2009-11-21,2009-11-29,1
4533,646,81151,2011-03-29,2011-04-26,1
4534,646,260139,2014-01-30,2014-02-13,1
4535,646,4112343,2014-07-10,2014-07-19,1
4536,646,4217975,2016-03-22,2016-10-25,1
4537,646,40481087,2011-09-18,2011-10-09,1
4538,647,0,1977-08-20,1977-08-21,1
4539,647,260139,2010-08-09,2010-08-23,1
4540,647,432867,2003-05-24,2003-05-25,1
4541,647,4059173,2017-03-23,2017-04-22,1
4542,647,4079750,1985-05-01,1985-05-02,1
4543,647,4296204,2010-12-20,2011-01-24,1
4544,647,4311629,1988-05-21,1988-05-22,1
4545,647,40481087,2011-12-26,2012-01-09,1
4546,648,260139,2011-07-22,2011-07-29,1
4547,648,4280726,2000-08-08,2016-08-06,1
4548,648,40481087,2013-10-18,2013-11-08,1
4549,649,260139,2018-10-14,2018-10-28,1
4550,649,4051466,2012-09-30,2012-10-01,1
4551,649,4084167,2011-10-19,2011-10-19,1
4552,649,4112343,2011-06-24,2011-07-05,1
4553,649,4280726,2012-09-30,2012-10-01,1
4554,649,40481087,2013-09-17,2013-10-08,1
4555,649,40481087,2016-06-02,2016-06-16,1
4556,650,80502,2008-12-29,2008-12-30,1
4557,650,81151,2015-04-29,2015-06-03,1
4558,650,192279,1974-03-04,1974-03-05,1
4559,650,201826,1971-03-01,1971-03-02,1
4560,650,436940,1974-03-04,1974-03-05,1
4561,650,443601,1990-01-29,1990-01-30,1
4562,650,443614,1974-03-04,1974-03-05,1
4563,650,4120314,1974-03-04,1974-03-05,1
4564,650,4152280,1968-02-12,1968-02-13,1
4565,650,4226121,1990-01-29,1990-01-30,1
4566,650,4311629,1990-01-29,1990-01-30,1
4567,650,37016354,1990-01-29,1990-01-30,1
4568,650,40481087,1953-02-09,1953-02-23,1
4569,650,40481087,1954-02-26,1954-03-05,1
4570,650,40481087,2018-12-30,2018-12-31,1
4571,650,43530656,1990-01-29,1990-01-30,1
4572,650,45769905,1990-01-29,1990-01-30,1
4573,652,0,1973-06-10,1973-06-11,1
4574,652,80502,1996-12-29,1996-12-30,1
4575,652,257012,1988-12-27,1988-12-28,1
4576,652,381316,1983-10-16,1983-10-17,1
4577,652,4056621,1984-02-03,1984-02-04,1
4578,652,4311629,1982-06-27,1982-06-28,1
4579,652,40481087,2010-07-14,2010-07-21,1
4580,653,81151,2011-07-07,2011-07-28,1
4581,653,372328,2009-10-15,2009-12-28,1
4582,653,4146173,2016-03-03,2016-05-02,1
4583,654,0,1971-06-29,1971-06-30,1
4584,654,0,1988-08-02,1988-08-03,1
4585,654,432867,1996-08-06,1996-08-07,1
4586,654,4112343,2016-10-24,2016-11-06,1
4587,654,4278672,2018-10-29,2018-12-28,1
4588,656,0,2002-02-09,2002-02-10,1
4589,656,260139,2017-09-08,2017-09-22,1
4590,656,316866,1989-01-21,1989-01-22,1
4591,656,436096,1990-06-20,1990-06-21,1
4592,656,4055754,1990-12-13,1990-12-14,1
4593,656,4112343,2014-08-12,2014-08-19,1
4594,656,4208104,1998-04-19,1998-04-20,1
4595,656,40481087,2011-03-14,2011-04-04,1
4596,656,40481087,2016-07-12,2016-07-19,1
4597,656,40481087,2018-01-17,2018-02-07,1
4598,656,43530652,1990-10-09,1990-10-10,1
4599,657,260139,2012-05-27,2012-06-03,1
4600,657,316866,2013-11-27,2013-11-28,1
4601,657,4112343,2010-11-08,2010-11-21,1
4602,657,4112343,2014-08-04,2014-08-17,1
4603,657,4217975,2013-02-27,2013-10-09,1
4604,657,4217975,2018-07-18,2018-07-19,1
4605,657,40481087,2011-04-03,2011-04-17,1
4606,657,40481087,2012-11-13,2012-11-20,1
4607,657,40481087,2017-12-30,2018-01-13,1
4608,658,0,1975-02-18,1975-02-19,1
4609,658,0,1994-09-27,1994-09-28,1
4610,658,260139,2014-02-25,2014-03-11,1
4611,658,316866,1971-02-09,1971-02-10,1
4612,658,432867,2000-01-25,2000-01-26,1
4613,658,4048171,1956-09-22,1956-09-23,1
4614,658,4156265,2009-11-14,2009-12-05,1
4615,659,0,2004-05-23,2004-05-24,1
4616,659,81151,2010-07-31,2010-08-28,1
4617,659,440448,2004-05-23,2004-05-24,1
4618,659,40481087,2010-08-29,2010-09-05,1
4619,659,40481087,2014-09-22,2014-10-13,1
4620,659,40481087,2017-03-07,2017-03-21,1
4621,660,0,2000-01-22,2000-01-23,1
4622,660,81151,1993-03-21,1993-04-18,1
4623,660,260139,1999-06-07,1999-06-21,1
4624,660,317576,1987-04-18,1987-04-19,1
4625,660,4112343,1992-06-08,1992-06-19,1
4626,660,4311629,1993-04-24,1993-04-25,1
4627,660,4329847,2000-01-22,2000-01-23,1
4628,660,40481087,1992-03-30,1992-04-13,1
4629,661,4113008,2016-07-12,2016-08-02,1
4630,661,4134304,2018-07-23,2018-10-21,1
4631,661,4152936,2015-05-28,2015-06-18,1
4632,661,4294548,2009-05-28,2009-06-18,1
4633,661,40479768,2011-03-13,2011-05-19,1
4634,661,40481087,2012-08-10,2012-08-17,1
4635,661,40481087,2016-11-02,2016-11-09,1
4636,662,0,1998-07-11,1998-07-12,1
4637,662,81151,2012-11-09,2012-12-07,1
4638,662,316866,1982-06-19,1982-06-20,1
4639,662,40481087,2013-04-12,2013-04-19,1
4640,663,4078393,2016-09-11,2016-09-12,1
4641,663,4112343,2016-06-23,2016-07-04,1
4642,663,4217975,2012-05-06,2012-12-23,1
4643,663,4217975,2015-08-30,2015-09-13,1
4644,663,4217975,2016-09-11,2016-09-18,1
4645,663,4262136,2016-09-11,2016-09-18,1
4646,663,4311629,2016-11-27,2016-11-28,1
4647,664,0,1989-10-28,1989-10-29,1
4648,664,79740,2001-03-12,2001-03-13,1
4649,664,257012,1990-08-31,1990-09-01,1
4650,664,260139,1999-07-24,1999-08-07,1
4651,664,260139,2004-12-24,2005-01-07,1
4652,664,436096,1990-10-01,1990-10-02,1
4653,664,4079749,1984-02-03,1984-02-04,1
4654,664,4208104,1999-03-08,1999-03-09,1
4655,664,4217975,1996-06-22,1997-01-25,1
4656,664,4285898,2000-02-12,2000-02-13,1
4657,664,4294548,2002-09-09,2003-05-26,1
4658,664,37017023,2001-03-08,2001-03-09,1
4659,664,43530652,1990-03-07,1990-03-08,1
4660,665,260139,2009-08-27,2009-09-10,1
4661,665,372328,2012-11-07,2013-06-13,1
4662,665,4059173,2014-01-31,2014-04-01,1
4663,665,4112343,2009-07-28,2009-08-10,1
4664,665,40481087,2013-09-12,2013-10-03,1
4665,666,260139,2013-08-19,2013-08-26,1
4666,666,4112343,2016-08-18,2016-08-27,1
4667,666,4146173,2014-10-02,2014-12-01,1
4668,666,4155034,2011-10-27,2011-11-17,1
4669,666,4217975,2016-08-28,2017-04-09,1
4670,666,4217975,2018-05-06,2018-12-09,1
4671,666,40481087,2012-07-29,2012-08-05,1
4672,667,4217975,2017-04-15,2017-11-25,1
4673,667,4217975,2018-06-30,2018-07-01,1
4674,667,4296204,2014-02-01,2014-02-22,1
4675,667,40481087,2018-06-02,2018-06-16,1
4676,668,28060,2014-04-22,2014-04-29,1
4677,668,28060,2017-12-13,2017-12-23,1
4678,668,4152936,2018-09-23,2018-10-14,1
4679,668,4155034,2014-11-22,2014-12-13,1
4680,668,4218389,2012-10-28,2012-12-02,1
4681,668,40481087,2013-09-28,2013-10-12,1
4682,668,40481087,2014-06-17,2014-07-08,1
4683,668,40481087,2017-01-31,2017-02-14,1
4684,669,260139,2016-07-22,2016-07-29,1
4685,669,4078393,2009-02-20,2009-02-21,1
4686,669,4112343,2014-03-19,2014-03-26,1
4687,669,4134304,2017-05-08,2017-06-07,1
4688,669,4217975,2009-02-20,2009-02-27,1
4689,669,4217975,2012-06-29,2013-01-25,1
4690,669,4217975,2015-01-09,2015-08-07,1
4691,669,40318618,2009-02-20,2009-02-27,1
4692,669,40481087,2017-07-14,2017-07-28,1
4693,669,40481087,2017-11-01,2017-11-08,1
4694,670,0,1963-09-21,1963-09-22,1
4695,670,80502,2013-12-14,2013-12-15,1
4696,670,81151,2013-07-30,2013-08-20,1
4697,670,316866,1952-02-09,1952-02-10,1
4698,670,317576,1999-01-23,1999-01-24,1
4699,670,381316,1988-12-17,1988-12-18,1
4700,670,4079750,1982-07-03,1982-07-04,1
4701,670,4112343,2013-03-12,2013-03-25,1
4702,670,4311629,1972-09-30,1972-10-01,1
4703,670,40481087,2018-01-16,2018-02-06,1
4704,670,43530652,2001-11-29,2001-11-30,1
4705,672,260139,2013-02-15,2013-03-01,1
4706,672,4112343,2011-03-01,2011-03-11,1
4707,672,4112343,2017-03-11,2017-03-18,1
4708,672,40481087,2011-05-31,2011-06-07,1
4709,672,40481087,2015-02-21,2015-02-28,1
4710,672,40481087,2018-04-21,2018-04-28,1
4711,673,0,1972-12-14,1972-12-15,1
4712,673,0,1991-01-17,1991-01-18,1
4713,673,260139,2011-11-30,2011-12-07,1
4714,673,4059173,2012-11-01,2013-01-30,1
4715,673,4078393,1991-06-27,1991-06-28,1
4716,673,4079750,1995-03-18,1995-03-19,1
4717,673,4112343,2010-11-12,2010-11-21,1
4718,673,4142905,2015-01-20,2015-03-21,1
4719,673,4285898,1999-03-30,1999-03-31,1
4720,673,37017023,2000-04-23,2000-04-24,1
4721,673,40481087,2009-05-15,2009-05-29,1
4722,673,40481087,2013-09-12,2013-09-26,1
4723,675,0,2015-07-07,2015-07-08,1
4724,675,137613,2017-04-25,2017-05-23,1
4725,675,316866,2000-08-01,2000-08-02,1
4726,675,436096,1996-10-02,1996-10-03,1
4727,675,4055754,1996-12-15,1996-12-16,1
4728,675,4208104,2005-07-23,2005-07-24,1
4729,675,4217975,2011-12-13,2012-07-10,1
4730,675,4217975,2015-02-24,2015-09-29,1
4731,675,4217975,2016-02-09,2016-02-23,1
4732,675,4217975,2016-10-11,2017-05-23,1
4733,675,4278672,2010-09-30,2010-12-29,1
4734,675,40481087,2009-09-12,2009-09-26,1
4735,675,40481087,2015-07-02,2015-07-23,1
4736,675,43530652,1997-02-11,1997-02-12,1
4737,676,0,1993-02-19,1993-02-20,1
4738,676,0,1997-09-19,1997-09-20,1
4739,676,0,2014-02-21,2014-02-22,1
4740,676,81151,2017-06-14,2017-06-28,1
4741,676,137613,2010-02-05,2010-02-19,1
4742,676,316866,1998-09-25,1998-09-26,1
4743,676,321042,1993-02-19,1993-02-20,1
4744,676,4112343,2009-07-28,2009-08-05,1
4745,676,4217975,2009-07-24,2010-02-19,1
4746,676,4217975,2012-11-02,2013-06-07,1
4747,676,40481087,2012-04-05,2012-04-19,1
4748,676,40481087,2014-02-13,2014-02-27,1
4749,677,0,1991-03-30,1991-03-31,1
4750,677,260139,1991-07-25,1991-08-08,1
4751,677,372328,1990-10-26,1990-12-07,1
4752,677,380378,1991-03-30,1991-03-31,1
4753,677,4029498,1991-03-30,1991-03-31,1
4754,678,0,2010-05-12,2010-05-13,1
4755,678,81151,2012-07-02,2012-08-06,1
4756,678,317576,1975-08-06,1975-08-07,1
4757,678,4112343,2014-12-31,2015-01-10,1
4758,678,40481087,2009-09-23,2009-10-14,1
4759,680,78272,2014-10-28,2014-12-02,1
4760,680,378001,2015-12-27,2016-01-26,1
4761,680,4112343,2010-11-20,2010-11-29,1
4762,680,40481087,2012-03-17,2012-03-31,1
4763,681,0,1947-11-11,1947-11-12,1
4764,681,0,2008-10-27,2008-10-28,1
4765,681,0,2018-02-01,2018-02-02,1
4766,681,200970,2013-01-30,2013-01-31,1
4767,681,260139,2016-04-14,2016-04-28,1
4768,681,260139,2018-12-22,2018-12-29,1
4769,681,440448,2008-10-27,2008-10-28,1
4770,681,4029498,1947-11-11,1947-11-12,1
4771,681,4115276,2018-02-11,2018-02-12,1
4772,681,4129902,2013-01-30,2013-01-31,1
4773,681,4166224,2008-10-27,2008-10-28,1
4774,681,4310703,2018-02-13,2018-02-14,1
4775,681,40481087,2015-07-08,2015-07-22,1
4776,682,4217975,2018-03-25,2018-10-28,1
4777,682,4278672,2018-11-30,2018-12-30,1
4778,682,4311629,2016-01-31,2016-02-01,1
4779,682,40481087,2009-09-30,2009-10-14,1
4780,683,0,1978-10-02,1978-10-03,1
4781,683,0,1984-11-05,1984-11-06,1
4782,683,4078393,1996-09-23,1996-09-24,1
4783,683,4311629,2008-10-20,2008-10-21,1
4784,684,201826,2009-09-11,2009-09-12,1
4785,684,257012,1968-01-24,1968-01-25,1
4786,684,316866,2009-09-11,2009-09-12,1
4787,684,432867,2016-09-02,2016-09-03,1
4788,684,436940,2011-09-16,2011-09-17,1
4789,684,4112343,2015-03-09,2015-03-22,1
4790,684,4120314,2011-09-16,2011-09-17,1
4791,684,4214376,2015-08-28,2015-08-29,1
4792,684,4311629,2015-08-28,2015-08-29,1
4793,685,0,2013-10-12,2013-10-13,1
4794,685,28060,2016-01-01,2016-01-10,1
4795,685,372328,2017-12-20,2018-09-22,1
4796,685,380378,2013-10-12,2013-10-13,1
4797,685,4029498,2013-10-12,2013-10-13,1
4798,686,28060,2016-07-29,2016-08-07,1
4799,686,372328,2016-06-25,2016-07-09,1
4800,686,4112343,2018-09-30,2018-10-11,1
4801,686,4113008,2018-11-12,2018-11-26,1
4802,686,40481087,2011-08-29,2011-09-05,1
4803,687,28060,2013-12-05,2013-12-12,1
4804,687,260139,2013-03-26,2013-04-02,1
4805,687,378001,2016-05-08,2016-07-07,1
4806,687,440086,2016-07-17,2016-07-18,1
4807,687,4112343,2016-02-01,2016-02-14,1
4808,687,40481087,2009-11-15,2009-11-22,1
4809,688,0,1983-08-15,1983-08-16,1
4810,688,0,2006-01-09,2006-01-10,1
4811,688,316866,1962-07-30,1962-07-31,1
4812,688,317576,2005-11-14,2005-11-15,1
4813,688,378001,2011-03-16,2011-05-15,1
4814,688,4112343,2011-10-03,2011-10-12,1
4815,688,4112343,2012-07-11,2012-07-21,1
4816,688,4112343,2015-03-11,2015-03-18,1
4817,688,4329847,2006-01-09,2006-01-10,1
4818,688,40481087,2009-05-11,2009-05-18,1
4819,689,0,2006-08-08,2006-08-09,1
4820,689,260139,2009-03-08,2009-03-22,1
4821,689,4112343,2015-04-02,2015-04-13,1
4822,689,4112343,2018-02-27,2018-03-06,1
4823,689,4152936,2017-03-15,2017-03-29,1
4824,689,4285898,2015-12-06,2018-06-23,1
4825,689,4294548,2014-12-20,2015-01-10,1
4826,689,37017023,2017-02-28,2018-06-23,1
4827,689,40479422,2011-04-09,2011-05-16,1
4828,690,0,2013-12-08,2013-12-09,1
4829,690,260139,2017-04-25,2017-05-02,1
4830,690,316866,2004-11-28,2004-11-29,1
4831,690,4112343,2014-11-19,2014-11-30,1
4832,690,4311629,2016-12-11,2016-12-12,1
4833,691,0,1934-10-05,1934-10-06,1
4834,691,80502,1985-09-19,1985-09-20,1
4835,691,257012,1937-11-29,1937-11-30,1
4836,691,313217,2005-01-06,2005-01-07,1
4837,691,440448,1934-10-05,1934-10-06,1
4838,691,4311629,1946-08-01,1946-08-02,1
4839,692,0,2012-06-17,2012-06-18,1
4840,692,78272,2002-11-09,2002-11-30,1
4841,692,260139,2003-09-22,2003-09-29,1
4842,692,317576,2011-10-16,2011-10-17,1
4843,692,4112343,2007-09-01,2007-09-13,1
4844,692,4329847,2012-06-17,2012-06-18,1
4845,692,40481087,2012-02-12,2012-02-26,1
4846,693,260139,2015-08-11,2015-08-25,1
4847,693,40481087,2016-08-13,2016-08-20,1
4848,693,40481087,2017-01-22,2017-02-12,1
4849,694,260139,2015-02-14,2015-02-21,1
4850,694,40481087,2013-06-30,2013-07-21,1
4851,695,0,1991-12-10,1991-12-11,1
4852,695,0,2010-09-25,2010-09-26,1
4853,695,260139,2007-08-05,2007-08-19,1
4854,695,260139,2008-12-18,2008-12-25,1
4855,695,260139,2010-05-21,2010-06-04,1
4856,695,4079749,2005-06-28,2005-06-29,1
4857,695,4110591,2010-10-09,2010-10-10,1
4858,695,4285898,2006-07-11,2007-08-05,1
4859,695,4311629,2007-07-17,2007-07-18,1
4860,695,37395648,2010-10-10,2010-10-11,1
4861,695,40481087,2012-06-19,2012-06-26,1
4862,696,0,1981-07-27,1981-07-28,1
4863,696,0,1997-08-18,1997-08-19,1
4864,696,378001,2017-12-10,2018-01-09,1
4865,696,432867,2001-08-27,2001-08-28,1
4866,696,4078393,1979-01-15,1979-01-16,1
4867,696,4180790,2016-07-21,2018-09-16,1
4868,696,4285898,2015-07-23,2015-07-24,1
4869,696,37017023,2016-07-17,2016-07-18,1
4870,697,78272,2016-08-30,2016-09-20,1
4871,697,316866,2009-02-08,2009-02-09,1
4872,697,375671,2013-05-18,2013-07-17,1
4873,697,4217975,2018-03-04,2018-10-07,1
4874,697,40481087,2018-04-30,2018-05-21,1
4875,698,260139,2011-03-14,2011-03-21,1
4876,698,40481087,2012-10-06,2012-10-20,1
4877,698,40481087,2015-01-13,2015-02-03,1
4878,698,40481087,2018-06-25,2018-07-09,1
4879,699,0,1987-06-14,1987-06-15,1
4880,699,0,2017-04-14,2017-04-15,1
4881,699,78272,2018-11-30,2018-12-21,1
4882,699,317576,2012-10-07,2012-10-08,1
4883,699,380378,2017-04-14,2017-04-15,1
4884,699,4029498,2017-04-14,2017-04-15,1
4885,699,4311629,1998-05-10,1998-05-11,1
4886,699,40481087,2017-12-28,2018-01-04,1
4887,700,0,1984-08-16,1984-08-17,1
4888,700,260139,1977-05-04,1977-05-11,1
4889,700,4115276,1984-08-26,1984-08-27,1
4890,700,4310703,1984-08-27,1984-08-28,1
4891,700,4311629,1972-01-11,1972-01-12,1
4892,700,40481087,1984-03-13,1984-03-27,1
4893,701,140673,2012-07-24,2012-07-25,1
4894,701,260139,2011-07-19,2011-07-26,1
4895,701,4055754,2007-04-03,2007-04-04,1
4896,701,4113008,2011-03-14,2011-04-04,1
4897,701,4142905,2014-02-17,2014-05-18,1
4898,701,4311629,1981-05-14,1981-05-15,1
4899,701,40481087,2016-04-17,2016-05-01,1
4900,702,0,2011-06-13,2011-06-14,1
4901,702,260139,2012-09-03,2012-09-10,1
4902,702,321042,2011-06-13,2011-06-14,1
4903,702,4112343,2010-01-28,2010-02-06,1
4904,702,40481087,2011-05-05,2011-05-12,1
4905,702,40481087,2011-10-18,2011-11-01,1
4906,702,40481087,2016-09-14,2016-09-28,1
4907,702,40486433,1999-08-14,1999-08-15,1
4908,703,78272,2011-07-20,2011-08-17,1
4909,703,260139,2016-02-21,2016-03-06,1
4910,703,4112343,2009-07-10,2009-07-22,1
4911,704,0,1987-01-30,1987-01-31,1
4912,704,0,1998-09-28,1998-09-29,1
4913,704,0,2013-08-02,2013-08-03,1
4914,704,81151,2012-09-11,2012-09-25,1
4915,704,260139,2008-03-19,2008-03-26,1
4916,704,317576,2013-04-26,2013-04-27,1
4917,704,440448,1998-09-28,1998-09-29,1
4918,704,4079750,1998-09-27,1998-09-28,1
4919,704,4112343,2005-06-30,2005-07-07,1
4920,704,4152936,2004-03-06,2004-03-27,1
4921,704,4285898,2012-10-06,2012-10-07,1
4922,704,4311629,1993-02-12,1993-02-13,1
4923,704,4329847,2013-08-02,2013-08-03,1
4924,704,40481087,2009-04-14,2009-05-05,1
4925,704,40481087,2011-06-29,2011-07-20,1
4926,704,40481087,2011-11-22,2011-12-06,1
4927,705,137613,2012-12-10,2012-12-24,1
4928,705,201826,2015-04-06,2015-04-07,1
4929,705,260139,2009-02-27,2009-03-13,1
4930,705,4120314,2018-04-09,2018-04-10,1
4931,705,4217975,2012-05-28,2012-12-24,1
4932,705,4217975,2017-09-11,2018-04-16,1
4933,706,257012,2017-07-13,2017-07-14,1
4934,706,260139,2016-08-11,2016-08-25,1
4935,706,316866,1976-01-13,1976-01-14,1
4936,706,432867,2011-12-27,2011-12-28,1
4937,706,4079750,2017-11-04,2017-11-05,1
4938,706,4112343,2013-10-20,2013-10-27,1
4939,706,4283893,2017-06-08,2017-08-24,1
4940,706,4311629,1986-01-28,1986-01-29,1
4941,706,40481087,2009-12-09,2009-12-30,1
4942,706,40481087,2011-04-29,2011-05-06,1
4943,706,40481087,2017-12-01,2017-12-15,1
4944,707,316866,2008-11-23,2008-11-24,1
4945,707,439777,2012-09-24,2012-09-25,1
4946,707,4078393,2015-10-04,2015-10-05,1
4947,707,4112343,2014-03-17,2014-03-27,1
4948,707,4217975,2012-11-04,2013-06-09,1
4949,707,4217975,2015-10-04,2015-10-18,1
4950,707,4311629,2009-11-29,2009-11-30,1
4951,707,40318618,2015-10-04,2015-10-18,1
4952,707,40481087,2013-09-20,2013-10-11,1
4953,708,0,1955-03-04,1955-03-05,1
4954,708,80502,1991-01-11,1991-01-12,1
4955,708,313217,2013-05-17,2013-05-18,1
4956,708,316866,1929-04-19,1929-04-20,1
4957,708,381316,2013-10-11,2013-10-12,1
4958,708,4078393,1933-02-10,1933-02-11,1
4959,708,4146173,2005-02-05,2005-04-06,1
4960,708,4278672,2006-01-31,2006-05-01,1
4961,708,40480160,2006-01-31,2006-05-01,1
4962,708,40481087,2011-07-25,2011-08-15,1
4963,709,0,1988-07-26,1988-07-27,1
4964,709,28060,2014-11-04,2014-11-13,1
4965,709,80502,2004-09-07,2004-09-08,1
4966,709,260139,2009-12-14,2009-12-21,1
4967,709,316866,1962-09-04,1962-09-05,1
4968,710,0,1984-06-30,1984-07-01,1
4969,710,0,2000-05-06,2000-05-07,1
4970,710,316866,1974-06-15,1974-06-16,1
4971,710,432867,1998-05-02,1998-05-03,1
4972,710,4079750,2005-04-09,2005-04-10,1
4973,710,4109685,2014-10-03,2014-10-24,1
4974,710,40481087,2011-01-07,2011-01-21,1
4975,710,40481087,2011-02-25,2011-03-11,1
4976,711,0,1996-05-11,1996-05-12,1
4977,711,316866,1997-05-17,1997-05-18,1
4978,711,4113008,2013-06-13,2013-07-04,1
4979,711,4311629,2014-08-30,2014-08-31,1
4980,711,40481087,2013-12-29,2014-01-19,1
4981,712,4051466,2002-06-30,2002-07-01,1
4982,712,4113008,2014-09-04,2014-09-18,1
4983,712,40481087,2017-04-17,2017-05-01,1
4984,712,40486433,2002-06-30,2002-07-01,1
4985,713,0,2003-10-05,2003-10-06,1
4986,713,28060,2010-02-16,2010-03-01,1
4987,713,260139,2012-06-21,2012-07-05,1
4988,713,260139,2014-10-28,2014-11-11,1
4989,713,4029498,2003-10-05,2003-10-06,1
4990,713,4112343,2011-08-26,2011-09-06,1
4991,713,4112343,2016-02-14,2016-02-25,1
4992,713,40481087,2016-12-27,2017-01-10,1
4993,714,0,2010-04-09,2010-04-10,1
4994,714,134438,2015-04-13,2017-05-08,1
4995,714,260139,2015-02-21,2015-03-07,1
4996,714,261325,2016-06-13,2016-06-14,1
4997,714,316866,2012-06-04,2012-06-05,1
4998,714,440448,2010-04-09,2010-04-10,1
4999,714,4112343,2009-11-22,2009-12-01,1
5000,714,4112343,2014-10-09,2014-10-17,1
5001,714,4217975,2010-10-11,2011-05-16,1
5002,714,4217975,2012-07-30,2013-03-04,1
5003,714,4217975,2017-02-20,2017-03-13,1
5004,714,4217975,2017-08-28,2017-09-18,1
5005,714,4237458,2011-07-18,2011-10-16,1
5006,714,40481087,2014-02-18,2014-03-11,1
5007,715,0,1984-05-07,1984-05-08,1
5008,715,78272,2008-01-31,2008-02-14,1
5009,715,192279,1992-08-24,1992-08-25,1
5010,715,201826,1986-05-12,1986-05-13,1
5011,715,260139,2011-03-22,2011-04-05,1
5012,715,316866,1986-05-12,1986-05-13,1
5013,715,381316,2014-07-21,2014-07-22,1
5014,715,432867,2002-08-05,2002-08-06,1
5015,715,436940,1988-05-16,1988-05-17,1
5016,715,443614,1992-08-24,1992-08-25,1
5017,715,4078393,1965-08-02,1965-08-03,1
5018,715,4079750,1981-04-12,1981-04-13,1
5019,715,4112343,2011-03-28,2011-04-07,1
5020,715,4120314,1988-05-16,1988-05-17,1
5021,715,4214376,1988-05-16,1988-05-17,1
5022,716,0,1998-01-24,1998-01-25,1
5023,716,0,2011-12-24,2011-12-25,1
5024,716,28060,2002-09-01,2002-09-12,1
5025,716,316866,1982-01-02,1982-01-03,1
5026,716,317576,1992-01-18,1992-01-19,1
5027,716,372328,2002-10-30,2003-08-30,1
5028,716,4112343,2003-03-14,2003-03-23,1
5029,716,4112343,2003-08-21,2003-09-02,1
5030,716,4134304,2010-07-14,2010-10-12,1
5031,716,4329847,2011-12-24,2011-12-25,1
5032,717,316866,2015-10-16,2015-10-17,1
5033,717,4048171,2000-03-06,2016-03-04,1
5034,717,4084167,2013-06-04,2013-06-04,1
5035,717,4217975,2013-09-06,2014-04-18,1
5036,717,4217975,2016-07-29,2017-02-24,1
5037,717,40481087,2011-09-22,2011-09-29,1
5038,718,28060,2012-04-05,2012-04-18,1
5039,718,257012,1983-06-10,1983-06-11,1
5040,718,260139,2011-05-04,2011-05-11,1
5041,718,4078393,1992-10-05,1992-10-06,1
5042,718,4112343,2010-05-07,2010-05-15,1
5043,718,4112343,2014-10-07,2014-10-16,1
5044,718,4311629,1992-02-03,1992-02-04,1
5045,718,40481087,2010-02-09,2010-02-16,1
5046,718,40481087,2011-09-17,2011-10-01,1
5047,718,40481087,2012-07-05,2012-07-12,1
5048,718,40481087,2014-12-06,2014-12-27,1
5049,719,4051466,2006-12-16,2006-12-17,1
5050,719,4084167,2009-11-08,2009-11-09,1
5051,719,4112343,2015-12-06,2015-12-14,1
5052,719,4280726,2006-12-16,2006-12-17,1
5053,719,40481087,2009-04-15,2009-04-29,1
5054,719,40481087,2010-04-02,2010-04-16,1
5055,719,40481087,2016-12-15,2017-01-05,1
5056,720,81151,2012-10-20,2012-11-24,1
5057,720,260139,2009-03-04,2009-03-18,1
5058,720,260139,2012-03-11,2012-03-18,1
5059,720,316866,2007-01-05,2007-01-06,1
5060,720,4134304,2015-11-09,2016-02-07,1
5061,721,78272,2011-07-01,2011-07-22,1
5062,721,78272,2015-05-02,2015-05-30,1
5063,721,81151,2018-05-14,2018-05-28,1
5064,721,260139,2009-01-13,2009-01-20,1
5065,721,260139,2016-02-15,2016-02-22,1
5066,721,372328,2011-02-20,2011-08-03,1
5067,721,40481087,2014-10-21,2014-11-11,1
5068,722,0,1947-07-28,1947-07-29,1
5069,722,81151,1970-11-04,1970-11-05,1
5070,722,192279,1932-11-28,1932-11-29,1
5071,722,201826,1929-11-25,1929-11-26,1
5072,722,313217,1964-07-06,1964-07-07,1
5073,722,316866,1929-11-25,1929-11-26,1
5074,722,317576,1957-04-15,1957-04-16,1
5075,722,321042,1947-07-28,1947-07-29,1
5076,722,381316,1967-11-13,1967-11-14,1
5077,722,436940,1936-05-25,1936-05-26,1
5078,722,440674,1956-09-14,1956-09-15,1
5079,722,443601,1956-01-23,1956-01-24,1
5080,722,443614,1932-11-28,1932-11-29,1
5081,722,4109685,1966-12-04,1966-12-25,1
5082,722,4120314,1932-11-28,1932-11-29,1
5083,722,4226121,1956-01-23,1956-01-24,1
5084,722,4285898,1965-09-25,1966-10-20,1
5085,722,4311629,1956-01-23,1956-01-24,1
5086,722,40481087,1966-06-28,1966-07-05,1
5087,722,43530656,1956-01-23,1956-01-24,1
5088,722,45769905,1956-01-23,1956-01-24,1
5089,723,378001,2015-07-05,2015-08-04,1
5090,723,40481087,2018-04-25,2018-05-09,1
5091,724,372328,2017-10-03,2018-01-13,1
5092,724,372328,2018-11-09,2018-11-10,1
5093,724,4112343,2018-04-04,2018-04-14,1
5094,725,28060,2009-06-09,2009-06-17,1
5095,725,78272,2016-03-29,2016-04-12,1
5096,725,378001,2009-04-07,2009-06-06,1
5097,725,4218389,2012-03-22,2012-04-19,1
5098,725,4283893,2009-04-14,2009-05-19,1
5099,726,257012,2010-09-19,2011-01-16,1
5100,726,260139,2009-06-09,2009-06-16,1
5101,726,316866,2017-01-06,2017-01-07,1
5102,726,378001,2018-10-19,2018-12-18,1
5103,726,4078393,2016-05-13,2016-05-14,1
5104,726,4217975,2014-06-20,2015-01-16,1
5105,726,4217975,2016-05-13,2016-05-20,1
5106,726,4294548,2010-08-29,2011-01-16,1
5107,726,40318618,2016-05-13,2016-05-20,1
5108,726,40481087,2012-12-15,2012-12-29,1
5109,726,40481087,2013-03-05,2013-03-19,1
5110,726,40481087,2018-05-31,2018-06-07,1
5111,727,0,2000-07-14,2000-07-15,1
5112,727,192279,2010-11-19,2010-11-20,1
5113,727,201826,2006-07-21,2006-07-22,1
5114,727,257012,1982-03-28,1982-03-29,1
5115,727,316866,2006-07-21,2006-07-22,1
5116,727,436940,2009-07-24,2009-07-25,1
5117,727,443614,2010-11-19,2010-11-20,1
5118,727,4120314,2009-07-24,2009-07-25,1
5119,727,4214376,2013-11-22,2013-11-23,1
5120,727,4217975,2009-12-18,2010-07-30,1
5121,727,4217975,2015-09-18,2016-04-01,1
5122,727,4311629,2015-09-25,2015-09-26,1
5123,728,28060,2018-04-28,2018-05-06,1
5124,728,260139,2009-06-25,2009-07-09,1
5125,728,4048171,1997-02-07,2011-02-06,1
5126,728,4218389,2014-12-31,2015-02-04,1
5127,728,4278672,2017-12-20,2018-01-19,1
5128,728,4311629,2017-07-30,2017-07-31,1
5129,729,80502,2018-12-04,2018-12-05,1
5130,729,81151,2013-12-17,2013-12-31,1
5131,729,4078393,1992-03-17,1992-03-18,1
5132,729,4311629,1977-03-15,1977-03-16,1
5133,730,0,1961-10-28,1961-10-29,1
5134,730,258780,1950-10-14,1950-10-15,1
5135,730,260139,1968-11-29,1968-12-13,1
5136,730,317576,1977-11-12,1977-11-13,1
5137,730,372328,1972-04-02,1972-10-14,1
5138,730,432867,1971-10-09,1971-10-10,1
5139,730,40481087,1977-03-29,1977-04-12,1
5140,731,260139,2011-12-23,2011-12-30,1
5141,731,372328,2015-10-02,2016-01-23,1
5142,731,4112343,2016-03-03,2016-03-12,1
5143,731,4113008,2016-10-24,2016-11-07,1
5144,732,0,1967-12-23,1967-12-24,1
5145,732,0,2006-01-18,2006-01-19,1
5146,732,257012,2017-06-28,2017-06-29,1
5147,732,260139,2015-08-24,2015-08-31,1
5148,732,260139,2017-09-04,2017-09-18,1
5149,732,4029498,1967-12-23,1967-12-24,1
5150,732,4112343,2012-02-05,2012-02-14,1
5151,732,4285898,2017-12-23,2018-12-18,1
5152,732,4294548,2017-05-31,2017-07-12,1
5153,732,40481087,2014-04-03,2014-04-10,1
5154,733,81151,2009-08-12,2009-09-02,1
5155,733,260139,2017-02-17,2017-02-24,1
5156,733,4112343,2015-06-01,2015-06-08,1
5157,733,4311629,2017-02-24,2017-02-25,1
5158,733,40481087,2012-02-16,2012-02-23,1
5159,733,40481087,2018-05-30,2018-06-20,1
5160,734,0,2009-03-19,2009-03-20,1
5161,734,0,2014-04-17,2014-04-18,1
5162,734,28060,2016-02-19,2016-03-01,1
5163,734,4112343,2013-11-20,2013-11-28,1
5164,734,4237458,2015-03-31,2015-06-29,1
5165,735,316866,2012-11-28,2012-11-29,1
5166,735,4217975,2016-05-18,2016-06-08,1
5167,735,4217975,2017-12-20,2018-08-08,1
5168,735,40481087,2016-11-12,2016-11-26,1
5169,736,0,1990-12-17,1990-12-18,1
5170,736,192279,1994-06-21,1994-06-22,1
5171,736,201826,1979-11-20,1979-11-21,1
5172,736,316866,1979-11-20,1979-11-21,1
5173,736,436940,1984-12-04,1984-12-05,1
5174,736,443614,1994-06-21,1994-06-22,1
5175,736,4112343,1985-10-08,1985-10-16,1
5176,736,4115276,1990-12-29,1990-12-30,1
5177,736,4120314,1982-11-23,1982-11-24,1
5178,736,4214376,1994-10-18,1994-10-19,1
5179,736,4278672,1992-01-03,1992-03-03,1
5180,736,4310703,1990-12-31,1991-01-01,1
5181,736,4311629,1976-11-16,1976-11-17,1
5182,736,40481087,1989-11-18,1989-12-02,1
5183,736,40481087,1992-03-28,1992-04-04,1
5184,737,4112343,2018-01-20,2018-01-27,1
5185,737,4217975,2010-03-25,2010-04-08,1
5186,737,4217975,2010-09-23,2010-10-14,1
5187,737,4217975,2011-05-19,2011-12-22,1
5188,737,4217975,2013-08-15,2014-03-20,1
5189,737,4217975,2015-10-08,2016-05-05,1
5190,737,4217975,2017-03-02,2017-10-12,1
5191,737,4278672,2017-07-02,2017-08-31,1
5192,737,4311629,2011-08-04,2011-08-05,1
5193,737,40481087,2011-06-25,2011-07-02,1
5194,737,40481087,2012-07-04,2012-07-11,1
5195,737,40481087,2013-10-12,2013-10-19,1
5196,737,40481087,2015-12-13,2015-12-20,1
5197,738,260139,2015-11-28,2015-12-05,1
5198,738,316866,1980-05-24,1980-05-25,1
5199,738,432867,2007-07-28,2007-07-29,1
5200,738,439777,1984-03-25,1984-03-26,1
5201,738,4311629,1992-04-25,1992-04-26,1
5202,738,40481087,2010-03-16,2010-03-23,1
5203,738,40481087,2013-11-10,2013-12-01,1
5204,738,40481087,2014-03-07,2014-03-21,1
5205,739,81151,2009-01-09,2009-02-06,1
5206,739,257012,1983-11-30,1983-12-01,1
5207,739,316866,1996-08-21,1996-08-22,1
5208,739,4311629,2011-06-29,2011-06-30,1
5209,739,40481087,2011-11-25,2011-12-16,1
5210,739,40481087,2013-05-18,2013-06-01,1
5211,740,0,1933-06-02,1933-06-03,1
5212,740,0,1937-06-25,1937-06-26,1
5213,740,257012,1970-08-27,1970-08-28,1
5214,740,313217,2004-05-14,2004-05-15,1
5215,740,316866,1945-08-10,1945-08-11,1
5216,740,378419,1999-04-16,1999-04-17,1
5217,740,381316,2006-11-10,2006-11-11,1
5218,740,4285898,2002-06-11,2003-10-04,1
5219,740,40481087,2003-12-02,2003-12-16,1
5220,741,0,1914-10-08,1914-10-09,1
5221,741,0,1943-10-14,1943-10-15,1
5222,741,0,1989-11-16,1989-11-17,1
5223,741,81151,1985-03-25,1985-04-15,1
5224,741,260139,1987-07-18,1987-08-01,1
5225,741,317576,1988-08-04,1988-08-05,1
5226,741,380378,1915-07-22,1915-07-23,1
5227,741,432867,1973-05-24,1973-05-25,1
5228,741,4029498,1914-10-08,1914-10-09,1
5229,741,4112343,1983-01-25,1983-02-01,1
5230,741,4285898,1989-10-02,1989-10-03,1
5231,741,4329847,1989-11-16,1989-11-17,1
5232,742,372328,2015-06-08,2015-07-23,1
5233,742,4051466,2016-02-20,2016-02-21,1
5234,743,375671,2016-01-12,2016-02-11,1
5235,743,4156265,2016-12-07,2016-12-28,1
5236,743,4237458,2011-05-08,2011-06-07,1
5237,743,40481087,2014-10-12,2014-10-19,1
5238,744,28060,2009-08-18,2009-08-26,1
5239,744,28060,2012-03-16,2012-03-23,1
5240,744,372328,2012-06-02,2013-04-15,1
5241,744,4112343,2016-05-04,2016-05-13,1
5242,745,0,2007-03-01,2007-03-02,1
5243,745,257012,1976-05-21,1976-05-22,1
5244,745,4217975,2011-11-10,2012-06-14,1
5245,745,4217975,2015-09-17,2016-04-28,1
5246,745,40481087,2009-12-03,2009-12-24,1
5247,745,40481087,2016-05-27,2016-06-10,1
5248,745,40481087,2018-10-04,2018-10-11,1
5249,746,0,1967-11-26,1967-11-27,1
5250,746,0,1988-10-30,1988-10-31,1
5251,746,28060,2016-11-29,2016-12-07,1
5252,746,28060,2017-03-11,2017-03-19,1
5253,746,257012,1955-11-26,1955-11-27,1
5254,746,260139,2013-01-10,2013-01-17,1
5255,746,316866,1970-12-20,1970-12-21,1
5256,746,40481087,2012-04-13,2012-04-27,1
5257,747,40481087,2012-02-11,2012-02-18,1
5258,748,0,1963-07-07,1963-07-08,1
5259,748,0,1964-07-17,1964-07-18,1
5260,748,0,1982-07-16,1982-07-17,1
5261,748,28060,2009-08-23,2009-09-01,1
5262,748,80502,2013-03-22,2013-03-23,1
5263,748,440448,1963-07-07,1963-07-08,1
5264,748,4078393,1976-06-11,1976-06-12,1
5265,748,4112343,2014-12-07,2014-12-16,1
5266,748,4311629,1992-07-10,1992-07-11,1
5267,748,40481087,2015-10-11,2015-11-01,1
5268,749,28060,2010-05-07,2010-05-20,1
5269,749,260139,2011-05-28,2011-06-04,1
5270,749,260139,2016-08-16,2016-08-30,1
5271,749,4112343,2014-04-30,2014-05-09,1
5272,749,4112343,2014-07-10,2014-07-21,1
5273,749,4112343,2014-08-23,2014-09-04,1
5274,749,4217975,2008-08-31,2009-04-05,1
5275,749,4217975,2013-07-07,2013-07-21,1
5276,749,4217975,2016-05-29,2017-01-15,1
5277,749,4311629,2016-06-05,2016-06-06,1
5278,749,40481087,2018-06-07,2018-06-28,1
5279,750,260139,2012-04-15,2012-04-29,1
5280,750,316866,1975-04-07,1975-04-08,1
5281,750,4112343,2010-08-24,2010-09-02,1
5282,750,4112343,2018-11-22,2018-12-01,1
5283,750,4285898,2012-02-11,2014-07-30,1
5284,750,4311629,1997-02-17,1997-02-18,1
5285,750,37017023,2013-06-05,2014-07-30,1
5286,750,40481087,2015-08-02,2015-08-16,1
5287,751,28060,2011-08-12,2011-08-24,1
5288,751,372328,2011-09-08,2012-02-20,2
5289,751,40481087,2011-03-20,2011-03-27,1
5290,751,40481087,2014-11-14,2014-11-21,1
5291,752,0,2011-12-01,2011-12-02,1
5292,752,257012,2007-05-07,2007-05-08,1
5293,752,4311629,2014-12-04,2014-12-05,1
5294,753,372328,2011-06-01,2011-11-07,1
5295,753,40481087,2009-09-18,2009-10-09,1
5296,753,40481087,2017-10-05,2017-10-12,1
5297,754,0,1975-11-30,1975-12-01,1
5298,754,0,1992-03-22,1992-03-23,1
5299,754,75036,1989-03-02,1989-03-03,1
5300,754,436096,1991-04-15,1991-04-16,1
5301,754,4055754,1990-04-07,1990-04-08,1
5302,754,4155034,1991-03-21,1991-04-11,1
5303,754,4208104,1994-09-05,1994-09-06,1
5304,754,40481087,1986-08-29,1986-09-12,1
5305,754,40481087,1988-09-09,1988-09-23,1
5306,754,43530652,1991-01-31,1991-02-01,1
5307,755,0,1957-05-17,1957-05-18,1
5308,755,257012,1983-10-17,1983-10-18,1
5309,755,260139,1991-02-10,1991-02-24,1
5310,755,316866,1941-04-11,1941-04-12,1
5311,755,317576,1982-01-15,1982-01-16,1
5312,755,321042,1957-05-17,1957-05-18,1
5313,755,381316,1996-11-08,1996-11-09,1
5314,755,436096,1990-11-04,1990-11-05,1
5315,755,4055754,1991-03-14,1991-03-15,1
5316,755,4112343,1992-04-11,1992-04-21,1
5317,755,4296204,1990-01-03,1990-01-24,1
5318,755,40481087,1987-02-18,1987-03-04,1
5319,755,40481087,1996-02-20,1996-02-27,1
5320,755,43530652,1990-04-19,1990-04-20,1
5321,756,0,2014-07-21,2014-07-22,1
5322,756,316866,2004-07-05,2004-07-06,1
5323,756,40481087,2011-04-19,2011-04-26,1
5324,757,0,2002-12-05,2002-12-06,1
5325,757,432867,2004-12-09,2004-12-10,1
5326,757,4112343,2016-04-29,2016-05-10,1
5327,757,4296204,2011-05-06,2011-05-27,1
5328,757,40481087,2013-03-24,2013-04-07,1
5329,757,40486433,1966-08-22,1966-08-23,1
5330,758,78272,2010-12-11,2010-12-25,1
5331,758,81151,2016-05-27,2016-06-17,1
5332,758,316866,1991-05-30,1991-05-31,1
5333,758,4112343,2013-11-18,2013-11-26,1
5334,758,4311629,2017-04-20,2017-04-21,1
5335,758,40481087,2011-12-16,2011-12-30,1
5336,759,0,1985-04-13,1985-04-14,1
5337,759,257012,1965-09-08,1965-09-09,1
5338,759,313217,2016-12-17,2016-12-18,1
5339,759,4109685,2010-01-28,2010-02-11,1
5340,759,4112343,2011-12-31,2012-01-07,1
5341,759,4283893,2015-03-25,2015-07-15,1
5342,759,40481087,2013-11-03,2013-11-24,1
5343,760,0,2011-10-11,2011-10-12,1
5344,760,378001,2016-10-07,2016-11-06,1
5345,760,4078393,2012-07-31,2012-08-01,1
5346,760,4152936,2013-01-12,2013-01-26,1
5347,760,4217975,2010-07-20,2011-02-22,1
5348,760,4217975,2012-07-31,2012-08-07,1
5349,760,4217975,2014-01-28,2014-02-11,1
5350,760,4262136,2012-07-31,2012-08-07,1
5351,760,40318618,2014-01-28,2014-02-11,1
5352,760,40481087,2011-02-12,2011-02-19,1
5353,761,316866,1963-01-23,1963-01-24,1
5354,761,381316,2018-07-04,2018-07-05,1
5355,761,432867,2006-11-22,2006-11-23,1
5356,761,4134304,2013-06-19,2013-08-18,1
5357,761,4218106,2000-10-18,2000-10-19,1
5358,761,4311629,1972-04-05,1972-04-06,1
5359,761,40481087,2009-06-06,2009-06-27,1
5360,761,40481087,2009-08-02,2009-08-16,1
5361,762,28060,2018-10-31,2018-11-11,1
5362,762,260139,2017-10-05,2017-10-19,1
5363,762,378001,2016-09-09,2016-11-08,1
5364,762,40481087,2015-05-23,2015-06-06,1
5365,763,0,2016-08-19,2016-08-20,1
5366,763,40481087,2014-01-24,2014-02-14,1
5367,764,0,1950-02-16,1950-02-17,1
5368,764,80502,1999-03-18,1999-03-19,1
5369,764,260139,2011-08-07,2011-08-21,1
5370,764,260139,2016-08-10,2016-08-17,1
5371,764,313217,2017-08-24,2017-08-25,1
5372,764,316866,1936-11-19,1936-11-20,1
5373,764,432867,1968-09-26,1968-09-27,1
5374,764,4078393,1945-10-25,1945-10-26,1
5375,764,4278672,2015-12-20,2016-03-19,1
5376,764,4311629,1964-10-15,1964-10-16,1
5377,764,40480160,2015-12-20,2016-03-19,1
5378,764,40481087,2011-03-21,2011-04-11,1
5379,764,40481087,2011-08-18,2011-08-25,1
5380,765,257012,1993-02-16,1993-02-17,1
5381,765,260139,2013-01-17,2013-01-24,1
5382,765,4217975,2009-09-09,2010-04-07,1
5383,765,4217975,2011-08-10,2011-08-31,1
5384,765,4217975,2012-05-30,2013-01-09,1
5385,765,4217975,2018-10-17,2018-11-07,1
5386,766,4283893,2010-04-22,2010-05-13,1
5387,766,40481087,2016-03-17,2016-03-31,1
5388,767,260139,2015-07-25,2015-08-08,1
5389,767,372328,2014-07-28,2014-10-08,1
5390,767,372328,2014-12-07,2015-01-07,1
5391,767,372328,2015-03-08,2015-04-08,1
5392,767,372328,2017-08-25,2018-01-03,1
5393,767,372328,2018-06-02,2018-06-03,1
5394,767,4084167,2015-04-24,2015-04-25,1
5395,767,4278672,2018-10-05,2018-11-04,1
5396,767,40486433,2018-02-04,2018-02-05,1
5397,768,260139,2017-10-12,2017-10-19,1
5398,768,372328,2016-02-18,2016-04-30,1
5399,768,372328,2018-01-20,2018-04-21,1
5400,769,0,1988-10-04,1988-10-05,1
5401,769,260139,2011-06-10,2011-06-24,1
5402,769,439393,2016-08-23,2016-10-04,1
5403,769,4029498,1988-10-04,1988-10-05,1
5404,769,4112343,2016-07-05,2016-07-12,1
5405,769,4116491,2012-09-28,2012-11-03,1
5406,769,4217975,2016-03-08,2016-10-04,1
5407,769,40481087,2017-12-30,2018-01-06,1
5408,770,0,1953-07-11,1953-07-12,1
5409,770,0,1966-07-02,1966-07-03,1
5410,770,260139,2014-07-13,2014-07-27,1
5411,770,313217,1996-08-03,1996-08-04,1
5412,770,439777,1944-07-08,1944-07-09,1
5413,770,4055754,2000-10-10,2000-10-11,1
5414,770,4285898,1994-07-09,1994-07-10,1
5415,770,4311629,1993-07-17,1993-07-18,1
5416,770,37017023,1995-09-02,1995-09-03,1
5417,770,40481087,2017-10-17,2017-10-24,1
5418,772,0,1992-07-05,1992-07-06,1
5419,772,0,2011-08-28,2011-08-29,1
5420,772,40481087,2016-05-12,2016-06-02,1
5421,773,0,1938-05-06,1938-05-07,1
5422,773,0,2006-11-24,2006-11-25,1
5423,773,80502,1983-08-26,1983-08-27,1
5424,773,316866,1932-04-29,1932-04-30,1
5425,773,317576,1993-10-22,1993-10-23,1
5426,773,321042,2006-11-24,2006-11-25,1
5427,773,381316,1998-01-30,1998-01-31,1
5428,773,4311629,1953-05-08,1953-05-09,1
5429,774,0,1961-10-20,1961-10-21,1
5430,774,0,1977-08-10,1977-08-11,1
5431,774,0,1979-08-24,1979-08-25,1
5432,774,257012,1962-03-29,1962-03-30,1
5433,774,260139,2014-12-22,2015-01-05,1
5434,774,316866,1957-10-11,1957-10-12,1
5435,774,378419,2015-03-20,2015-03-21,1
5436,774,440448,1977-08-10,1977-08-11,1
5437,774,4079749,1976-08-08,1976-08-09,1
5438,774,4112343,2011-04-27,2011-05-09,1
5439,774,40481087,2011-04-10,2011-04-17,1
5440,775,0,2006-07-10,2006-07-11,1
5441,775,257012,2017-04-22,2017-04-23,1
5442,775,260139,2012-11-25,2012-12-04,1
5443,775,4283893,2017-03-25,2017-05-13,1
5444,775,40481087,2010-11-09,2010-11-30,1
5445,775,40481087,2013-12-20,2014-01-03,1
5446,776,372328,2014-10-02,2014-11-13,1
5447,777,260139,2018-06-02,2018-06-09,1
5448,777,372328,2015-12-22,2016-10-29,1
5449,778,0,1955-07-06,1955-07-07,1
5450,778,80502,1978-06-07,1978-06-08,1
5451,778,200970,1978-06-07,1978-06-08,1
5452,778,257012,1934-05-19,1934-05-20,1
5453,778,316866,1936-06-10,1936-06-11,1
5454,778,381316,1989-08-16,1989-08-17,1
5455,778,432867,1997-03-11,1997-03-12,1
5456,778,4129902,1978-06-07,1978-06-08,1
5457,778,4230399,2013-08-25,2013-09-24,1
5458,778,4311629,1960-04-12,1960-04-13,1
5459,778,40480160,2013-08-25,2013-09-24,1
5460,779,0,1987-09-27,1987-09-28,1
5461,779,0,1993-10-31,1993-11-01,1
5462,779,81151,2011-03-01,2011-03-22,1
5463,779,260139,2017-12-08,2017-12-22,1
5464,779,372328,2010-10-06,2011-12-04,1
5465,779,378001,2010-01-05,2010-02-04,1
5466,779,4078393,2003-06-01,2003-06-02,1
5467,779,4112343,2010-07-13,2010-07-25,1
5468,779,4112343,2014-09-04,2014-09-13,1
5469,779,40481087,2011-11-01,2011-11-22,1
5470,779,40481087,2016-01-07,2016-01-21,1
5471,780,0,1994-05-23,1994-05-24,1
5472,780,0,2010-06-21,2010-06-22,1
5473,780,257012,1973-04-20,1973-04-21,1
5474,780,317576,1991-05-13,1991-05-14,1
5475,780,4156265,1995-04-20,1995-05-04,1
5476,780,4156265,2019-01-03,2019-01-04,1
5477,780,40481087,2011-01-31,2011-02-07,1
5478,781,0,2002-01-03,2002-01-04,1
5479,781,0,2017-09-28,2017-09-29,1
5480,781,316866,1991-12-19,1991-12-20,1
5481,781,4078393,2000-07-27,2000-07-28,1
5482,781,4112343,2018-08-13,2018-08-26,1
5483,781,40481087,2012-07-01,2012-07-15,1
5484,781,40481087,2016-08-28,2016-09-18,1
5485,782,316866,2002-08-18,2002-08-19,1
5486,782,4217975,2015-05-03,2015-12-06,1
5487,782,4218389,2015-02-17,2015-03-24,1
5488,782,4311629,2015-09-06,2015-09-07,1
5489,782,40479422,2009-03-13,2009-04-19,1
5490,782,40481087,2014-01-12,2014-01-26,1
5491,784,4112343,2014-01-22,2014-02-04,1
5492,784,4280726,2008-09-06,2008-09-07,1
5493,784,40481087,2010-10-18,2010-10-25,1
5494,784,40481087,2014-09-12,2014-09-19,1
5495,785,40479422,2010-05-02,2010-07-08,1
5496,785,40481087,2017-01-13,2017-01-20,1
5497,786,40481087,2011-04-30,2011-05-14,1
5498,786,40481087,2015-09-28,2015-10-12,1
5499,787,0,1973-07-09,1973-07-10,1
5500,787,0,1988-05-02,1988-05-03,1
5501,787,260139,2015-01-24,2015-02-07,1
5502,787,381316,1972-05-15,1972-05-16,1
5503,787,432867,2014-06-02,2014-06-03,1
5504,787,4112343,2010-08-25,2010-09-04,1
5505,787,40481087,2011-05-12,2011-06-02,1
5506,787,40481087,2014-12-21,2014-12-28,1
5507,787,40481087,2016-11-25,2016-12-16,1
5508,788,192279,1991-09-25,1991-09-26,1
5509,788,201826,1980-12-17,1980-12-18,1
5510,788,316866,1980-12-17,1980-12-18,1
5511,788,436096,2015-01-22,2015-01-23,1
5512,788,436940,1986-12-24,1986-12-25,1
5513,788,443614,1991-09-25,1991-09-26,1
5514,788,4043241,2011-07-27,2011-07-28,1
5515,788,4078393,1992-11-25,1992-11-26,1
5516,788,4079750,2004-06-27,2004-06-28,1
5517,788,4120314,1983-12-21,1983-12-22,1
5518,788,4214376,1986-12-24,1986-12-25,1
5519,788,4226121,1983-12-21,1983-12-22,1
5520,788,4237458,2016-06-13,2016-07-13,1
5521,788,37016354,1983-12-21,1983-12-22,1
5522,788,40481087,2015-03-21,2015-03-28,1
5523,788,40481087,2016-09-26,2016-10-17,1
5524,788,43530656,1991-09-25,1991-09-26,1
5525,789,316866,2016-09-14,2016-09-15,1
5526,789,40481087,2011-07-22,2011-08-12,1
5527,790,81151,2015-08-18,2015-09-15,1
5528,790,260139,2009-12-18,2010-01-01,1
5529,790,4059173,2009-08-19,2009-10-18,1
5530,790,4112343,2014-10-09,2014-10-20,1
5531,790,4283893,2014-10-28,2014-11-11,1
5532,790,40481087,2018-06-28,2018-07-12,1
5533,791,0,2005-05-02,2005-05-03,1
5534,791,4055754,2001-03-31,2001-04-01,1
5535,791,4112343,2010-04-09,2010-04-19,1
5536,791,4217975,2013-11-25,2014-06-30,1
5537,791,4217975,2015-10-26,2016-05-30,1
5538,791,4217975,2018-05-28,2018-12-31,1
5539,791,40481087,2010-02-10,2010-03-03,1
5540,792,199076,1938-04-22,1938-04-23,1
5541,792,260139,1995-11-08,1995-11-15,1
5542,792,378419,1991-11-22,1991-11-23,1
5543,792,4078393,1937-02-26,1937-02-27,1
5544,792,4112343,1994-01-01,1994-01-12,1
5545,792,40481087,1990-11-08,1990-11-15,1
5546,792,40481087,1994-08-31,1994-09-07,1
5547,793,28060,2017-07-28,2017-08-09,1
5548,793,201826,1997-07-01,1997-07-02,1
5549,793,260139,2017-02-26,2017-03-12,1
5550,793,436940,2003-07-08,2003-07-09,1
5551,793,4112343,2014-10-24,2014-11-06,1
5552,793,4112343,2015-09-04,2015-09-17,1
5553,793,4112343,2015-11-20,2015-12-03,1
5554,793,4120314,2000-07-04,2000-07-05,1
5555,794,0,2005-08-08,2005-08-09,1
5556,794,81151,2015-11-10,2015-12-01,1
5557,794,260139,2009-10-20,2009-11-03,1
5558,794,439777,1996-05-29,1996-05-30,1
5559,794,40481087,2009-07-22,2009-08-05,1
5560,795,0,2007-12-23,2007-12-24,1
5561,795,316866,1995-11-19,1995-11-20,1
5562,795,317009,2002-03-07,2002-03-08,1
5563,795,4311629,2013-12-29,2013-12-30,1
5564,796,0,2004-01-19,2004-01-20,1
5565,796,4112343,2017-08-30,2017-09-12,1
5566,796,4296204,2014-03-05,2014-03-26,1
5567,796,40481087,2016-02-28,2016-03-06,1
5568,797,0,2004-03-07,2004-03-08,1
5569,797,0,2017-03-13,2017-03-14,1
5570,797,260139,2018-12-04,2018-12-19,1
5571,797,316866,1980-04-20,1980-04-21,1
5572,797,317576,1987-05-04,1987-05-05,1
5573,797,4078393,2009-12-27,2009-12-28,1
5574,797,4156265,2014-10-10,2014-10-31,1
5575,797,4217975,2009-12-27,2010-01-17,1
5576,797,4329847,2017-03-13,2017-03-14,1
5577,797,40481087,2010-09-23,2010-09-30,1
5578,797,40481087,2014-05-19,2014-06-09,1
5579,798,133834,2008-10-26,2008-10-27,1
5580,798,4280726,2010-01-29,2010-01-30,1
5581,799,4112343,2016-01-08,2016-01-16,1
5582,799,4217975,2013-12-22,2014-07-20,1
5583,799,4217975,2016-11-27,2017-07-02,1
5584,799,40481087,2013-04-30,2013-05-21,1
5585,799,40481087,2018-06-30,2018-07-21,1
5586,800,0,1989-02-24,1989-02-25,1
5587,800,28060,2010-08-19,2010-08-28,1
5588,800,260139,2010-03-21,2010-03-28,1
5589,800,316866,1962-12-28,1962-12-29,1
5590,800,381316,2018-11-30,2018-12-01,1
5591,800,4078393,1993-02-26,1993-02-27,1
5592,800,4079750,1990-11-27,1990-11-28,1
5593,800,4112343,2018-11-17,2018-11-29,1
5594,800,40481087,2016-11-26,2016-12-10,1
5595,801,78272,2017-03-28,2017-04-11,1
5596,801,40481087,2011-01-22,2011-01-29,1
5597,802,260139,2010-06-14,2010-06-21,1
5598,802,316866,2003-06-16,2003-06-17,1
5599,802,375671,2013-11-26,2013-12-26,1
5600,802,4311629,2015-08-24,2015-08-25,1
5601,803,0,2003-04-14,2003-04-15,1
5602,803,260139,2011-12-04,2011-12-18,1
5603,803,260139,2017-01-21,2017-02-04,1
5604,803,432867,2005-04-18,2005-04-19,1
5605,803,4043241,2010-04-05,2010-04-06,1
5606,804,0,2012-08-26,2012-08-27,1
5607,804,316866,1993-10-24,1993-10-25,1
5608,804,439777,2018-01-15,2018-01-16,1
5609,804,4112343,2017-10-13,2017-10-26,1
5610,804,4217975,2010-07-25,2010-08-15,1
5611,804,4217975,2012-01-15,2012-08-12,1
5612,804,40481087,2012-08-19,2012-08-26,1
5613,805,4078393,2011-03-29,2011-03-30,1
5614,805,4217975,2011-03-29,2011-04-12,1
5615,805,4217975,2011-07-19,2012-02-21,1
5616,805,4217975,2016-10-25,2017-05-30,1
5617,805,4262136,2011-03-29,2011-04-12,1
5618,806,0,2010-04-04,2010-04-05,1
5619,806,137613,2014-07-25,2014-08-15,1
5620,806,199076,1998-08-14,1998-08-15,1
5621,806,260139,2011-04-30,2011-05-07,1
5622,806,260139,2017-05-20,2017-06-03,1
5623,806,375671,2014-12-03,2015-01-02,1
5624,806,440448,2010-04-04,2010-04-05,1
5625,806,4078393,1998-03-13,1998-03-14,1
5626,806,4112343,2010-01-26,2010-02-04,1
5627,806,4217975,2010-09-03,2011-04-08,1
5628,806,4217975,2014-01-10,2014-08-15,1
5629,806,4311629,1997-10-10,1997-10-11,1
5630,806,40481087,2015-10-26,2015-11-02,1
5631,808,4112343,2018-04-28,2018-05-09,1
5632,808,40481087,2016-05-13,2016-05-20,1
5633,809,260139,2017-05-25,2017-06-01,1
5634,809,260139,2017-10-01,2017-10-15,1
5635,809,261325,1991-08-23,1991-08-24,1
5636,809,4079749,2011-11-19,2011-11-20,1
5637,809,4112343,2017-01-05,2017-01-16,1
5638,809,4155034,2017-07-06,2017-07-20,1
5639,809,4311629,1988-08-19,1988-08-20,1
5640,810,0,1984-07-23,1984-07-24,1
5641,810,0,2015-10-13,2015-10-14,1
5642,810,195588,2015-07-16,2015-09-01,1
5643,810,195588,2015-10-06,2015-11-24,1
5644,810,4029498,1984-07-23,1984-07-24,1
5645,810,4056621,2015-10-06,2015-10-07,1
5646,810,4078393,1997-10-28,1997-10-29,1
5647,810,4112343,2014-08-08,2014-08-18,1
5648,811,28060,2009-08-02,2009-08-14,1
5649,811,260139,2011-07-08,2011-07-22,1
5650,811,4112343,2015-09-13,2015-09-25,1
5651,811,4152936,2018-03-14,2018-03-28,1
5652,811,40481087,2013-05-16,2013-05-30,1
5653,811,40481087,2014-09-28,2014-10-19,1
5654,812,28060,2010-03-18,2010-03-26,1
5655,812,257012,2013-01-10,2013-02-21,1
5656,812,4283893,2012-12-06,2013-02-21,1
5657,812,4311629,2012-04-14,2012-04-15,1
5658,812,40481087,2014-05-25,2014-06-01,1
5659,813,0,2018-11-16,2018-11-17,1
5660,813,4059173,2018-04-12,2018-06-11,1
5661,814,0,1988-04-07,1988-04-08,1
5662,814,0,2004-12-02,2004-12-03,1
5663,814,316866,1978-03-23,1978-03-24,1
5664,814,4237458,2018-01-10,2018-02-09,1
5665,814,4283893,2017-10-25,2017-12-20,1
5666,814,4311629,2006-12-07,2006-12-08,1
5667,814,40481087,2015-12-16,2015-12-30,1
5668,815,378001,2011-10-29,2011-11-28,1
5669,815,4112343,2015-04-15,2015-04-23,1
5670,815,40481087,2018-06-04,2018-06-11,1
5671,816,81151,2018-03-22,2018-04-26,1
5672,816,372328,2014-11-08,2015-03-14,1
5673,816,4048171,2013-04-09,2013-04-10,1
5674,816,40481087,2013-08-24,2013-09-07,1
5675,816,40481087,2015-08-03,2015-08-24,1
5676,817,28060,2018-05-25,2018-06-06,1
5677,817,260139,2015-01-30,2015-02-06,1
5678,817,4112343,2017-11-15,2017-11-23,1
5679,817,4294548,2010-08-28,2010-09-18,1
5680,817,40481087,2013-09-08,2013-09-29,1
5681,817,40486433,2008-10-29,2008-10-30,1
5682,818,4237458,2018-01-16,2018-02-15,1
5683,819,81151,2011-08-18,2011-09-08,1
5684,819,81151,2017-07-08,2017-08-12,1
5685,819,260139,2016-06-23,2016-07-07,1
5686,819,436096,2003-02-16,2003-02-17,1
5687,819,4055754,2002-06-23,2002-06-24,1
5688,819,4112343,2014-02-19,2014-02-27,1
5689,819,40481087,2017-07-01,2017-07-22,1
5690,819,43530652,2002-08-29,2002-08-30,1
5691,820,0,2013-05-16,2013-05-17,1
5692,820,378001,2013-07-11,2013-09-09,1
5693,820,4048171,1980-05-24,1980-05-25,1
5694,820,4294548,2010-05-08,2010-06-05,1
5695,821,260139,2014-12-24,2014-12-31,1
5696,821,4311629,1988-12-07,1988-12-08,1
5697,821,40481087,2011-10-15,2011-10-29,1
5698,822,40481087,2013-06-15,2013-07-06,1
5699,823,0,1968-04-28,1968-04-29,1
5700,823,372328,2016-12-09,2017-07-09,1
5701,823,4055754,2006-09-03,2006-09-04,1
5702,823,4059173,2011-07-20,2011-09-18,1
5703,823,4112343,2010-03-13,2010-03-22,1
5704,823,4112343,2016-02-20,2016-02-28,1
5705,823,4285898,2000-01-10,2000-01-11,1
5706,823,4311629,1981-12-20,1981-12-21,1
5707,824,28060,2012-08-12,2012-08-20,1
5708,824,257012,2017-02-12,2017-02-13,1
5709,824,316866,1984-04-22,1984-04-23,1
5710,824,436096,1990-03-15,1990-03-16,1
5711,824,4055754,1990-02-06,1990-02-07,1
5712,824,4112343,2012-10-22,2012-10-31,1
5713,824,4208104,1994-12-27,1994-12-28,1
5714,824,4294548,2016-12-11,2017-05-07,1
5715,824,4311629,1997-05-11,1997-05-12,1
5716,824,40481087,2010-05-29,2010-06-12,1
5717,824,40481087,2010-10-16,2010-11-06,1
5718,824,43530652,1990-06-18,1990-06-19,1
5719,825,192279,2018-09-08,2018-09-09,1
5720,825,201826,2015-09-05,2015-09-06,1
5721,825,316866,2008-08-23,2008-08-24,1
5722,825,436940,2018-09-08,2018-09-09,1
5723,825,443614,2018-09-08,2018-09-09,1
5724,825,4120314,2018-09-08,2018-09-09,1
5725,826,0,1959-06-15,1959-06-16,1
5726,826,81151,1957-10-06,1957-11-10,1
5727,826,192279,1952-05-19,1952-05-20,1
5728,826,201826,1950-10-02,1950-10-03,1
5729,826,316866,1950-10-02,1950-10-03,1
5730,826,317576,1950-10-02,1950-10-03,1
5731,826,321042,1959-06-15,1959-06-16,1
5732,826,436940,1952-05-19,1952-05-20,1
5733,826,443601,1954-02-08,1954-02-09,1
5734,826,443614,1952-05-19,1952-05-20,1
5735,826,4112343,1953-02-18,1953-03-01,1
5736,826,4120314,1952-05-19,1952-05-20,1
5737,826,4146173,1952-11-01,1952-12-31,1
5738,826,4214376,1952-05-19,1952-05-20,1
5739,826,4311629,1944-08-14,1944-08-15,1
5740,826,40481087,1956-08-06,1956-08-27,1
5741,826,45769905,1954-02-08,1954-02-09,1
5742,827,28060,2017-10-05,2017-10-18,1
5743,827,137613,2015-04-19,2015-05-03,1
5744,827,260139,2014-03-17,2014-03-24,1
5745,827,439393,2015-03-22,2015-04-19,1
5746,827,4112343,2015-12-01,2015-12-11,1
5747,827,4217975,2009-06-07,2010-01-03,1
5748,827,4217975,2011-02-27,2011-10-02,1
5749,827,4217975,2014-10-05,2015-05-03,1
5750,827,4217975,2017-04-23,2017-07-02,1
5751,827,4217975,2018-01-14,2018-02-04,1
5752,827,4217975,2018-09-02,2018-09-23,1
5753,828,0,1980-12-09,1980-12-10,1
5754,828,28060,2016-01-01,2016-01-09,1
5755,828,316866,1967-11-21,1967-11-22,1
5756,828,4112343,2015-11-19,2015-11-29,1
5757,828,4112343,2018-07-30,2018-08-07,1
5758,828,4311629,1988-07-19,1988-07-20,1
5759,829,0,1994-05-14,1994-05-15,1
5760,829,316866,1981-04-04,1981-04-05,1
5761,829,378001,2017-07-09,2017-08-08,1
5762,829,4112343,2012-10-14,2012-10-26,1
5763,829,4112343,2016-07-11,2016-07-19,1
5764,829,4156265,2016-06-30,2016-07-14,1
5765,829,4311629,2005-02-19,2005-02-20,1
5766,829,40486433,1965-02-15,1965-02-16,1
5767,830,0,1990-02-13,1990-02-14,1
5768,830,0,2007-12-18,2007-12-19,1
5769,830,313217,2016-12-13,2016-12-14,1
5770,830,432867,2011-12-27,2011-12-28,1
5771,830,4112343,2016-07-02,2016-07-14,1
5772,830,40481087,2016-10-25,2016-11-08,1
5773,831,0,1982-01-09,1982-01-10,1
5774,831,28060,2018-10-23,2018-11-02,1
5775,831,316866,1964-04-18,1964-04-19,1
5776,831,378001,2013-09-11,2013-11-10,1
5777,831,432867,2004-07-31,2004-08-01,1
5778,831,4078393,1980-10-11,1980-10-12,1
5779,831,4142905,2014-09-06,2014-11-05,1
5780,831,40479768,2017-10-20,2017-12-26,1
5781,831,40481087,2011-08-30,2011-09-20,1
5782,832,257012,2011-11-06,2011-11-07,1
5783,832,4112343,2010-03-16,2010-03-26,1
5784,832,4294548,2011-10-16,2012-02-05,1
5785,833,28060,2012-07-14,2012-07-26,1
5786,833,4112343,2013-03-25,2013-04-07,1
5787,833,4218389,2015-09-10,2015-10-01,1
5788,833,4311629,1991-04-18,1991-04-19,1
5789,833,40481087,2011-10-08,2011-10-29,1
5790,833,40481087,2016-01-13,2016-01-20,1
5791,833,40481087,2018-11-14,2018-11-21,1
5792,834,28060,2016-03-04,2016-03-16,1
5793,834,4112343,2012-06-14,2012-06-21,1
5794,834,4311629,1999-06-07,1999-06-08,1
5795,834,40481087,2010-12-16,2010-12-30,1
5796,834,40481087,2017-09-03,2017-09-24,1
5797,835,4311629,2016-06-23,2016-06-24,1
5798,835,40481087,2009-10-07,2009-10-28,1
5799,836,0,2000-04-17,2000-04-18,1
5800,836,28060,2015-04-21,2015-05-04,1
5801,836,81151,2016-04-19,2016-05-10,1
5802,836,260139,2016-04-27,2016-05-11,1
5803,836,260139,2017-04-17,2017-04-24,1
5804,836,260139,2017-07-28,2017-08-11,1
5805,836,432867,2007-05-10,2007-05-11,1
5806,836,4112343,2009-10-07,2009-10-16,1
5807,836,40481087,2017-08-30,2017-09-13,1
5808,837,0,2016-04-20,2016-04-21,1
5809,837,372328,2014-02-27,2016-04-20,1
5810,837,4112343,2009-04-19,2009-04-29,1
5811,837,4112343,2013-04-09,2013-04-19,1
5812,837,40481087,2011-05-02,2011-05-09,1
5813,838,81151,2016-04-11,2016-05-09,1
5814,838,372328,2014-09-19,2014-10-27,1
5815,838,372328,2016-07-18,2016-12-26,1
5816,839,0,2000-08-08,2000-08-09,1
5817,839,0,2015-06-09,2015-06-10,1
5818,839,28060,2013-11-24,2013-12-04,1
5819,839,316866,1993-07-27,1993-07-28,1
5820,839,4079750,2012-05-24,2012-05-25,1
5821,839,4142905,2010-02-11,2010-03-13,1
5822,839,4217975,2010-11-30,2011-06-28,1
5823,839,4217975,2012-01-17,2012-02-14,1
5824,839,4217975,2012-05-22,2012-12-18,1
5825,839,4217975,2013-08-27,2014-04-01,1
5826,839,4217975,2014-11-11,2015-06-09,1
5827,839,40481087,2010-09-06,2010-09-27,1
5828,840,0,1989-10-12,1989-10-13,1
5829,840,316866,1979-09-27,1979-09-28,1
5830,840,4112343,2011-04-16,2011-04-28,1
5831,840,4180790,2016-12-06,2018-12-02,1
5832,840,4285898,2015-10-06,2015-10-07,1
5833,840,37017023,2016-12-01,2016-12-02,1
5834,841,0,1947-01-06,1947-01-07,1
5835,841,192279,1957-06-17,1957-06-18,1
5836,841,201826,1957-01-28,1957-01-29,1
5837,841,313217,1974-04-15,1974-04-16,1
5838,841,381316,1987-05-11,1987-05-12,1
5839,841,436940,1957-06-17,1957-06-18,1
5840,841,443601,1957-12-16,1957-12-17,1
5841,841,443614,1957-06-17,1957-06-18,1
5842,841,4078393,1930-11-24,1930-11-25,1
5843,841,4079750,1961-08-04,1961-08-05,1
5844,841,4112343,1985-10-28,1985-11-06,1
5845,841,4120314,1957-06-17,1957-06-18,1
5846,841,4142905,1980-06-10,1980-09-08,1
5847,841,4180790,1986-03-04,1986-03-05,1
5848,841,4214376,1957-06-17,1957-06-18,1
5849,841,4285898,1978-08-13,1979-10-07,1
5850,841,4285898,1984-10-05,1984-10-06,1
5851,841,37017023,1986-02-27,1986-02-28,1
5852,841,45769905,1957-12-16,1957-12-17,1
5853,842,0,1970-12-04,1970-12-05,1
5854,842,0,1986-03-21,1986-03-22,1
5855,842,260139,2018-02-10,2018-02-24,1
5856,842,439777,1960-05-22,1960-05-23,1
5857,842,4078393,1963-09-06,1963-09-07,1
5858,843,0,1927-12-23,1927-12-24,1
5859,843,0,1950-08-25,1950-08-26,1
5860,843,81151,2017-06-01,2017-07-06,1
5861,843,257012,1980-10-20,1980-10-21,1
5862,843,313217,2002-09-20,2002-09-21,1
5863,843,316866,1934-10-05,1934-10-06,1
5864,843,321042,1927-12-23,1927-12-24,1
5865,843,381316,2002-05-10,2002-05-11,1
5866,843,4109685,2012-08-12,2012-08-26,1
5867,843,4311629,1960-08-05,1960-08-06,1
5868,843,40481087,2009-03-22,2009-04-05,1
5869,844,0,2013-09-10,2013-09-11,1
5870,844,0,2018-10-08,2018-10-09,1
5871,844,260139,2013-03-03,2013-03-10,1
5872,844,260139,2014-09-06,2014-09-13,1
5873,844,316866,1983-12-20,1983-12-21,1
5874,844,4112343,2014-09-13,2014-09-23,1
5875,844,4115276,2018-10-21,2018-10-22,1
5876,844,4152936,2012-04-01,2012-04-22,1
5877,844,4310703,2018-10-23,2018-10-24,1
5878,845,0,1963-01-11,1963-01-12,1
5879,845,0,1980-11-28,1980-11-29,1
5880,845,0,1996-03-08,1996-03-09,1
5881,845,28060,2011-01-19,2011-01-28,1
5882,845,321042,1963-01-11,1963-01-12,1
5883,845,4112343,2015-02-08,2015-02-21,1
5884,845,4294548,2013-04-07,2013-04-28,1
5885,846,0,1993-12-24,1993-12-25,1
5886,846,260139,2013-07-22,2013-07-29,1
5887,846,432867,1993-12-24,1993-12-25,1
5888,846,4112343,2012-08-17,2012-08-27,1
5889,846,4311629,2003-12-26,2003-12-27,1
5890,846,40481087,2013-02-04,2013-02-25,1
5891,846,40481087,2014-08-27,2014-09-17,1
5892,847,40481087,2011-01-16,2011-01-23,1
5893,847,40481087,2017-04-30,2017-05-14,1
5894,848,80502,2014-12-08,2014-12-09,1
5895,848,257012,1978-04-06,1978-04-07,1
5896,848,316866,1952-05-12,1952-05-13,1
5897,848,381316,2017-07-31,2017-08-01,1
5898,848,4134304,2018-12-21,2018-12-22,1
5899,848,4311629,1967-04-17,1967-04-18,1
5900,848,40480160,2018-12-21,2018-12-22,1
5901,848,40481087,2012-02-04,2012-02-18,1
5902,848,40481087,2012-11-22,2012-11-29,1
5903,849,0,1977-07-19,1977-07-20,1
5904,849,201826,1980-07-22,1980-07-23,1
5905,849,436940,1983-07-26,1983-07-27,1
5906,849,4112343,2012-03-22,2012-04-02,1
5907,849,4120314,1983-07-26,1983-07-27,1
5908,849,4214376,1983-07-26,1983-07-27,1
5909,849,4218389,2009-01-15,2009-02-12,1
5910,849,4226121,1980-07-22,1980-07-23,1
5911,849,4296205,2013-11-18,2013-12-02,1
5912,849,37016354,1986-07-29,1986-07-30,1
5913,849,40481087,2011-10-08,2011-10-15,1
5914,849,43530656,1986-07-29,1986-07-30,1
5915,849,43530685,2002-10-15,2002-10-16,1
5916,849,45770830,2011-02-15,2011-02-16,1
5917,850,0,1968-10-10,1968-10-11,1
5918,850,0,1974-11-14,1974-11-15,1
5919,850,28060,2014-11-07,2014-11-14,1
5920,850,78272,2013-08-14,2013-08-28,1
5921,850,4112343,2014-07-29,2014-08-08,1
5922,850,40481087,2014-02-08,2014-03-01,1
5923,851,28060,2011-07-19,2011-07-28,1
5924,851,28060,2011-09-27,2011-10-07,1
5925,851,436096,2015-06-24,2015-06-25,1
5926,851,4048171,2003-06-22,2003-06-23,1
5927,851,4051466,2004-06-21,2004-06-22,1
5928,851,4055754,2014-07-19,2014-07-20,1
5929,851,40481087,2009-06-03,2009-06-17,1
5930,851,40481087,2010-06-17,2010-07-08,1
5931,851,40481087,2011-03-12,2011-03-19,1
5932,851,40481087,2015-09-29,2015-10-06,1
5933,851,40481087,2017-07-06,2017-07-20,1
5934,851,43530652,2016-01-23,2016-01-24,1
5935,852,199076,2012-12-17,2012-12-18,1
5936,852,316866,2002-04-08,2002-04-09,1
5937,852,4078393,2012-08-27,2012-08-28,1
5938,852,4112343,2012-05-09,2012-05-20,1
5939,852,4217975,2012-08-27,2012-09-17,1
5940,852,4217975,2012-12-17,2013-07-29,1
5941,852,4217975,2014-01-13,2014-08-18,1
5942,852,4217975,2018-01-01,2018-08-13,1
5943,852,4311629,2012-07-02,2012-07-03,1
5944,853,260139,2013-01-29,2013-02-12,1
5945,853,372328,2010-09-11,2010-11-21,1
5946,853,372328,2013-07-08,2013-08-18,1
5947,853,372328,2014-06-14,2015-02-22,1
5948,853,372328,2015-05-23,2016-02-28,1
5949,854,0,1985-02-24,1985-02-25,1
5950,854,79740,2009-11-22,2011-10-07,1
5951,854,257012,1985-02-11,1985-02-12,1
5952,854,260139,2012-10-23,2012-11-06,1
5953,854,378001,2009-11-02,2010-01-01,1
5954,854,4079749,2010-06-12,2010-06-13,1
5955,854,4285898,2008-06-25,2008-06-26,1
5956,854,37017023,2009-11-17,2009-11-18,1
5957,855,0,1961-07-11,1961-07-12,1
5958,855,0,1992-09-22,1992-09-23,1
5959,855,78272,2012-05-21,2012-06-04,1
5960,855,258780,1983-09-13,1983-09-14,1
5961,855,316866,1979-09-04,1979-09-05,1
5962,855,432867,2015-07-14,2015-07-15,1
5963,855,4029498,1961-07-11,1961-07-12,1
5964,855,4079750,2010-06-29,2010-06-30,1
5965,855,4112343,2011-02-03,2011-02-16,1
5966,855,4152936,2016-04-14,2016-04-28,1
5967,855,4294548,2012-11-03,2012-12-08,1
5968,855,4311629,2005-03-01,2005-03-02,1
5969,855,40481087,2009-05-07,2009-05-14,1
5970,856,0,1981-06-20,1981-06-21,1
5971,856,192279,1999-06-12,1999-06-13,1
5972,856,201826,1993-10-16,1993-10-17,1
5973,856,257012,1992-12-01,1992-12-02,1
5974,856,260139,2012-09-25,2012-10-09,1
5975,856,432867,1998-06-06,1998-06-07,1
5976,856,436940,1995-10-21,1995-10-22,1
5977,856,439777,1977-05-23,1977-05-24,1
5978,856,443614,1999-06-12,1999-06-13,1
5979,856,4078393,1965-12-18,1965-12-19,1
5980,856,4112343,2018-06-14,2018-06-23,1
5981,856,4120314,1995-10-21,1995-10-22,1
5982,856,4214376,1995-10-21,1995-10-22,1
5983,856,4285898,1997-05-31,1997-06-01,1
5984,856,40481087,2012-02-17,2012-03-09,1
5985,856,40481087,2014-05-04,2014-05-25,1
5986,856,40481087,2015-12-25,2016-01-08,1
5987,857,260139,2010-12-07,2010-12-21,1
5988,857,260139,2015-07-16,2015-07-30,1
5989,857,4112343,2016-05-30,2016-06-09,1
5990,857,4311629,2001-07-29,2001-07-30,1
5991,857,40481087,2009-03-23,2009-03-30,1
5992,857,40481087,2010-04-29,2010-05-20,1
5993,858,137613,2016-01-08,2016-01-22,1
5994,858,316866,2001-02-02,2001-02-03,1
5995,858,4217975,2015-06-26,2016-01-22,1
5996,858,4217975,2017-01-13,2017-08-25,1
5997,858,40481087,2017-04-17,2017-05-08,1
5998,858,40481087,2018-03-12,2018-03-19,1
5999,859,0,1997-03-16,1997-03-17,1
6000,859,0,2012-05-13,2012-05-14,1
6001,859,260139,2016-02-11,2016-02-18,1
6002,859,260139,2016-06-18,2016-07-02,1
6003,859,313217,2018-02-25,2018-02-26,1
6004,859,316866,1987-03-01,1987-03-02,1
6005,859,4078393,1996-03-10,1996-03-11,1
6006,859,4217975,2012-07-08,2013-02-10,1
6007,860,260139,2009-01-05,2009-01-19,1
6008,860,316866,2017-03-02,2017-03-03,1
6009,861,0,2008-05-27,2008-05-28,1
6010,861,260139,2011-10-19,2011-10-26,1
6011,861,440448,2008-05-27,2008-05-28,1
6012,861,4112343,2013-01-10,2013-01-22,1
6013,862,260139,2016-07-01,2016-07-15,1
6014,862,4134304,2018-01-20,2018-02-19,1
6015,863,260139,2011-07-17,2011-07-31,1
6016,863,260139,2017-03-25,2017-04-08,1
6017,863,4311629,2013-08-26,2013-08-27,1
6018,863,40481087,2010-04-30,2010-05-14,1
6019,863,40481087,2012-04-10,2012-04-24,1
6020,863,40481087,2015-01-16,2015-02-06,1
6021,863,40481087,2016-09-03,2016-09-24,1
6022,864,260139,2009-04-04,2009-04-18,1
6023,864,260139,2015-03-19,2015-04-02,1
6024,864,372328,2010-03-20,2010-04-24,1
6025,864,4112343,2016-11-23,2016-12-04,1
6026,864,4280726,2008-06-04,2008-06-05,1
6027,864,40481087,2015-05-23,2015-06-13,1
6028,865,0,2002-11-15,2002-11-16,1
6029,865,28060,2016-04-18,2016-04-26,1
6030,865,81151,2015-03-06,2015-03-20,1
6031,865,4294548,2011-11-23,2011-12-14,1
6032,865,4311629,2016-04-22,2016-04-23,1
6033,865,40481087,2009-12-07,2009-12-28,1
6034,865,40481087,2014-10-04,2014-10-11,1
6035,866,0,1988-11-27,1988-11-28,1
6036,866,80502,2017-02-05,2017-02-06,1
6037,866,316866,1975-02-02,1975-02-03,1
6038,866,4311629,1999-08-29,1999-08-30,1
6039,867,0,1985-07-06,1985-07-07,1
6040,867,0,1998-10-03,1998-10-04,1
6041,867,79740,2017-01-31,2017-02-01,1
6042,867,257012,1957-11-14,1957-11-15,1
6043,867,316866,1969-08-02,1969-08-03,1
6044,867,317576,1976-08-14,1976-08-15,1
6045,867,4048171,1953-09-15,1953-09-16,1
6046,867,4285898,2015-09-06,2015-09-07,1
6047,867,37017023,2017-01-28,2017-01-29,1
6048,867,40481087,2013-08-10,2013-08-17,1
6049,868,0,2006-04-03,2006-04-04,1
6050,868,316866,1981-02-23,1981-02-24,1
6051,868,40481087,2012-10-31,2012-11-21,1
6052,869,260139,2009-06-29,2009-07-06,1
6053,869,316866,2016-06-30,2016-07-01,1
6054,869,4048171,2002-04-15,2017-04-13,1
6055,869,4217975,2017-11-09,2018-06-14,1
6056,869,40481087,2009-06-19,2009-07-03,1
6057,869,40481087,2009-12-05,2009-12-19,1
6058,869,40481087,2011-05-22,2011-06-05,1
6059,869,40481087,2012-01-07,2012-01-21,1
6060,870,200970,1971-07-05,1971-07-06,1
6061,870,4079750,1953-09-15,1953-09-16,1
6062,870,4109685,1968-05-13,1968-06-03,1
6063,870,4112343,1967-10-27,1967-11-03,1
6064,870,4112343,1968-06-04,1968-06-11,1
6065,870,4112343,1973-10-15,1973-10-27,1
6066,870,4129902,1971-07-05,1971-07-06,1
6067,870,4152280,1929-11-11,1929-11-12,1
6068,870,4311629,1939-01-16,1939-01-17,1
6069,870,40481087,1973-01-25,1973-02-08,1
6070,871,4059173,2017-01-08,2017-02-07,1
6071,871,40481087,2015-07-25,2015-08-08,1
6072,872,0,2012-01-29,2012-01-30,1
6073,872,137613,2010-06-27,2010-07-11,1
6074,872,257012,1992-07-23,2012-10-11,1
6075,872,260139,2018-12-01,2018-12-08,1
6076,872,316866,2001-10-28,2001-10-29,1
6077,872,378001,2013-11-01,2013-12-01,1
6078,872,439393,2014-03-16,2014-04-27,1
6079,872,4048171,1986-05-28,1986-05-29,1
6080,872,4217975,2009-12-13,2010-07-11,1
6081,872,4217975,2013-09-29,2014-04-27,1
6082,872,4283893,2012-08-02,2012-10-11,1
6083,873,0,1983-06-24,1983-06-25,1
6084,873,0,2004-02-27,2004-02-28,1
6085,873,81151,2015-05-10,2015-06-07,1
6086,873,4112343,2017-12-26,2018-01-08,1
6087,873,40481087,2012-10-15,2012-11-05,1
6088,874,28060,2012-06-18,2012-06-29,1
6089,874,372328,2009-05-21,2009-09-07,1
6090,874,4112343,2012-04-06,2012-04-17,1
6091,874,4112343,2016-08-11,2016-08-23,1
6092,874,4112343,2016-10-26,2016-11-08,1
6093,874,4112343,2018-03-04,2018-03-13,1
6094,874,40481087,2014-07-03,2014-07-17,1
6095,875,0,2006-10-25,2006-10-26,1
6096,875,260139,2009-11-09,2009-11-16,1
6097,875,40481087,2016-02-15,2016-02-29,1
6098,875,40481087,2016-09-01,2016-09-15,1
6099,876,28060,2014-02-22,2014-03-03,1
6100,876,81151,2013-04-11,2013-05-16,1
6101,876,260139,2010-06-27,2010-07-04,1
6102,876,4112343,2009-10-02,2009-10-14,1
6103,876,4112343,2016-05-22,2016-06-03,1
6104,876,40481087,2013-08-14,2013-08-28,1
6105,877,260139,2013-12-15,2013-12-22,1
6106,877,372328,2016-07-15,2017-01-07,1
6107,878,0,1992-07-02,1992-07-03,1
6108,878,0,2004-02-15,2004-02-16,1
6109,878,440448,1992-07-02,1992-07-03,1
6110,878,4278672,2010-07-04,2010-08-03,1
6111,878,40481087,2012-10-04,2012-10-18,1
6112,878,40481087,2015-10-09,2015-10-23,1
6113,879,28060,2013-03-09,2013-03-18,1
6114,879,28060,2014-02-15,2014-02-26,1
6115,879,260139,2015-09-12,2015-09-26,1
6116,879,4048171,2004-02-23,2004-02-24,1
6117,879,4142905,2009-04-25,2009-06-24,1
6118,879,4217975,2018-10-10,2018-10-11,1
6119,879,40481087,2018-08-14,2018-08-28,1
6120,880,0,1956-10-18,1956-10-19,1
6121,880,0,1977-12-31,1978-01-01,1
6122,880,200970,1976-08-26,1976-08-27,1
6123,880,260139,1971-03-11,1971-03-25,1
6124,880,260139,1975-03-09,1975-03-23,1
6125,880,260139,1975-08-10,1975-08-17,1
6126,880,4112343,1977-06-09,1977-06-16,1
6127,880,4115276,1978-01-06,1978-01-07,1
6128,880,4129902,1976-08-26,1976-08-27,1
6129,880,4218106,1954-10-14,1954-10-15,1
6130,880,4278672,1975-09-22,1975-12-21,1
6131,880,4285898,1974-10-06,1975-11-30,1
6132,880,4285898,1980-11-28,1980-11-29,1
6133,880,4310703,1978-01-07,1978-01-08,1
6134,881,0,1992-01-15,1992-01-16,1
6135,881,257012,2016-03-25,2016-04-08,1
6136,881,372328,2009-10-29,2010-03-10,1
6137,881,380378,1992-03-04,1992-03-05,1
6138,881,4029498,1992-01-15,1992-01-16,1
6139,881,4112343,2012-02-28,2012-03-07,1
6140,881,4134304,2013-06-23,2013-09-21,1
6141,881,4283893,2016-01-29,2016-04-08,1
6142,881,4296205,2018-08-26,2018-09-09,1
6143,882,28060,2013-12-25,2014-01-04,1
6144,882,201826,2017-02-09,2017-02-10,1
6145,882,4217975,2011-07-21,2012-02-23,1
6146,882,4217975,2014-11-06,2015-06-18,1
6147,882,4217975,2015-11-26,2016-06-30,1
6148,882,4226121,2017-02-09,2017-02-10,1
6149,883,81151,2017-11-18,2017-12-09,1
6150,883,378001,2012-12-14,2013-01-13,1
6151,884,0,1934-03-09,1934-03-10,1
6152,884,0,1952-11-21,1952-11-22,1
6153,884,80502,1988-01-15,1988-01-16,1
6154,884,192279,1956-08-03,1956-08-04,1
6155,884,201826,1956-08-03,1956-08-04,1
6156,884,257012,1949-11-10,1949-11-11,1
6157,884,260139,2013-01-11,2013-01-18,1
6158,884,316866,1956-08-03,1956-08-04,1
6159,884,381316,1986-07-11,1986-07-12,1
6160,884,436940,1957-09-27,1957-09-28,1
6161,884,443597,1957-11-29,1957-11-30,1
6162,884,443601,1956-08-03,1956-08-04,1
6163,884,4078393,1945-01-19,1945-01-20,1
6164,884,4112343,2013-09-02,2013-09-14,1
6165,884,4112343,2015-09-07,2015-09-14,1
6166,884,4120314,1957-09-27,1957-09-28,1
6167,884,4214376,1957-09-27,1957-09-28,1
6168,884,4283893,2018-08-05,2018-10-07,1
6169,884,4311629,1957-11-29,1957-11-30,1
6170,884,40481087,2014-12-07,2014-12-21,1
6171,884,40481087,2016-08-19,2016-09-09,1
6172,884,45757499,1957-11-29,1957-11-30,1
6173,884,45769905,1956-08-03,1956-08-04,1
6174,885,0,2007-06-03,2007-06-04,1
6175,885,260139,2010-07-10,2010-07-17,1
6176,885,4078393,2009-02-08,2009-02-09,1
6177,885,4079750,2005-05-27,2005-05-28,1
6178,885,4112343,2012-03-27,2012-04-08,1
6179,885,4112343,2013-09-02,2013-09-11,1
6180,885,4217975,2009-02-08,2009-02-15,1
6181,885,4217975,2011-03-13,2011-03-27,1
6182,885,4217975,2011-08-07,2011-09-04,1
6183,885,4262136,2011-03-13,2011-03-27,1
6184,885,40318618,2009-02-08,2009-02-15,1
6185,886,0,2000-01-01,2000-01-02,1
6186,886,0,2017-06-03,2017-06-04,1
6187,886,316866,1996-08-10,1996-08-11,1
6188,886,372328,1978-09-05,1978-12-16,1
6189,886,372328,2018-04-20,2018-04-21,1
6190,886,436096,1995-03-28,1995-03-29,1
6191,886,4055754,1992-05-11,1992-05-12,1
6192,886,4112343,2014-05-26,2014-06-07,1
6193,886,4208104,1999-10-06,1999-10-07,1
6194,886,43530652,1992-07-17,1992-07-18,1
6195,887,260139,2017-10-04,2017-10-11,1
6196,887,372328,2017-10-03,2018-01-24,1
6197,887,4084167,2015-10-14,2015-10-14,1
6198,887,4112343,2014-10-20,2014-11-01,1
6199,887,4280726,2016-08-26,2016-08-27,1
6200,887,40481087,2015-04-24,2015-05-01,1
6201,887,40481087,2016-02-02,2016-02-16,1
6202,887,40481087,2018-02-13,2018-03-06,1
6203,888,0,2003-12-16,2003-12-17,1
6204,888,260139,2011-07-27,2011-08-03,1
6205,888,260139,2014-01-21,2014-02-04,1
6206,888,372328,2015-11-18,2016-02-12,1
6207,888,440448,2003-12-16,2003-12-17,1
6208,888,4112343,2012-01-02,2012-01-13,1
6209,888,40481087,2016-06-18,2016-06-25,1
6210,889,0,2014-07-16,2014-07-17,1
6211,889,257012,2005-08-30,2005-08-31,1
6212,889,260139,2014-07-05,2014-07-19,1
6213,889,316866,1988-12-21,1988-12-22,1
6214,889,4078393,2010-03-17,2010-03-18,1
6215,889,4217975,2010-03-17,2010-03-31,1
6216,889,4217975,2012-12-05,2013-07-10,1
6217,889,4217975,2014-04-23,2014-11-26,1
6218,889,4217975,2017-10-25,2017-11-15,1
6219,889,40318618,2010-03-17,2010-03-31,1
6220,889,40481087,2009-05-16,2009-05-30,1
6221,889,40481087,2016-08-30,2016-09-06,1
6222,891,4112343,2017-07-27,2017-08-04,1
6223,891,4112343,2018-11-28,2018-12-08,1
6224,891,4113008,2011-04-26,2011-05-10,1
6225,891,40481087,2016-01-21,2016-02-11,1
6226,891,40481087,2016-03-17,2016-04-07,1
6227,891,40481087,2017-03-10,2017-03-24,1
6228,892,0,2014-09-16,2014-09-17,1
6229,892,4078393,2011-05-10,2011-05-11,1
6230,892,4079749,2014-09-03,2014-09-04,1
6231,892,4112343,2011-11-23,2011-12-05,1
6232,892,4112343,2016-05-15,2016-05-25,1
6233,892,4217975,2009-09-15,2010-04-27,1
6234,892,4217975,2011-05-10,2011-05-17,1
6235,892,4262136,2011-05-10,2011-05-17,1
6236,892,4311629,2017-09-19,2017-09-20,1
6237,893,0,2018-09-09,2018-09-10,1
6238,893,257012,2005-04-02,2005-04-03,1
6239,893,317576,2002-10-20,2002-10-21,1
6240,893,4112343,2013-01-06,2013-01-14,1
6241,893,4329847,2018-09-09,2018-09-10,1
6242,894,81151,2009-03-10,2009-03-31,1
6243,894,316866,2018-11-17,2018-11-18,1
6244,894,372328,2014-09-24,2014-10-25,1
6245,894,4134304,2013-05-09,2013-08-07,1
6246,894,40481087,2016-06-06,2016-06-20,1
6247,894,40481087,2017-02-21,2017-02-28,1
6248,895,0,1985-12-23,1985-12-24,1
6249,895,260139,2011-04-25,2011-05-02,1
6250,895,313217,2012-07-23,2012-07-24,1
6251,895,317576,2016-08-15,2016-08-16,1
6252,895,432867,2007-06-25,2007-06-26,1
6253,895,4079750,1995-04-10,1995-04-11,1
6254,896,81151,2013-12-30,2014-02-03,1
6255,896,201826,2009-10-25,2009-10-26,1
6256,896,257012,2010-04-05,2010-04-06,1
6257,896,260139,2018-07-25,2018-08-08,1
6258,896,316866,2002-07-14,2002-07-15,1
6259,896,436940,2010-07-18,2010-07-19,1
6260,896,4112343,2011-10-31,2011-11-09,1
6261,896,4120314,2010-04-18,2010-04-19,1
6262,896,4283893,2010-03-15,2010-11-22,1
6263,896,4283893,2014-07-27,2014-12-07,1
6264,896,4311629,2006-10-22,2006-10-23,1
6265,896,37016354,2014-11-09,2014-11-10,1
6266,896,40481087,2011-10-25,2011-11-01,1
6267,896,40481087,2017-10-28,2017-11-18,1
6268,896,40486433,1986-04-29,1986-04-30,1
6269,897,257012,2017-08-02,2017-08-03,1
6270,897,260139,2011-01-31,2011-02-07,1
6271,897,4112343,2009-02-10,2009-02-18,1
6272,897,4283893,2017-06-28,2018-01-24,1
6273,897,40481087,2010-06-04,2010-06-11,1
6274,897,40481087,2011-11-12,2011-11-19,1
6275,898,0,2004-08-15,2004-08-16,1
6276,898,260139,2013-11-10,2013-11-17,1
6277,898,321042,2004-08-15,2004-08-16,1
6278,898,432867,2017-12-10,2017-12-11,1
6279,898,4311629,1980-01-13,1980-01-14,1
6280,898,40481087,2011-02-08,2011-03-01,1
6281,898,40481087,2011-07-05,2011-07-12,1
6282,898,40481087,2013-07-07,2013-07-21,1
6283,899,316866,2004-08-11,2004-08-12,1
6284,900,0,1992-08-11,1992-08-12,1
6285,900,0,2013-07-16,2013-07-17,1
6286,900,4155034,2012-04-19,2012-05-10,1
6287,900,4311629,2018-01-09,2018-01-10,1
6288,900,40481087,2009-01-28,2009-02-11,1
6289,900,40481087,2016-07-13,2016-07-20,1
6290,901,260139,2011-05-30,2011-06-13,1
6291,901,432867,2003-08-20,2003-08-21,1
6292,901,4078393,1999-09-29,1999-09-30,1
6293,901,4311629,1981-10-07,1981-10-08,1
6294,901,40481087,2014-05-28,2014-06-04,1
6295,902,0,1986-08-15,1986-08-16,1
6296,902,0,1993-09-17,1993-09-18,1
6297,902,440448,1986-08-15,1986-08-16,1
6298,902,4112343,2017-10-04,2017-10-14,1
6299,902,4283893,2013-04-12,2013-06-07,1
6300,902,40481087,2015-04-04,2015-04-11,1
6301,902,40481087,2018-10-31,2018-11-14,1
6302,903,201826,2005-06-13,2005-06-14,1
6303,903,257012,1998-11-23,1998-11-24,1
6304,903,316866,1987-10-19,1987-10-20,1
6305,903,436096,1991-02-17,1991-02-18,1
6306,903,436940,2008-06-16,2008-06-17,1
6307,903,4055754,1990-01-31,1990-02-01,1
6308,903,4112343,2017-03-07,2017-03-14,1
6309,903,4120314,2008-06-16,2008-06-17,1
6310,903,4208104,2011-10-04,2011-10-05,1
6311,903,4214376,2016-12-26,2016-12-27,1
6312,903,4294548,2012-05-19,2012-06-02,1
6313,903,4311629,2016-12-26,2016-12-27,1
6314,903,40481087,2014-06-29,2014-07-20,1
6315,903,40481087,2016-12-14,2016-12-28,1
6316,903,43530652,1990-08-02,1990-08-03,1
6317,904,0,1995-06-24,1995-06-25,1
6318,904,0,1996-06-22,1996-06-23,1
6319,904,0,2013-07-27,2013-07-28,1
6320,904,257012,1984-11-02,1984-11-03,1
6321,904,321042,1996-06-22,1996-06-23,1
6322,904,439393,2014-11-29,2015-01-24,1
6323,904,4217975,2009-04-18,2009-11-21,1
6324,904,4217975,2014-06-14,2015-01-24,1
6325,904,40481087,1992-05-29,1992-06-19,1
6326,904,40481087,2019-01-05,2019-01-06,1
6327,905,0,2017-10-27,2017-10-28,1
6328,905,28060,2015-11-21,2015-11-30,1
6329,905,81151,2015-09-20,2015-10-04,1
6330,905,316866,2000-06-09,2000-06-10,1
6331,905,436096,1999-05-04,1999-05-05,1
6332,905,4112343,2017-10-24,2017-10-31,1
6333,905,40481087,2016-09-29,2016-10-13,1
6334,906,0,2008-11-07,2008-11-08,1
6335,906,28060,2012-07-08,2012-07-16,1
6336,906,257012,2001-06-08,2001-06-09,1
6337,906,316866,2008-11-07,2008-11-08,1
6338,906,4084167,2012-09-03,2012-09-03,1
6339,906,4112343,2012-04-27,2012-05-06,1
6340,906,40481087,2010-04-06,2010-04-27,1
6341,906,40481087,2012-04-24,2012-05-15,1
6342,907,372328,2017-02-07,2017-03-24,1
6343,908,372328,2017-07-12,2017-09-23,1
6344,908,372328,2018-11-17,2018-11-18,1
6345,909,0,1987-02-12,1987-02-13,1
6346,909,28060,2010-02-19,2010-02-27,1
6347,909,260139,2016-04-24,2016-05-01,1
6348,910,0,2002-12-12,2002-12-13,1
6349,910,28060,2012-07-09,2012-07-20,1
6350,910,260139,2013-01-23,2013-02-06,1
6351,910,440448,2002-12-12,2002-12-13,1
6352,910,4112343,2014-11-11,2014-11-19,1
6353,910,4112343,2017-01-09,2017-01-20,1
6354,910,4113008,2016-10-02,2016-10-16,1
6355,910,4166224,2002-12-12,2002-12-13,1
6356,910,40481087,2015-12-14,2015-12-21,1
6357,911,316866,1963-02-19,1963-02-20,1
6358,911,378419,2017-08-15,2017-08-16,1
6359,911,4230399,2012-02-24,2012-05-24,1
6360,911,4278672,2015-02-08,2015-05-09,1
6361,911,4311629,1994-04-05,1994-04-06,1
6362,911,40481087,2009-08-18,2009-09-01,1
6363,912,0,2012-12-28,2012-12-29,1
6364,912,81151,2013-03-20,2013-04-10,1
6365,912,81151,2015-01-30,2015-03-06,1
6366,912,316866,2003-03-19,2003-03-20,1
6367,912,440448,2012-12-28,2012-12-29,1
6368,912,4112343,2016-11-27,2016-12-06,1
6369,912,4112343,2017-01-08,2017-01-20,1
6370,912,40481087,2011-04-21,2011-04-28,1
6371,913,0,1997-10-13,1997-10-14,1
6372,913,316866,1978-09-18,1978-09-19,1
6373,913,4078393,1991-01-21,1991-01-22,1
6374,913,40481087,2013-12-15,2014-01-05,1
6375,914,4217975,2012-12-22,2013-01-05,1
6376,914,4217975,2013-09-28,2013-10-12,1
6377,914,4217975,2014-03-22,2014-04-12,1
6378,914,4218389,2013-08-28,2013-10-02,1
6379,914,40481087,2012-10-22,2012-11-05,1
6380,914,40486433,1996-08-29,2010-08-28,1
6381,915,260139,2010-10-23,2010-11-06,1
6382,915,316866,2005-11-15,2005-11-16,1
6383,915,4112343,2016-07-24,2016-08-04,1
6384,915,4217975,2010-02-23,2010-09-28,1
6385,915,4217975,2017-01-31,2017-09-05,1
6386,915,40481087,2016-05-16,2016-05-23,1
6387,916,0,1987-08-16,1987-08-17,1
6388,916,0,1996-04-07,1996-04-08,1
6389,916,375671,2014-09-18,2014-10-18,1
6390,916,4112343,2017-07-08,2017-07-21,1
6391,916,4217975,2014-08-31,2015-04-05,1
6392,916,4311629,2008-05-18,2008-05-19,1
6393,917,0,1980-12-12,1980-12-13,1
6394,917,81151,2015-04-26,2015-05-31,1
6395,917,257012,1965-03-13,1965-03-14,1
6396,917,378001,2012-09-08,2012-11-07,1
6397,917,40481087,2018-04-23,2018-05-07,1
6398,918,28060,2000-11-06,2000-11-18,1
6399,918,81151,2004-03-22,2004-04-05,1
6400,918,257012,1989-07-19,1989-10-18,1
6401,918,257012,2000-02-03,2000-02-04,1
6402,918,258780,1983-08-17,1983-08-18,1
6403,918,260139,1960-10-25,1960-11-01,1
6404,918,260139,1987-04-29,1987-05-06,1
6405,918,260139,2005-08-02,2005-08-03,1
6406,918,316866,1976-08-04,1976-08-05,1
6407,918,432867,2005-08-10,2005-08-11,1
6408,918,4218389,1996-02-12,1996-03-04,1
6409,918,4294548,1999-12-30,2000-02-24,1
6410,918,4311629,1986-08-20,1986-08-21,1
6411,919,81151,2014-07-05,2014-08-09,1
6412,919,199076,2008-07-18,2008-07-19,1
6413,919,260139,2009-05-10,2009-05-24,1
6414,919,260139,2013-08-03,2013-08-10,1
6415,919,375671,2010-09-03,2010-10-03,1
6416,919,4078393,2001-10-19,2001-10-20,1
6417,919,4109685,2013-08-18,2013-09-08,1
6418,919,4112343,2013-02-04,2013-02-14,1
6419,919,4217975,2008-07-18,2009-02-13,1
6420,919,4217975,2012-12-14,2013-07-19,1
6421,919,4217975,2017-07-21,2017-07-28,1
6422,919,4283893,2018-03-17,2018-03-31,1
6423,919,4311629,1992-07-17,1992-07-18,1
6424,919,40318618,2017-07-21,2017-07-28,1
6425,920,260139,2010-09-07,2010-09-14,1
6426,920,4217975,2013-07-03,2013-07-24,1
6427,920,4217975,2016-07-27,2017-02-22,1
6428,921,0,1990-09-07,1990-09-08,1
6429,921,4311629,1993-03-05,1993-03-06,1
6430,922,0,1933-10-09,1933-10-10,1
6431,922,0,1952-01-28,1952-01-29,1
6432,922,78272,1988-02-20,1988-03-05,1
6433,922,80502,1988-11-21,1988-11-22,1
6434,922,199076,1957-06-17,1957-06-18,1
6435,922,378419,1984-10-29,1984-10-30,1
6436,922,4078393,1955-05-16,1955-05-17,1
6437,922,4112343,1982-12-11,1982-12-20,1
6438,922,4278672,1986-03-02,1986-04-01,1
6439,922,4311629,1955-10-24,1955-10-25,1
6440,922,40481087,1984-03-17,1984-03-24,1
6441,923,316866,1968-05-03,1968-05-04,1
6442,923,4078393,1978-07-07,1978-07-08,1
6443,923,4142905,2018-09-09,2018-10-09,1
6444,923,4146173,2010-09-21,2010-10-21,1
6445,923,4283893,1965-07-27,1965-08-24,1
6446,923,4283893,2018-12-23,2018-12-24,1
6447,923,4311629,1981-05-22,1981-05-23,1
6448,923,40481087,2013-05-03,2013-05-24,1
6449,923,40481087,2016-11-12,2016-11-26,1
6450,924,260139,2014-05-27,2014-06-03,1
6451,924,316866,2004-05-01,2004-05-02,1
6452,924,4112343,2015-08-11,2015-08-24,1
6453,924,4217975,2008-12-27,2009-08-08,1
6454,924,4217975,2011-06-11,2012-01-28,1
6455,924,4217975,2013-07-20,2014-02-22,1
6456,924,4217975,2015-12-19,2016-01-02,1
6457,924,4217975,2016-04-30,2016-11-26,1
6458,924,4217975,2017-07-15,2018-02-24,1
6459,924,40481087,2011-10-04,2011-10-18,1
6460,924,40481087,2013-08-15,2013-08-22,1
6461,925,28060,2011-01-14,2011-01-21,1
6462,925,28060,2013-11-09,2013-11-20,1
6463,925,260139,2010-03-21,2010-04-04,1
6464,925,372328,2008-07-16,2009-03-12,1
6465,925,372328,2010-02-05,2010-03-18,1
6466,925,40481087,2014-03-23,2014-04-06,1
6467,925,40481087,2014-10-11,2014-11-01,1
6468,926,0,1957-12-23,1957-12-24,1
6469,926,0,1975-06-16,1975-06-17,1
6470,926,317009,1983-03-21,1983-03-22,1
6471,927,0,1985-10-17,1985-10-18,1
6472,927,28060,2014-11-23,2014-12-04,1
6473,927,197500,2013-01-15,2013-01-16,1
6474,927,260139,2011-05-04,2011-05-11,1
6475,927,378419,2012-10-04,2012-10-05,1
6476,927,432867,2002-01-17,2002-01-18,1
6477,927,4079749,1973-08-11,1973-08-12,1
6478,927,4112343,2012-04-11,2012-04-24,1
6479,927,4112343,2012-08-24,2012-09-02,1
6480,927,4285898,1991-08-20,1993-01-11,1
6481,927,4285898,2013-01-06,2013-01-07,1
6482,927,40481087,2012-10-05,2012-10-12,1
6483,928,4112343,2015-10-14,2015-10-26,1
6484,928,40481087,2017-04-08,2017-04-15,1
6485,929,4112343,2016-01-25,2016-02-02,1
6486,930,4280726,2018-10-09,2018-10-10,1
6487,930,40481087,2016-03-02,2016-03-09,1
6488,931,0,1993-06-23,1993-06-24,1
6489,931,0,2009-04-29,2009-04-30,1
6490,931,81151,2012-07-02,2012-08-06,1
6491,931,195588,2010-04-16,2010-05-24,1
6492,931,195588,2016-05-22,2016-07-09,1
6493,931,257012,1973-05-22,1973-05-23,1
6494,931,4078393,2006-05-17,2006-05-18,1
6495,931,4132546,1973-08-30,1973-08-31,1
6496,931,4155034,2010-08-28,2010-09-11,1
6497,931,40481087,2018-09-27,2018-10-18,1
6498,932,260139,2011-08-06,2011-08-20,1
6499,932,260139,2018-07-26,2018-08-09,1
6500,932,316866,2013-08-30,2013-08-31,1
6501,932,40481087,2010-03-21,2010-03-28,1
6502,933,0,1951-09-22,1951-09-23,1
6503,933,0,1968-11-09,1968-11-10,1
6504,933,0,1988-02-20,1988-02-21,1
6505,933,81151,2011-04-22,2011-05-20,1
6506,933,257012,1983-05-16,1983-05-17,1
6507,933,380378,1952-09-06,1952-09-07,1
6508,933,4029498,1951-09-22,1951-09-23,1
6509,933,4055754,2005-11-25,2005-11-26,1
6510,933,4112343,2014-08-13,2014-08-25,1
6511,933,4208104,2008-09-27,2008-09-28,1
6512,933,4311629,1991-02-23,1991-02-24,1
6513,933,40481087,2009-12-24,2009-12-31,1
6514,933,40481087,2018-02-25,2018-03-18,1
6515,934,0,2010-01-30,2010-01-31,1
6516,934,257012,2001-12-20,2001-12-21,1
6517,934,378001,2012-09-24,2012-10-24,1
6518,934,440448,2010-01-30,2010-01-31,1
6519,934,4112343,2013-10-05,2013-10-12,1
6520,934,4112343,2017-04-27,2017-05-08,1
6521,934,4217975,2018-07-30,2018-07-31,1
6522,935,0,2008-06-10,2008-06-11,1
6523,935,316866,1992-11-24,1992-11-25,1
6524,935,375671,2015-12-03,2016-01-02,1
6525,935,4079750,2006-09-23,2006-09-24,1
6526,935,40481087,2014-10-22,2014-10-29,1
6527,935,40481087,2018-04-20,2018-04-27,1
6528,936,28060,2013-01-14,2013-01-24,1
6529,936,81151,2011-02-07,2011-02-28,1
6530,936,260139,2009-11-15,2009-11-29,1
6531,936,436096,2009-08-03,2009-08-04,1
6532,936,4055754,2010-09-14,2010-09-15,1
6533,936,4208104,2012-08-29,2012-08-30,1
6534,936,40481087,2018-09-11,2018-09-18,1
6535,936,43530652,2010-07-25,2010-07-26,1
6536,937,0,1944-08-30,1944-08-31,1
6537,937,0,1963-04-24,1963-04-25,1
6538,937,0,1980-09-10,1980-09-11,1
6539,937,0,2006-11-12,2006-11-13,1
6540,937,200970,2002-12-04,2002-12-05,1
6541,937,260139,2002-01-31,2002-02-07,1
6542,937,260139,2008-11-03,2008-11-10,1
6543,937,260139,2009-04-08,2009-04-22,1
6544,937,316866,1952-10-15,1952-10-16,1
6545,937,4109685,2001-03-13,2001-03-27,1
6546,937,4110591,2006-11-22,2006-11-23,1
6547,937,4112343,2002-03-27,2002-04-08,1
6548,937,4112343,2009-09-02,2009-09-14,1
6549,937,4112343,2010-07-12,2010-07-19,1
6550,937,4129902,2002-12-04,2002-12-05,1
6551,937,4155034,2010-06-08,2010-06-29,1
6552,937,4285898,2005-10-11,2007-02-03,1
6553,937,4294548,2005-06-12,2005-06-19,1
6554,937,37395648,2006-11-23,2006-11-24,1
6555,938,0,1997-08-16,1997-08-17,1
6556,938,28060,2012-12-20,2012-12-27,1
6557,938,257012,2006-11-29,2006-11-30,1
6558,938,440448,1997-08-16,1997-08-17,1
6559,938,4166224,1997-08-16,1997-08-17,1
6560,938,4311629,2011-09-02,2011-09-03,1
6561,938,40481087,2018-07-23,2018-08-13,1
6562,939,0,1968-12-27,1968-12-28,1
6563,939,257012,2006-10-28,2006-10-29,1
6564,939,260139,2009-03-20,2009-04-03,1
6565,939,260139,2018-04-22,2018-04-29,1
6566,939,4078393,1965-09-11,1965-09-12,1
6567,939,4112343,2014-09-08,2014-09-21,1
6568,939,4112343,2017-11-06,2017-11-15,1
6569,939,4113008,2012-11-28,2012-12-12,1
6570,939,4285898,2006-11-13,2009-01-31,1
6571,939,4311629,1975-01-03,1975-01-04,1
6572,939,37017023,2008-01-07,2009-01-31,1
6573,940,4112343,2018-07-05,2018-07-16,1
6574,940,4155034,2017-10-05,2017-10-26,1
6575,941,0,1938-05-09,1938-05-10,1
6576,941,0,1955-06-06,1955-06-07,1
6577,941,260139,1988-04-25,1988-05-09,1
6578,941,378419,1981-02-23,1981-02-24,1
6579,941,4078393,1941-10-06,1941-10-07,1
6580,941,4112343,1979-03-24,1979-04-05,1
6581,941,4112343,1981-12-23,1982-01-03,1
6582,941,4112343,1988-07-03,1988-07-15,1
6583,941,4285898,1983-08-12,1984-08-06,1
6584,941,40481087,1979-01-27,1979-02-17,1
6585,941,40481087,1982-02-09,1982-03-02,1
6586,942,81151,2010-03-10,2010-03-24,1
6587,942,81151,2011-04-18,2011-05-23,1
6588,942,81151,2018-05-16,2018-06-20,1
6589,942,260139,2013-09-21,2013-10-05,1
6590,942,372328,2010-10-06,2011-03-26,1
6591,942,4059173,2016-03-27,2016-05-26,1
6592,942,4112343,2013-06-24,2013-07-07,1
6593,942,4112343,2014-12-01,2014-12-09,1
6594,942,40481087,2010-07-14,2010-07-21,1
6595,942,40481087,2018-01-17,2018-02-07,1
6596,943,0,2001-10-24,2001-10-25,1
6597,943,260139,2017-01-05,2017-01-19,1
6598,943,316866,1988-10-05,1988-10-06,1
6599,943,4112343,2011-03-28,2011-04-05,1
6600,944,0,1990-06-28,1990-06-29,1
6601,944,28060,2014-02-17,2014-02-27,1
6602,944,257012,2006-06-10,2006-06-11,1
6603,944,260139,2011-12-17,2011-12-31,1
6604,944,436676,2012-11-25,2013-01-01,1
6605,944,4094814,2013-09-23,2013-12-22,1
6606,944,4112343,2014-12-26,2015-01-07,1
6607,944,4112343,2015-10-05,2015-10-17,1
6608,944,4311629,1993-07-01,1993-07-02,1
6609,944,40481087,2013-12-08,2013-12-22,1
6610,944,40481087,2015-10-19,2015-11-09,1
6611,945,81151,2011-09-29,2011-10-20,1
6612,945,4311629,2014-03-21,2014-03-22,1
6613,945,40481087,2009-02-04,2009-02-11,1
6614,945,40481087,2012-06-03,2012-06-17,1
6615,945,40481087,2017-05-27,2017-06-17,1
6616,946,4084167,2016-04-11,2016-04-12,1
6617,947,260139,2018-11-15,2018-11-29,1
6618,947,372328,2016-01-28,2016-03-12,1
6619,947,372328,2017-11-02,2017-12-09,1
6620,947,372328,2018-12-04,2018-12-05,1
6621,947,40481087,2017-02-26,2017-03-19,1
6622,948,260139,2018-07-27,2018-08-10,1
6623,948,40481087,2017-03-07,2017-03-21,1
6624,949,4217975,2014-04-15,2014-11-18,1
6625,949,4296205,2018-05-06,2018-05-27,1
6626,949,40481087,2015-07-08,2015-07-15,1
6627,949,40481087,2017-03-11,2017-03-18,1
6628,950,81151,2014-03-31,2014-04-14,1
6629,950,258780,2014-08-24,2014-08-25,1
6630,950,4112343,2011-01-28,2011-02-08,1
6631,950,4152936,2009-04-05,2009-04-26,1
6632,950,4152936,2016-05-03,2016-05-17,1
6633,950,4229440,2016-02-04,2016-02-05,1
6634,950,4311629,1997-09-21,1997-09-22,1
6635,950,40481087,2013-08-16,2013-08-23,1
6636,951,0,2008-12-24,2008-12-25,1
6637,951,137613,2015-06-24,2015-07-08,1
6638,951,4078393,2014-03-19,2014-03-20,1
6639,951,4112343,2013-05-14,2013-05-24,1
6640,951,4217975,2013-10-02,2013-10-23,1
6641,951,4217975,2014-03-19,2014-03-26,1
6642,951,4217975,2014-12-10,2015-07-08,1
6643,951,4218389,2013-10-11,2013-11-08,1
6644,951,40318618,2014-03-19,2014-03-26,1
6645,951,40481087,2012-02-25,2012-03-17,1
6646,952,0,2014-03-11,2014-03-12,1
6647,952,317009,2004-06-16,2004-06-17,1
6648,952,317576,1986-01-07,1986-01-08,1
6649,952,4048171,1984-06-21,1984-06-22,1
6650,952,4112343,2010-08-13,2010-08-22,1
6651,952,4112343,2012-06-16,2012-06-25,1
6652,952,4112343,2013-06-21,2013-07-01,1
6653,952,4112343,2014-02-27,2014-03-10,1
6654,952,40481087,2012-06-08,2012-06-29,1
6655,952,40481087,2013-01-01,2013-01-15,1
6656,953,0,1994-02-08,1994-02-09,1
6657,953,257012,1991-07-22,1991-07-23,1
6658,953,4029498,1994-02-08,1994-02-09,1
6659,953,4112343,2011-09-29,2011-10-07,1
6660,953,4112343,2017-08-07,2017-08-17,1
6661,953,4217975,2014-11-22,2015-07-04,1
6662,953,40481087,2011-03-29,2011-04-12,1
6663,953,40481087,2013-08-06,2013-08-13,1
6664,954,0,2001-04-27,2001-04-28,1
6665,954,0,2017-07-28,2017-07-29,1
6666,954,4078393,2012-10-26,2012-10-27,1
6667,954,4112343,2017-02-27,2017-03-08,1
6668,954,4146173,2014-11-02,2015-01-08,1
6669,954,4217975,1991-11-01,1992-06-05,1
6670,954,4217975,2005-03-25,2005-11-04,1
6671,954,4217975,2008-11-28,2009-07-17,1
6672,954,4217975,2010-10-01,2011-05-06,1
6673,954,4217975,2012-10-26,2012-11-09,1
6674,954,4217975,2015-06-26,2016-02-05,1
6675,954,4217975,2018-09-21,2018-09-22,1
6676,954,40318618,2012-10-26,2012-11-09,1
6677,955,0,2005-05-03,2005-05-04,1
6678,955,0,2015-07-09,2015-07-10,1
6679,955,260139,2016-01-09,2016-01-16,1
6680,955,380378,2005-05-03,2005-05-04,1
6681,955,4029498,2005-05-03,2005-05-04,1
6682,955,4112343,2009-11-12,2009-11-21,1
6683,955,4217975,2010-04-22,2010-11-18,1
6684,955,4217975,2016-05-19,2016-06-09,1
6685,955,4217975,2016-10-27,2017-06-08,1
6686,955,40481087,2010-01-17,2010-02-07,1
6687,956,78272,2016-08-14,2016-08-28,1
6688,956,133834,2016-08-21,2016-08-22,1
6689,956,260139,2015-10-20,2015-10-27,1
6690,956,372328,2015-02-21,2015-03-07,1
6691,956,4035415,2014-08-25,2014-09-24,1
6692,956,4084167,2014-06-26,2014-06-27,1
6693,956,4084167,2016-02-19,2016-02-19,1
6694,957,260139,2017-08-15,2017-08-29,1
6695,957,316866,2010-12-01,2010-12-02,1
6696,957,372328,2011-06-15,2011-12-07,1
6697,957,4112343,2010-12-08,2010-12-18,1
6698,957,4112343,2012-02-15,2012-02-26,1
6699,958,0,2013-03-04,2013-03-05,1
6700,958,137613,2010-08-02,2010-08-23,1
6701,958,137613,2015-03-09,2015-03-23,1
6702,958,257012,2006-12-20,2006-12-21,1
6703,958,258780,2004-09-20,2004-09-21,1
6704,958,4217975,2010-01-18,2010-08-23,1
6705,958,4217975,2013-08-19,2014-04-07,1
6706,958,4217975,2014-08-25,2015-03-23,1
6707,958,40481087,2014-01-12,2014-01-26,1
6708,958,40481087,2016-11-19,2016-11-26,1
6709,959,195588,2017-07-18,2017-08-24,1
6710,959,257012,2016-06-29,2016-06-30,1
6711,959,4217975,2018-08-02,2018-08-03,1
6712,959,4218389,2016-10-16,2016-11-13,1
6713,959,4283893,2016-04-27,2016-07-20,1
6714,960,0,2013-04-18,2013-04-19,1
6715,960,28060,2017-09-12,2017-09-21,1
6716,960,199076,2018-07-19,2018-08-02,1
6717,960,257012,2007-04-03,2007-04-04,1
6718,960,4078393,2018-03-29,2018-03-30,1
6719,960,4217975,2009-03-05,2009-10-08,1
6720,960,4217975,2012-03-15,2012-10-11,1
6721,960,4217975,2014-05-29,2014-06-19,1
6722,960,4217975,2015-04-02,2015-11-05,1
6723,960,4217975,2018-03-29,2018-04-12,1
6724,960,4217975,2018-07-19,2018-08-02,1
6725,960,4311629,2016-04-21,2016-04-22,1
6726,961,0,2010-10-08,2010-10-09,1
6727,961,4078393,2018-05-04,2018-05-05,1
6728,961,4217975,2014-06-13,2015-01-16,1
6729,961,4217975,2018-05-04,2018-05-11,1
6730,961,40318618,2018-05-04,2018-05-11,1
6731,962,0,1969-10-02,1969-10-03,1
6732,962,192279,1991-10-03,1991-10-04,1
6733,962,201826,1982-05-27,1982-05-28,1
6734,962,257012,1966-08-19,1966-08-20,1
6735,962,260139,2017-10-25,2017-11-07,1
6736,962,378419,2012-01-25,2012-01-26,1
6737,962,436940,1983-06-02,1983-06-03,1
6738,962,438130,1990-09-27,1990-09-28,1
6739,962,443614,1991-10-03,1991-10-04,1
6740,962,4059173,2012-11-20,2012-12-20,1
6741,962,4078393,1958-12-03,1958-12-04,1
6742,962,4120314,1983-06-02,1983-06-03,1
6743,962,4214376,1983-06-02,1983-06-03,1
6744,962,4218106,1990-09-27,1990-09-28,1
6745,962,40481087,2010-02-13,2010-02-27,1
6746,963,78272,2009-10-16,2009-11-06,1
6747,963,260139,2014-09-10,2014-09-17,1
6748,963,4112343,2012-10-12,2012-10-23,1
6749,963,4217975,2011-11-04,2012-06-15,1
6750,963,4217975,2013-11-08,2014-06-06,1
6751,963,40481087,2013-12-18,2013-12-25,1
6752,964,81151,2011-08-21,2011-09-04,1
6753,964,140673,1990-04-10,1990-04-11,1
6754,964,257012,1955-02-21,1955-02-22,1
6755,964,260139,2013-12-21,2014-01-04,1
6756,964,375671,2014-04-21,2014-05-21,1
6757,964,4078393,1967-07-17,1967-07-18,1
6758,964,4311629,1971-07-19,1971-07-20,1
6759,964,40481087,2011-10-11,2011-10-18,1
6760,965,0,2015-09-30,2015-10-01,1
6761,965,80809,2011-07-05,2015-08-13,1
6762,965,137613,2016-12-14,2017-01-11,1
6763,965,260139,2016-05-20,2016-05-27,1
6764,965,4217975,2013-01-09,2013-08-21,1
6765,965,4217975,2015-06-10,2016-01-13,1
6766,965,4217975,2016-06-01,2017-01-11,1
6767,965,4217975,2017-07-12,2017-08-02,1
6768,965,40481087,2010-07-18,2010-07-25,1
6769,966,0,1969-05-27,1969-05-28,1
6770,966,80502,2011-07-12,2011-07-13,1
6771,966,257012,1953-07-15,1953-07-16,1
6772,966,432867,1982-01-26,1982-01-27,1
6773,966,4078393,1952-12-23,1952-12-24,1
6774,966,4109685,2015-09-06,2015-09-20,1
6775,966,40481087,2016-06-15,2016-06-29,1
6776,967,260139,2009-01-30,2009-02-06,1
6777,967,260139,2011-01-29,2011-02-05,1
6778,967,4112343,2014-06-15,2014-06-22,1
6779,968,260139,2016-10-02,2016-10-09,1
6780,968,4112343,2013-02-22,2013-03-07,1
6781,968,40479422,2013-05-11,2013-07-17,1
6782,968,40481087,2012-06-02,2012-06-23,1
6783,969,372328,2011-09-22,2011-11-05,1
6784,969,372328,2012-06-02,2012-08-04,1
6785,969,372328,2017-06-09,2017-08-19,1
6786,969,4109685,2016-03-29,2016-04-12,1
6787,969,40481087,2015-03-11,2015-03-18,1
6788,970,260139,2018-05-29,2018-06-12,1
6789,970,372328,2009-03-02,2009-05-07,1
6790,970,436096,2018-06-30,2018-07-01,1
6791,970,440086,2018-05-24,2018-08-23,1
6792,970,4055754,2018-08-27,2018-08-28,1
6793,971,316866,2003-05-26,2003-05-27,1
6794,971,4109685,2009-08-05,2009-08-19,1
6795,971,4218389,2014-04-25,2014-05-16,1
6796,971,4283893,2010-07-17,2010-09-18,1
6797,972,0,2009-11-10,2009-11-11,1
6798,972,260139,2011-02-08,2011-02-22,1
6799,972,4311629,2014-02-18,2014-02-19,1
6800,972,40481087,2014-06-29,2014-07-13,1
6801,973,260139,2010-11-20,2010-11-27,1
6802,973,4278672,2018-06-09,2018-07-09,1
6803,973,40481087,2010-05-27,2010-06-17,1
6804,973,40481087,2013-12-06,2013-12-27,1
6805,975,81151,2009-09-22,2009-10-06,1
6806,975,378001,2013-10-15,2013-11-14,1
6807,975,439393,2009-06-23,2009-08-04,1
6808,975,4112343,2017-12-21,2018-01-01,1
6809,975,4113008,2018-09-19,2018-10-10,1
6810,975,4217975,2009-01-06,2009-08-04,1
6811,975,4217975,2009-12-22,2010-01-05,1
6812,975,4217975,2010-04-13,2010-11-16,1
6813,975,40481087,2009-12-25,2010-01-15,1
6814,975,40481087,2012-01-12,2012-02-02,1
6815,976,40481087,2011-10-17,2011-10-31,1
6816,976,40481087,2013-03-02,2013-03-16,1
6817,976,40481087,2018-08-26,2018-09-16,1
6818,977,0,1986-08-22,1986-08-23,1
6819,977,4285898,2016-01-30,2017-03-25,1
6820,977,40481087,2017-04-12,2017-05-03,1
6821,978,0,1947-07-28,1947-07-29,1
6822,978,257012,1941-07-08,1941-07-09,1
6823,978,378419,1995-04-03,1995-04-04,1
6824,978,4078393,1953-03-23,1953-03-24,1
6825,978,40481087,1994-03-26,1994-04-16,1
6826,979,0,2011-01-10,2011-01-11,1
6827,979,257012,2002-11-13,2002-11-14,1
6828,979,260139,2009-02-05,2009-02-19,1
6829,979,375671,2017-01-14,2017-03-15,1
6830,979,4048695,2013-01-03,2013-03-06,1
6831,979,4217975,2009-09-28,2010-04-12,1
6832,979,4311629,2014-01-13,2014-01-14,1
6833,980,0,2003-11-13,2003-11-14,1
6834,980,28060,2010-03-08,2010-03-15,1
6835,980,316866,2005-11-24,2005-11-25,1
6836,980,4112343,2018-02-02,2018-02-15,1
6837,980,4112343,2018-11-16,2018-11-28,1
6838,980,4217975,2009-03-19,2009-04-02,1
6839,980,4217975,2011-03-03,2011-09-15,1
6840,980,4217975,2016-04-07,2016-11-03,1
6841,980,40481087,2017-01-03,2017-01-24,1
6842,981,0,1987-10-19,1987-10-20,1
6843,981,0,2005-07-18,2005-07-19,1
6844,981,257012,2014-07-17,2014-07-18,1
6845,981,316866,1994-11-28,1994-11-29,1
6846,981,439393,2009-12-21,2010-02-08,1
6847,981,4078393,2001-03-26,2001-03-27,1
6848,981,4112343,2018-03-03,2018-03-16,1
6849,981,4112343,2018-07-15,2018-07-22,1
6850,981,4217975,2009-07-06,2010-02-08,1
6851,981,4283893,2014-04-24,2014-12-25,1
6852,981,40481087,2009-03-25,2009-04-15,1
6853,981,40481087,2016-04-24,2016-05-15,1
6854,982,0,1976-10-11,1976-10-12,1
6855,982,257012,1967-08-26,1967-08-27,1
6856,982,260139,2018-09-11,2018-09-25,1
6857,982,432867,2006-02-27,2006-02-28,1
6858,982,4079750,2003-09-01,2003-09-02,1
6859,982,4112343,2011-03-25,2011-04-06,1
6860,982,4311629,1994-01-24,1994-01-25,1
6861,983,0,1992-03-23,1992-03-24,1
6862,983,78272,2014-02-23,2014-03-23,1
6863,983,316866,1980-10-20,1980-10-21,1
6864,983,439777,2007-08-16,2007-08-17,1
6865,983,4078393,2003-05-05,2003-05-06,1
6866,983,4217975,2012-10-29,2013-06-03,1
6867,983,4218389,2013-01-31,2013-02-28,1
6868,983,4296204,2018-01-31,2018-03-07,1
6869,983,4311629,2008-09-15,2008-09-16,1
6870,983,40481087,2010-03-23,2010-03-30,1
6871,983,40481087,2015-02-11,2015-02-25,1
6872,984,0,1953-06-13,1953-06-14,1
6873,984,0,1969-08-02,1969-08-03,1
6874,984,28060,2009-11-15,2009-11-22,1
6875,984,75036,1996-01-05,1996-01-06,1
6876,984,78272,2009-06-09,2009-06-23,1
6877,984,140673,2007-01-02,2007-01-03,1
6878,984,199076,1967-03-11,1979-10-13,1
6879,984,199076,1984-09-15,1984-09-16,1
6880,984,257012,1999-09-03,1999-09-04,1
6881,984,260139,2018-11-01,2018-11-08,1
6882,984,316866,1959-07-18,1959-07-19,1
6883,984,432867,1994-02-05,1994-02-06,1
6884,984,4078393,1965-06-05,1965-06-06,1
6885,984,4112343,2016-03-21,2016-04-03,1
6886,984,4278672,2016-10-14,2016-11-13,1
6887,984,40481087,2010-04-24,2010-05-01,1
6888,985,28060,2011-01-12,2011-01-21,1
6889,985,28060,2016-02-28,2016-03-06,1
6890,985,81151,2013-06-11,2013-07-09,1
6891,985,317576,2008-11-07,2008-11-08,1
6892,985,372328,2011-03-27,2011-11-11,1
6893,985,4112343,2016-07-08,2016-07-16,1
6894,985,40481087,2016-09-17,2016-09-24,1
6895,986,0,2001-11-19,2001-11-20,1
6896,986,81151,1995-10-09,1995-10-30,1
6897,986,317576,1980-03-03,1980-03-04,1
6898,986,440674,1969-06-21,1969-06-22,1
6899,986,4112343,1995-01-26,1995-02-03,1
6900,986,4278672,1997-07-21,1997-08-20,1
6901,986,4311629,1967-06-26,1967-06-27,1
6902,986,4329847,2001-11-19,2001-11-20,1
6903,986,40481087,1993-11-26,1993-12-17,1
6904,986,40481087,2000-07-21,2000-08-11,1
6905,987,137613,2018-11-23,2018-12-28,1
6906,987,317576,2008-04-11,2008-04-12,1
6907,987,4112343,2016-08-25,2016-09-03,1
6908,987,4217975,2018-05-11,2018-12-28,1
6909,988,260139,2009-02-19,2009-03-05,1
6910,988,260139,2012-07-29,2012-08-05,1
6911,988,4152936,2009-09-28,2009-10-19,1
6912,988,40481087,2016-09-08,2016-09-22,1
6913,988,40481087,2018-03-22,2018-04-12,1
6914,989,192279,1980-04-28,1980-04-29,1
6915,989,201826,1962-06-25,1962-06-26,1
6916,989,260139,2006-05-07,2006-05-14,1
6917,989,313217,2004-10-25,2004-10-26,1
6918,989,316866,1962-06-25,1962-06-26,1
6919,989,378001,2012-07-29,2012-08-28,1
6920,989,381316,2011-03-14,2011-03-15,1
6921,989,436940,1965-06-28,1965-06-29,1
6922,989,439777,1986-04-11,1986-04-12,1
6923,989,443614,1980-04-28,1980-04-29,1
6924,989,4078393,1981-08-31,1981-09-01,1
6925,989,4109685,2011-06-14,2011-07-05,1
6926,989,4112343,2008-02-22,2008-03-04,1
6927,989,4112343,2008-12-31,2009-01-07,1
6928,989,4120314,1965-06-28,1965-06-29,1
6929,989,4214376,1981-09-21,1981-09-22,1
6930,989,4311629,1981-09-21,1981-09-22,1
6931,990,0,1950-07-11,1950-07-12,1
6932,990,0,1955-08-09,1955-08-10,1
6933,990,195588,1993-07-01,1993-08-01,1
6934,990,258780,1961-09-12,1961-09-13,1
6935,990,260139,1995-03-28,1995-04-04,1
6936,990,4237458,1986-07-21,1986-09-19,1
6937,990,40481087,1986-02-27,1986-03-13,1
6938,990,40481087,1990-10-26,1990-11-09,1
6939,991,4109685,2009-11-25,2009-12-16,1
6940,991,4112343,2011-05-21,2011-05-30,1
6941,991,4112343,2011-08-30,2011-09-08,1
6942,992,28060,2016-07-12,2016-07-23,1
6943,992,40481087,2018-03-12,2018-03-19,1
6944,993,0,1939-05-27,1939-05-28,1
6945,993,0,1958-12-13,1958-12-14,1
6946,993,200970,1996-05-11,1996-05-12,1
6947,993,255848,2011-06-01,2011-06-02,1
6948,993,378419,2005-07-02,2005-07-03,1
6949,993,4129902,1996-05-11,1996-05-12,1
6950,993,4218106,1958-12-13,1958-12-14,1
6951,993,4278672,2001-10-26,2001-11-25,1
6952,993,4311629,1968-07-27,1968-07-28,1
6953,994,316866,2006-02-16,2006-02-17,1
6954,994,4296205,2014-06-06,2014-07-04,1
6955,994,40481087,2016-01-30,2016-02-13,1
6956,994,40481087,2017-03-17,2017-03-31,1
6957,995,0,1985-03-07,1985-03-08,1
6958,995,28060,2015-04-29,2015-05-11,1
6959,995,78272,2010-10-20,2010-11-17,1
6960,995,257012,1976-11-13,1976-11-14,1
6961,995,260139,2009-08-14,2009-08-21,1
6962,995,4311629,1989-03-30,1989-03-31,1
6963,995,40481087,2018-08-27,2018-09-10,1
6964,996,0,1965-11-03,1965-11-04,1
6965,996,0,1984-08-22,1984-08-23,1
6966,996,28060,2012-03-05,2012-03-16,1
6967,996,78272,2010-10-13,2010-11-17,1
6968,996,197500,2004-08-26,2006-06-01,1
6969,996,381316,2011-11-16,2011-11-17,1
6970,996,4285898,2004-08-17,2004-08-18,1
6971,996,40481087,2012-06-08,2012-06-29,1
6972,997,260139,2010-05-17,2010-05-31,1
6973,997,316866,1995-11-19,1995-11-20,1
6974,997,4078393,2001-11-18,2001-11-19,1
6975,997,4116491,2012-09-16,2012-10-21,1
6976,997,4217975,2009-09-27,2009-10-18,1
6977,997,4217975,2010-10-03,2011-05-08,1
6978,997,4217975,2012-08-19,2013-03-31,1
6979,997,4311629,1996-11-24,1996-11-25,1
6980,998,0,1963-01-02,1963-01-03,1
6981,998,28060,2010-08-03,2010-08-13,1
6982,998,80502,2014-12-17,2014-12-18,1
6983,998,192279,2001-06-06,2001-06-07,1
6984,998,201826,1973-05-09,1973-05-10,1
6985,998,313217,2009-08-12,2009-08-13,1
6986,998,316866,1952-12-17,1952-12-18,1
6987,998,381316,2010-08-25,2010-08-26,1
6988,998,432867,2007-10-24,2007-10-25,1
6989,998,436096,2011-08-11,2011-08-12,1
6990,998,436940,1975-05-14,1975-05-15,1
6991,998,443614,2001-06-06,2001-06-07,1
6992,998,4120314,1975-05-14,1975-05-15,1
6993,998,4214376,1975-05-14,1975-05-15,1
6994,998,4278672,2016-05-09,2016-08-07,1
6995,998,40479422,2017-07-03,2017-08-09,1
6996,998,40480160,2016-05-09,2016-08-07,1
6997,998,40481087,2012-08-12,2012-08-19,1
6998,999,0,1950-08-27,1950-08-28,1
6999,999,80502,1981-05-10,1981-05-11,1
7000,999,257012,1980-08-17,1980-08-18,1
7001,999,313217,2010-10-10,2010-10-11,1
7002,999,316866,1928-10-14,1928-10-15,1
7003,999,317576,1991-12-22,1991-12-23,1
7004,999,4078393,1949-06-05,1949-06-06,1
7005,999,4112343,2009-01-14,2009-01-24,1
7006,999,4112343,2009-09-25,2009-10-05,1
7007,999,4146173,2014-07-27,2014-09-25,1
7008,999,4208104,2010-08-09,2010-08-10,1
7009,999,4311629,1958-09-14,1958-09-15,1
7010,999,40481087,2014-06-07,2014-06-21,1
7011,1000,0,1932-11-28,1932-11-29,1
7012,1000,0,1951-07-16,1951-07-17,1
7013,1000,316866,1928-11-19,1928-11-20,1
7014,1000,317576,1917-09-17,1917-09-18,1
7015,1000,4311629,1932-11-28,1932-11-29,1
7016,1000,4329847,1951-07-16,1951-07-17,1
7017,1000,40481087,1943-08-04,1943-08-18,1
7018,1000,40481087,1949-05-24,1949-06-14,1
7019,1001,0,1947-02-21,1947-02-22,1
7020,1001,0,1955-03-04,1955-03-05,1
7021,1001,200970,1981-07-17,1981-07-18,1
7022,1001,255848,1989-12-24,1989-12-25,1
7023,1001,257012,1936-05-09,1936-05-10,1
7024,1001,260139,1984-05-02,1984-05-16,1
7025,1001,378419,1983-07-29,1983-07-30,1
7026,1001,439777,1984-04-14,1984-04-15,1
7027,1001,4129902,1981-07-17,1981-07-18,1
7028,1001,4134304,1982-12-25,1983-02-23,1
7029,1001,4294548,1986-09-19,1986-10-31,1
7030,1001,4311629,1950-02-24,1950-02-25,1
7031,1001,40481087,1989-08-25,1989-09-01,1
7032,1001,40481087,1989-11-07,1989-11-14,1
7033,1002,316866,2010-10-23,2010-10-24,1
7034,1002,4112343,2009-04-23,2009-05-03,1
7035,1002,4294548,2014-10-10,2014-10-24,1
7036,1002,40481087,2011-09-26,2011-10-17,1
7037,1003,0,1968-02-08,1968-02-09,1
7038,1003,0,1984-09-13,1984-09-14,1
7039,1003,257012,1993-06-25,1993-06-26,1
7040,1003,316866,1955-05-19,1955-05-20,1
7041,1003,317576,1947-04-03,1947-04-04,1
7042,1003,381316,2006-02-16,2006-02-17,1
7043,1003,432867,1978-08-31,1978-09-01,1
7044,1003,4112343,2000-11-30,2000-12-07,1
7045,1003,4156265,2000-03-29,2000-04-12,1
7046,1003,4311629,1989-09-07,1989-09-08,1
7047,1003,40481087,2006-01-15,2006-01-22,1
7048,1004,0,1995-08-06,1995-08-07,1
7049,1004,80502,2017-02-26,2017-02-27,1
7050,1004,192279,2005-08-28,2005-08-29,1
7051,1004,201826,2001-08-19,2001-08-20,1
7052,1004,257012,1979-04-04,1979-04-05,1
7053,1004,260139,2015-06-08,2015-06-22,1
7054,1004,260139,2017-06-09,2017-06-16,1
7055,1004,316866,2001-08-19,2001-08-20,1
7056,1004,436940,2003-08-24,2003-08-25,1
7057,1004,443614,2005-08-28,2005-08-29,1
7058,1004,4112343,2012-08-01,2012-08-12,1
7059,1004,4112343,2012-12-12,2012-12-21,1
7060,1004,4112343,2018-08-24,2018-09-02,1
7061,1004,4120314,2003-08-24,2003-08-25,1
7062,1004,4214376,2003-08-24,2003-08-25,1
7063,1004,40481087,2013-10-24,2013-11-14,1
7064,1005,0,2009-08-14,2009-08-15,1
7065,1005,260139,2014-09-03,2014-09-17,1
7066,1005,260139,2017-08-23,2017-09-06,1
7067,1005,4078393,1995-05-19,1995-05-20,1
7068,1005,4217975,2011-07-15,2012-02-24,1
7069,1005,40481087,2009-08-21,2009-09-11,1
7070,1006,81151,2009-02-07,2009-02-21,1
7071,1006,257012,2014-03-18,2014-03-19,1
7072,1006,440086,2003-02-13,2010-02-21,1
7073,1006,4278672,2011-02-11,2011-03-13,1
7074,1006,4294548,2009-09-11,2009-10-16,1
7075,1006,4294548,2014-01-28,2014-11-18,1
7076,1007,0,1996-12-11,1996-12-12,1
7077,1007,260139,2017-06-18,2017-07-02,1
7078,1007,316866,1992-05-17,1992-05-18,1
7079,1007,440448,1996-12-11,1996-12-12,1
7080,1007,4146173,2009-09-22,2009-11-21,1
7081,1007,4218389,2014-10-26,2014-11-23,1
7082,1007,4294548,2016-10-09,2016-10-30,1
7083,1007,4311629,2003-09-28,2003-09-29,1
7084,1007,40481087,2009-09-05,2009-09-12,1
7085,1007,40481087,2014-09-22,2014-10-13,1
7086,1007,40481087,2017-11-01,2017-11-15,1
7087,1008,0,2007-05-31,2007-06-01,1
7088,1008,257012,1993-02-15,1993-02-16,1
7089,1008,316866,1988-04-14,1988-04-15,1
7090,1008,4109685,2016-12-14,2016-12-28,1
7091,1009,28060,2012-07-30,2012-08-10,1
7092,1009,257012,2010-01-30,2010-01-31,1
7093,1009,372328,2012-12-10,2013-08-31,1
7094,1009,4237458,2009-09-27,2009-10-27,1
7095,1009,4283893,2009-10-03,2010-04-03,1
7096,1010,260139,2010-04-12,2010-04-19,1
7097,1010,260139,2018-09-29,2018-10-13,1
7098,1010,316866,1995-03-18,1995-03-19,1
7099,1010,378001,2011-11-11,2012-01-10,1
7100,1010,439393,2011-04-17,2011-06-05,1
7101,1010,439393,2016-10-09,2016-12-10,1
7102,1010,4217975,2010-10-31,2011-06-05,1
7103,1010,4217975,2016-04-24,2016-12-10,1
7104,1010,4218389,2009-11-30,2009-12-21,1
7105,1010,4311629,1999-03-27,1999-03-28,1
7106,1010,40481087,2011-11-21,2011-12-05,1
7107,1010,40486433,1979-01-29,1979-01-30,1
7108,1011,0,1971-06-26,1971-06-27,1
7109,1011,0,1977-03-22,1977-03-23,1
7110,1011,200970,2001-10-30,2001-10-31,1
7111,1011,260139,2015-04-25,2015-05-02,1
7112,1011,432867,1996-10-01,1996-10-02,1
7113,1011,438130,1980-08-05,1980-08-06,1
7114,1011,440448,1971-06-26,1971-06-27,1
7115,1011,4079750,2001-06-16,2001-06-17,1
7116,1011,4112343,2012-04-02,2012-04-13,1
7117,1011,4129902,2001-10-30,2001-10-31,1
7118,1011,40481087,2015-11-14,2015-11-21,1
7119,1012,0,1967-02-14,1967-02-15,1
7120,1012,0,1982-10-19,1982-10-20,1
7121,1012,80502,2018-09-11,2018-09-12,1
7122,1012,81151,2013-11-01,2013-11-22,1
7123,1012,199076,1979-05-29,1979-05-30,1
7124,1012,257012,1946-11-17,1946-11-18,1
7125,1012,378419,2018-04-03,2018-04-04,1
7126,1012,381316,2010-07-20,2010-07-21,1
7127,1012,439777,1971-08-29,1971-08-30,1
7128,1012,4078393,1979-01-16,1979-01-17,1
7129,1012,4112343,2018-09-04,2018-09-14,1
7130,1012,4285898,2009-10-26,2010-11-20,1
7131,1012,40481087,2011-12-23,2012-01-13,1
7132,1012,40481087,2017-03-26,2017-04-09,1
7133,1013,201826,2001-11-20,2001-11-21,1
7134,1013,316866,2001-11-20,2001-11-21,1
7135,1013,436940,2004-11-23,2004-11-24,1
7136,1013,4120314,2004-11-23,2004-11-24,1
7137,1013,4214376,2015-12-08,2015-12-09,1
7138,1014,4152936,2009-12-10,2009-12-31,1
7139,1014,40481087,2018-08-23,2018-09-13,1
7140,1015,0,2009-12-21,2009-12-22,1
7141,1015,28060,2012-10-02,2012-10-12,1
7142,1015,260139,2016-03-23,2016-03-30,1
7143,1015,4112343,2017-10-17,2017-10-28,1
7144,1015,4294548,2016-12-21,2017-01-11,1
7145,1015,4296205,2012-08-18,2012-09-15,1
7146,1015,40481087,2016-04-02,2016-04-16,1
7147,1015,40481087,2018-02-14,2018-02-28,1
7148,1015,40481087,2018-05-04,2018-05-25,1
7149,1016,260139,2016-05-29,2016-06-12,1
7150,1016,4078393,2012-11-25,2012-11-26,1
7151,1016,4112343,2009-03-01,2009-03-12,1
7152,1016,4112343,2010-01-09,2010-01-17,1
7153,1016,4217975,1998-12-06,1999-07-18,1
7154,1016,4217975,2007-12-02,2008-06-29,1
7155,1016,4217975,2009-02-01,2009-09-06,1
7156,1016,4217975,2010-04-11,2010-05-09,1
7157,1016,4217975,2011-11-06,2012-06-10,1
7158,1016,4217975,2012-11-25,2012-12-09,1
7159,1016,4217975,2017-09-24,2018-05-13,1
7160,1016,4217975,2018-09-23,2018-09-24,1
7161,1016,4262136,2012-11-25,2012-12-09,1
7162,1017,81151,1993-11-08,1993-11-22,1
7163,1017,316866,1994-06-01,1994-06-02,1
7164,1017,381316,2003-03-12,2003-03-13,1
7165,1017,4217975,1996-05-29,1997-01-01,1
7166,1017,4217975,2001-03-28,2001-10-24,1
7167,1017,4217975,2002-08-28,2002-08-29,1
7168,1018,372328,2009-07-30,2009-11-10,1
7169,1018,372328,2012-01-29,2012-05-08,1
7170,1018,372328,2013-01-03,2013-11-12,1
7171,1018,4051466,2012-12-08,2012-12-09,1
7172,1018,40481087,2012-05-22,2012-06-05,1
7173,1018,40486433,2011-12-09,2011-12-10,1
7174,1019,257012,2018-12-02,2018-12-03,1
7175,1019,372328,2009-10-02,2009-12-06,1
7176,1019,372328,2010-05-05,2010-06-06,1
7177,1019,4283893,2018-09-09,2018-09-10,1
7178,1020,0,1958-10-23,1958-10-24,1
7179,1020,257012,1927-07-02,1927-07-03,1
7180,1020,260139,1992-06-14,1992-06-28,1
7181,1020,260139,1993-11-07,1993-11-22,1
7182,1020,313217,1988-03-31,1988-04-01,1
7183,1020,316866,1933-08-31,1933-09-01,1
7184,1020,381316,1990-04-19,1990-04-20,1
7185,1020,432867,1964-10-08,1964-10-09,1
7186,1020,4112343,1990-01-14,1990-01-25,1
7187,1020,4112343,1990-07-27,1990-08-07,1
7188,1020,4129902,1992-01-24,1992-01-25,1
7189,1020,4196262,1992-01-24,1992-01-25,1
7190,1020,4285898,1964-10-08,1964-10-09,1
7191,1020,4296205,1988-09-19,1988-10-17,1
7192,1020,37017023,1965-12-02,1965-12-03,1
7193,1020,40481087,1991-09-28,1991-10-12,1
7194,1020,40481087,1992-11-12,1992-12-03,1
7195,1021,4112343,2012-11-08,2012-11-21,1
7196,1021,4113008,2012-11-05,2012-11-26,1
7197,1021,40481087,2017-06-20,2017-07-11,1
7198,1022,195588,2012-12-27,2013-01-31,1
7199,1022,257012,2018-05-23,2018-05-24,1
7200,1022,4078393,2012-09-26,2012-09-27,1
7201,1022,4217975,2010-07-28,2011-03-09,1
7202,1022,4217975,2012-09-26,2012-10-10,1
7203,1022,4217975,2013-03-13,2013-10-16,1
7204,1022,4217975,2015-05-20,2015-12-16,1
7205,1022,4294548,2018-05-02,2018-08-08,1
7206,1022,4311629,2018-05-30,2018-05-31,1
7207,1022,40318618,2012-09-26,2012-10-10,1
7208,1022,40481087,2016-08-27,2016-09-03,1
7209,1022,40481087,2018-09-16,2018-10-07,1
7210,1023,260139,2016-01-26,2016-02-09,1
7211,1023,4217975,2013-12-27,2014-07-25,1
7212,1023,4217975,2015-03-13,2015-09-25,1
7213,1023,4311629,2005-03-18,2005-03-19,1
7214,1023,40481087,2010-03-14,2010-03-28,1
7215,1023,40481087,2016-01-05,2016-01-12,1
7216,1023,40481087,2017-07-12,2017-08-02,1
7217,1024,0,1998-12-27,1998-12-28,1
7218,1024,192279,2016-07-03,2016-07-04,1
7219,1024,201826,2001-12-30,2001-12-31,1
7220,1024,257012,2004-10-06,2004-10-07,1
7221,1024,316866,1991-12-15,1991-12-16,1
7222,1024,378001,2017-09-03,2017-10-03,1
7223,1024,436940,2004-07-18,2004-07-19,1
7224,1024,443614,2016-07-03,2016-07-04,1
7225,1024,4120314,2004-07-18,2004-07-19,1
7226,1024,4214376,2013-07-28,2013-07-29,1
7227,1024,4226121,2004-07-18,2004-07-19,1
7228,1024,4311629,2017-11-12,2017-11-13,1
7229,1024,40481087,2014-06-24,2014-07-15,1
7230,1024,40481087,2015-06-19,2015-07-10,1
7231,1024,40481087,2016-07-10,2016-07-17,1
7232,1024,43530656,2014-06-29,2014-06-30,1
7233,1024,45770830,2014-06-29,2014-06-30,1
7234,1025,257012,2009-04-17,2009-04-18,1
7235,1025,260139,2011-09-21,2011-10-05,1
7236,1025,260139,2018-07-25,2018-08-01,1
7237,1025,4048171,2006-09-17,2006-09-18,1
7238,1025,4084167,2010-12-23,2010-12-23,1
7239,1025,4112343,2016-08-08,2016-08-18,1
7240,1025,4112343,2016-10-21,2016-11-02,1
7241,1025,4112343,2017-09-30,2017-10-07,1
7242,1025,4283893,2009-03-27,2009-05-22,1
7243,1026,0,1955-02-17,1955-02-18,1
7244,1026,0,1978-12-01,1978-12-02,1
7245,1026,201826,1994-12-23,1994-12-24,1
7246,1026,257012,1982-07-20,1982-07-21,1
7247,1026,260139,2009-05-12,2009-05-19,1
7248,1026,260139,2011-02-12,2011-02-19,1
7249,1026,436940,1996-12-27,1996-12-28,1
7250,1026,440448,1955-02-17,1955-02-18,1
7251,1026,4120314,1996-12-27,1996-12-28,1
7252,1026,4214376,1996-12-27,1996-12-28,1
7253,1026,4226121,2008-04-04,2008-04-05,1
7254,1026,4285898,2016-02-13,2017-04-08,1
7255,1026,4311629,1987-12-11,1987-12-12,1
7256,1026,37016354,2001-01-05,2001-01-06,1
7257,1026,40481087,2017-03-26,2017-04-09,1
7258,1026,43530656,2017-05-26,2017-05-27,1
7259,1027,260139,2013-11-17,2013-11-24,1
7260,1027,378001,2012-12-04,2013-02-02,1
7261,1027,40481087,2010-09-12,2010-09-26,1
7262,1027,40481087,2013-07-20,2013-08-10,1
7263,1027,40481087,2015-11-03,2015-11-17,1
7264,1028,0,2006-05-29,2006-05-30,1
7265,1028,28060,2017-09-15,2017-09-26,1
7266,1028,4112343,2015-01-20,2015-01-28,1
7267,1028,4217975,2018-06-04,2019-01-07,1
7268,1028,40481087,2016-07-28,2016-08-18,1
7269,1029,28060,2010-02-07,2010-02-17,1
7270,1029,134438,2012-04-22,2012-12-19,1
7271,1029,260139,2013-08-10,2013-08-24,1
7272,1029,40481087,2013-05-13,2013-05-27,1
7273,1030,260139,2012-04-07,2012-04-21,1
7274,1030,260139,2016-06-15,2016-06-29,1
7275,1030,4311629,2005-02-07,2005-02-08,1
7276,1031,260139,2018-10-14,2018-10-21,1
7277,1031,372328,2012-02-16,2012-04-30,1
7278,1031,372328,2012-09-27,2012-10-29,1
7279,1031,372328,2015-04-17,2016-05-02,1
7280,1031,4112343,2014-11-03,2014-11-11,1
7281,1031,40481087,2016-08-30,2016-09-13,1
7282,1032,28060,2014-03-31,2014-04-13,1
7283,1032,372328,2008-03-31,2009-04-01,1
7284,1032,4112343,2013-02-20,2013-03-04,1
7285,1032,40481087,2009-02-01,2009-02-22,1
7286,1032,40481087,2009-05-31,2009-06-21,1
7287,1032,40481087,2013-11-04,2013-11-18,1
7288,1033,28060,2011-12-11,2011-12-21,1
7289,1033,81151,2013-10-04,2013-11-01,1
7290,1033,4113008,2012-10-18,2012-11-08,1
7291,1033,40481087,2010-02-13,2010-02-20,1
7292,1033,40481087,2012-08-15,2012-09-05,1
7293,1033,40481087,2013-03-10,2013-03-17,1
7294,1034,0,1965-09-01,1965-09-02,1
7295,1034,0,2003-10-09,2003-10-10,1
7296,1034,257012,1944-10-31,1944-11-01,1
7297,1034,317576,1991-09-26,1991-09-27,1
7298,1034,380378,1965-09-01,1965-09-02,1
7299,1034,4029498,1965-09-01,1965-09-02,1
7300,1034,4142905,2015-04-25,2015-07-24,1
7301,1034,4311629,1967-02-09,1967-02-10,1
7302,1034,4329847,2003-10-09,2003-10-10,1
7303,1035,0,1946-03-02,1946-03-03,1
7304,1035,28060,2009-12-06,2009-12-17,1
7305,1035,28060,2015-04-10,2015-04-20,1
7306,1035,80809,1978-05-11,1978-05-12,1
7307,1035,257012,1996-06-06,1996-06-07,1
7308,1035,316866,1929-05-04,1929-05-05,1
7309,1035,381316,1972-02-26,1972-02-27,1
7310,1035,432867,1967-02-04,1967-02-05,1
7311,1035,4112343,2011-10-12,2011-10-25,1
7312,1035,40481087,2014-08-24,2014-08-31,1
7313,1035,40481087,2016-10-24,2016-11-14,1
7314,1036,0,1975-04-26,1975-04-27,1
7315,1036,0,1998-10-17,1998-10-18,1
7316,1036,260139,2018-03-02,2018-03-16,1
7317,1036,4112343,2010-05-15,2010-05-22,1
7318,1036,4218389,2010-10-12,2010-11-02,1
7319,1036,4311629,2000-10-21,2000-10-22,1
7320,1036,40481087,2018-12-19,2018-12-26,1
7321,1037,260139,2011-01-16,2011-01-30,1
7322,1037,4112343,2016-07-28,2016-08-07,1
7323,1038,0,1972-11-11,1972-11-12,1
7324,1038,0,1989-09-09,1989-09-10,1
7325,1038,28060,2012-04-13,2012-04-24,1
7326,1038,257012,1974-03-26,1974-03-27,1
7327,1038,381316,2017-01-14,2017-01-15,1
7328,1038,436096,1990-03-14,1990-03-15,1
7329,1038,4208104,1991-11-21,1991-11-22,1
7330,1038,4311629,1993-07-24,1993-07-25,1
7331,1038,43530652,1990-02-05,1990-02-06,1
7332,1039,81151,2010-01-17,2010-02-07,1
7333,1039,260139,2013-12-20,2013-12-27,1
7334,1039,4078393,2001-01-09,2001-01-10,1
7335,1039,4278672,2018-10-28,2018-10-29,1
7336,1039,4296204,2013-01-22,2013-02-26,1
7337,1039,4311629,2008-08-05,2008-08-06,1
7338,1040,257012,2018-08-11,2018-08-12,1
7339,1040,378001,2014-07-28,2014-09-26,1
7340,1040,4294548,2018-07-14,2018-08-25,1
7341,1042,0,1984-04-22,1984-04-23,1
7342,1042,4043241,2011-04-10,2011-04-11,1
7343,1042,4112343,2012-11-06,2012-11-19,1
7344,1042,4112343,2017-12-27,2018-01-03,1
7345,1042,40481087,2012-05-28,2012-06-11,1
7346,1042,40481087,2013-09-12,2013-09-26,1
7347,1043,28060,2015-07-14,2015-07-24,1
7348,1043,81151,2015-09-21,2015-10-12,1
7349,1043,4278672,2011-11-11,2011-12-11,1
7350,1043,4283893,2013-09-03,2013-09-24,1
7351,1043,40481087,2010-07-24,2010-07-31,1
7352,1043,40481087,2011-05-05,2011-05-12,1
7353,1044,0,2009-01-16,2009-01-17,1
7354,1044,4112343,2013-07-05,2013-07-18,1
7355,1045,372328,2018-03-07,2018-06-17,1
7356,1046,375671,2015-02-16,2015-04-17,1
7357,1046,4134304,2016-02-11,2016-05-11,1
7358,1046,40481087,2014-04-28,2014-05-05,1
7359,1046,40481087,2014-12-08,2014-12-22,1
7360,1047,78272,2011-02-23,2011-03-30,1
7361,1047,4280726,1986-07-23,1986-07-24,1
7362,1047,40481087,2017-05-29,2017-06-19,1
7363,1048,260139,2011-04-28,2011-05-12,1
7364,1048,440086,2009-06-11,2014-06-20,1
7365,1049,260139,2014-01-03,2014-01-17,1
7366,1049,4112343,2009-05-07,2009-05-16,1
7367,1049,4155034,2016-01-03,2016-01-17,1
7368,1049,40481087,2015-09-03,2015-09-10,1
7369,1050,81151,2010-11-09,2010-12-14,1
7370,1050,137613,2017-08-26,2017-09-16,1
7371,1050,4112343,2017-06-15,2017-06-22,1
7372,1050,4112343,2018-02-21,2018-03-06,1
7373,1050,4217975,2014-05-31,2015-01-03,1
7374,1050,4217975,2017-02-11,2017-09-16,1
7375,1050,4217975,2018-06-16,2018-07-07,1
7376,1050,4217975,2018-12-15,2018-12-16,1
7377,1050,40481087,2011-12-10,2011-12-24,1
7378,1050,40481087,2013-02-25,2013-03-18,1
7379,1050,40481087,2015-03-14,2015-03-28,1
7380,1050,40481087,2018-02-19,2018-02-26,1
7381,1051,0,1975-08-05,1975-08-06,1
7382,1051,0,1996-07-16,1996-07-17,1
7383,1051,257012,2018-12-02,2018-12-03,1
7384,1051,4079750,2016-06-25,2016-06-26,1
7385,1051,4112343,2013-09-29,2013-10-06,1
7386,1051,4112343,2015-10-30,2015-11-10,1
7387,1051,4112343,2017-04-04,2017-04-12,1
7388,1051,4283893,2018-11-11,2018-11-12,1
7389,1051,40481087,2010-07-14,2010-07-28,1
7390,1051,40481087,2013-05-21,2013-06-04,1
7391,1052,316866,1987-06-01,1987-06-02,1
7392,1052,4311629,1996-10-07,1996-10-08,1
7393,1052,40481087,2009-11-09,2009-11-30,1
7394,1054,78272,2016-03-27,2016-05-01,1
7395,1054,372328,2012-07-16,2012-10-28,1
7396,1054,40481087,2016-05-04,2016-05-11,1
7397,1055,0,2003-06-08,2003-06-09,1
7398,1055,316866,1983-09-18,1983-09-19,1
7399,1055,4112343,2009-12-03,2009-12-16,1
7400,1055,4217975,2010-01-09,2010-08-08,1
7401,1055,4217975,2010-12-11,2011-07-17,1
7402,1055,40481087,2011-02-05,2011-02-12,1
7403,1055,40481087,2018-05-15,2018-05-29,1
7404,1056,0,2007-05-10,2007-05-11,1
7405,1056,201826,2009-05-14,2009-05-15,1
7406,1056,257012,1972-02-10,1972-02-11,1
7407,1056,317576,2005-05-05,2005-05-06,1
7408,1056,436940,2011-05-19,2011-05-20,1
7409,1056,4112343,2018-06-28,2018-07-09,1
7410,1056,4120314,2011-05-19,2011-05-20,1
7411,1056,4214376,2011-05-19,2011-05-20,1
7412,1056,37016354,2009-05-14,2009-05-15,1
7413,1056,40481087,2017-02-05,2017-02-19,1
7414,1056,43530652,2002-10-19,2002-10-20,1
7415,1057,0,1960-09-07,1960-09-08,1
7416,1057,0,1974-04-22,1974-04-23,1
7417,1057,0,1990-08-06,1990-08-07,1
7418,1057,257012,2005-03-13,2005-03-14,1
7419,1057,380378,1960-09-07,1960-09-08,1
7420,1057,4029498,1960-09-07,1960-09-08,1
7421,1057,4079750,1987-09-01,1987-09-02,1
7422,1057,4294548,2013-01-12,2013-04-06,1
7423,1058,0,2005-09-27,2005-09-28,1
7424,1058,4112343,2013-07-05,2013-07-16,1
7425,1058,4152936,2010-06-06,2010-06-27,1
7426,1058,4217975,2003-09-09,2004-04-06,1
7427,1058,4217975,2006-05-02,2006-12-05,1
7428,1058,4217975,2007-10-09,2008-05-06,1
7429,1058,4217975,2012-05-01,2012-12-11,1
7430,1058,4217975,2018-11-27,2018-11-28,1
7431,1059,0,2004-11-18,2004-11-19,1
7432,1059,257012,2007-12-04,2007-12-05,1
7433,1059,40481087,2012-02-14,2012-02-21,1
7434,1060,260139,2017-11-27,2017-12-04,1
7435,1060,372328,2018-07-24,2018-12-03,1
7436,1060,40481087,2017-06-08,2017-06-22,1
7437,1061,0,2016-10-25,2016-10-26,1
7438,1061,436096,2005-07-07,2005-07-08,1
7439,1061,4055754,2005-09-26,2005-09-27,1
7440,1061,4112343,2013-07-15,2013-07-24,1
7441,1061,4208104,2010-11-01,2010-11-02,1
7442,1061,40481087,2016-10-24,2016-11-07,1
7443,1061,43530652,2006-01-13,2006-01-14,1
7444,1062,0,2009-04-25,2009-04-26,1
7445,1062,316866,2008-04-19,2008-04-20,1
7446,1062,4048171,1994-03-02,1994-03-03,1
7447,1062,4112343,2013-02-08,2013-02-17,1
7448,1062,4152936,2015-02-20,2015-03-13,1
7449,1062,40481087,2011-08-25,2011-09-08,1
7450,1062,40481087,2016-05-21,2016-06-11,1
7451,1062,40481087,2016-07-19,2016-08-02,1
7452,1063,372328,2014-12-30,2015-02-19,1
7453,1063,372328,2016-09-11,2017-02-23,1
7454,1063,4059173,2014-12-30,2015-02-28,1
7455,1063,4112343,2015-05-31,2015-06-10,1
7456,1063,40481087,2013-06-16,2013-07-07,1
7457,1063,40481087,2015-11-30,2015-12-14,1
7458,1064,80502,1991-04-01,1991-04-02,1
7459,1064,260139,2002-09-29,2002-10-06,1
7460,1064,260139,2004-01-06,2004-01-13,1
7461,1064,313217,1988-05-23,1988-05-24,1
7462,1064,381316,2002-11-11,2002-11-12,1
7463,1064,4079750,1953-09-15,1953-09-16,1
7464,1064,4112343,1999-10-18,1999-10-27,1
7465,1064,4156265,1997-05-02,1997-05-16,1
7466,1064,4156265,2005-12-30,2006-01-13,1
7467,1064,4311629,1942-01-12,1942-01-13,1
7468,1064,40481087,1997-06-17,1997-06-24,1
7469,1064,40481087,2003-03-02,2003-03-09,1
7470,1064,40481087,2004-06-09,2004-06-16,1
7471,1065,78272,2011-04-18,2011-05-09,1
7472,1065,257012,2012-05-18,2012-05-19,1
7473,1065,316866,2013-08-13,2013-08-14,1
7474,1065,436096,2013-10-21,2013-10-22,1
7475,1065,4294548,2012-04-06,2012-06-08,1
7476,1066,0,1941-05-29,1941-05-30,1
7477,1066,0,1950-10-19,1950-10-20,1
7478,1066,260139,2014-05-24,2014-05-31,1
7479,1066,321042,1950-10-19,1950-10-20,1
7480,1066,378419,2018-01-18,2018-01-19,1
7481,1066,4029498,1941-05-29,1941-05-30,1
7482,1066,4156265,2017-02-10,2017-02-24,1
7483,1067,0,2006-10-23,2006-10-24,1
7484,1067,28060,2009-07-26,2009-08-04,1
7485,1067,260139,2011-09-18,2011-10-02,1
7486,1067,4078393,2017-02-13,2017-02-14,1
7487,1067,4217975,2013-08-12,2014-03-17,1
7488,1067,4217975,2017-02-13,2017-03-06,1
7489,1067,40481087,2010-02-01,2010-02-22,1
7490,1068,0,1940-08-13,1940-08-14,1
7491,1068,257012,1924-02-19,1924-02-20,1
7492,1068,313217,1990-01-19,1990-01-20,1
7493,1068,316866,1941-05-23,1941-05-24,1
7494,1068,380378,1940-08-13,1940-08-14,1
7495,1068,381316,2004-05-28,2004-05-29,1
7496,1068,436096,1990-03-13,1990-03-14,1
7497,1068,4029498,1940-08-13,1940-08-14,1
7498,1068,4055754,1990-02-04,1990-02-05,1
7499,1068,4109685,1999-09-08,1999-09-29,1
7500,1068,4208104,1995-02-20,1995-02-21,1
7501,1068,4311629,1945-06-01,1945-06-02,1
7502,1068,40481087,1996-12-04,1996-12-18,1
7503,1068,40481087,1998-12-17,1999-01-07,1
7504,1068,40481087,2000-12-02,2000-12-16,1
7505,1068,40481087,2004-04-05,2004-04-26,1
7506,1068,43530652,1990-07-21,1990-07-22,1
7507,1069,28060,2009-07-16,2009-07-27,1
7508,1069,260139,2012-09-27,2012-10-11,1
7509,1069,372328,2011-07-04,2011-09-21,1
7510,1069,372328,2013-07-12,2015-07-01,2
7511,1069,4112343,2013-06-10,2013-06-23,1
7512,1069,4218389,2011-04-05,2011-05-10,1
7513,1069,40481087,2011-01-13,2011-02-03,1
7514,1070,0,1995-04-08,1995-04-09,1
7515,1070,0,2011-08-06,2011-08-07,1
7516,1070,257012,1977-07-23,1977-07-24,1
7517,1070,4155034,2009-09-29,2009-10-13,1
7518,1070,4217975,1987-11-14,1988-06-18,1
7519,1070,4217975,1990-06-16,1991-01-19,1
7520,1070,4217975,1991-06-08,1991-06-29,1
7521,1070,4217975,1993-03-13,1993-10-23,1
7522,1070,4217975,1997-02-08,1997-03-08,1
7523,1070,4217975,1997-11-08,1997-12-06,1
7524,1070,4217975,1999-10-30,2000-06-17,1
7525,1070,4217975,2018-12-29,2018-12-30,1
7526,1070,40481087,2014-06-25,2014-07-02,1
7527,1071,4152936,2016-12-18,2017-01-01,1
7528,1071,4278672,2011-03-20,2011-06-18,1
7529,1072,0,1983-01-31,1983-02-01,1
7530,1072,0,2001-03-05,2001-03-06,1
7531,1072,260139,2010-04-17,2010-04-24,1
7532,1072,316866,1985-02-11,1985-02-12,1
7533,1072,378001,2010-08-21,2010-09-20,1
7534,1072,432867,2017-05-01,2017-05-02,1
7535,1072,4078393,1991-10-14,1991-10-15,1
7536,1072,4217975,2015-06-29,2015-07-27,1
7537,1072,4311629,2004-03-08,2004-03-09,1
7538,1073,75036,2014-06-06,2014-06-07,1
7539,1073,257012,2006-02-28,2006-03-01,1
7540,1073,260139,2018-08-01,2018-08-08,1
7541,1073,316866,1987-11-10,1987-11-11,1
7542,1073,317576,1971-05-25,1971-05-26,1
7543,1073,4112343,2010-11-27,2010-12-09,1
7544,1073,4311629,1999-02-09,1999-02-10,1
7545,1073,40481087,2016-02-07,2016-02-28,1
7546,1074,0,2002-07-12,2002-07-13,1
7547,1074,4218389,2016-10-29,2016-12-03,1
7548,1075,436096,2016-04-18,2016-04-19,1
7549,1075,4055754,2016-06-24,2016-06-25,1
7550,1075,43530652,2016-10-13,2016-10-14,1
7551,1078,0,1971-09-10,1971-09-11,1
7552,1078,201826,1959-07-24,1959-07-25,1
7553,1078,260139,1970-12-05,1970-12-19,1
7554,1078,316866,1941-04-25,1941-04-26,1
7555,1078,317576,1964-07-31,1964-08-01,1
7556,1078,436940,1962-07-27,1962-07-28,1
7557,1078,4112343,1963-01-30,1963-02-06,1
7558,1078,4112343,1967-10-14,1967-10-27,1
7559,1078,4120314,1962-07-27,1962-07-28,1
7560,1078,4214376,1962-07-27,1962-07-28,1
7561,1078,4237458,1966-03-30,1966-06-28,1
7562,1078,4311629,1953-02-06,1953-02-07,1
7563,1078,4329847,1971-09-10,1971-09-11,1
7564,1078,40481087,1962-03-27,1962-04-03,1
7565,1078,40481087,1964-01-29,1964-02-05,1
7566,1079,260139,2009-09-07,2009-09-14,1
7567,1079,260139,2015-07-11,2015-07-25,1
7568,1079,4112343,2018-10-02,2018-10-09,1
7569,1079,4217975,2014-02-18,2014-03-18,1
7570,1079,40481087,2014-08-16,2014-09-06,1
7571,1079,40481087,2015-10-10,2015-10-31,1
7572,1080,0,2001-05-10,2001-05-11,1
7573,1080,0,2018-06-07,2018-06-08,1
7574,1080,257012,1980-01-04,1980-01-05,1
7575,1080,258780,2001-05-10,2001-05-11,1
7576,1080,260139,2015-03-19,2015-04-02,1
7577,1080,40481087,2009-10-19,2009-10-26,1
7578,1081,372328,2016-06-05,2016-09-09,1
7579,1081,4112343,2017-03-05,2017-03-14,1
7580,1081,4112343,2018-09-06,2018-09-19,1
7581,1082,4112343,2012-06-08,2012-06-18,1
7582,1082,4112343,2013-03-18,2013-03-31,1
7583,1082,4112343,2015-05-23,2015-05-30,1
7584,1083,134438,2008-09-19,2010-06-17,1
7585,1083,4112343,2015-01-28,2015-02-09,1
7586,1083,4217975,2008-07-31,2009-03-05,1
7587,1083,4217975,2013-11-07,2013-11-28,1
7588,1083,4217975,2014-07-10,2014-08-07,1
7589,1084,28060,2016-03-24,2016-04-06,1
7590,1084,81151,2016-03-11,2016-04-15,1
7591,1084,260139,2010-01-14,2010-01-28,1
7592,1084,260139,2015-05-05,2015-05-12,1
7593,1084,4059173,2012-03-02,2012-05-31,1
7594,1084,40481087,2014-05-23,2014-06-13,1
7595,1084,40481087,2018-06-01,2018-06-15,1
7596,1085,0,1980-06-30,1980-07-01,1
7597,1085,0,2000-03-27,2000-03-28,1
7598,1085,432867,2005-04-04,2005-04-05,1
7599,1085,4180790,2015-05-21,2015-05-22,1
7600,1085,4285898,2013-12-23,2013-12-24,1
7601,1085,37017023,2015-05-17,2015-05-18,1
7602,1085,40481087,2008-01-30,2008-02-13,1
7603,1085,40481087,2011-07-03,2011-07-17,1
7604,1086,0,2016-10-30,2016-10-31,1
7605,1086,28060,2015-08-01,2015-08-09,1
7606,1086,257012,1984-09-02,1984-09-03,1
7607,1086,260139,2014-10-11,2014-10-27,1
7608,1086,432867,2016-10-30,2016-10-31,1
7609,1086,4078393,2007-07-22,2007-07-23,1
7610,1086,4208104,2010-04-20,2010-04-21,1
7611,1086,4217975,2009-03-29,2009-04-12,1
7612,1086,4217975,2010-01-24,2010-09-05,1
7613,1086,4217975,2014-08-17,2015-03-29,1
7614,1086,4296205,2010-03-21,2010-04-25,1
7615,1086,40481087,2010-10-18,2010-11-08,1
7616,1087,0,1980-03-23,1980-03-24,1
7617,1087,4180790,1993-04-20,1993-04-21,1
7618,1087,4245614,1993-04-12,1993-04-13,1
7619,1087,4341247,1993-04-12,1993-04-13,1
7620,1088,0,1977-04-23,1977-04-24,1
7621,1088,257012,1991-04-08,1991-04-09,1
7622,1088,316866,1971-08-07,1971-08-08,1
7623,1088,432867,2009-07-25,2009-07-26,1
7624,1088,4059173,2012-01-07,2012-03-07,1
7625,1088,4311629,1988-11-26,1988-11-27,1
7626,1088,40481087,2009-09-10,2009-09-17,1
7627,1089,0,2015-10-31,2015-11-01,1
7628,1089,257012,2002-04-24,2002-04-25,1
7629,1089,316866,2011-10-22,2011-10-23,1
7630,1089,440086,2004-06-02,2011-06-11,1
7631,1089,4217975,2018-07-28,2018-07-29,1
7632,1090,257012,2007-12-19,2007-12-20,1
7633,1090,260139,2010-10-08,2010-10-15,1
7634,1090,378001,2011-01-26,2011-03-27,1
7635,1090,4280726,2005-08-17,2005-08-18,1
7636,1090,40481087,2012-01-10,2012-01-24,1
7637,1091,0,1997-01-30,1997-01-31,1
7638,1091,381316,1996-09-05,1996-09-06,1
7639,1091,4078393,2010-08-19,2010-08-20,1
7640,1091,4079750,2003-12-29,2003-12-30,1
7641,1091,4112343,2009-06-10,2009-06-17,1
7642,1091,4112343,2016-06-13,2016-06-23,1
7643,1091,4113008,2009-05-28,2009-06-18,1
7644,1091,4217975,2010-08-19,2010-09-02,1
7645,1091,4262136,2010-08-19,2010-09-02,1
7646,1092,260139,2017-04-17,2017-05-01,1
7647,1092,4112343,2015-02-05,2015-02-17,1
7648,1092,4112343,2016-03-15,2016-03-23,1
7649,1092,40481087,2014-08-07,2014-08-28,1
7650,1093,0,1982-02-18,1982-02-19,1
7651,1093,257012,2014-10-01,2014-10-02,1
7652,1093,381316,2008-05-01,2008-05-02,1
7653,1093,4078393,1979-09-27,1979-09-28,1
7654,1093,4294548,2014-09-03,2014-10-08,1
7655,1093,4311629,1998-01-01,1998-01-02,1
7656,1094,0,1973-09-06,1973-09-07,1
7657,1094,0,1989-06-15,1989-06-16,1
7658,1094,0,2013-01-17,2013-01-18,1
7659,1094,260139,2014-11-12,2014-11-26,1
7660,1094,321042,2013-01-17,2013-01-18,1
7661,1094,432867,1989-06-15,1989-06-16,1
7662,1094,40481087,2016-11-01,2016-11-15,1
7663,1095,261325,2018-09-28,2018-09-29,1
7664,1095,4048171,1999-03-30,2014-03-28,1
7665,1095,4051466,1998-03-30,2014-07-09,1
7666,1095,4112343,2012-07-13,2012-07-25,1
7667,1095,4217975,2017-06-30,2017-07-21,1
7668,1095,40481087,2015-09-22,2015-10-06,1
7669,1096,0,1997-03-16,1997-03-17,1
7670,1096,260139,2018-12-23,2018-12-30,1
7671,1096,313217,2015-04-26,2015-04-27,1
7672,1096,316866,1975-03-30,1975-03-31,1
7673,1096,375671,2009-05-27,2009-07-26,1
7674,1096,4112343,2011-01-23,2011-02-03,1
7675,1096,4156265,2013-04-06,2013-04-27,1
7676,1096,4294548,2016-09-17,2016-11-05,1
7677,1096,40481087,2013-06-21,2013-06-28,1
7678,1097,0,2017-10-24,2017-10-25,1
7679,1097,40481087,2012-05-22,2012-06-12,1
7680,1098,0,1986-12-20,1986-12-21,1
7681,1098,257012,1957-04-10,1957-04-11,1
7682,1098,260139,1999-08-18,1999-08-25,1
7683,1098,316866,1967-11-25,1967-11-26,1
7684,1098,381316,2006-06-24,2006-06-25,1
7685,1098,4079750,2005-05-21,2005-05-22,1
7686,1098,40481087,1999-12-16,2000-01-06,1
7687,1098,40481087,2001-12-03,2001-12-10,1
7688,1098,40481087,2003-06-09,2003-06-23,1
7689,1098,40481087,2004-07-22,2004-08-12,1
7690,1099,0,2010-07-04,2010-07-05,1
7691,1099,4112343,2012-07-02,2012-07-11,1
7692,1099,4149245,2010-11-20,2011-01-26,1
7693,1099,40481087,2012-07-06,2012-07-20,1
7694,1100,0,1939-01-16,1939-01-17,1
7695,1100,0,1976-03-18,1976-03-19,1
7696,1100,75036,1943-09-18,1943-09-19,1
7697,1100,81151,1973-05-19,1973-06-02,1
7698,1100,316866,1929-07-29,1929-07-30,1
7699,1100,4112343,1977-08-30,1977-09-08,1
7700,1100,4115276,1976-03-28,1976-03-29,1
7701,1100,4285898,1975-09-23,1976-11-16,1
7702,1100,4310703,1976-03-30,1976-03-31,1
7703,1100,4311629,1945-01-22,1945-01-23,1
7704,1101,0,2009-01-01,2009-01-02,1
7705,1101,75036,1996-08-24,1996-08-25,1
7706,1101,4112343,2000-07-23,2000-08-02,1
7707,1101,4112343,2001-03-31,2001-04-07,1
7708,1101,4285898,2003-09-05,2004-09-29,1
7709,1101,4311629,1968-01-18,1968-01-19,1
7710,1101,4329847,2009-01-01,2009-01-02,1
7711,1101,40481087,1999-07-15,1999-08-05,1
7712,1101,40481087,2004-01-16,2004-01-23,1
7713,1102,28060,2010-06-12,2010-06-24,1
7714,1102,260139,2012-04-10,2012-04-17,1
7715,1102,4112343,2013-03-13,2013-03-21,1
7716,1102,4112343,2018-08-23,2018-09-03,1
7717,1102,4180790,2017-04-15,2017-04-16,1
7718,1102,4245614,2017-04-08,2017-04-09,1
7719,1102,4311629,1968-06-18,1968-06-19,1
7720,1102,4341247,2017-04-08,2017-04-09,1
7721,1103,0,1983-06-04,1983-06-05,1
7722,1103,257012,1948-10-30,1948-10-31,1
7723,1103,317576,2006-07-22,2006-07-23,1
7724,1103,432867,1987-06-13,1987-06-14,1
7725,1103,4134304,2013-05-07,2013-07-06,1
7726,1104,0,1993-03-08,1993-03-09,1
7727,1104,0,1995-06-25,1995-06-26,1
7728,1104,317576,1990-03-31,1990-04-01,1
7729,1104,321042,1995-06-25,1995-06-26,1
7730,1104,440448,1993-03-08,1993-03-09,1
7731,1104,4112343,1994-02-15,1994-02-23,1
7732,1104,4142905,1991-12-19,1992-03-18,1
7733,1104,4218389,1990-11-03,1990-11-24,1
7734,1104,40481087,1988-08-09,1988-08-16,1
7735,1104,40481087,1988-12-22,1989-01-12,1
7736,1105,28060,2012-02-21,2012-03-01,1
7737,1105,260139,2013-11-07,2013-11-21,1
7738,1105,316866,1961-05-09,1961-05-10,1
7739,1105,4079750,1983-03-06,1983-03-07,1
7740,1105,40481087,2011-10-31,2011-11-14,1
7741,1106,0,1967-04-09,1967-04-10,1
7742,1106,0,1985-05-12,1985-05-13,1
7743,1106,316866,1969-04-20,1969-04-21,1
7744,1106,432867,1999-06-27,1999-06-28,1
7745,1106,4146173,2018-02-26,2018-04-27,1
7746,1106,4208104,1990-03-27,1990-03-28,1
7747,1106,40481087,2011-06-03,2011-06-10,1
7748,1107,316866,1962-04-01,1962-04-02,1
7749,1107,432867,2014-05-11,2014-05-12,1
7750,1107,4112343,2012-04-25,2012-05-05,1
7751,1107,4237458,2013-09-01,2013-10-31,1
7752,1107,4285898,2016-06-22,2017-09-15,1
7753,1107,4311629,1966-04-10,1966-04-11,1
7754,1108,0,1984-03-08,1984-03-09,1
7755,1108,0,2001-05-17,2001-05-18,1
7756,1108,257012,1964-11-20,1964-11-21,1
7757,1108,381316,1997-02-27,1997-02-28,1
7758,1108,432867,2003-05-22,2003-05-23,1
7759,1108,439777,2011-10-31,2011-11-01,1
7760,1108,40481087,2013-11-16,2013-11-23,1
7761,1109,0,1984-12-14,1984-12-15,1
7762,1109,432867,1995-12-29,1995-12-30,1
7763,1109,4078393,1985-07-26,1985-07-27,1
7764,1109,4311629,1990-12-21,1990-12-22,1
7765,1109,40481087,2013-01-12,2013-01-19,1
7766,1110,260139,2017-08-11,2017-08-25,1
7767,1110,316866,2017-01-04,2017-01-05,1
7768,1110,4278672,2009-08-13,2009-09-12,1
7769,1110,40481087,2014-10-30,2014-11-06,1
7770,1111,0,1963-02-11,1963-02-12,1
7771,1111,0,1984-06-25,1984-06-26,1
7772,1111,257012,1969-05-08,1969-05-09,1
7773,1111,260139,2013-05-20,2013-06-03,1
7774,1111,313217,2012-09-10,2012-09-11,1
7775,1111,381316,2018-12-17,2018-12-18,1
7776,1111,4112343,2013-07-09,2013-07-20,1
7777,1112,0,1968-07-24,1968-07-25,1
7778,1112,321042,1968-07-24,1968-07-25,1
7779,1112,4112343,2016-04-26,2016-05-04,1
7780,1112,4311629,1994-03-02,1994-03-03,1
7781,1112,40481087,2015-12-08,2015-12-22,1
7782,1112,40481087,2016-06-25,2016-07-16,1
7783,1112,40481087,2016-11-22,2016-12-13,1
7784,1113,0,1965-12-24,1965-12-25,1
7785,1113,192279,2008-08-04,2008-08-05,1
7786,1113,201826,2002-07-22,2002-07-23,1
7787,1113,260139,2016-07-10,2016-07-17,1
7788,1113,316866,1982-05-24,1982-05-25,1
7789,1113,436940,2004-07-26,2004-07-27,1
7790,1113,440448,1965-12-24,1965-12-25,1
7791,1113,443614,2008-08-04,2008-08-05,1
7792,1113,4112343,2017-09-17,2017-09-28,1
7793,1113,4120314,2004-07-26,2004-07-27,1
7794,1113,4156265,2014-11-14,2014-12-05,1
7795,1113,4214376,2006-07-31,2006-08-01,1
7796,1113,4311629,1998-06-15,1998-06-16,1
7797,1114,0,2009-08-03,2009-08-04,1
7798,1114,260139,2013-12-23,2013-12-30,1
7799,1114,316866,1990-07-09,1990-07-10,1
7800,1114,432867,2012-11-05,2012-11-06,1
7801,1114,4078393,2003-04-07,2003-04-08,1
7802,1114,4113008,2011-10-25,2011-11-15,1
7803,1114,40481087,2012-11-02,2012-11-09,1
7804,1114,40481087,2013-10-11,2013-10-25,1
7805,1114,40481087,2018-09-04,2018-09-25,1
7806,1115,257012,2018-07-04,2018-07-05,1
7807,1115,372328,2012-12-06,2013-02-18,1
7808,1115,372328,2014-10-11,2014-11-17,1
7809,1115,4294548,2018-04-18,2018-10-31,1
7810,1116,0,2001-06-06,2001-06-07,1
7811,1116,257012,2008-09-17,2008-09-18,1
7812,1116,372328,2013-08-27,2013-10-29,1
7813,1116,4029498,2001-06-06,2001-06-07,1
7814,1116,4051466,2002-06-13,2002-06-14,1
7815,1116,40481087,2012-05-14,2012-05-21,1
7816,1116,40486433,2002-06-13,2002-06-14,1
7817,1117,0,2003-09-08,2003-09-09,1
7818,1117,432867,2017-10-16,2017-10-17,1
7819,1117,4116491,2012-08-14,2012-10-02,1
7820,1117,4311629,2008-08-25,2008-08-26,1
7821,1118,81151,2017-05-31,2017-07-05,1
7822,1118,372328,2011-01-03,2011-11-05,1
7823,1118,372328,2012-08-31,2012-11-10,1
7824,1118,440086,2018-11-22,2018-11-23,1
7825,1118,4112343,2014-07-19,2014-07-28,1
7826,1118,40481087,2013-07-27,2013-08-17,1
7827,1119,0,1998-06-27,1998-06-28,1
7828,1119,28060,2017-10-28,2017-11-04,1
7829,1119,316866,1978-11-25,1978-11-26,1
7830,1119,440674,1996-09-08,1996-09-09,1
7831,1119,4112343,2014-12-01,2014-12-10,1
7832,1119,4156265,2015-10-25,2015-11-08,1
7833,1119,40481087,2017-01-15,2017-01-22,1
7834,1121,0,1954-12-27,1954-12-28,1
7835,1121,0,2009-06-08,2009-06-09,1
7836,1121,80502,2001-06-04,2001-06-05,1
7837,1121,81151,2005-11-09,2005-11-30,1
7838,1121,257012,1997-05-04,1997-05-05,1
7839,1121,317576,1987-09-14,1987-09-15,1
7840,1121,321042,2009-06-08,2009-06-09,1
7841,1121,381316,1977-11-14,1977-11-15,1
7842,1121,432867,1971-11-29,1971-11-30,1
7843,1121,439777,1916-09-24,1916-09-25,1
7844,1121,4112343,2000-10-09,2000-10-20,1
7845,1121,4142905,2000-02-09,2000-04-09,1
7846,1121,4229440,1962-09-13,1962-09-14,1
7847,1121,4237458,2007-10-21,2007-11-20,1
7848,1121,40480160,2007-10-21,2007-11-20,1
7849,1122,40481087,2018-04-23,2018-05-07,1
7850,1123,40481087,2018-09-17,2018-09-24,1
7851,1124,317576,1992-12-25,1992-12-26,1
7852,1124,439393,2017-01-27,2017-03-24,1
7853,1124,4112343,2018-12-17,2018-12-26,1
7854,1124,4217975,2006-04-21,2006-05-12,1
7855,1124,4217975,2006-08-04,2007-03-02,1
7856,1124,4217975,2010-11-05,2010-11-19,1
7857,1124,4217975,2015-07-03,2016-02-05,1
7858,1124,4217975,2016-08-12,2017-03-24,1
7859,1124,4217975,2017-08-11,2018-03-16,1
7860,1124,4217975,2018-10-19,2018-10-20,1
7861,1124,40481087,2011-04-12,2011-05-03,1
7862,1125,28060,2014-12-14,2014-12-24,1
7863,1125,257012,2015-01-27,2015-01-28,1
7864,1125,316866,2014-01-28,2014-01-29,1
7865,1125,4059173,2009-02-26,2009-04-27,1
7866,1125,4134304,2010-03-23,2010-04-22,1
7867,1125,4294548,2014-09-23,2015-07-21,1
7868,1126,4311629,1966-12-25,1966-12-26,1
7869,1126,40481087,2015-03-27,2015-04-17,1
7870,1127,0,2012-05-21,2012-05-22,1
7871,1127,257012,2007-07-02,2007-07-03,1
7872,1127,4112343,2009-05-11,2009-05-19,1
7873,1127,4112343,2015-12-18,2015-12-28,1
7874,1127,4112343,2017-12-21,2018-01-02,1
7875,1127,40481087,2009-06-28,2009-07-12,1
7876,1128,0,1971-08-06,1971-08-07,1
7877,1128,257012,1931-03-17,1931-03-18,1
7878,1128,260139,2010-10-02,2010-10-16,1
7879,1128,316866,1940-08-23,1940-08-24,1
7880,1128,381316,2010-12-24,2010-12-25,1
7881,1128,432867,2000-01-21,2000-01-22,1
7882,1128,436096,1990-12-30,1990-12-31,1
7883,1128,4055754,1990-11-16,1990-11-17,1
7884,1128,4134304,2013-09-04,2013-12-03,1
7885,1128,43530652,1990-02-04,1990-02-05,1
7886,1129,81151,2017-08-30,2017-09-20,1
7887,1129,260139,2011-12-02,2011-12-09,1
7888,1129,4112343,2014-04-20,2014-05-03,1
7889,1129,4112343,2016-01-26,2016-02-03,1
7890,1129,40481087,2011-10-10,2011-10-17,1
7891,1130,0,1979-09-23,1979-09-24,1
7892,1130,260139,2014-11-20,2014-11-27,1
7893,1130,316866,1966-09-04,1966-09-05,1
7894,1130,381316,2013-04-21,2013-04-22,1
7895,1130,432867,2000-08-27,2000-08-28,1
7896,1130,4109685,2014-07-28,2014-08-11,1
7897,1130,40481087,2011-09-13,2011-09-27,1
